+2025-10-29 16:25:41,527 [0.10568428039550781] urllib3.connectionpool DEBUG: Starting new HTTP connection (1): 127.0.0.1:49152
+2025-10-29 16:25:43,767 [2.3460843563079834] status INFO: Requesting url: https://share2.dexcom.com/ShareWebServices/Services/General/AuthenticatePublisherAccount
+2025-10-29 16:25:43,767 [2.3460843563079834] urllib3.connectionpool DEBUG: Starting new HTTPS connection (1): share2.dexcom.com:443
+2025-10-29 16:25:44,184 [2.7631330490112305] PIL.PngImagePlugin DEBUG: STREAM b'IHDR' 16 13
+2025-10-29 16:25:44,184 [2.7631330490112305] PIL.PngImagePlugin DEBUG: STREAM b'pHYs' 41 9
+2025-10-29 16:25:44,184 [2.7631330490112305] PIL.PngImagePlugin DEBUG: STREAM b'IDAT' 62 8192
+2025-10-29 16:25:44,255 [2.834326982498169] PIL.Image DEBUG: Importing BlpImagePlugin
+2025-10-29 16:25:44,264 [2.8427014350891113] PIL.Image DEBUG: Importing BmpImagePlugin
+2025-10-29 16:25:44,264 [2.8427014350891113] PIL.Image DEBUG: Importing BufrStubImagePlugin
+2025-10-29 16:25:44,282 [2.86049485206604] PIL.Image DEBUG: Importing CurImagePlugin
+2025-10-29 16:25:44,290 [2.8685600757598877] PIL.Image DEBUG: Importing DcxImagePlugin
+2025-10-29 16:25:44,310 [2.8892245292663574] PIL.Image DEBUG: Importing DdsImagePlugin
+2025-10-29 16:25:44,319 [2.8976924419403076] PIL.Image DEBUG: Importing EpsImagePlugin
+2025-10-29 16:25:44,331 [2.9096803665161133] PIL.Image DEBUG: Importing FitsImagePlugin
+2025-10-29 16:25:44,348 [2.926475763320923] PIL.Image DEBUG: Importing FliImagePlugin
+2025-10-29 16:25:44,359 [2.9380807876586914] PIL.Image DEBUG: Importing FpxImagePlugin
+2025-10-29 16:25:44,363 [2.9416284561157227] PIL.Image DEBUG: Image: failed to import FpxImagePlugin: No module named 'olefile'
+2025-10-29 16:25:44,363 [2.9416284561157227] PIL.Image DEBUG: Importing FtexImagePlugin
+2025-10-29 16:25:44,381 [2.95951509475708] PIL.Image DEBUG: Importing GbrImagePlugin
+2025-10-29 16:25:44,382 [2.9605648517608643] PIL.Image DEBUG: Importing GifImagePlugin
+2025-10-29 16:25:44,382 [2.9605648517608643] PIL.Image DEBUG: Importing GribStubImagePlugin
+2025-10-29 16:25:44,399 [2.9782135486602783] PIL.Image DEBUG: Importing Hdf5StubImagePlugin
+2025-10-29 16:25:44,410 [2.9889273643493652] PIL.Image DEBUG: Importing IcnsImagePlugin
+2025-10-29 16:25:44,460 [3.039165735244751] PIL.Image DEBUG: Importing IcoImagePlugin
+2025-10-29 16:25:44,477 [3.0558664798736572] PIL.Image DEBUG: Importing ImImagePlugin
+2025-10-29 16:25:44,494 [3.0723958015441895] PIL.Image DEBUG: Importing ImtImagePlugin
+2025-10-29 16:25:44,506 [3.084839105606079] PIL.Image DEBUG: Importing IptcImagePlugin
+2025-10-29 16:25:44,519 [3.0981922149658203] PIL.Image DEBUG: Importing JpegImagePlugin
+2025-10-29 16:25:44,519 [3.0981922149658203] PIL.Image DEBUG: Importing Jpeg2KImagePlugin
+2025-10-29 16:25:44,519 [3.0981922149658203] PIL.Image DEBUG: Importing McIdasImagePlugin
+2025-10-29 16:25:44,528 [3.106706142425537] PIL.Image DEBUG: Importing MicImagePlugin
+2025-10-29 16:25:44,544 [3.1228206157684326] PIL.Image DEBUG: Image: failed to import MicImagePlugin: No module named 'olefile'
+2025-10-29 16:25:44,544 [3.1228206157684326] PIL.Image DEBUG: Importing MpegImagePlugin
+2025-10-29 16:25:44,549 [3.1274213790893555] PIL.Image DEBUG: Importing MpoImagePlugin
+2025-10-29 16:25:44,641 [3.219400405883789] PIL.Image DEBUG: Importing MspImagePlugin
+2025-10-29 16:25:44,650 [3.228518009185791] PIL.Image DEBUG: Importing PalmImagePlugin
+2025-10-29 16:25:44,662 [3.2403573989868164] PIL.Image DEBUG: Importing PcdImagePlugin
+2025-10-29 16:25:44,675 [3.2537524700164795] PIL.Image DEBUG: Importing PcxImagePlugin
+2025-10-29 16:25:44,675 [3.2537524700164795] PIL.Image DEBUG: Importing PdfImagePlugin
+2025-10-29 16:25:44,695 [3.2739992141723633] PIL.Image DEBUG: Importing PixarImagePlugin
+2025-10-29 16:25:44,711 [3.2901883125305176] PIL.Image DEBUG: Importing PngImagePlugin
+2025-10-29 16:25:44,711 [3.2901883125305176] PIL.Image DEBUG: Importing PpmImagePlugin
+2025-10-29 16:25:44,711 [3.2901883125305176] PIL.Image DEBUG: Importing PsdImagePlugin
+2025-10-29 16:25:44,720 [3.298872709274292] PIL.Image DEBUG: Importing QoiImagePlugin
+2025-10-29 16:25:44,736 [3.314781904220581] PIL.Image DEBUG: Importing SgiImagePlugin
+2025-10-29 16:25:44,742 [3.3204309940338135] PIL.Image DEBUG: Importing SpiderImagePlugin
+2025-10-29 16:25:44,758 [3.337080240249634] PIL.Image DEBUG: Importing SunImagePlugin
+2025-10-29 16:25:44,769 [3.3478217124938965] PIL.Image DEBUG: Importing TgaImagePlugin
+2025-10-29 16:25:44,777 [3.355938196182251] PIL.Image DEBUG: Importing TiffImagePlugin
+2025-10-29 16:25:44,777 [3.355938196182251] PIL.Image DEBUG: Importing WebPImagePlugin
+2025-10-29 16:25:44,795 [3.3739824295043945] urllib3.connectionpool DEBUG: https://share2.dexcom.com:443 "GET /ShareWebServices/Services/General/AuthenticatePublisherAccount HTTP/1.1" 405 176
+2025-10-29 16:25:44,830 [3.4092941284179688] PIL.Image DEBUG: Importing WmfImagePlugin
+2025-10-29 16:25:44,844 [3.4225502014160156] PIL.Image DEBUG: Importing XbmImagePlugin
+2025-10-29 16:25:44,861 [3.439568519592285] PIL.Image DEBUG: Importing XpmImagePlugin
+2025-10-29 16:25:44,871 [3.4503142833709717] PIL.Image DEBUG: Importing XVThumbImagePlugin
+2025-10-29 16:25:45,797 [4.375966548919678] status INFO: Requesting url: https://share2.dexcom.com/ShareWebServices/Services/General/AuthenticatePublisherAccount
+2025-10-29 16:25:45,797 [4.376994848251343] urllib3.connectionpool DEBUG: Starting new HTTPS connection (1): share2.dexcom.com:443
+2025-10-29 16:25:46,659 [5.237927436828613] urllib3.connectionpool DEBUG: https://share2.dexcom.com:443 "GET /ShareWebServices/Services/General/AuthenticatePublisherAccount HTTP/1.1" 405 176
+2025-10-29 16:25:47,702 [6.2808709144592285] status INFO: Requesting url: https://share2.dexcom.com/ShareWebServices/Services/General/AuthenticatePublisherAccount
+2025-10-29 16:25:47,703 [6.281480550765991] urllib3.connectionpool DEBUG: Starting new HTTPS connection (1): share2.dexcom.com:443
+2025-10-29 16:25:47,945 [6.523478984832764] urllib3.connectionpool DEBUG: https://share2.dexcom.com:443 "GET /ShareWebServices/Services/General/AuthenticatePublisherAccount HTTP/1.1" 405 176
+2025-10-29 16:25:48,947 [7.525743246078491] status INFO: Requesting url: https://share2.dexcom.com/ShareWebServices/Services/General/AuthenticatePublisherAccount
+2025-10-29 16:25:48,947 [7.525743246078491] urllib3.connectionpool DEBUG: Starting new HTTPS connection (1): share2.dexcom.com:443
+2025-10-29 16:25:49,493 [8.071601390838623] urllib3.connectionpool DEBUG: https://share2.dexcom.com:443 "GET /ShareWebServices/Services/General/AuthenticatePublisherAccount HTTP/1.1" 405 176
+2025-10-29 16:25:49,834 [8.412400484085083] urllib3.connectionpool DEBUG: Starting new HTTP connection (1): 127.0.0.1:49152
+2025-10-29 16:25:50,496 [9.07477355003357] status INFO: Requesting url: https://share2.dexcom.com/ShareWebServices/Services/General/AuthenticatePublisherAccount
+2025-10-29 16:25:50,496 [9.07477355003357] urllib3.connectionpool DEBUG: Starting new HTTPS connection (1): share2.dexcom.com:443
+2025-10-29 16:25:50,973 [9.551433324813843] urllib3.connectionpool DEBUG: https://share2.dexcom.com:443 "GET /ShareWebServices/Services/General/AuthenticatePublisherAccount HTTP/1.1" 405 176
+2025-10-29 16:25:51,975 [10.554101467132568] status INFO: Requesting url: https://share2.dexcom.com/ShareWebServices/Services/General/AuthenticatePublisherAccount
+2025-10-29 16:25:51,977 [10.556305408477783] urllib3.connectionpool DEBUG: Starting new HTTPS connection (1): share2.dexcom.com:443
+2025-10-29 16:25:52,526 [11.105301141738892] keyring.backend DEBUG: Loading KWallet
+2025-10-29 16:25:52,526 [11.105301141738892] keyring.backend DEBUG: Loading SecretService
+2025-10-29 16:25:52,555 [11.133540391921997] keyring.backend DEBUG: Loading Windows
+2025-10-29 16:25:52,846 [11.424354553222656] win32ctypes.core.cffi DEBUG: Loaded cffi backend
+2025-10-29 16:25:52,923 [11.501762390136719] urllib3.connectionpool DEBUG: https://share2.dexcom.com:443 "GET /ShareWebServices/Services/General/AuthenticatePublisherAccount HTTP/1.1" 405 176
+2025-10-29 16:25:53,233 [11.811789751052856] keyring.backend DEBUG: Loading chainer
+2025-10-29 16:25:53,243 [11.821651935577393] keyring.backend DEBUG: Loading libsecret
+2025-10-29 16:25:53,253 [11.831927299499512] keyring.backend DEBUG: Loading macOS
+2025-10-29 16:25:53,289 [11.86826753616333] keyring.backend DEBUG: Loading Gnome
+2025-10-29 16:25:53,347 [11.926162719726562] keyring.backend DEBUG: Loading Google
+2025-10-29 16:25:53,364 [11.942795991897583] keyring.backend DEBUG: Loading Windows (alt)
+2025-10-29 16:25:53,399 [11.977471113204956] keyring.backend DEBUG: Loading file
+2025-10-29 16:25:53,417 [11.995721578598022] keyring.backend DEBUG: Loading keyczar
+2025-10-29 16:25:53,417 [11.995721578598022] keyring.backend DEBUG: Loading multi
+2025-10-29 16:25:53,430 [12.009152889251709] main INFO: Requesting url:General/AuthenticatePublisherAccount
+2025-10-29 16:25:53,430 [12.009152889251709] pydexcom DEBUG: Retrieve account ID from the authentication endpoint
+2025-10-29 16:25:53,432 [12.011159896850586] urllib3.connectionpool DEBUG: Starting new HTTPS connection (1): share2.dexcom.com:443
+2025-10-29 16:25:53,925 [12.504291296005249] status INFO: Requesting url: https://share2.dexcom.com/ShareWebServices/Services/General/AuthenticatePublisherAccount
+2025-10-29 16:25:53,925 [12.504291296005249] urllib3.connectionpool DEBUG: Starting new HTTPS connection (1): share2.dexcom.com:443
+2025-10-29 16:25:53,925 [12.504291296005249] urllib3.connectionpool DEBUG: https://share2.dexcom.com:443 "POST /ShareWebServices/Services/General/AuthenticatePublisherAccount HTTP/1.1" 200 38
+2025-10-29 16:25:53,925 [12.504291296005249] pydexcom DEBUG: Retrieve session ID from the login endpoint
+2025-10-29 16:25:54,447 [13.02557373046875] urllib3.connectionpool DEBUG: https://share2.dexcom.com:443 "POST /ShareWebServices/Services/General/LoginPublisherAccountById HTTP/1.1" 200 38
+2025-10-29 16:25:54,481 [13.059863090515137] urllib3.connectionpool DEBUG: http://127.0.0.1:49152 "GET /authenticate HTTP/1.1" 200 16
+2025-10-29 16:25:54,763 [13.34134030342102] urllib3.connectionpool DEBUG: https://share2.dexcom.com:443 "GET /ShareWebServices/Services/General/AuthenticatePublisherAccount HTTP/1.1" 405 176
+2025-10-29 16:25:54,780 [13.358521461486816] notifier INFO: Requesting url https://share2.dexcom.com/ShareWebServices/Services
+2025-10-29 16:25:54,780 [13.358521461486816] pydexcom DEBUG: Retrieve glucose readings from the glucose readings endpoint
+2025-10-29 16:25:54,966 [13.5445077419281] urllib3.connectionpool DEBUG: https://share2.dexcom.com:443 "POST /ShareWebServices/Services/Publisher/ReadPublisherLatestGlucoseValues?sessionId=a9fc97c5-5a9f-4344-8bc9-d9a95783bbba&minutes=1440&maxCount=1 HTTP/1.1" 200 None
+2025-10-29 16:25:54,983 [13.562255620956421] notifier INFO: Requesting url https://share2.dexcom.com/ShareWebServices/Services
+2025-10-29 16:25:54,983 [13.562255620956421] pydexcom DEBUG: Retrieve glucose readings from the glucose readings endpoint
+2025-10-29 16:25:55,099 [13.677530288696289] urllib3.connectionpool DEBUG: https://share2.dexcom.com:443 "POST /ShareWebServices/Services/Publisher/ReadPublisherLatestGlucoseValues?sessionId=a9fc97c5-5a9f-4344-8bc9-d9a95783bbba&minutes=1440&maxCount=1 HTTP/1.1" 200 None
+2025-10-29 16:25:55,766 [14.344885349273682] status INFO: Requesting url: https://share2.dexcom.com/ShareWebServices/Services/General/AuthenticatePublisherAccount
+2025-10-29 16:25:55,766 [14.344885349273682] urllib3.connectionpool DEBUG: Starting new HTTPS connection (1): share2.dexcom.com:443
+2025-10-29 16:25:56,101 [14.680259227752686] notifier INFO: Requesting url https://share2.dexcom.com/ShareWebServices/Services
+2025-10-29 16:25:56,101 [14.680259227752686] pydexcom DEBUG: Retrieve glucose readings from the glucose readings endpoint
+2025-10-29 16:25:56,199 [14.77764368057251] urllib3.connectionpool DEBUG: https://share2.dexcom.com:443 "POST /ShareWebServices/Services/Publisher/ReadPublisherLatestGlucoseValues?sessionId=a9fc97c5-5a9f-4344-8bc9-d9a95783bbba&minutes=1440&maxCount=1 HTTP/1.1" 200 None
+2025-10-29 16:25:56,199 [14.77764368057251] notifier INFO: Requesting url https://share2.dexcom.com/ShareWebServices/Services
+2025-10-29 16:25:56,199 [14.77764368057251] pydexcom DEBUG: Retrieve glucose readings from the glucose readings endpoint
+2025-10-29 16:25:56,222 [14.800352096557617] urllib3.connectionpool DEBUG: Starting new HTTP connection (1): 127.0.0.1:49152
+2025-10-29 16:25:56,226 [14.804463863372803] main INFO: Requesting url:General/AuthenticatePublisherAccount
+2025-10-29 16:25:56,226 [14.804811000823975] pydexcom DEBUG: Retrieve account ID from the authentication endpoint
+2025-10-29 16:25:56,228 [14.806991577148438] urllib3.connectionpool DEBUG: Starting new HTTPS connection (1): share2.dexcom.com:443
+2025-10-29 16:25:56,254 [14.832576751708984] urllib3.connectionpool DEBUG: https://share2.dexcom.com:443 "GET /ShareWebServices/Services/General/AuthenticatePublisherAccount HTTP/1.1" 405 176
+2025-10-29 16:25:56,298 [14.877042293548584] urllib3.connectionpool DEBUG: https://share2.dexcom.com:443 "POST /ShareWebServices/Services/Publisher/ReadPublisherLatestGlucoseValues?sessionId=a9fc97c5-5a9f-4344-8bc9-d9a95783bbba&minutes=1440&maxCount=1 HTTP/1.1" 200 None
+2025-10-29 16:25:56,810 [15.38857388496399] urllib3.connectionpool DEBUG: https://share2.dexcom.com:443 "POST /ShareWebServices/Services/General/AuthenticatePublisherAccount HTTP/1.1" 200 38
+2025-10-29 16:25:56,812 [15.39072036743164] pydexcom DEBUG: Retrieve session ID from the login endpoint
+2025-10-29 16:25:57,249 [15.827352046966553] urllib3.connectionpool DEBUG: https://share2.dexcom.com:443 "POST /ShareWebServices/Services/General/LoginPublisherAccountById HTTP/1.1" 200 38
+2025-10-29 16:25:57,249 [15.827352046966553] urllib3.connectionpool DEBUG: http://127.0.0.1:49152 "GET /authenticate HTTP/1.1" 200 16
+2025-10-29 16:25:57,255 [15.834177732467651] status INFO: Requesting url: https://share2.dexcom.com/ShareWebServices/Services/General/AuthenticatePublisherAccount
+2025-10-29 16:25:57,257 [15.83568549156189] urllib3.connectionpool DEBUG: Starting new HTTPS connection (1): share2.dexcom.com:443
+2025-10-29 16:25:57,303 [15.881855726242065] notifier INFO: Requesting url https://share2.dexcom.com/ShareWebServices/Services
+2025-10-29 16:25:57,303 [15.881855726242065] pydexcom DEBUG: Retrieve glucose readings from the glucose readings endpoint
+2025-10-29 16:25:57,431 [16.010257244110107] urllib3.connectionpool DEBUG: https://share2.dexcom.com:443 "POST /ShareWebServices/Services/Publisher/ReadPublisherLatestGlucoseValues?sessionId=6f9ffcb0-70a8-4cd6-b632-ea6955d350cb&minutes=1440&maxCount=1 HTTP/1.1" 200 None
+2025-10-29 16:25:57,431 [16.010257244110107] notifier INFO: Requesting url https://share2.dexcom.com/ShareWebServices/Services
+2025-10-29 16:25:57,431 [16.010257244110107] pydexcom DEBUG: Retrieve glucose readings from the glucose readings endpoint
+2025-10-29 16:25:57,529 [16.107746601104736] urllib3.connectionpool DEBUG: https://share2.dexcom.com:443 "POST /ShareWebServices/Services/Publisher/ReadPublisherLatestGlucoseValues?sessionId=6f9ffcb0-70a8-4cd6-b632-ea6955d350cb&minutes=1440&maxCount=1 HTTP/1.1" 200 None
+2025-10-29 16:25:57,587 [16.166068077087402] urllib3.connectionpool DEBUG: https://share2.dexcom.com:443 "GET /ShareWebServices/Services/General/AuthenticatePublisherAccount HTTP/1.1" 405 176
+2025-10-29 16:25:58,536 [17.114866256713867] notifier INFO: Requesting url https://share2.dexcom.com/ShareWebServices/Services
+2025-10-29 16:25:58,536 [17.114866256713867] pydexcom DEBUG: Retrieve glucose readings from the glucose readings endpoint
+2025-10-29 16:25:58,590 [17.169129133224487] status INFO: Requesting url: https://share2.dexcom.com/ShareWebServices/Services/General/AuthenticatePublisherAccount
+2025-10-29 16:25:58,590 [17.169129133224487] urllib3.connectionpool DEBUG: Starting new HTTPS connection (1): share2.dexcom.com:443
+2025-10-29 16:25:58,634 [17.213266611099243] urllib3.connectionpool DEBUG: https://share2.dexcom.com:443 "POST /ShareWebServices/Services/Publisher/ReadPublisherLatestGlucoseValues?sessionId=6f9ffcb0-70a8-4cd6-b632-ea6955d350cb&minutes=1440&maxCount=1 HTTP/1.1" 200 None
+2025-10-29 16:25:58,634 [17.213266611099243] notifier INFO: Requesting url https://share2.dexcom.com/ShareWebServices/Services
+2025-10-29 16:25:58,634 [17.213266611099243] pydexcom DEBUG: Retrieve glucose readings from the glucose readings endpoint
+2025-10-29 16:25:58,748 [17.327295064926147] urllib3.connectionpool DEBUG: https://share2.dexcom.com:443 "POST /ShareWebServices/Services/Publisher/ReadPublisherLatestGlucoseValues?sessionId=6f9ffcb0-70a8-4cd6-b632-ea6955d350cb&minutes=1440&maxCount=1 HTTP/1.1" 200 None
+2025-10-29 16:25:58,899 [17.477348566055298] pydexcom DEBUG: Retrieve glucose readings from the glucose readings endpoint
+2025-10-29 16:25:58,906 [17.48533296585083] urllib3.connectionpool DEBUG: https://share2.dexcom.com:443 "GET /ShareWebServices/Services/General/AuthenticatePublisherAccount HTTP/1.1" 405 176
+2025-10-29 16:25:59,011 [17.589338302612305] urllib3.connectionpool DEBUG: https://share2.dexcom.com:443 "POST /ShareWebServices/Services/Publisher/ReadPublisherLatestGlucoseValues?sessionId=6f9ffcb0-70a8-4cd6-b632-ea6955d350cb&minutes=1440&maxCount=1 HTTP/1.1" 200 None
+2025-10-29 16:25:59,011 [17.589338302612305] pydexcom DEBUG: Retrieve glucose readings from the glucose readings endpoint
+2025-10-29 16:25:59,123 [17.701810836791992] urllib3.connectionpool DEBUG: https://share2.dexcom.com:443 "POST /ShareWebServices/Services/Publisher/ReadPublisherLatestGlucoseValues?sessionId=6f9ffcb0-70a8-4cd6-b632-ea6955d350cb&minutes=1140&maxCount=288 HTTP/1.1" 200 None
+2025-10-29 16:25:59,755 [18.333667755126953] notifier INFO: Requesting url https://share2.dexcom.com/ShareWebServices/Services
+2025-10-29 16:25:59,755 [18.333667755126953] pydexcom DEBUG: Retrieve glucose readings from the glucose readings endpoint
+2025-10-29 16:25:59,873 [18.451862812042236] urllib3.connectionpool DEBUG: https://share2.dexcom.com:443 "POST /ShareWebServices/Services/Publisher/ReadPublisherLatestGlucoseValues?sessionId=6f9ffcb0-70a8-4cd6-b632-ea6955d350cb&minutes=1440&maxCount=1 HTTP/1.1" 200 None
+2025-10-29 16:25:59,873 [18.451862812042236] notifier INFO: Requesting url https://share2.dexcom.com/ShareWebServices/Services
+2025-10-29 16:25:59,873 [18.451862812042236] pydexcom DEBUG: Retrieve glucose readings from the glucose readings endpoint
+2025-10-29 16:25:59,912 [18.490495920181274] status INFO: Requesting url: https://share2.dexcom.com/ShareWebServices/Services/General/AuthenticatePublisherAccount
+2025-10-29 16:25:59,912 [18.490495920181274] urllib3.connectionpool DEBUG: Starting new HTTPS connection (1): share2.dexcom.com:443
+2025-10-29 16:25:59,979 [18.557497262954712] urllib3.connectionpool DEBUG: https://share2.dexcom.com:443 "POST /ShareWebServices/Services/Publisher/ReadPublisherLatestGlucoseValues?sessionId=6f9ffcb0-70a8-4cd6-b632-ea6955d350cb&minutes=1440&maxCount=1 HTTP/1.1" 200 None
+2025-10-29 16:26:00,058 [18.63727593421936] urllib3.connectionpool DEBUG: https://share2.dexcom.com:443 "GET /ShareWebServices/Services/General/AuthenticatePublisherAccount HTTP/1.1" 405 176
+2025-10-29 16:26:00,546 [19.124459266662598] notifier INFO: Requesting url General/AuthenticatePublisherAccount
+2025-10-29 16:26:00,546 [19.124459266662598] pydexcom DEBUG: Retrieve account ID from the authentication endpoint
+2025-10-29 16:26:00,546 [19.124459266662598] urllib3.connectionpool DEBUG: Starting new HTTPS connection (1): share2.dexcom.com:443
+2025-10-29 16:26:00,987 [19.566327571868896] notifier INFO: Requesting url https://share2.dexcom.com/ShareWebServices/Services
+2025-10-29 16:26:00,987 [19.566327571868896] pydexcom DEBUG: Retrieve glucose readings from the glucose readings endpoint
+2025-10-29 16:26:01,061 [19.639926195144653] status INFO: Requesting url: https://share2.dexcom.com/ShareWebServices/Services/General/AuthenticatePublisherAccount
+2025-10-29 16:26:01,061 [19.639926195144653] urllib3.connectionpool DEBUG: Starting new HTTPS connection (1): share2.dexcom.com:443
+2025-10-29 16:26:01,084 [19.663074016571045] urllib3.connectionpool DEBUG: https://share2.dexcom.com:443 "POST /ShareWebServices/Services/Publisher/ReadPublisherLatestGlucoseValues?sessionId=6f9ffcb0-70a8-4cd6-b632-ea6955d350cb&minutes=1440&maxCount=1 HTTP/1.1" 200 None
+2025-10-29 16:26:01,085 [19.663976907730103] notifier INFO: Requesting url https://share2.dexcom.com/ShareWebServices/Services
+2025-10-29 16:26:01,085 [19.663976907730103] pydexcom DEBUG: Retrieve glucose readings from the glucose readings endpoint
+2025-10-29 16:26:01,194 [19.772937059402466] urllib3.connectionpool DEBUG: https://share2.dexcom.com:443 "POST /ShareWebServices/Services/Publisher/ReadPublisherLatestGlucoseValues?sessionId=6f9ffcb0-70a8-4cd6-b632-ea6955d350cb&minutes=1440&maxCount=1 HTTP/1.1" 200 None
+2025-10-29 16:26:01,520 [20.099313020706177] urllib3.connectionpool DEBUG: https://share2.dexcom.com:443 "POST /ShareWebServices/Services/General/AuthenticatePublisherAccount HTTP/1.1" 200 38
+2025-10-29 16:26:01,520 [20.099313020706177] pydexcom DEBUG: Retrieve session ID from the login endpoint
+2025-10-29 16:26:01,691 [20.27029800415039] urllib3.connectionpool DEBUG: https://share2.dexcom.com:443 "GET /ShareWebServices/Services/General/AuthenticatePublisherAccount HTTP/1.1" 405 176
+2025-10-29 16:26:02,012 [20.590657472610474] urllib3.connectionpool DEBUG: https://share2.dexcom.com:443 "POST /ShareWebServices/Services/General/LoginPublisherAccountById HTTP/1.1" 200 38
+2025-10-29 16:26:02,030 [20.60834813117981] notifier INFO: Requesting url General/AuthenticatePublisherAccount
+2025-10-29 16:26:02,030 [20.60834813117981] pydexcom DEBUG: Retrieve account ID from the authentication endpoint
+2025-10-29 16:26:02,033 [20.61209750175476] urllib3.connectionpool DEBUG: Starting new HTTPS connection (1): share2.dexcom.com:443
+2025-10-29 16:26:02,196 [20.77507448196411] notifier INFO: Requesting url https://share2.dexcom.com/ShareWebServices/Services
+2025-10-29 16:26:02,196 [20.77507448196411] pydexcom DEBUG: Retrieve glucose readings from the glucose readings endpoint
+2025-10-29 16:26:02,445 [21.02339792251587] urllib3.connectionpool DEBUG: https://share2.dexcom.com:443 "POST /ShareWebServices/Services/Publisher/ReadPublisherLatestGlucoseValues?sessionId=6f9ffcb0-70a8-4cd6-b632-ea6955d350cb&minutes=1440&maxCount=1 HTTP/1.1" 200 None
+2025-10-29 16:26:02,445 [21.02339792251587] notifier INFO: Requesting url https://share2.dexcom.com/ShareWebServices/Services
+2025-10-29 16:26:02,445 [21.02339792251587] pydexcom DEBUG: Retrieve glucose readings from the glucose readings endpoint
+2025-10-29 16:26:02,488 [21.066734790802002] urllib3.connectionpool DEBUG: https://share2.dexcom.com:443 "POST /ShareWebServices/Services/General/AuthenticatePublisherAccount HTTP/1.1" 200 38
+2025-10-29 16:26:02,488 [21.066734790802002] pydexcom DEBUG: Retrieve session ID from the login endpoint
+2025-10-29 16:26:02,638 [21.21674871444702] urllib3.connectionpool DEBUG: https://share2.dexcom.com:443 "POST /ShareWebServices/Services/Publisher/ReadPublisherLatestGlucoseValues?sessionId=6f9ffcb0-70a8-4cd6-b632-ea6955d350cb&minutes=1440&maxCount=1 HTTP/1.1" 200 None
+2025-10-29 16:26:02,694 [21.27265214920044] status INFO: Requesting url: https://share2.dexcom.com/ShareWebServices/Services/General/AuthenticatePublisherAccount
+2025-10-29 16:26:02,696 [21.27451205253601] urllib3.connectionpool DEBUG: Starting new HTTPS connection (1): share2.dexcom.com:443
+2025-10-29 16:26:03,058 [21.636674642562866] urllib3.connectionpool DEBUG: https://share2.dexcom.com:443 "POST /ShareWebServices/Services/General/LoginPublisherAccountById HTTP/1.1" 200 38
+2025-10-29 16:26:03,073 [21.663284063339233] notifier INFO: Requesting url General/AuthenticatePublisherAccount
+2025-10-29 16:26:03,086 [21.66434645652771] pydexcom DEBUG: Retrieve account ID from the authentication endpoint
+2025-10-29 16:26:03,087 [21.665366888046265] urllib3.connectionpool DEBUG: Starting new HTTPS connection (1): share2.dexcom.com:443
+2025-10-29 16:26:03,573 [22.15158748626709] urllib3.connectionpool DEBUG: https://share2.dexcom.com:443 "GET /ShareWebServices/Services/General/AuthenticatePublisherAccount HTTP/1.1" 405 176
+2025-10-29 16:26:03,581 [22.15997338294983] urllib3.connectionpool DEBUG: https://share2.dexcom.com:443 "POST /ShareWebServices/Services/General/AuthenticatePublisherAccount HTTP/1.1" 200 38
+2025-10-29 16:26:03,581 [22.15997338294983] pydexcom DEBUG: Retrieve session ID from the login endpoint
+2025-10-29 16:26:03,645 [22.223750591278076] notifier INFO: Requesting url https://share2.dexcom.com/ShareWebServices/Services
+2025-10-29 16:26:03,645 [22.223750591278076] pydexcom DEBUG: Retrieve glucose readings from the glucose readings endpoint
+2025-10-29 16:26:03,733 [22.31178903579712] urllib3.connectionpool DEBUG: https://share2.dexcom.com:443 "POST /ShareWebServices/Services/Publisher/ReadPublisherLatestGlucoseValues?sessionId=6f9ffcb0-70a8-4cd6-b632-ea6955d350cb&minutes=1440&maxCount=1 HTTP/1.1" 200 None
+2025-10-29 16:26:03,733 [22.31178903579712] notifier INFO: Requesting url https://share2.dexcom.com/ShareWebServices/Services
+2025-10-29 16:26:03,733 [22.31178903579712] pydexcom DEBUG: Retrieve glucose readings from the glucose readings endpoint
+2025-10-29 16:26:03,845 [22.423855543136597] urllib3.connectionpool DEBUG: https://share2.dexcom.com:443 "POST /ShareWebServices/Services/Publisher/ReadPublisherLatestGlucoseValues?sessionId=6f9ffcb0-70a8-4cd6-b632-ea6955d350cb&minutes=1440&maxCount=1 HTTP/1.1" 200 None
+2025-10-29 16:26:04,078 [22.656394004821777] urllib3.connectionpool DEBUG: https://share2.dexcom.com:443 "POST /ShareWebServices/Services/General/LoginPublisherAccountById HTTP/1.1" 200 38
+2025-10-29 16:26:04,084 [22.66289234161377] pydexcom DEBUG: Retrieve glucose readings from the glucose readings endpoint
+2025-10-29 16:26:04,191 [22.76952624320984] urllib3.connectionpool DEBUG: https://share2.dexcom.com:443 "POST /ShareWebServices/Services/Publisher/ReadPublisherLatestGlucoseValues?sessionId=6f9ffcb0-70a8-4cd6-b632-ea6955d350cb&minutes=1440&maxCount=1 HTTP/1.1" 200 None
+2025-10-29 16:26:04,576 [23.155106782913208] status INFO: Requesting url: https://share2.dexcom.com/ShareWebServices/Services/General/AuthenticatePublisherAccount
+2025-10-29 16:26:04,576 [23.155106782913208] urllib3.connectionpool DEBUG: Starting new HTTPS connection (1): share2.dexcom.com:443
+2025-10-29 16:26:04,778 [23.35678219795227] urllib3.connectionpool DEBUG: https://share2.dexcom.com:443 "GET /ShareWebServices/Services/General/AuthenticatePublisherAccount HTTP/1.1" 405 176
+2025-10-29 16:26:04,846 [23.425153732299805] notifier INFO: Requesting url https://share2.dexcom.com/ShareWebServices/Services
+2025-10-29 16:26:04,846 [23.425153732299805] pydexcom DEBUG: Retrieve glucose readings from the glucose readings endpoint
+2025-10-29 16:26:04,948 [23.527252912521362] urllib3.connectionpool DEBUG: https://share2.dexcom.com:443 "POST /ShareWebServices/Services/Publisher/ReadPublisherLatestGlucoseValues?sessionId=6f9ffcb0-70a8-4cd6-b632-ea6955d350cb&minutes=1440&maxCount=1 HTTP/1.1" 200 None
+2025-10-29 16:26:04,950 [23.529261827468872] notifier INFO: Requesting url https://share2.dexcom.com/ShareWebServices/Services
+2025-10-29 16:26:04,950 [23.529261827468872] pydexcom DEBUG: Retrieve glucose readings from the glucose readings endpoint
+2025-10-29 16:26:05,060 [23.638883352279663] urllib3.connectionpool DEBUG: https://share2.dexcom.com:443 "POST /ShareWebServices/Services/Publisher/ReadPublisherLatestGlucoseValues?sessionId=6f9ffcb0-70a8-4cd6-b632-ea6955d350cb&minutes=1440&maxCount=1 HTTP/1.1" 200 None
+2025-10-29 16:26:05,782 [24.3603618144989] status INFO: Requesting url: https://share2.dexcom.com/ShareWebServices/Services/General/AuthenticatePublisherAccount
+2025-10-29 16:26:05,782 [24.3603618144989] urllib3.connectionpool DEBUG: Starting new HTTPS connection (1): share2.dexcom.com:443
+2025-10-29 16:26:06,061 [24.63982081413269] notifier INFO: Requesting url https://share2.dexcom.com/ShareWebServices/Services
+2025-10-29 16:26:06,061 [24.63982081413269] pydexcom DEBUG: Retrieve glucose readings from the glucose readings endpoint
+2025-10-29 16:26:06,161 [24.73959469795227] urllib3.connectionpool DEBUG: https://share2.dexcom.com:443 "POST /ShareWebServices/Services/Publisher/ReadPublisherLatestGlucoseValues?sessionId=6f9ffcb0-70a8-4cd6-b632-ea6955d350cb&minutes=1440&maxCount=1 HTTP/1.1" 200 None
+2025-10-29 16:26:06,161 [24.73959469795227] notifier INFO: Requesting url https://share2.dexcom.com/ShareWebServices/Services
+2025-10-29 16:26:06,161 [24.73959469795227] pydexcom DEBUG: Retrieve glucose readings from the glucose readings endpoint
+2025-10-29 16:26:06,257 [24.835540771484375] urllib3.connectionpool DEBUG: https://share2.dexcom.com:443 "POST /ShareWebServices/Services/Publisher/ReadPublisherLatestGlucoseValues?sessionId=6f9ffcb0-70a8-4cd6-b632-ea6955d350cb&minutes=1440&maxCount=1 HTTP/1.1" 200 None
+2025-10-29 16:26:06,541 [25.119453191757202] urllib3.connectionpool DEBUG: https://share2.dexcom.com:443 "GET /ShareWebServices/Services/General/AuthenticatePublisherAccount HTTP/1.1" 405 176
+2025-10-29 16:26:07,258 [25.836905241012573] notifier INFO: Requesting url https://share2.dexcom.com/ShareWebServices/Services
+2025-10-29 16:26:07,258 [25.836905241012573] pydexcom DEBUG: Retrieve glucose readings from the glucose readings endpoint
+2025-10-29 16:26:07,355 [25.93413805961609] urllib3.connectionpool DEBUG: https://share2.dexcom.com:443 "POST /ShareWebServices/Services/Publisher/ReadPublisherLatestGlucoseValues?sessionId=6f9ffcb0-70a8-4cd6-b632-ea6955d350cb&minutes=1440&maxCount=1 HTTP/1.1" 200 None
+2025-10-29 16:26:07,357 [25.936150550842285] notifier INFO: Requesting url https://share2.dexcom.com/ShareWebServices/Services
+2025-10-29 16:26:07,357 [25.936150550842285] pydexcom DEBUG: Retrieve glucose readings from the glucose readings endpoint
+2025-10-29 16:26:07,463 [26.041651964187622] urllib3.connectionpool DEBUG: https://share2.dexcom.com:443 "POST /ShareWebServices/Services/Publisher/ReadPublisherLatestGlucoseValues?sessionId=6f9ffcb0-70a8-4cd6-b632-ea6955d350cb&minutes=1440&maxCount=1 HTTP/1.1" 200 None
+2025-10-29 16:26:07,544 [26.12326192855835] status INFO: Requesting url: https://share2.dexcom.com/ShareWebServices/Services/General/AuthenticatePublisherAccount
+2025-10-29 16:26:07,545 [26.124276638031006] urllib3.connectionpool DEBUG: Starting new HTTPS connection (1): share2.dexcom.com:443
+2025-10-29 16:26:07,762 [26.34102964401245] urllib3.connectionpool DEBUG: https://share2.dexcom.com:443 "GET /ShareWebServices/Services/General/AuthenticatePublisherAccount HTTP/1.1" 405 176
+2025-10-29 16:26:08,466 [27.045058012008667] notifier INFO: Requesting url https://share2.dexcom.com/ShareWebServices/Services
+2025-10-29 16:26:08,466 [27.045058012008667] pydexcom DEBUG: Retrieve glucose readings from the glucose readings endpoint
+2025-10-29 16:26:08,691 [27.269370317459106] urllib3.connectionpool DEBUG: https://share2.dexcom.com:443 "POST /ShareWebServices/Services/Publisher/ReadPublisherLatestGlucoseValues?sessionId=6f9ffcb0-70a8-4cd6-b632-ea6955d350cb&minutes=1440&maxCount=1 HTTP/1.1" 200 None
+2025-10-29 16:26:08,691 [27.269370317459106] notifier INFO: Requesting url https://share2.dexcom.com/ShareWebServices/Services
+2025-10-29 16:26:08,691 [27.269370317459106] pydexcom DEBUG: Retrieve glucose readings from the glucose readings endpoint
+2025-10-29 16:26:08,776 [27.354466199874878] status INFO: Requesting url: https://share2.dexcom.com/ShareWebServices/Services/General/AuthenticatePublisherAccount
+2025-10-29 16:26:08,776 [27.354466199874878] urllib3.connectionpool DEBUG: Starting new HTTPS connection (1): share2.dexcom.com:443
+2025-10-29 16:26:08,790 [27.369266271591187] urllib3.connectionpool DEBUG: https://share2.dexcom.com:443 "POST /ShareWebServices/Services/Publisher/ReadPublisherLatestGlucoseValues?sessionId=6f9ffcb0-70a8-4cd6-b632-ea6955d350cb&minutes=1440&maxCount=1 HTTP/1.1" 200 None
+2025-10-29 16:26:08,928 [27.507087469100952] urllib3.connectionpool DEBUG: https://share2.dexcom.com:443 "GET /ShareWebServices/Services/General/AuthenticatePublisherAccount HTTP/1.1" 405 176
+2025-10-29 16:26:09,196 [27.77489137649536] notifier INFO: Requesting url General/AuthenticatePublisherAccount
+2025-10-29 16:26:09,196 [27.77489137649536] pydexcom DEBUG: Retrieve account ID from the authentication endpoint
+2025-10-29 16:26:09,199 [27.777870178222656] urllib3.connectionpool DEBUG: Starting new HTTPS connection (1): share2.dexcom.com:443
+2025-10-29 16:26:09,711 [28.289855241775513] urllib3.connectionpool DEBUG: https://share2.dexcom.com:443 "POST /ShareWebServices/Services/General/AuthenticatePublisherAccount HTTP/1.1" 200 38
+2025-10-29 16:26:09,712 [28.290602684020996] pydexcom DEBUG: Retrieve session ID from the login endpoint
+2025-10-29 16:26:09,793 [28.371731996536255] notifier INFO: Requesting url https://share2.dexcom.com/ShareWebServices/Services
+2025-10-29 16:26:09,793 [28.371731996536255] pydexcom DEBUG: Retrieve glucose readings from the glucose readings endpoint
+2025-10-29 16:26:09,915 [28.493452310562134] urllib3.connectionpool DEBUG: https://share2.dexcom.com:443 "POST /ShareWebServices/Services/Publisher/ReadPublisherLatestGlucoseValues?sessionId=6f9ffcb0-70a8-4cd6-b632-ea6955d350cb&minutes=1440&maxCount=1 HTTP/1.1" 200 None
+2025-10-29 16:26:09,915 [28.493452310562134] notifier INFO: Requesting url https://share2.dexcom.com/ShareWebServices/Services
+2025-10-29 16:26:09,915 [28.493452310562134] pydexcom DEBUG: Retrieve glucose readings from the glucose readings endpoint
+2025-10-29 16:26:09,931 [28.509680032730103] status INFO: Requesting url: https://share2.dexcom.com/ShareWebServices/Services/General/AuthenticatePublisherAccount
+2025-10-29 16:26:09,931 [28.509680032730103] urllib3.connectionpool DEBUG: Starting new HTTPS connection (1): share2.dexcom.com:443
+2025-10-29 16:26:10,010 [28.589110136032104] urllib3.connectionpool DEBUG: https://share2.dexcom.com:443 "POST /ShareWebServices/Services/Publisher/ReadPublisherLatestGlucoseValues?sessionId=6f9ffcb0-70a8-4cd6-b632-ea6955d350cb&minutes=1440&maxCount=1 HTTP/1.1" 200 None
+2025-10-29 16:26:10,324 [28.902522802352905] urllib3.connectionpool DEBUG: https://share2.dexcom.com:443 "POST /ShareWebServices/Services/General/LoginPublisherAccountById HTTP/1.1" 200 38
+2025-10-29 16:26:10,329 [28.90824604034424] pydexcom DEBUG: Retrieve glucose readings from the glucose readings endpoint
+2025-10-29 16:26:10,440 [29.0187668800354] urllib3.connectionpool DEBUG: https://share2.dexcom.com:443 "POST /ShareWebServices/Services/Publisher/ReadPublisherLatestGlucoseValues?sessionId=6f9ffcb0-70a8-4cd6-b632-ea6955d350cb&minutes=1440&maxCount=1 HTTP/1.1" 200 None
+2025-10-29 16:26:10,624 [29.2028968334198] urllib3.connectionpool DEBUG: https://share2.dexcom.com:443 "GET /ShareWebServices/Services/General/AuthenticatePublisherAccount HTTP/1.1" 405 176
+2025-10-29 16:26:11,012 [29.591068029403687] notifier INFO: Requesting url https://share2.dexcom.com/ShareWebServices/Services
+2025-10-29 16:26:11,012 [29.591068029403687] pydexcom DEBUG: Retrieve glucose readings from the glucose readings endpoint
+2025-10-29 16:26:11,113 [29.691852569580078] urllib3.connectionpool DEBUG: https://share2.dexcom.com:443 "POST /ShareWebServices/Services/Publisher/ReadPublisherLatestGlucoseValues?sessionId=6f9ffcb0-70a8-4cd6-b632-ea6955d350cb&minutes=1440&maxCount=1 HTTP/1.1" 200 None
+2025-10-29 16:26:11,113 [29.691852569580078] notifier INFO: Requesting url https://share2.dexcom.com/ShareWebServices/Services
+2025-10-29 16:26:11,113 [29.691852569580078] pydexcom DEBUG: Retrieve glucose readings from the glucose readings endpoint
+2025-10-29 16:26:11,215 [29.793949842453003] urllib3.connectionpool DEBUG: https://share2.dexcom.com:443 "POST /ShareWebServices/Services/Publisher/ReadPublisherLatestGlucoseValues?sessionId=6f9ffcb0-70a8-4cd6-b632-ea6955d350cb&minutes=1440&maxCount=1 HTTP/1.1" 200 None
+2025-10-29 16:26:11,340 [29.919046640396118] urllib3.connectionpool DEBUG: Starting new HTTPS connection (1): raw.githubusercontent.com:443
+2025-10-29 16:26:11,574 [30.152395009994507] urllib3.connectionpool DEBUG: https://raw.githubusercontent.com:443 "GET /Github73840134/DeskScout-App-Updates/refs/heads/main/information.json HTTP/1.1" 200 347
+2025-10-29 16:26:11,637 [30.215335845947266] status INFO: Requesting url: https://share2.dexcom.com/ShareWebServices/Services/General/AuthenticatePublisherAccount
+2025-10-29 16:26:11,642 [30.220521450042725] urllib3.connectionpool DEBUG: Starting new HTTPS connection (1): share2.dexcom.com:443
+2025-10-29 16:26:11,814 [30.392749786376953] urllib3.connectionpool DEBUG: https://share2.dexcom.com:443 "GET /ShareWebServices/Services/General/AuthenticatePublisherAccount HTTP/1.1" 405 176
+2025-10-29 16:26:12,218 [30.796390056610107] notifier INFO: Requesting url https://share2.dexcom.com/ShareWebServices/Services
+2025-10-29 16:26:12,218 [30.796390056610107] pydexcom DEBUG: Retrieve glucose readings from the glucose readings endpoint
+2025-10-29 16:26:12,378 [30.95651125907898] urllib3.connectionpool DEBUG: https://share2.dexcom.com:443 "POST /ShareWebServices/Services/Publisher/ReadPublisherLatestGlucoseValues?sessionId=6f9ffcb0-70a8-4cd6-b632-ea6955d350cb&minutes=1440&maxCount=1 HTTP/1.1" 200 None
+2025-10-29 16:26:12,378 [30.95651125907898] notifier INFO: Requesting url https://share2.dexcom.com/ShareWebServices/Services
+2025-10-29 16:26:12,378 [30.95651125907898] pydexcom DEBUG: Retrieve glucose readings from the glucose readings endpoint
+2025-10-29 16:26:12,496 [31.074750661849976] urllib3.connectionpool DEBUG: https://share2.dexcom.com:443 "POST /ShareWebServices/Services/Publisher/ReadPublisherLatestGlucoseValues?sessionId=6f9ffcb0-70a8-4cd6-b632-ea6955d350cb&minutes=1440&maxCount=1 HTTP/1.1" 200 None
+2025-10-29 16:26:12,816 [31.395122528076172] status INFO: Requesting url: https://share2.dexcom.com/ShareWebServices/Services/General/AuthenticatePublisherAccount
+2025-10-29 16:26:12,816 [31.395122528076172] urllib3.connectionpool DEBUG: Starting new HTTPS connection (1): share2.dexcom.com:443
+2025-10-29 16:26:13,042 [31.620808124542236] urllib3.connectionpool DEBUG: https://share2.dexcom.com:443 "GET /ShareWebServices/Services/General/AuthenticatePublisherAccount HTTP/1.1" 405 176
+2025-10-29 16:26:13,501 [32.079970359802246] notifier INFO: Requesting url https://share2.dexcom.com/ShareWebServices/Services
+2025-10-29 16:26:13,501 [32.079970359802246] pydexcom DEBUG: Retrieve glucose readings from the glucose readings endpoint
+2025-10-29 16:26:13,606 [32.18518400192261] urllib3.connectionpool DEBUG: https://share2.dexcom.com:443 "POST /ShareWebServices/Services/Publisher/ReadPublisherLatestGlucoseValues?sessionId=6f9ffcb0-70a8-4cd6-b632-ea6955d350cb&minutes=1440&maxCount=1 HTTP/1.1" 200 None
+2025-10-29 16:26:13,606 [32.18518400192261] notifier INFO: Requesting url https://share2.dexcom.com/ShareWebServices/Services
+2025-10-29 16:26:13,606 [32.18518400192261] pydexcom DEBUG: Retrieve glucose readings from the glucose readings endpoint
+2025-10-29 16:26:13,811 [32.39020133018494] urllib3.connectionpool DEBUG: https://share2.dexcom.com:443 "POST /ShareWebServices/Services/Publisher/ReadPublisherLatestGlucoseValues?sessionId=6f9ffcb0-70a8-4cd6-b632-ea6955d350cb&minutes=1440&maxCount=1 HTTP/1.1" 200 None
+2025-10-29 16:26:14,045 [32.62372374534607] status INFO: Requesting url: https://share2.dexcom.com/ShareWebServices/Services/General/AuthenticatePublisherAccount
+2025-10-29 16:26:14,047 [32.625728130340576] urllib3.connectionpool DEBUG: Starting new HTTPS connection (1): share2.dexcom.com:443
+2025-10-29 16:26:14,626 [33.205063819885254] urllib3.connectionpool DEBUG: https://share2.dexcom.com:443 "GET /ShareWebServices/Services/General/AuthenticatePublisherAccount HTTP/1.1" 405 176
+2025-10-29 16:26:14,813 [33.39178013801575] notifier INFO: Requesting url https://share2.dexcom.com/ShareWebServices/Services
+2025-10-29 16:26:14,813 [33.39178013801575] pydexcom DEBUG: Retrieve glucose readings from the glucose readings endpoint
+2025-10-29 16:26:14,937 [33.5157995223999] pydexcom DEBUG: Retrieve glucose readings from the glucose readings endpoint
+2025-10-29 16:26:14,938 [33.51680564880371] urllib3.connectionpool DEBUG: Starting new HTTPS connection (2): share2.dexcom.com:443
+2025-10-29 16:26:14,957 [33.53564476966858] urllib3.connectionpool DEBUG: https://share2.dexcom.com:443 "POST /ShareWebServices/Services/Publisher/ReadPublisherLatestGlucoseValues?sessionId=6f9ffcb0-70a8-4cd6-b632-ea6955d350cb&minutes=1440&maxCount=1 HTTP/1.1" 200 None
+2025-10-29 16:26:14,957 [33.53564476966858] notifier INFO: Requesting url https://share2.dexcom.com/ShareWebServices/Services
+2025-10-29 16:26:14,957 [33.53564476966858] pydexcom DEBUG: Retrieve glucose readings from the glucose readings endpoint
+2025-10-29 16:26:15,091 [33.669697284698486] urllib3.connectionpool DEBUG: https://share2.dexcom.com:443 "POST /ShareWebServices/Services/Publisher/ReadPublisherLatestGlucoseValues?sessionId=6f9ffcb0-70a8-4cd6-b632-ea6955d350cb&minutes=1440&maxCount=1 HTTP/1.1" 200 None
+2025-10-29 16:26:15,095 [33.67389965057373] urllib3.connectionpool DEBUG: https://share2.dexcom.com:443 "POST /ShareWebServices/Services/Publisher/ReadPublisherLatestGlucoseValues?sessionId=6f9ffcb0-70a8-4cd6-b632-ea6955d350cb&minutes=1440&maxCount=1 HTTP/1.1" 200 None
+2025-10-29 16:26:15,464 [34.042813539505005] notifier INFO: Requesting url General/AuthenticatePublisherAccount
+2025-10-29 16:26:15,464 [34.042813539505005] pydexcom DEBUG: Retrieve account ID from the authentication endpoint
+2025-10-29 16:26:15,465 [34.043877363204956] urllib3.connectionpool DEBUG: Starting new HTTPS connection (1): share2.dexcom.com:443
+2025-10-29 16:26:15,629 [34.2076313495636] status INFO: Requesting url: https://share2.dexcom.com/ShareWebServices/Services/General/AuthenticatePublisherAccount
+2025-10-29 16:26:15,631 [34.20967769622803] urllib3.connectionpool DEBUG: Starting new HTTPS connection (1): share2.dexcom.com:443
+2025-10-29 16:26:15,958 [34.5363347530365] urllib3.connectionpool DEBUG: https://share2.dexcom.com:443 "POST /ShareWebServices/Services/General/AuthenticatePublisherAccount HTTP/1.1" 200 38
+2025-10-29 16:26:15,960 [34.53835582733154] pydexcom DEBUG: Retrieve session ID from the login endpoint
+2025-10-29 16:26:16,097 [34.67554426193237] notifier INFO: Requesting url https://share2.dexcom.com/ShareWebServices/Services
+2025-10-29 16:26:16,097 [34.67554426193237] pydexcom DEBUG: Retrieve glucose readings from the glucose readings endpoint
+2025-10-29 16:26:16,224 [34.80304265022278] urllib3.connectionpool DEBUG: https://share2.dexcom.com:443 "POST /ShareWebServices/Services/Publisher/ReadPublisherLatestGlucoseValues?sessionId=6f9ffcb0-70a8-4cd6-b632-ea6955d350cb&minutes=1440&maxCount=1 HTTP/1.1" 200 None
+2025-10-29 16:26:16,226 [34.80460476875305] notifier INFO: Requesting url https://share2.dexcom.com/ShareWebServices/Services
+2025-10-29 16:26:16,226 [34.80460476875305] pydexcom DEBUG: Retrieve glucose readings from the glucose readings endpoint
+2025-10-29 16:26:16,329 [34.908042192459106] urllib3.connectionpool DEBUG: https://share2.dexcom.com:443 "POST /ShareWebServices/Services/Publisher/ReadPublisherLatestGlucoseValues?sessionId=6f9ffcb0-70a8-4cd6-b632-ea6955d350cb&minutes=1440&maxCount=1 HTTP/1.1" 200 None
+2025-10-29 16:26:16,406 [34.98506259918213] urllib3.connectionpool DEBUG: https://share2.dexcom.com:443 "POST /ShareWebServices/Services/General/LoginPublisherAccountById HTTP/1.1" 200 38
+2025-10-29 16:26:16,424 [35.00242900848389] pydexcom DEBUG: Retrieve glucose readings from the glucose readings endpoint
+2025-10-29 16:26:16,518 [35.09730625152588] urllib3.connectionpool DEBUG: https://share2.dexcom.com:443 "POST /ShareWebServices/Services/Publisher/ReadPublisherLatestGlucoseValues?sessionId=6f9ffcb0-70a8-4cd6-b632-ea6955d350cb&minutes=1440&maxCount=1 HTTP/1.1" 200 None
+2025-10-29 16:26:16,800 [35.37878179550171] urllib3.connectionpool DEBUG: https://share2.dexcom.com:443 "GET /ShareWebServices/Services/General/AuthenticatePublisherAccount HTTP/1.1" 405 176
+2025-10-29 16:26:17,330 [35.90912866592407] notifier INFO: Requesting url https://share2.dexcom.com/ShareWebServices/Services
+2025-10-29 16:26:17,330 [35.90912866592407] pydexcom DEBUG: Retrieve glucose readings from the glucose readings endpoint
+2025-10-29 16:26:17,496 [36.07492208480835] urllib3.connectionpool DEBUG: https://share2.dexcom.com:443 "POST /ShareWebServices/Services/Publisher/ReadPublisherLatestGlucoseValues?sessionId=6f9ffcb0-70a8-4cd6-b632-ea6955d350cb&minutes=1440&maxCount=1 HTTP/1.1" 200 None
+2025-10-29 16:26:17,496 [36.07492208480835] notifier INFO: Requesting url https://share2.dexcom.com/ShareWebServices/Services
+2025-10-29 16:26:17,496 [36.07492208480835] pydexcom DEBUG: Retrieve glucose readings from the glucose readings endpoint
+2025-10-29 16:26:17,592 [36.170337200164795] urllib3.connectionpool DEBUG: https://share2.dexcom.com:443 "POST /ShareWebServices/Services/Publisher/ReadPublisherLatestGlucoseValues?sessionId=6f9ffcb0-70a8-4cd6-b632-ea6955d350cb&minutes=1440&maxCount=1 HTTP/1.1" 200 None
+2025-10-29 16:26:17,802 [36.38116669654846] status INFO: Requesting url: https://share2.dexcom.com/ShareWebServices/Services/General/AuthenticatePublisherAccount
+2025-10-29 16:26:17,802 [36.38116669654846] urllib3.connectionpool DEBUG: Starting new HTTPS connection (1): share2.dexcom.com:443
+2025-10-29 16:26:18,409 [36.98797082901001] urllib3.connectionpool DEBUG: https://share2.dexcom.com:443 "GET /ShareWebServices/Services/General/AuthenticatePublisherAccount HTTP/1.1" 405 176
+2025-10-29 16:26:18,599 [37.177738189697266] notifier INFO: Requesting url https://share2.dexcom.com/ShareWebServices/Services
+2025-10-29 16:26:18,599 [37.177738189697266] pydexcom DEBUG: Retrieve glucose readings from the glucose readings endpoint
+2025-10-29 16:26:18,824 [37.40316724777222] urllib3.connectionpool DEBUG: https://share2.dexcom.com:443 "POST /ShareWebServices/Services/Publisher/ReadPublisherLatestGlucoseValues?sessionId=6f9ffcb0-70a8-4cd6-b632-ea6955d350cb&minutes=1440&maxCount=1 HTTP/1.1" 200 None
+2025-10-29 16:26:18,826 [37.40518665313721] notifier INFO: Requesting url https://share2.dexcom.com/ShareWebServices/Services
+2025-10-29 16:26:18,826 [37.40518665313721] pydexcom DEBUG: Retrieve glucose readings from the glucose readings endpoint
+2025-10-29 16:26:19,240 [37.81896090507507] urllib3.connectionpool DEBUG: https://share2.dexcom.com:443 "POST /ShareWebServices/Services/Publisher/ReadPublisherLatestGlucoseValues?sessionId=6f9ffcb0-70a8-4cd6-b632-ea6955d350cb&minutes=1440&maxCount=1 HTTP/1.1" 200 None
+2025-10-29 16:26:19,415 [37.99425268173218] status INFO: Requesting url: https://share2.dexcom.com/ShareWebServices/Services/General/AuthenticatePublisherAccount
+2025-10-29 16:26:19,418 [37.997119426727295] urllib3.connectionpool DEBUG: Starting new HTTPS connection (1): share2.dexcom.com:443
+2025-10-29 16:26:19,621 [38.19961214065552] urllib3.connectionpool DEBUG: https://share2.dexcom.com:443 "GET /ShareWebServices/Services/General/AuthenticatePublisherAccount HTTP/1.1" 405 176
+2025-10-29 16:26:20,109 [38.688318967819214] pydexcom DEBUG: Retrieve glucose readings from the glucose readings endpoint
+2025-10-29 16:26:20,223 [38.80227851867676] urllib3.connectionpool DEBUG: https://share2.dexcom.com:443 "POST /ShareWebServices/Services/Publisher/ReadPublisherLatestGlucoseValues?sessionId=6f9ffcb0-70a8-4cd6-b632-ea6955d350cb&minutes=1440&maxCount=1 HTTP/1.1" 200 None
+2025-10-29 16:26:20,243 [38.82195854187012] notifier INFO: Requesting url https://share2.dexcom.com/ShareWebServices/Services
+2025-10-29 16:26:20,243 [38.82195854187012] pydexcom DEBUG: Retrieve glucose readings from the glucose readings endpoint
+2025-10-29 16:26:20,343 [38.92218899726868] urllib3.connectionpool DEBUG: https://share2.dexcom.com:443 "POST /ShareWebServices/Services/Publisher/ReadPublisherLatestGlucoseValues?sessionId=6f9ffcb0-70a8-4cd6-b632-ea6955d350cb&minutes=1440&maxCount=1 HTTP/1.1" 200 None
+2025-10-29 16:26:20,343 [38.92218899726868] notifier INFO: Requesting url https://share2.dexcom.com/ShareWebServices/Services
+2025-10-29 16:26:20,343 [38.92218899726868] pydexcom DEBUG: Retrieve glucose readings from the glucose readings endpoint
+2025-10-29 16:26:20,474 [39.05244851112366] urllib3.connectionpool DEBUG: https://share2.dexcom.com:443 "POST /ShareWebServices/Services/Publisher/ReadPublisherLatestGlucoseValues?sessionId=6f9ffcb0-70a8-4cd6-b632-ea6955d350cb&minutes=1440&maxCount=1 HTTP/1.1" 200 None
+2025-10-29 16:26:20,625 [39.20383095741272] status INFO: Requesting url: https://share2.dexcom.com/ShareWebServices/Services/General/AuthenticatePublisherAccount
+2025-10-29 16:26:20,625 [39.20383095741272] urllib3.connectionpool DEBUG: Starting new HTTPS connection (1): share2.dexcom.com:443
+2025-10-29 16:26:21,176 [39.75449562072754] urllib3.connectionpool DEBUG: https://share2.dexcom.com:443 "GET /ShareWebServices/Services/General/AuthenticatePublisherAccount HTTP/1.1" 405 176
+2025-10-29 16:26:21,480 [40.05901908874512] notifier INFO: Requesting url https://share2.dexcom.com/ShareWebServices/Services
+2025-10-29 16:26:21,480 [40.05901908874512] pydexcom DEBUG: Retrieve glucose readings from the glucose readings endpoint
+2025-10-29 16:26:21,560 [40.13927245140076] notifier INFO: Requesting url General/AuthenticatePublisherAccount
+2025-10-29 16:26:21,560 [40.13927245140076] pydexcom DEBUG: Retrieve account ID from the authentication endpoint
+2025-10-29 16:26:21,562 [40.14128828048706] urllib3.connectionpool DEBUG: Starting new HTTPS connection (1): share2.dexcom.com:443
+2025-10-29 16:26:21,580 [40.15919375419617] urllib3.connectionpool DEBUG: https://share2.dexcom.com:443 "POST /ShareWebServices/Services/Publisher/ReadPublisherLatestGlucoseValues?sessionId=6f9ffcb0-70a8-4cd6-b632-ea6955d350cb&minutes=1440&maxCount=1 HTTP/1.1" 200 None
+2025-10-29 16:26:21,580 [40.15919375419617] notifier INFO: Requesting url https://share2.dexcom.com/ShareWebServices/Services
+2025-10-29 16:26:21,580 [40.15919375419617] pydexcom DEBUG: Retrieve glucose readings from the glucose readings endpoint
+2025-10-29 16:26:21,677 [40.25567078590393] urllib3.connectionpool DEBUG: https://share2.dexcom.com:443 "POST /ShareWebServices/Services/Publisher/ReadPublisherLatestGlucoseValues?sessionId=6f9ffcb0-70a8-4cd6-b632-ea6955d350cb&minutes=1440&maxCount=1 HTTP/1.1" 200 None
+2025-10-29 16:26:22,095 [40.67357921600342] urllib3.connectionpool DEBUG: https://share2.dexcom.com:443 "POST /ShareWebServices/Services/General/AuthenticatePublisherAccount HTTP/1.1" 200 38
+2025-10-29 16:26:22,095 [40.67357921600342] pydexcom DEBUG: Retrieve session ID from the login endpoint
+2025-10-29 16:26:22,186 [40.764667987823486] status INFO: Requesting url: https://share2.dexcom.com/ShareWebServices/Services/General/AuthenticatePublisherAccount
+2025-10-29 16:26:22,190 [40.7687304019928] urllib3.connectionpool DEBUG: Starting new HTTPS connection (1): share2.dexcom.com:443
+2025-10-29 16:26:22,327 [40.90560817718506] urllib3.connectionpool DEBUG: https://share2.dexcom.com:443 "GET /ShareWebServices/Services/General/AuthenticatePublisherAccount HTTP/1.1" 405 176
+2025-10-29 16:26:22,680 [41.25849366188049] notifier INFO: Requesting url https://share2.dexcom.com/ShareWebServices/Services
+2025-10-29 16:26:22,680 [41.25849366188049] pydexcom DEBUG: Retrieve glucose readings from the glucose readings endpoint
+2025-10-29 16:26:22,762 [41.34074687957764] urllib3.connectionpool DEBUG: https://share2.dexcom.com:443 "POST /ShareWebServices/Services/General/LoginPublisherAccountById HTTP/1.1" 200 38
+2025-10-29 16:26:22,779 [41.35823917388916] pydexcom DEBUG: Retrieve glucose readings from the glucose readings endpoint
+2025-10-29 16:26:22,790 [41.368555545806885] urllib3.connectionpool DEBUG: https://share2.dexcom.com:443 "POST /ShareWebServices/Services/Publisher/ReadPublisherLatestGlucoseValues?sessionId=6f9ffcb0-70a8-4cd6-b632-ea6955d350cb&minutes=1440&maxCount=1 HTTP/1.1" 200 None
+2025-10-29 16:26:22,792 [41.37056589126587] notifier INFO: Requesting url https://share2.dexcom.com/ShareWebServices/Services
+2025-10-29 16:26:22,792 [41.37056589126587] pydexcom DEBUG: Retrieve glucose readings from the glucose readings endpoint
+2025-10-29 16:26:22,873 [41.45195269584656] urllib3.connectionpool DEBUG: https://share2.dexcom.com:443 "POST /ShareWebServices/Services/Publisher/ReadPublisherLatestGlucoseValues?sessionId=6f9ffcb0-70a8-4cd6-b632-ea6955d350cb&minutes=1440&maxCount=1 HTTP/1.1" 200 None
+2025-10-29 16:26:22,925 [41.504125356674194] urllib3.connectionpool DEBUG: https://share2.dexcom.com:443 "POST /ShareWebServices/Services/Publisher/ReadPublisherLatestGlucoseValues?sessionId=6f9ffcb0-70a8-4cd6-b632-ea6955d350cb&minutes=1440&maxCount=1 HTTP/1.1" 200 None
+2025-10-29 16:26:23,329 [41.908308267593384] status INFO: Requesting url: https://share2.dexcom.com/ShareWebServices/Services/General/AuthenticatePublisherAccount
+2025-10-29 16:26:23,329 [41.908308267593384] urllib3.connectionpool DEBUG: Starting new HTTPS connection (1): share2.dexcom.com:443
+2025-10-29 16:26:23,936 [42.515401124954224] notifier INFO: Requesting url https://share2.dexcom.com/ShareWebServices/Services
+2025-10-29 16:26:23,937 [42.515401124954224] pydexcom DEBUG: Retrieve glucose readings from the glucose readings endpoint
+2025-10-29 16:26:23,948 [42.52690887451172] urllib3.connectionpool DEBUG: https://share2.dexcom.com:443 "GET /ShareWebServices/Services/General/AuthenticatePublisherAccount HTTP/1.1" 405 176
+2025-10-29 16:26:24,041 [42.61967182159424] urllib3.connectionpool DEBUG: https://share2.dexcom.com:443 "POST /ShareWebServices/Services/Publisher/ReadPublisherLatestGlucoseValues?sessionId=6f9ffcb0-70a8-4cd6-b632-ea6955d350cb&minutes=1440&maxCount=1 HTTP/1.1" 200 None
+2025-10-29 16:26:24,043 [42.62220096588135] notifier INFO: Requesting url https://share2.dexcom.com/ShareWebServices/Services
+2025-10-29 16:26:24,043 [42.62276792526245] pydexcom DEBUG: Retrieve glucose readings from the glucose readings endpoint
+2025-10-29 16:26:24,146 [42.725257396698] urllib3.connectionpool DEBUG: https://share2.dexcom.com:443 "POST /ShareWebServices/Services/Publisher/ReadPublisherLatestGlucoseValues?sessionId=6f9ffcb0-70a8-4cd6-b632-ea6955d350cb&minutes=1440&maxCount=1 HTTP/1.1" 200 None
+2025-10-29 16:26:24,950 [43.52933096885681] status INFO: Requesting url: https://share2.dexcom.com/ShareWebServices/Services/General/AuthenticatePublisherAccount
+2025-10-29 16:26:24,953 [43.5313766002655] urllib3.connectionpool DEBUG: Starting new HTTPS connection (1): share2.dexcom.com:443
+2025-10-29 16:26:25,147 [43.7261266708374] notifier INFO: Requesting url https://share2.dexcom.com/ShareWebServices/Services
+2025-10-29 16:26:25,147 [43.7261266708374] pydexcom DEBUG: Retrieve glucose readings from the glucose readings endpoint
+2025-10-29 16:26:25,239 [43.818034410476685] pydexcom DEBUG: Retrieve glucose readings from the glucose readings endpoint
+2025-10-29 16:26:25,239 [43.818034410476685] urllib3.connectionpool DEBUG: https://share2.dexcom.com:443 "POST /ShareWebServices/Services/Publisher/ReadPublisherLatestGlucoseValues?sessionId=6f9ffcb0-70a8-4cd6-b632-ea6955d350cb&minutes=1440&maxCount=1 HTTP/1.1" 200 None
+2025-10-29 16:26:25,239 [43.818034410476685] notifier INFO: Requesting url https://share2.dexcom.com/ShareWebServices/Services
+2025-10-29 16:26:25,239 [43.818034410476685] pydexcom DEBUG: Retrieve glucose readings from the glucose readings endpoint
+2025-10-29 16:26:25,341 [43.91966366767883] urllib3.connectionpool DEBUG: https://share2.dexcom.com:443 "POST /ShareWebServices/Services/Publisher/ReadPublisherLatestGlucoseValues?sessionId=6f9ffcb0-70a8-4cd6-b632-ea6955d350cb&minutes=1440&maxCount=1 HTTP/1.1" 200 None
+2025-10-29 16:26:25,373 [43.951457262039185] urllib3.connectionpool DEBUG: https://share2.dexcom.com:443 "POST /ShareWebServices/Services/Publisher/ReadPublisherLatestGlucoseValues?sessionId=6f9ffcb0-70a8-4cd6-b632-ea6955d350cb&minutes=1440&maxCount=1 HTTP/1.1" 200 None
+2025-10-29 16:26:25,992 [44.57047653198242] urllib3.connectionpool DEBUG: https://share2.dexcom.com:443 "GET /ShareWebServices/Services/General/AuthenticatePublisherAccount HTTP/1.1" 405 176
+2025-10-29 16:26:26,346 [44.92482352256775] notifier INFO: Requesting url https://share2.dexcom.com/ShareWebServices/Services
+2025-10-29 16:26:26,346 [44.92482352256775] pydexcom DEBUG: Retrieve glucose readings from the glucose readings endpoint
+2025-10-29 16:26:26,457 [45.036141872406006] urllib3.connectionpool DEBUG: https://share2.dexcom.com:443 "POST /ShareWebServices/Services/Publisher/ReadPublisherLatestGlucoseValues?sessionId=6f9ffcb0-70a8-4cd6-b632-ea6955d350cb&minutes=1440&maxCount=1 HTTP/1.1" 200 None
+2025-10-29 16:26:26,475 [45.053521394729614] notifier INFO: Requesting url https://share2.dexcom.com/ShareWebServices/Services
+2025-10-29 16:26:26,475 [45.053521394729614] pydexcom DEBUG: Retrieve glucose readings from the glucose readings endpoint
+2025-10-29 16:26:26,578 [45.15706396102905] urllib3.connectionpool DEBUG: https://share2.dexcom.com:443 "POST /ShareWebServices/Services/Publisher/ReadPublisherLatestGlucoseValues?sessionId=6f9ffcb0-70a8-4cd6-b632-ea6955d350cb&minutes=1440&maxCount=1 HTTP/1.1" 200 None
+2025-10-29 16:26:26,996 [45.57464790344238] status INFO: Requesting url: https://share2.dexcom.com/ShareWebServices/Services/General/AuthenticatePublisherAccount
+2025-10-29 16:26:26,996 [45.57464790344238] urllib3.connectionpool DEBUG: Starting new HTTPS connection (1): share2.dexcom.com:443
+2025-10-29 16:26:27,140 [45.71866059303284] urllib3.connectionpool DEBUG: https://share2.dexcom.com:443 "GET /ShareWebServices/Services/General/AuthenticatePublisherAccount HTTP/1.1" 405 176
+2025-10-29 16:26:27,581 [46.160192012786865] notifier INFO: Requesting url https://share2.dexcom.com/ShareWebServices/Services
+2025-10-29 16:26:27,581 [46.160192012786865] pydexcom DEBUG: Retrieve glucose readings from the glucose readings endpoint
+2025-10-29 16:26:27,693 [46.27136158943176] urllib3.connectionpool DEBUG: https://share2.dexcom.com:443 "POST /ShareWebServices/Services/Publisher/ReadPublisherLatestGlucoseValues?sessionId=6f9ffcb0-70a8-4cd6-b632-ea6955d350cb&minutes=1440&maxCount=1 HTTP/1.1" 200 None
+2025-10-29 16:26:27,693 [46.27136158943176] notifier INFO: Requesting url https://share2.dexcom.com/ShareWebServices/Services
+2025-10-29 16:26:27,693 [46.27136158943176] pydexcom DEBUG: Retrieve glucose readings from the glucose readings endpoint
+2025-10-29 16:26:27,808 [46.38724064826965] urllib3.connectionpool DEBUG: https://share2.dexcom.com:443 "POST /ShareWebServices/Services/Publisher/ReadPublisherLatestGlucoseValues?sessionId=6f9ffcb0-70a8-4cd6-b632-ea6955d350cb&minutes=1440&maxCount=1 HTTP/1.1" 200 None
+2025-10-29 16:26:27,886 [46.46510601043701] notifier INFO: Requesting url General/AuthenticatePublisherAccount
+2025-10-29 16:26:27,886 [46.46510601043701] pydexcom DEBUG: Retrieve account ID from the authentication endpoint
+2025-10-29 16:26:27,886 [46.46510601043701] urllib3.connectionpool DEBUG: Starting new HTTPS connection (1): share2.dexcom.com:443
+2025-10-29 16:26:28,145 [46.72432041168213] status INFO: Requesting url: https://share2.dexcom.com/ShareWebServices/Services/General/AuthenticatePublisherAccount
+2025-10-29 16:26:28,145 [46.72432041168213] urllib3.connectionpool DEBUG: Starting new HTTPS connection (1): share2.dexcom.com:443
+2025-10-29 16:26:28,290 [46.86862254142761] urllib3.connectionpool DEBUG: https://share2.dexcom.com:443 "POST /ShareWebServices/Services/General/AuthenticatePublisherAccount HTTP/1.1" 200 38
+2025-10-29 16:26:28,293 [46.87145924568176] pydexcom DEBUG: Retrieve session ID from the login endpoint
+2025-10-29 16:26:28,354 [46.932889223098755] urllib3.connectionpool DEBUG: https://share2.dexcom.com:443 "GET /ShareWebServices/Services/General/AuthenticatePublisherAccount HTTP/1.1" 405 176
+2025-10-29 16:26:28,742 [47.32093596458435] urllib3.connectionpool DEBUG: https://share2.dexcom.com:443 "POST /ShareWebServices/Services/General/LoginPublisherAccountById HTTP/1.1" 200 38
+2025-10-29 16:26:28,758 [47.3367645740509] pydexcom DEBUG: Retrieve glucose readings from the glucose readings endpoint
+2025-10-29 16:26:28,810 [47.38865900039673] notifier INFO: Requesting url https://share2.dexcom.com/ShareWebServices/Services
+2025-10-29 16:26:28,810 [47.38865900039673] pydexcom DEBUG: Retrieve glucose readings from the glucose readings endpoint
+2025-10-29 16:26:28,843 [47.42192769050598] urllib3.connectionpool DEBUG: https://share2.dexcom.com:443 "POST /ShareWebServices/Services/Publisher/ReadPublisherLatestGlucoseValues?sessionId=6f9ffcb0-70a8-4cd6-b632-ea6955d350cb&minutes=1440&maxCount=1 HTTP/1.1" 200 None
+2025-10-29 16:26:28,958 [47.53721594810486] urllib3.connectionpool DEBUG: https://share2.dexcom.com:443 "POST /ShareWebServices/Services/Publisher/ReadPublisherLatestGlucoseValues?sessionId=6f9ffcb0-70a8-4cd6-b632-ea6955d350cb&minutes=1440&maxCount=1 HTTP/1.1" 200 None
+2025-10-29 16:26:28,958 [47.53721594810486] notifier INFO: Requesting url https://share2.dexcom.com/ShareWebServices/Services
+2025-10-29 16:26:28,958 [47.53721594810486] pydexcom DEBUG: Retrieve glucose readings from the glucose readings endpoint
+2025-10-29 16:26:29,157 [47.73602795600891] urllib3.connectionpool DEBUG: https://share2.dexcom.com:443 "POST /ShareWebServices/Services/Publisher/ReadPublisherLatestGlucoseValues?sessionId=6f9ffcb0-70a8-4cd6-b632-ea6955d350cb&minutes=1440&maxCount=1 HTTP/1.1" 200 None
+2025-10-29 16:26:29,359 [47.93748474121094] status INFO: Requesting url: https://share2.dexcom.com/ShareWebServices/Services/General/AuthenticatePublisherAccount
+2025-10-29 16:26:29,359 [47.93748474121094] urllib3.connectionpool DEBUG: Starting new HTTPS connection (1): share2.dexcom.com:443
+2025-10-29 16:26:30,087 [48.66615176200867] urllib3.connectionpool DEBUG: https://share2.dexcom.com:443 "GET /ShareWebServices/Services/General/AuthenticatePublisherAccount HTTP/1.1" 405 176
+2025-10-29 16:26:30,169 [48.74769711494446] notifier INFO: Requesting url https://share2.dexcom.com/ShareWebServices/Services
+2025-10-29 16:26:30,169 [48.74769711494446] pydexcom DEBUG: Retrieve glucose readings from the glucose readings endpoint
+2025-10-29 16:26:30,270 [48.848570346832275] urllib3.connectionpool DEBUG: https://share2.dexcom.com:443 "POST /ShareWebServices/Services/Publisher/ReadPublisherLatestGlucoseValues?sessionId=6f9ffcb0-70a8-4cd6-b632-ea6955d350cb&minutes=1440&maxCount=1 HTTP/1.1" 200 None
+2025-10-29 16:26:30,271 [48.850173473358154] notifier INFO: Requesting url https://share2.dexcom.com/ShareWebServices/Services
+2025-10-29 16:26:30,271 [48.850173473358154] pydexcom DEBUG: Retrieve glucose readings from the glucose readings endpoint
+2025-10-29 16:26:30,404 [48.98264765739441] urllib3.connectionpool DEBUG: https://share2.dexcom.com:443 "POST /ShareWebServices/Services/Publisher/ReadPublisherLatestGlucoseValues?sessionId=6f9ffcb0-70a8-4cd6-b632-ea6955d350cb&minutes=1440&maxCount=1 HTTP/1.1" 200 None
+2025-10-29 16:26:30,419 [48.99768376350403] pydexcom DEBUG: Retrieve glucose readings from the glucose readings endpoint
+2025-10-29 16:26:30,517 [49.095802307128906] urllib3.connectionpool DEBUG: https://share2.dexcom.com:443 "POST /ShareWebServices/Services/Publisher/ReadPublisherLatestGlucoseValues?sessionId=6f9ffcb0-70a8-4cd6-b632-ea6955d350cb&minutes=1440&maxCount=1 HTTP/1.1" 200 None
+2025-10-29 16:26:31,090 [49.66903233528137] status INFO: Requesting url: https://share2.dexcom.com/ShareWebServices/Services/General/AuthenticatePublisherAccount
+2025-10-29 16:26:31,090 [49.66903233528137] urllib3.connectionpool DEBUG: Starting new HTTPS connection (1): share2.dexcom.com:443
+2025-10-29 16:26:31,332 [49.91092491149902] urllib3.connectionpool DEBUG: https://share2.dexcom.com:443 "GET /ShareWebServices/Services/General/AuthenticatePublisherAccount HTTP/1.1" 405 176
+2025-10-29 16:26:31,407 [49.985636711120605] notifier INFO: Requesting url https://share2.dexcom.com/ShareWebServices/Services
+2025-10-29 16:26:31,407 [49.985636711120605] pydexcom DEBUG: Retrieve glucose readings from the glucose readings endpoint
+2025-10-29 16:26:31,502 [50.08087229728699] urllib3.connectionpool DEBUG: https://share2.dexcom.com:443 "POST /ShareWebServices/Services/Publisher/ReadPublisherLatestGlucoseValues?sessionId=6f9ffcb0-70a8-4cd6-b632-ea6955d350cb&minutes=1440&maxCount=1 HTTP/1.1" 200 None
+2025-10-29 16:26:31,502 [50.08087229728699] notifier INFO: Requesting url https://share2.dexcom.com/ShareWebServices/Services
+2025-10-29 16:26:31,502 [50.08087229728699] pydexcom DEBUG: Retrieve glucose readings from the glucose readings endpoint
+2025-10-29 16:26:31,614 [50.19236993789673] urllib3.connectionpool DEBUG: https://share2.dexcom.com:443 "POST /ShareWebServices/Services/Publisher/ReadPublisherLatestGlucoseValues?sessionId=6f9ffcb0-70a8-4cd6-b632-ea6955d350cb&minutes=1440&maxCount=1 HTTP/1.1" 200 None
+2025-10-29 16:26:32,334 [50.91293954849243] status INFO: Requesting url: https://share2.dexcom.com/ShareWebServices/Services/General/AuthenticatePublisherAccount
+2025-10-29 16:26:32,334 [50.91293954849243] urllib3.connectionpool DEBUG: Starting new HTTPS connection (1): share2.dexcom.com:443
+2025-10-29 16:26:32,499 [51.07773041725159] urllib3.connectionpool DEBUG: https://share2.dexcom.com:443 "GET /ShareWebServices/Services/General/AuthenticatePublisherAccount HTTP/1.1" 405 176
+2025-10-29 16:26:32,615 [51.19378471374512] notifier INFO: Requesting url https://share2.dexcom.com/ShareWebServices/Services
+2025-10-29 16:26:32,615 [51.19378471374512] pydexcom DEBUG: Retrieve glucose readings from the glucose readings endpoint
+2025-10-29 16:26:32,715 [51.29384994506836] urllib3.connectionpool DEBUG: https://share2.dexcom.com:443 "POST /ShareWebServices/Services/Publisher/ReadPublisherLatestGlucoseValues?sessionId=6f9ffcb0-70a8-4cd6-b632-ea6955d350cb&minutes=1440&maxCount=1 HTTP/1.1" 200 None
+2025-10-29 16:26:32,722 [51.30058264732361] notifier INFO: Requesting url https://share2.dexcom.com/ShareWebServices/Services
+2025-10-29 16:26:32,722 [51.30058264732361] pydexcom DEBUG: Retrieve glucose readings from the glucose readings endpoint
+2025-10-29 16:26:32,840 [51.4189658164978] urllib3.connectionpool DEBUG: https://share2.dexcom.com:443 "POST /ShareWebServices/Services/Publisher/ReadPublisherLatestGlucoseValues?sessionId=6f9ffcb0-70a8-4cd6-b632-ea6955d350cb&minutes=1440&maxCount=1 HTTP/1.1" 200 None
+2025-10-29 16:26:33,501 [52.07977318763733] status INFO: Requesting url: https://share2.dexcom.com/ShareWebServices/Services/General/AuthenticatePublisherAccount
+2025-10-29 16:26:33,503 [52.08152985572815] urllib3.connectionpool DEBUG: Starting new HTTPS connection (1): share2.dexcom.com:443
+2025-10-29 16:26:33,744 [52.322354316711426] urllib3.connectionpool DEBUG: https://share2.dexcom.com:443 "GET /ShareWebServices/Services/General/AuthenticatePublisherAccount HTTP/1.1" 405 176
+2025-10-29 16:26:33,843 [52.422226905822754] notifier INFO: Requesting url https://share2.dexcom.com/ShareWebServices/Services
+2025-10-29 16:26:33,843 [52.422226905822754] pydexcom DEBUG: Retrieve glucose readings from the glucose readings endpoint
+2025-10-29 16:26:33,889 [52.46804356575012] notifier INFO: Requesting url General/AuthenticatePublisherAccount
+2025-10-29 16:26:33,889 [52.46804356575012] pydexcom DEBUG: Retrieve account ID from the authentication endpoint
+2025-10-29 16:26:33,889 [52.46804356575012] urllib3.connectionpool DEBUG: Starting new HTTPS connection (1): share2.dexcom.com:443
+2025-10-29 16:26:33,965 [52.544827699661255] urllib3.connectionpool DEBUG: https://share2.dexcom.com:443 "POST /ShareWebServices/Services/Publisher/ReadPublisherLatestGlucoseValues?sessionId=6f9ffcb0-70a8-4cd6-b632-ea6955d350cb&minutes=1440&maxCount=1 HTTP/1.1" 200 None
+2025-10-29 16:26:33,966 [52.544827699661255] notifier INFO: Requesting url https://share2.dexcom.com/ShareWebServices/Services
+2025-10-29 16:26:33,966 [52.544827699661255] pydexcom DEBUG: Retrieve glucose readings from the glucose readings endpoint
+2025-10-29 16:26:34,089 [52.66820979118347] urllib3.connectionpool DEBUG: https://share2.dexcom.com:443 "POST /ShareWebServices/Services/Publisher/ReadPublisherLatestGlucoseValues?sessionId=6f9ffcb0-70a8-4cd6-b632-ea6955d350cb&minutes=1440&maxCount=1 HTTP/1.1" 200 None
+2025-10-29 16:26:34,286 [52.86530303955078] urllib3.connectionpool DEBUG: https://share2.dexcom.com:443 "POST /ShareWebServices/Services/General/AuthenticatePublisherAccount HTTP/1.1" 200 38
+2025-10-29 16:26:34,288 [52.867265701293945] pydexcom DEBUG: Retrieve session ID from the login endpoint
+2025-10-29 16:26:34,680 [53.258355379104614] urllib3.connectionpool DEBUG: https://share2.dexcom.com:443 "POST /ShareWebServices/Services/General/LoginPublisherAccountById HTTP/1.1" 200 38
+2025-10-29 16:26:34,695 [53.27363038063049] pydexcom DEBUG: Retrieve glucose readings from the glucose readings endpoint
+2025-10-29 16:26:34,747 [53.32581901550293] status INFO: Requesting url: https://share2.dexcom.com/ShareWebServices/Services/General/AuthenticatePublisherAccount
+2025-10-29 16:26:34,749 [53.3275887966156] urllib3.connectionpool DEBUG: Starting new HTTPS connection (1): share2.dexcom.com:443
+2025-10-29 16:26:34,794 [53.372742652893066] urllib3.connectionpool DEBUG: https://share2.dexcom.com:443 "POST /ShareWebServices/Services/Publisher/ReadPublisherLatestGlucoseValues?sessionId=6f9ffcb0-70a8-4cd6-b632-ea6955d350cb&minutes=1440&maxCount=1 HTTP/1.1" 200 None
+2025-10-29 16:26:34,889 [53.46818685531616] urllib3.connectionpool DEBUG: https://share2.dexcom.com:443 "GET /ShareWebServices/Services/General/AuthenticatePublisherAccount HTTP/1.1" 405 176
+2025-10-29 16:26:35,093 [53.67168736457825] notifier INFO: Requesting url https://share2.dexcom.com/ShareWebServices/Services
+2025-10-29 16:26:35,093 [53.67168736457825] pydexcom DEBUG: Retrieve glucose readings from the glucose readings endpoint
+2025-10-29 16:26:35,191 [53.77003836631775] urllib3.connectionpool DEBUG: https://share2.dexcom.com:443 "POST /ShareWebServices/Services/Publisher/ReadPublisherLatestGlucoseValues?sessionId=6f9ffcb0-70a8-4cd6-b632-ea6955d350cb&minutes=1440&maxCount=1 HTTP/1.1" 200 None
+2025-10-29 16:26:35,191 [53.77003836631775] notifier INFO: Requesting url https://share2.dexcom.com/ShareWebServices/Services
+2025-10-29 16:26:35,191 [53.77003836631775] pydexcom DEBUG: Retrieve glucose readings from the glucose readings endpoint
+2025-10-29 16:26:35,288 [53.867013454437256] urllib3.connectionpool DEBUG: https://share2.dexcom.com:443 "POST /ShareWebServices/Services/Publisher/ReadPublisherLatestGlucoseValues?sessionId=6f9ffcb0-70a8-4cd6-b632-ea6955d350cb&minutes=1440&maxCount=1 HTTP/1.1" 200 None
+2025-10-29 16:26:35,536 [54.11516094207764] pydexcom DEBUG: Retrieve glucose readings from the glucose readings endpoint
+2025-10-29 16:26:35,637 [54.216047525405884] urllib3.connectionpool DEBUG: https://share2.dexcom.com:443 "POST /ShareWebServices/Services/Publisher/ReadPublisherLatestGlucoseValues?sessionId=6f9ffcb0-70a8-4cd6-b632-ea6955d350cb&minutes=1440&maxCount=1 HTTP/1.1" 200 None
+2025-10-29 16:26:35,892 [54.47099161148071] status INFO: Requesting url: https://share2.dexcom.com/ShareWebServices/Services/General/AuthenticatePublisherAccount
+2025-10-29 16:26:35,894 [54.473347187042236] urllib3.connectionpool DEBUG: Starting new HTTPS connection (1): share2.dexcom.com:443
+2025-10-29 16:26:36,155 [54.73350524902344] urllib3.connectionpool DEBUG: https://share2.dexcom.com:443 "GET /ShareWebServices/Services/General/AuthenticatePublisherAccount HTTP/1.1" 405 176
+2025-10-29 16:26:36,290 [54.86920952796936] notifier INFO: Requesting url https://share2.dexcom.com/ShareWebServices/Services
+2025-10-29 16:26:36,290 [54.86920952796936] pydexcom DEBUG: Retrieve glucose readings from the glucose readings endpoint
+2025-10-29 16:26:36,409 [54.98859715461731] urllib3.connectionpool DEBUG: https://share2.dexcom.com:443 "POST /ShareWebServices/Services/Publisher/ReadPublisherLatestGlucoseValues?sessionId=6f9ffcb0-70a8-4cd6-b632-ea6955d350cb&minutes=1440&maxCount=1 HTTP/1.1" 200 None
+2025-10-29 16:26:36,410 [54.98859715461731] notifier INFO: Requesting url https://share2.dexcom.com/ShareWebServices/Services
+2025-10-29 16:26:36,410 [54.98859715461731] pydexcom DEBUG: Retrieve glucose readings from the glucose readings endpoint
+2025-10-29 16:26:36,637 [55.215964555740356] urllib3.connectionpool DEBUG: https://share2.dexcom.com:443 "POST /ShareWebServices/Services/Publisher/ReadPublisherLatestGlucoseValues?sessionId=6f9ffcb0-70a8-4cd6-b632-ea6955d350cb&minutes=1440&maxCount=1 HTTP/1.1" 200 None
+2025-10-29 16:26:37,157 [55.735676765441895] status INFO: Requesting url: https://share2.dexcom.com/ShareWebServices/Services/General/AuthenticatePublisherAccount
+2025-10-29 16:26:37,157 [55.735676765441895] urllib3.connectionpool DEBUG: Starting new HTTPS connection (1): share2.dexcom.com:443
+2025-10-29 16:26:37,644 [56.22268342971802] notifier INFO: Requesting url https://share2.dexcom.com/ShareWebServices/Services
+2025-10-29 16:26:37,644 [56.22268342971802] pydexcom DEBUG: Retrieve glucose readings from the glucose readings endpoint
+2025-10-29 16:26:37,872 [56.45110726356506] urllib3.connectionpool DEBUG: https://share2.dexcom.com:443 "GET /ShareWebServices/Services/General/AuthenticatePublisherAccount HTTP/1.1" 405 176
+2025-10-29 16:26:37,874 [56.45311975479126] urllib3.connectionpool DEBUG: https://share2.dexcom.com:443 "POST /ShareWebServices/Services/Publisher/ReadPublisherLatestGlucoseValues?sessionId=6f9ffcb0-70a8-4cd6-b632-ea6955d350cb&minutes=1440&maxCount=1 HTTP/1.1" 200 None
+2025-10-29 16:26:37,876 [56.455132722854614] notifier INFO: Requesting url https://share2.dexcom.com/ShareWebServices/Services
+2025-10-29 16:26:37,876 [56.455132722854614] pydexcom DEBUG: Retrieve glucose readings from the glucose readings endpoint
+2025-10-29 16:26:37,974 [56.5526180267334] urllib3.connectionpool DEBUG: https://share2.dexcom.com:443 "POST /ShareWebServices/Services/Publisher/ReadPublisherLatestGlucoseValues?sessionId=6f9ffcb0-70a8-4cd6-b632-ea6955d350cb&minutes=1440&maxCount=1 HTTP/1.1" 200 None
+2025-10-29 16:26:38,874 [57.452784299850464] status INFO: Requesting url: https://share2.dexcom.com/ShareWebServices/Services/General/AuthenticatePublisherAccount
+2025-10-29 16:26:38,874 [57.452784299850464] urllib3.connectionpool DEBUG: Starting new HTTPS connection (1): share2.dexcom.com:443
+2025-10-29 16:26:38,986 [57.56527829170227] notifier INFO: Requesting url https://share2.dexcom.com/ShareWebServices/Services
+2025-10-29 16:26:38,988 [57.56933569908142] pydexcom DEBUG: Retrieve glucose readings from the glucose readings endpoint
+2025-10-29 16:26:39,008 [57.58667969703674] urllib3.connectionpool DEBUG: https://share2.dexcom.com:443 "GET /ShareWebServices/Services/General/AuthenticatePublisherAccount HTTP/1.1" 405 176
+2025-10-29 16:26:39,093 [57.67222809791565] urllib3.connectionpool DEBUG: https://share2.dexcom.com:443 "POST /ShareWebServices/Services/Publisher/ReadPublisherLatestGlucoseValues?sessionId=6f9ffcb0-70a8-4cd6-b632-ea6955d350cb&minutes=1440&maxCount=1 HTTP/1.1" 200 None
+2025-10-29 16:26:39,093 [57.67222809791565] notifier INFO: Requesting url https://share2.dexcom.com/ShareWebServices/Services
+2025-10-29 16:26:39,093 [57.67222809791565] pydexcom DEBUG: Retrieve glucose readings from the glucose readings endpoint
+2025-10-29 16:26:39,189 [57.76774835586548] urllib3.connectionpool DEBUG: https://share2.dexcom.com:443 "POST /ShareWebServices/Services/Publisher/ReadPublisherLatestGlucoseValues?sessionId=6f9ffcb0-70a8-4cd6-b632-ea6955d350cb&minutes=1440&maxCount=1 HTTP/1.1" 200 None
+2025-10-29 16:26:39,808 [58.38656449317932] notifier INFO: Requesting url General/AuthenticatePublisherAccount
+2025-10-29 16:26:39,808 [58.38656449317932] pydexcom DEBUG: Retrieve account ID from the authentication endpoint
+2025-10-29 16:26:39,808 [58.38656449317932] urllib3.connectionpool DEBUG: Starting new HTTPS connection (1): share2.dexcom.com:443
+2025-10-29 16:26:40,014 [58.592702865600586] status INFO: Requesting url: https://share2.dexcom.com/ShareWebServices/Services/General/AuthenticatePublisherAccount
+2025-10-29 16:26:40,014 [58.592702865600586] urllib3.connectionpool DEBUG: Starting new HTTPS connection (1): share2.dexcom.com:443
+2025-10-29 16:26:40,193 [58.771790981292725] notifier INFO: Requesting url https://share2.dexcom.com/ShareWebServices/Services
+2025-10-29 16:26:40,193 [58.771790981292725] pydexcom DEBUG: Retrieve glucose readings from the glucose readings endpoint
+2025-10-29 16:26:40,205 [58.783469676971436] urllib3.connectionpool DEBUG: https://share2.dexcom.com:443 "GET /ShareWebServices/Services/General/AuthenticatePublisherAccount HTTP/1.1" 405 176
+2025-10-29 16:26:40,297 [58.87631702423096] urllib3.connectionpool DEBUG: https://share2.dexcom.com:443 "POST /ShareWebServices/Services/General/AuthenticatePublisherAccount HTTP/1.1" 200 38
+2025-10-29 16:26:40,297 [58.87631702423096] pydexcom DEBUG: Retrieve session ID from the login endpoint
+2025-10-29 16:26:40,323 [58.90164542198181] urllib3.connectionpool DEBUG: https://share2.dexcom.com:443 "POST /ShareWebServices/Services/Publisher/ReadPublisherLatestGlucoseValues?sessionId=6f9ffcb0-70a8-4cd6-b632-ea6955d350cb&minutes=1440&maxCount=1 HTTP/1.1" 200 None
+2025-10-29 16:26:40,323 [58.90164542198181] notifier INFO: Requesting url https://share2.dexcom.com/ShareWebServices/Services
+2025-10-29 16:26:40,323 [58.90164542198181] pydexcom DEBUG: Retrieve glucose readings from the glucose readings endpoint
+2025-10-29 16:26:40,422 [59.00123715400696] urllib3.connectionpool DEBUG: https://share2.dexcom.com:443 "POST /ShareWebServices/Services/Publisher/ReadPublisherLatestGlucoseValues?sessionId=6f9ffcb0-70a8-4cd6-b632-ea6955d350cb&minutes=1440&maxCount=1 HTTP/1.1" 200 None
+2025-10-29 16:26:40,649 [59.22796964645386] pydexcom DEBUG: Retrieve glucose readings from the glucose readings endpoint
+2025-10-29 16:26:40,811 [59.38995862007141] urllib3.connectionpool DEBUG: https://share2.dexcom.com:443 "POST /ShareWebServices/Services/General/LoginPublisherAccountById HTTP/1.1" 200 38
+2025-10-29 16:26:40,811 [59.38995862007141] urllib3.connectionpool DEBUG: https://share2.dexcom.com:443 "POST /ShareWebServices/Services/Publisher/ReadPublisherLatestGlucoseValues?sessionId=6f9ffcb0-70a8-4cd6-b632-ea6955d350cb&minutes=1440&maxCount=1 HTTP/1.1" 200 None
+2025-10-29 16:26:40,835 [59.4139199256897] pydexcom DEBUG: Retrieve glucose readings from the glucose readings endpoint
+2025-10-29 16:26:40,927 [59.50569677352905] urllib3.connectionpool DEBUG: https://share2.dexcom.com:443 "POST /ShareWebServices/Services/Publisher/ReadPublisherLatestGlucoseValues?sessionId=6f9ffcb0-70a8-4cd6-b632-ea6955d350cb&minutes=1440&maxCount=1 HTTP/1.1" 200 None
+2025-10-29 16:26:41,217 [59.795520544052124] status INFO: Requesting url: https://share2.dexcom.com/ShareWebServices/Services/General/AuthenticatePublisherAccount
+2025-10-29 16:26:41,217 [59.795520544052124] urllib3.connectionpool DEBUG: Starting new HTTPS connection (1): share2.dexcom.com:443
+2025-10-29 16:26:41,405 [59.984073877334595] urllib3.connectionpool DEBUG: https://share2.dexcom.com:443 "GET /ShareWebServices/Services/General/AuthenticatePublisherAccount HTTP/1.1" 405 176
+2025-10-29 16:26:41,433 [60.011451959609985] notifier INFO: Requesting url https://share2.dexcom.com/ShareWebServices/Services
+2025-10-29 16:26:41,433 [60.011451959609985] pydexcom DEBUG: Retrieve glucose readings from the glucose readings endpoint
+2025-10-29 16:26:41,524 [60.10331702232361] urllib3.connectionpool DEBUG: https://share2.dexcom.com:443 "POST /ShareWebServices/Services/Publisher/ReadPublisherLatestGlucoseValues?sessionId=6f9ffcb0-70a8-4cd6-b632-ea6955d350cb&minutes=1440&maxCount=1 HTTP/1.1" 200 None
+2025-10-29 16:26:41,529 [60.108179569244385] notifier INFO: Requesting url https://share2.dexcom.com/ShareWebServices/Services
+2025-10-29 16:26:41,529 [60.108179569244385] pydexcom DEBUG: Retrieve glucose readings from the glucose readings endpoint
+2025-10-29 16:26:41,639 [60.2213397026062] urllib3.connectionpool DEBUG: https://share2.dexcom.com:443 "POST /ShareWebServices/Services/Publisher/ReadPublisherLatestGlucoseValues?sessionId=6f9ffcb0-70a8-4cd6-b632-ea6955d350cb&minutes=1440&maxCount=1 HTTP/1.1" 200 None
+2025-10-29 16:26:42,408 [60.98730111122131] status INFO: Requesting url: https://share2.dexcom.com/ShareWebServices/Services/General/AuthenticatePublisherAccount
+2025-10-29 16:26:42,410 [60.988649129867554] urllib3.connectionpool DEBUG: Starting new HTTPS connection (1): share2.dexcom.com:443
+2025-10-29 16:26:42,644 [61.22285437583923] notifier INFO: Requesting url https://share2.dexcom.com/ShareWebServices/Services
+2025-10-29 16:26:42,644 [61.22285437583923] pydexcom DEBUG: Retrieve glucose readings from the glucose readings endpoint
+2025-10-29 16:26:42,749 [61.33390760421753] urllib3.connectionpool DEBUG: https://share2.dexcom.com:443 "POST /ShareWebServices/Services/Publisher/ReadPublisherLatestGlucoseValues?sessionId=6f9ffcb0-70a8-4cd6-b632-ea6955d350cb&minutes=1440&maxCount=1 HTTP/1.1" 200 None
+2025-10-29 16:26:42,755 [61.33390760421753] notifier INFO: Requesting url https://share2.dexcom.com/ShareWebServices/Services
+2025-10-29 16:26:42,755 [61.33592343330383] pydexcom DEBUG: Retrieve glucose readings from the glucose readings endpoint
+2025-10-29 16:26:42,858 [61.436867237091064] urllib3.connectionpool DEBUG: https://share2.dexcom.com:443 "POST /ShareWebServices/Services/Publisher/ReadPublisherLatestGlucoseValues?sessionId=6f9ffcb0-70a8-4cd6-b632-ea6955d350cb&minutes=1440&maxCount=1 HTTP/1.1" 200 None
+2025-10-29 16:26:42,973 [61.55149555206299] urllib3.connectionpool DEBUG: https://share2.dexcom.com:443 "GET /ShareWebServices/Services/General/AuthenticatePublisherAccount HTTP/1.1" 405 176
+2025-10-29 16:26:43,861 [62.439889669418335] notifier INFO: Requesting url https://share2.dexcom.com/ShareWebServices/Services
+2025-10-29 16:26:43,861 [62.439889669418335] pydexcom DEBUG: Retrieve glucose readings from the glucose readings endpoint
+2025-10-29 16:26:43,956 [62.53481650352478] urllib3.connectionpool DEBUG: https://share2.dexcom.com:443 "POST /ShareWebServices/Services/Publisher/ReadPublisherLatestGlucoseValues?sessionId=6f9ffcb0-70a8-4cd6-b632-ea6955d350cb&minutes=1440&maxCount=1 HTTP/1.1" 200 None
+2025-10-29 16:26:43,956 [62.53481650352478] notifier INFO: Requesting url https://share2.dexcom.com/ShareWebServices/Services
+2025-10-29 16:26:43,956 [62.53481650352478] pydexcom DEBUG: Retrieve glucose readings from the glucose readings endpoint
+2025-10-29 16:26:43,978 [62.55651259422302] status INFO: Requesting url: https://share2.dexcom.com/ShareWebServices/Services/General/AuthenticatePublisherAccount
+2025-10-29 16:26:43,978 [62.55651259422302] urllib3.connectionpool DEBUG: Starting new HTTPS connection (1): share2.dexcom.com:443
+2025-10-29 16:26:44,065 [62.644206285476685] urllib3.connectionpool DEBUG: https://share2.dexcom.com:443 "POST /ShareWebServices/Services/Publisher/ReadPublisherLatestGlucoseValues?sessionId=6f9ffcb0-70a8-4cd6-b632-ea6955d350cb&minutes=1440&maxCount=1 HTTP/1.1" 200 None
+2025-10-29 16:26:44,206 [62.78522491455078] urllib3.connectionpool DEBUG: https://share2.dexcom.com:443 "GET /ShareWebServices/Services/General/AuthenticatePublisherAccount HTTP/1.1" 405 176
+2025-10-29 16:26:45,074 [63.65293288230896] notifier INFO: Requesting url https://share2.dexcom.com/ShareWebServices/Services
+2025-10-29 16:26:45,074 [63.65293288230896] pydexcom DEBUG: Retrieve glucose readings from the glucose readings endpoint
+2025-10-29 16:26:45,165 [63.74398231506348] urllib3.connectionpool DEBUG: https://share2.dexcom.com:443 "POST /ShareWebServices/Services/Publisher/ReadPublisherLatestGlucoseValues?sessionId=6f9ffcb0-70a8-4cd6-b632-ea6955d350cb&minutes=1440&maxCount=1 HTTP/1.1" 200 None
+2025-10-29 16:26:45,181 [63.75966167449951] notifier INFO: Requesting url https://share2.dexcom.com/ShareWebServices/Services
+2025-10-29 16:26:45,181 [63.75966167449951] pydexcom DEBUG: Retrieve glucose readings from the glucose readings endpoint
+2025-10-29 16:26:45,216 [63.79453253746033] status INFO: Requesting url: https://share2.dexcom.com/ShareWebServices/Services/General/AuthenticatePublisherAccount
+2025-10-29 16:26:45,216 [63.79453253746033] urllib3.connectionpool DEBUG: Starting new HTTPS connection (1): share2.dexcom.com:443
+2025-10-29 16:26:45,278 [63.85662508010864] urllib3.connectionpool DEBUG: https://share2.dexcom.com:443 "POST /ShareWebServices/Services/Publisher/ReadPublisherLatestGlucoseValues?sessionId=6f9ffcb0-70a8-4cd6-b632-ea6955d350cb&minutes=1440&maxCount=1 HTTP/1.1" 200 None
+2025-10-29 16:26:45,435 [64.01334881782532] urllib3.connectionpool DEBUG: https://share2.dexcom.com:443 "GET /ShareWebServices/Services/General/AuthenticatePublisherAccount HTTP/1.1" 405 176
+2025-10-29 16:26:45,825 [64.40390276908875] pydexcom DEBUG: Retrieve glucose readings from the glucose readings endpoint
+2025-10-29 16:26:45,957 [64.53628277778625] notifier INFO: Requesting url General/AuthenticatePublisherAccount
+2025-10-29 16:26:45,957 [64.53628277778625] pydexcom DEBUG: Retrieve account ID from the authentication endpoint
+2025-10-29 16:26:45,957 [64.53628277778625] urllib3.connectionpool DEBUG: Starting new HTTPS connection (1): share2.dexcom.com:443
+2025-10-29 16:26:45,968 [64.54685544967651] urllib3.connectionpool DEBUG: https://share2.dexcom.com:443 "POST /ShareWebServices/Services/Publisher/ReadPublisherLatestGlucoseValues?sessionId=6f9ffcb0-70a8-4cd6-b632-ea6955d350cb&minutes=1440&maxCount=1 HTTP/1.1" 200 None
+2025-10-29 16:26:46,279 [64.85799169540405] notifier INFO: Requesting url https://share2.dexcom.com/ShareWebServices/Services
+2025-10-29 16:26:46,279 [64.85799169540405] pydexcom DEBUG: Retrieve glucose readings from the glucose readings endpoint
+2025-10-29 16:26:46,376 [64.95523715019226] urllib3.connectionpool DEBUG: https://share2.dexcom.com:443 "POST /ShareWebServices/Services/Publisher/ReadPublisherLatestGlucoseValues?sessionId=6f9ffcb0-70a8-4cd6-b632-ea6955d350cb&minutes=1440&maxCount=1 HTTP/1.1" 200 None
+2025-10-29 16:26:46,376 [64.95523715019226] notifier INFO: Requesting url https://share2.dexcom.com/ShareWebServices/Services
+2025-10-29 16:26:46,376 [64.95523715019226] pydexcom DEBUG: Retrieve glucose readings from the glucose readings endpoint
+2025-10-29 16:26:46,438 [65.01642203330994] status INFO: Requesting url: https://share2.dexcom.com/ShareWebServices/Services/General/AuthenticatePublisherAccount
+2025-10-29 16:26:46,438 [65.01642203330994] urllib3.connectionpool DEBUG: Starting new HTTPS connection (1): share2.dexcom.com:443
+2025-10-29 16:26:46,514 [65.09294199943542] urllib3.connectionpool DEBUG: https://share2.dexcom.com:443 "POST /ShareWebServices/Services/Publisher/ReadPublisherLatestGlucoseValues?sessionId=6f9ffcb0-70a8-4cd6-b632-ea6955d350cb&minutes=1440&maxCount=1 HTTP/1.1" 200 None
+2025-10-29 16:26:46,527 [65.10540771484375] urllib3.connectionpool DEBUG: https://share2.dexcom.com:443 "POST /ShareWebServices/Services/General/AuthenticatePublisherAccount HTTP/1.1" 200 38
+2025-10-29 16:26:46,527 [65.10540771484375] pydexcom DEBUG: Retrieve session ID from the login endpoint
+2025-10-29 16:26:46,582 [65.16114711761475] urllib3.connectionpool DEBUG: https://share2.dexcom.com:443 "GET /ShareWebServices/Services/General/AuthenticatePublisherAccount HTTP/1.1" 405 176
+2025-10-29 16:26:46,938 [65.51686477661133] urllib3.connectionpool DEBUG: https://share2.dexcom.com:443 "POST /ShareWebServices/Services/General/LoginPublisherAccountById HTTP/1.1" 200 38
+2025-10-29 16:26:46,955 [65.53366184234619] pydexcom DEBUG: Retrieve glucose readings from the glucose readings endpoint
+2025-10-29 16:26:47,069 [65.64764761924744] urllib3.connectionpool DEBUG: https://share2.dexcom.com:443 "POST /ShareWebServices/Services/Publisher/ReadPublisherLatestGlucoseValues?sessionId=6f9ffcb0-70a8-4cd6-b632-ea6955d350cb&minutes=1440&maxCount=1 HTTP/1.1" 200 None
+2025-10-29 16:26:47,516 [66.09439826011658] notifier INFO: Requesting url https://share2.dexcom.com/ShareWebServices/Services
+2025-10-29 16:26:47,516 [66.09439826011658] pydexcom DEBUG: Retrieve glucose readings from the glucose readings endpoint
+2025-10-29 16:26:47,584 [66.16244339942932] status INFO: Requesting url: https://share2.dexcom.com/ShareWebServices/Services/General/AuthenticatePublisherAccount
+2025-10-29 16:26:47,584 [66.16244339942932] urllib3.connectionpool DEBUG: Starting new HTTPS connection (1): share2.dexcom.com:443
+2025-10-29 16:26:47,627 [66.20558309555054] urllib3.connectionpool DEBUG: https://share2.dexcom.com:443 "POST /ShareWebServices/Services/Publisher/ReadPublisherLatestGlucoseValues?sessionId=6f9ffcb0-70a8-4cd6-b632-ea6955d350cb&minutes=1440&maxCount=1 HTTP/1.1" 200 None
+2025-10-29 16:26:47,627 [66.20558309555054] notifier INFO: Requesting url https://share2.dexcom.com/ShareWebServices/Services
+2025-10-29 16:26:47,627 [66.20558309555054] pydexcom DEBUG: Retrieve glucose readings from the glucose readings endpoint
+2025-10-29 16:26:47,717 [66.29620504379272] urllib3.connectionpool DEBUG: https://share2.dexcom.com:443 "POST /ShareWebServices/Services/Publisher/ReadPublisherLatestGlucoseValues?sessionId=6f9ffcb0-70a8-4cd6-b632-ea6955d350cb&minutes=1440&maxCount=1 HTTP/1.1" 200 None
+2025-10-29 16:26:48,108 [66.68658542633057] urllib3.connectionpool DEBUG: https://share2.dexcom.com:443 "GET /ShareWebServices/Services/General/AuthenticatePublisherAccount HTTP/1.1" 405 176
+2025-10-29 16:26:48,722 [67.30035424232483] notifier INFO: Requesting url https://share2.dexcom.com/ShareWebServices/Services
+2025-10-29 16:26:48,722 [67.30035424232483] pydexcom DEBUG: Retrieve glucose readings from the glucose readings endpoint
+2025-10-29 16:26:48,826 [67.40501141548157] urllib3.connectionpool DEBUG: https://share2.dexcom.com:443 "POST /ShareWebServices/Services/Publisher/ReadPublisherLatestGlucoseValues?sessionId=6f9ffcb0-70a8-4cd6-b632-ea6955d350cb&minutes=1440&maxCount=1 HTTP/1.1" 200 None
+2025-10-29 16:26:48,826 [67.40501141548157] notifier INFO: Requesting url https://share2.dexcom.com/ShareWebServices/Services
+2025-10-29 16:26:48,826 [67.40501141548157] pydexcom DEBUG: Retrieve glucose readings from the glucose readings endpoint
+2025-10-29 16:26:49,032 [67.61126017570496] urllib3.connectionpool DEBUG: https://share2.dexcom.com:443 "POST /ShareWebServices/Services/Publisher/ReadPublisherLatestGlucoseValues?sessionId=6f9ffcb0-70a8-4cd6-b632-ea6955d350cb&minutes=1440&maxCount=1 HTTP/1.1" 200 None
+2025-10-29 16:26:49,113 [67.69201231002808] status INFO: Requesting url: https://share2.dexcom.com/ShareWebServices/Services/General/AuthenticatePublisherAccount
+2025-10-29 16:26:49,113 [67.69201231002808] urllib3.connectionpool DEBUG: Starting new HTTPS connection (1): share2.dexcom.com:443
+2025-10-29 16:26:49,273 [67.85202145576477] urllib3.connectionpool DEBUG: https://share2.dexcom.com:443 "GET /ShareWebServices/Services/General/AuthenticatePublisherAccount HTTP/1.1" 405 176
+2025-10-29 16:26:50,035 [68.61402654647827] notifier INFO: Requesting url https://share2.dexcom.com/ShareWebServices/Services
+2025-10-29 16:26:50,035 [68.61402654647827] pydexcom DEBUG: Retrieve glucose readings from the glucose readings endpoint
+2025-10-29 16:26:50,122 [68.70094704627991] urllib3.connectionpool DEBUG: https://share2.dexcom.com:443 "POST /ShareWebServices/Services/Publisher/ReadPublisherLatestGlucoseValues?sessionId=6f9ffcb0-70a8-4cd6-b632-ea6955d350cb&minutes=1440&maxCount=1 HTTP/1.1" 200 None
+2025-10-29 16:26:50,122 [68.70094704627991] notifier INFO: Requesting url https://share2.dexcom.com/ShareWebServices/Services
+2025-10-29 16:26:50,122 [68.70094704627991] pydexcom DEBUG: Retrieve glucose readings from the glucose readings endpoint
+2025-10-29 16:26:50,250 [68.82886719703674] urllib3.connectionpool DEBUG: https://share2.dexcom.com:443 "POST /ShareWebServices/Services/Publisher/ReadPublisherLatestGlucoseValues?sessionId=6f9ffcb0-70a8-4cd6-b632-ea6955d350cb&minutes=1440&maxCount=1 HTTP/1.1" 200 None
+2025-10-29 16:26:50,275 [68.85370802879333] status INFO: Requesting url: https://share2.dexcom.com/ShareWebServices/Services/General/AuthenticatePublisherAccount
+2025-10-29 16:26:50,275 [68.85411715507507] urllib3.connectionpool DEBUG: Starting new HTTPS connection (1): share2.dexcom.com:443
+2025-10-29 16:26:50,519 [69.09783387184143] urllib3.connectionpool DEBUG: https://share2.dexcom.com:443 "GET /ShareWebServices/Services/General/AuthenticatePublisherAccount HTTP/1.1" 405 176
+2025-10-29 16:26:50,992 [69.57095170021057] pydexcom DEBUG: Retrieve glucose readings from the glucose readings endpoint
+2025-10-29 16:26:51,124 [69.70297408103943] urllib3.connectionpool DEBUG: https://share2.dexcom.com:443 "POST /ShareWebServices/Services/Publisher/ReadPublisherLatestGlucoseValues?sessionId=6f9ffcb0-70a8-4cd6-b632-ea6955d350cb&minutes=1440&maxCount=1 HTTP/1.1" 200 None
+2025-10-29 16:26:51,254 [69.83267593383789] notifier INFO: Requesting url https://share2.dexcom.com/ShareWebServices/Services
+2025-10-29 16:26:51,254 [69.8337230682373] pydexcom DEBUG: Retrieve glucose readings from the glucose readings endpoint
+2025-10-29 16:26:51,354 [69.93305373191833] urllib3.connectionpool DEBUG: https://share2.dexcom.com:443 "POST /ShareWebServices/Services/Publisher/ReadPublisherLatestGlucoseValues?sessionId=6f9ffcb0-70a8-4cd6-b632-ea6955d350cb&minutes=1440&maxCount=1 HTTP/1.1" 200 None
+2025-10-29 16:26:51,365 [69.94408392906189] notifier INFO: Requesting url https://share2.dexcom.com/ShareWebServices/Services
+2025-10-29 16:26:51,365 [69.94408392906189] pydexcom DEBUG: Retrieve glucose readings from the glucose readings endpoint
+2025-10-29 16:26:51,473 [70.0521137714386] urllib3.connectionpool DEBUG: https://share2.dexcom.com:443 "POST /ShareWebServices/Services/Publisher/ReadPublisherLatestGlucoseValues?sessionId=6f9ffcb0-70a8-4cd6-b632-ea6955d350cb&minutes=1440&maxCount=1 HTTP/1.1" 200 None
+2025-10-29 16:26:51,522 [70.10130834579468] status INFO: Requesting url: https://share2.dexcom.com/ShareWebServices/Services/General/AuthenticatePublisherAccount
+2025-10-29 16:26:51,522 [70.10130834579468] urllib3.connectionpool DEBUG: Starting new HTTPS connection (1): share2.dexcom.com:443
+2025-10-29 16:26:51,741 [70.31995558738708] urllib3.connectionpool DEBUG: https://share2.dexcom.com:443 "GET /ShareWebServices/Services/General/AuthenticatePublisherAccount HTTP/1.1" 405 176
+2025-10-29 16:26:52,081 [70.65967178344727] notifier INFO: Requesting url General/AuthenticatePublisherAccount
+2025-10-29 16:26:52,081 [70.65967178344727] pydexcom DEBUG: Retrieve account ID from the authentication endpoint
+2025-10-29 16:26:52,081 [70.65967178344727] urllib3.connectionpool DEBUG: Starting new HTTPS connection (1): share2.dexcom.com:443
+2025-10-29 16:26:52,483 [71.0623300075531] notifier INFO: Requesting url https://share2.dexcom.com/ShareWebServices/Services
+2025-10-29 16:26:52,483 [71.0623300075531] pydexcom DEBUG: Retrieve glucose readings from the glucose readings endpoint
+2025-10-29 16:26:52,490 [71.06837964057922] urllib3.connectionpool DEBUG: https://share2.dexcom.com:443 "POST /ShareWebServices/Services/General/AuthenticatePublisherAccount HTTP/1.1" 200 38
+2025-10-29 16:26:52,490 [71.06837964057922] pydexcom DEBUG: Retrieve session ID from the login endpoint
+2025-10-29 16:26:52,582 [71.16065764427185] urllib3.connectionpool DEBUG: https://share2.dexcom.com:443 "POST /ShareWebServices/Services/Publisher/ReadPublisherLatestGlucoseValues?sessionId=6f9ffcb0-70a8-4cd6-b632-ea6955d350cb&minutes=1440&maxCount=1 HTTP/1.1" 200 None
+2025-10-29 16:26:52,582 [71.16065764427185] notifier INFO: Requesting url https://share2.dexcom.com/ShareWebServices/Services
+2025-10-29 16:26:52,583 [71.16227626800537] pydexcom DEBUG: Retrieve glucose readings from the glucose readings endpoint
+2025-10-29 16:26:52,680 [71.25879907608032] urllib3.connectionpool DEBUG: https://share2.dexcom.com:443 "POST /ShareWebServices/Services/Publisher/ReadPublisherLatestGlucoseValues?sessionId=6f9ffcb0-70a8-4cd6-b632-ea6955d350cb&minutes=1440&maxCount=1 HTTP/1.1" 200 None
+2025-10-29 16:26:52,742 [71.32102131843567] status INFO: Requesting url: https://share2.dexcom.com/ShareWebServices/Services/General/AuthenticatePublisherAccount
+2025-10-29 16:26:52,746 [71.3245530128479] urllib3.connectionpool DEBUG: Starting new HTTPS connection (1): share2.dexcom.com:443
+2025-10-29 16:26:52,906 [71.48510575294495] urllib3.connectionpool DEBUG: https://share2.dexcom.com:443 "POST /ShareWebServices/Services/General/LoginPublisherAccountById HTTP/1.1" 200 38
+2025-10-29 16:26:52,926 [71.50773096084595] pydexcom DEBUG: Retrieve glucose readings from the glucose readings endpoint
+2025-10-29 16:26:53,018 [71.59696197509766] urllib3.connectionpool DEBUG: https://share2.dexcom.com:443 "GET /ShareWebServices/Services/General/AuthenticatePublisherAccount HTTP/1.1" 405 176
+2025-10-29 16:26:53,018 [71.59696197509766] urllib3.connectionpool DEBUG: https://share2.dexcom.com:443 "POST /ShareWebServices/Services/Publisher/ReadPublisherLatestGlucoseValues?sessionId=6f9ffcb0-70a8-4cd6-b632-ea6955d350cb&minutes=1440&maxCount=1 HTTP/1.1" 200 None
+2025-10-29 16:26:53,682 [72.26075744628906] notifier INFO: Requesting url https://share2.dexcom.com/ShareWebServices/Services
+2025-10-29 16:26:53,682 [72.26075744628906] pydexcom DEBUG: Retrieve glucose readings from the glucose readings endpoint
+2025-10-29 16:26:53,784 [72.36307311058044] urllib3.connectionpool DEBUG: https://share2.dexcom.com:443 "POST /ShareWebServices/Services/Publisher/ReadPublisherLatestGlucoseValues?sessionId=6f9ffcb0-70a8-4cd6-b632-ea6955d350cb&minutes=1440&maxCount=1 HTTP/1.1" 200 None
+2025-10-29 16:26:53,784 [72.36307311058044] notifier INFO: Requesting url https://share2.dexcom.com/ShareWebServices/Services
+2025-10-29 16:26:53,784 [72.36307311058044] pydexcom DEBUG: Retrieve glucose readings from the glucose readings endpoint
+2025-10-29 16:26:53,889 [72.46758699417114] urllib3.connectionpool DEBUG: https://share2.dexcom.com:443 "POST /ShareWebServices/Services/Publisher/ReadPublisherLatestGlucoseValues?sessionId=6f9ffcb0-70a8-4cd6-b632-ea6955d350cb&minutes=1440&maxCount=1 HTTP/1.1" 200 None
+2025-10-29 16:26:54,033 [72.61147665977478] status INFO: Requesting url: https://share2.dexcom.com/ShareWebServices/Services/General/AuthenticatePublisherAccount
+2025-10-29 16:26:54,035 [72.61349630355835] urllib3.connectionpool DEBUG: Starting new HTTPS connection (1): share2.dexcom.com:443
+2025-10-29 16:26:54,261 [72.83952975273132] urllib3.connectionpool DEBUG: https://share2.dexcom.com:443 "GET /ShareWebServices/Services/General/AuthenticatePublisherAccount HTTP/1.1" 405 176
+2025-10-29 16:26:54,892 [73.4708948135376] notifier INFO: Requesting url https://share2.dexcom.com/ShareWebServices/Services
+2025-10-29 16:26:54,892 [73.4708948135376] pydexcom DEBUG: Retrieve glucose readings from the glucose readings endpoint
+2025-10-29 16:26:54,990 [73.56894397735596] urllib3.connectionpool DEBUG: https://share2.dexcom.com:443 "POST /ShareWebServices/Services/Publisher/ReadPublisherLatestGlucoseValues?sessionId=6f9ffcb0-70a8-4cd6-b632-ea6955d350cb&minutes=1440&maxCount=1 HTTP/1.1" 200 None
+2025-10-29 16:26:54,990 [73.56894397735596] notifier INFO: Requesting url https://share2.dexcom.com/ShareWebServices/Services
+2025-10-29 16:26:54,990 [73.56894397735596] pydexcom DEBUG: Retrieve glucose readings from the glucose readings endpoint
+2025-10-29 16:26:55,105 [73.68510389328003] urllib3.connectionpool DEBUG: https://share2.dexcom.com:443 "POST /ShareWebServices/Services/Publisher/ReadPublisherLatestGlucoseValues?sessionId=6f9ffcb0-70a8-4cd6-b632-ea6955d350cb&minutes=1440&maxCount=1 HTTP/1.1" 200 None
+2025-10-29 16:26:55,264 [73.84284996986389] status INFO: Requesting url: https://share2.dexcom.com/ShareWebServices/Services/General/AuthenticatePublisherAccount
+2025-10-29 16:26:55,266 [73.84487724304199] urllib3.connectionpool DEBUG: Starting new HTTPS connection (1): share2.dexcom.com:443
+2025-10-29 16:26:55,475 [74.05344581604004] urllib3.connectionpool DEBUG: https://share2.dexcom.com:443 "GET /ShareWebServices/Services/General/AuthenticatePublisherAccount HTTP/1.1" 405 176
+2025-10-29 16:26:56,113 [74.69160747528076] notifier INFO: Requesting url https://share2.dexcom.com/ShareWebServices/Services
+2025-10-29 16:26:56,113 [74.69160747528076] pydexcom DEBUG: Retrieve glucose readings from the glucose readings endpoint
+2025-10-29 16:26:56,157 [74.73565697669983] pydexcom DEBUG: Retrieve glucose readings from the glucose readings endpoint
+2025-10-29 16:26:56,232 [74.81043982505798] urllib3.connectionpool DEBUG: https://share2.dexcom.com:443 "POST /ShareWebServices/Services/Publisher/ReadPublisherLatestGlucoseValues?sessionId=6f9ffcb0-70a8-4cd6-b632-ea6955d350cb&minutes=1440&maxCount=1 HTTP/1.1" 200 None
+2025-10-29 16:26:56,232 [74.81043982505798] notifier INFO: Requesting url https://share2.dexcom.com/ShareWebServices/Services
+2025-10-29 16:26:56,234 [74.81250357627869] pydexcom DEBUG: Retrieve glucose readings from the glucose readings endpoint
+2025-10-29 16:26:56,325 [74.9040892124176] urllib3.connectionpool DEBUG: https://share2.dexcom.com:443 "POST /ShareWebServices/Services/Publisher/ReadPublisherLatestGlucoseValues?sessionId=6f9ffcb0-70a8-4cd6-b632-ea6955d350cb&minutes=1440&maxCount=1 HTTP/1.1" 200 None
+2025-10-29 16:26:56,357 [74.9356255531311] urllib3.connectionpool DEBUG: https://share2.dexcom.com:443 "POST /ShareWebServices/Services/Publisher/ReadPublisherLatestGlucoseValues?sessionId=6f9ffcb0-70a8-4cd6-b632-ea6955d350cb&minutes=1440&maxCount=1 HTTP/1.1" 200 None
+2025-10-29 16:26:56,490 [75.06918525695801] status INFO: Requesting url: https://share2.dexcom.com/ShareWebServices/Services/General/AuthenticatePublisherAccount
+2025-10-29 16:26:56,492 [75.07120323181152] urllib3.connectionpool DEBUG: Starting new HTTPS connection (1): share2.dexcom.com:443
+2025-10-29 16:26:56,639 [75.21738314628601] urllib3.connectionpool DEBUG: https://share2.dexcom.com:443 "GET /ShareWebServices/Services/General/AuthenticatePublisherAccount HTTP/1.1" 405 176
+2025-10-29 16:26:57,333 [75.91226172447205] notifier INFO: Requesting url https://share2.dexcom.com/ShareWebServices/Services
+2025-10-29 16:26:57,333 [75.91226172447205] pydexcom DEBUG: Retrieve glucose readings from the glucose readings endpoint
+2025-10-29 16:26:57,528 [76.10706305503845] urllib3.connectionpool DEBUG: https://share2.dexcom.com:443 "POST /ShareWebServices/Services/Publisher/ReadPublisherLatestGlucoseValues?sessionId=6f9ffcb0-70a8-4cd6-b632-ea6955d350cb&minutes=1440&maxCount=1 HTTP/1.1" 200 None
+2025-10-29 16:26:57,528 [76.10706305503845] notifier INFO: Requesting url https://share2.dexcom.com/ShareWebServices/Services
+2025-10-29 16:26:57,535 [76.11367082595825] pydexcom DEBUG: Retrieve glucose readings from the glucose readings endpoint
+2025-10-29 16:26:57,641 [76.21981954574585] status INFO: Requesting url: https://share2.dexcom.com/ShareWebServices/Services/General/AuthenticatePublisherAccount
+2025-10-29 16:26:57,643 [76.2218370437622] urllib3.connectionpool DEBUG: Starting new HTTPS connection (1): share2.dexcom.com:443
+2025-10-29 16:26:57,643 [76.2218370437622] urllib3.connectionpool DEBUG: https://share2.dexcom.com:443 "POST /ShareWebServices/Services/Publisher/ReadPublisherLatestGlucoseValues?sessionId=6f9ffcb0-70a8-4cd6-b632-ea6955d350cb&minutes=1440&maxCount=1 HTTP/1.1" 200 None
+2025-10-29 16:26:57,841 [76.41993045806885] urllib3.connectionpool DEBUG: https://share2.dexcom.com:443 "GET /ShareWebServices/Services/General/AuthenticatePublisherAccount HTTP/1.1" 405 176
+2025-10-29 16:26:58,044 [76.62234568595886] notifier INFO: Requesting url General/AuthenticatePublisherAccount
+2025-10-29 16:26:58,044 [76.62234568595886] pydexcom DEBUG: Retrieve account ID from the authentication endpoint
+2025-10-29 16:26:58,046 [76.62436318397522] urllib3.connectionpool DEBUG: Starting new HTTPS connection (1): share2.dexcom.com:443
+2025-10-29 16:26:58,558 [77.13660001754761] urllib3.connectionpool DEBUG: https://share2.dexcom.com:443 "POST /ShareWebServices/Services/General/AuthenticatePublisherAccount HTTP/1.1" 200 38
+2025-10-29 16:26:58,559 [77.13785195350647] pydexcom DEBUG: Retrieve session ID from the login endpoint
+2025-10-29 16:26:58,648 [77.22655415534973] notifier INFO: Requesting url https://share2.dexcom.com/ShareWebServices/Services
+2025-10-29 16:26:58,648 [77.22655415534973] pydexcom DEBUG: Retrieve glucose readings from the glucose readings endpoint
+2025-10-29 16:26:58,843 [77.42200064659119] status INFO: Requesting url: https://share2.dexcom.com/ShareWebServices/Services/General/AuthenticatePublisherAccount
+2025-10-29 16:26:58,845 [77.42401552200317] urllib3.connectionpool DEBUG: Starting new HTTPS connection (1): share2.dexcom.com:443
+2025-10-29 16:26:58,859 [77.43749928474426] urllib3.connectionpool DEBUG: https://share2.dexcom.com:443 "POST /ShareWebServices/Services/Publisher/ReadPublisherLatestGlucoseValues?sessionId=6f9ffcb0-70a8-4cd6-b632-ea6955d350cb&minutes=1440&maxCount=1 HTTP/1.1" 200 None
+2025-10-29 16:26:58,859 [77.43918561935425] notifier INFO: Requesting url https://share2.dexcom.com/ShareWebServices/Services
+2025-10-29 16:26:58,861 [77.43955063819885] pydexcom DEBUG: Retrieve glucose readings from the glucose readings endpoint
+2025-10-29 16:26:59,006 [77.58506321907043] urllib3.connectionpool DEBUG: https://share2.dexcom.com:443 "POST /ShareWebServices/Services/Publisher/ReadPublisherLatestGlucoseValues?sessionId=6f9ffcb0-70a8-4cd6-b632-ea6955d350cb&minutes=1440&maxCount=1 HTTP/1.1" 200 None
+2025-10-29 16:26:59,012 [77.5907781124115] urllib3.connectionpool DEBUG: https://share2.dexcom.com:443 "GET /ShareWebServices/Services/General/AuthenticatePublisherAccount HTTP/1.1" 405 176
+2025-10-29 16:26:59,092 [77.67070984840393] urllib3.connectionpool DEBUG: https://share2.dexcom.com:443 "POST /ShareWebServices/Services/General/LoginPublisherAccountById HTTP/1.1" 200 38
+2025-10-29 16:26:59,107 [77.68593788146973] pydexcom DEBUG: Retrieve glucose readings from the glucose readings endpoint
+2025-10-29 16:26:59,301 [77.87978315353394] urllib3.connectionpool DEBUG: https://share2.dexcom.com:443 "POST /ShareWebServices/Services/Publisher/ReadPublisherLatestGlucoseValues?sessionId=6f9ffcb0-70a8-4cd6-b632-ea6955d350cb&minutes=1440&maxCount=1 HTTP/1.1" 200 None
+2025-10-29 16:27:00,010 [78.58929014205933] notifier INFO: Requesting url https://share2.dexcom.com/ShareWebServices/Services
+2025-10-29 16:27:00,010 [78.58929014205933] pydexcom DEBUG: Retrieve glucose readings from the glucose readings endpoint
+2025-10-29 16:27:00,024 [78.6024284362793] status INFO: Requesting url: https://share2.dexcom.com/ShareWebServices/Services/General/AuthenticatePublisherAccount
+2025-10-29 16:27:00,026 [78.60444569587708] urllib3.connectionpool DEBUG: Starting new HTTPS connection (1): share2.dexcom.com:443
+2025-10-29 16:27:00,133 [78.71210503578186] urllib3.connectionpool DEBUG: https://share2.dexcom.com:443 "POST /ShareWebServices/Services/Publisher/ReadPublisherLatestGlucoseValues?sessionId=6f9ffcb0-70a8-4cd6-b632-ea6955d350cb&minutes=1440&maxCount=1 HTTP/1.1" 200 None
+2025-10-29 16:27:00,133 [78.71210503578186] notifier INFO: Requesting url https://share2.dexcom.com/ShareWebServices/Services
+2025-10-29 16:27:00,133 [78.71210503578186] pydexcom DEBUG: Retrieve glucose readings from the glucose readings endpoint
+2025-10-29 16:27:00,158 [78.73673105239868] urllib3.connectionpool DEBUG: https://share2.dexcom.com:443 "GET /ShareWebServices/Services/General/AuthenticatePublisherAccount HTTP/1.1" 405 176
+2025-10-29 16:27:00,259 [78.83827495574951] urllib3.connectionpool DEBUG: https://share2.dexcom.com:443 "POST /ShareWebServices/Services/Publisher/ReadPublisherLatestGlucoseValues?sessionId=6f9ffcb0-70a8-4cd6-b632-ea6955d350cb&minutes=1440&maxCount=1 HTTP/1.1" 200 None
+2025-10-29 16:27:01,162 [79.74101090431213] status INFO: Requesting url: https://share2.dexcom.com/ShareWebServices/Services/General/AuthenticatePublisherAccount
+2025-10-29 16:27:01,164 [79.74304986000061] urllib3.connectionpool DEBUG: Starting new HTTPS connection (1): share2.dexcom.com:443
+2025-10-29 16:27:01,273 [79.85174059867859] notifier INFO: Requesting url https://share2.dexcom.com/ShareWebServices/Services
+2025-10-29 16:27:01,273 [79.85174059867859] pydexcom DEBUG: Retrieve glucose readings from the glucose readings endpoint
+2025-10-29 16:27:01,384 [79.96240639686584] urllib3.connectionpool DEBUG: https://share2.dexcom.com:443 "POST /ShareWebServices/Services/Publisher/ReadPublisherLatestGlucoseValues?sessionId=6f9ffcb0-70a8-4cd6-b632-ea6955d350cb&minutes=1440&maxCount=1 HTTP/1.1" 200 None
+2025-10-29 16:27:01,384 [79.96240639686584] notifier INFO: Requesting url https://share2.dexcom.com/ShareWebServices/Services
+2025-10-29 16:27:01,384 [79.96240639686584] pydexcom DEBUG: Retrieve glucose readings from the glucose readings endpoint
+2025-10-29 16:27:01,384 [79.96240639686584] urllib3.connectionpool DEBUG: https://share2.dexcom.com:443 "GET /ShareWebServices/Services/General/AuthenticatePublisherAccount HTTP/1.1" 405 176
+2025-10-29 16:27:01,390 [79.96848249435425] pydexcom DEBUG: Retrieve glucose readings from the glucose readings endpoint
+2025-10-29 16:27:01,477 [80.05580258369446] urllib3.connectionpool DEBUG: https://share2.dexcom.com:443 "POST /ShareWebServices/Services/Publisher/ReadPublisherLatestGlucoseValues?sessionId=6f9ffcb0-70a8-4cd6-b632-ea6955d350cb&minutes=1440&maxCount=1 HTTP/1.1" 200 None
+2025-10-29 16:27:01,507 [80.0855119228363] urllib3.connectionpool DEBUG: https://share2.dexcom.com:443 "POST /ShareWebServices/Services/Publisher/ReadPublisherLatestGlucoseValues?sessionId=6f9ffcb0-70a8-4cd6-b632-ea6955d350cb&minutes=1440&maxCount=1 HTTP/1.1" 200 None
+2025-10-29 16:27:02,392 [80.97035956382751] status INFO: Requesting url: https://share2.dexcom.com/ShareWebServices/Services/General/AuthenticatePublisherAccount
+2025-10-29 16:27:02,394 [80.97237086296082] urllib3.connectionpool DEBUG: Starting new HTTPS connection (1): share2.dexcom.com:443
+2025-10-29 16:27:02,509 [81.08757138252258] notifier INFO: Requesting url https://share2.dexcom.com/ShareWebServices/Services
+2025-10-29 16:27:02,509 [81.08757138252258] pydexcom DEBUG: Retrieve glucose readings from the glucose readings endpoint
+2025-10-29 16:27:02,540 [81.11872172355652] urllib3.connectionpool DEBUG: https://share2.dexcom.com:443 "GET /ShareWebServices/Services/General/AuthenticatePublisherAccount HTTP/1.1" 405 176
+2025-10-29 16:27:02,658 [81.23677396774292] urllib3.connectionpool DEBUG: https://share2.dexcom.com:443 "POST /ShareWebServices/Services/Publisher/ReadPublisherLatestGlucoseValues?sessionId=6f9ffcb0-70a8-4cd6-b632-ea6955d350cb&minutes=1440&maxCount=1 HTTP/1.1" 200 None
+2025-10-29 16:27:02,659 [81.23787379264832] notifier INFO: Requesting url https://share2.dexcom.com/ShareWebServices/Services
+2025-10-29 16:27:02,659 [81.23787379264832] pydexcom DEBUG: Retrieve glucose readings from the glucose readings endpoint
+2025-10-29 16:27:02,857 [81.43733978271484] urllib3.connectionpool DEBUG: https://share2.dexcom.com:443 "POST /ShareWebServices/Services/Publisher/ReadPublisherLatestGlucoseValues?sessionId=6f9ffcb0-70a8-4cd6-b632-ea6955d350cb&minutes=1440&maxCount=1 HTTP/1.1" 200 None
+2025-10-29 16:27:03,544 [82.12315011024475] status INFO: Requesting url: https://share2.dexcom.com/ShareWebServices/Services/General/AuthenticatePublisherAccount
+2025-10-29 16:27:03,546 [82.12517619132996] urllib3.connectionpool DEBUG: Starting new HTTPS connection (1): share2.dexcom.com:443
+2025-10-29 16:27:03,688 [82.26713109016418] urllib3.connectionpool DEBUG: https://share2.dexcom.com:443 "GET /ShareWebServices/Services/General/AuthenticatePublisherAccount HTTP/1.1" 405 176
+2025-10-29 16:27:03,860 [82.43873167037964] notifier INFO: Requesting url https://share2.dexcom.com/ShareWebServices/Services
+2025-10-29 16:27:03,860 [82.43873167037964] pydexcom DEBUG: Retrieve glucose readings from the glucose readings endpoint
+2025-10-29 16:27:03,973 [82.5513563156128] urllib3.connectionpool DEBUG: https://share2.dexcom.com:443 "POST /ShareWebServices/Services/Publisher/ReadPublisherLatestGlucoseValues?sessionId=6f9ffcb0-70a8-4cd6-b632-ea6955d350cb&minutes=1440&maxCount=1 HTTP/1.1" 200 None
+2025-10-29 16:27:03,984 [82.56298089027405] notifier INFO: Requesting url https://share2.dexcom.com/ShareWebServices/Services
+2025-10-29 16:27:03,984 [82.56298089027405] pydexcom DEBUG: Retrieve glucose readings from the glucose readings endpoint
+2025-10-29 16:27:04,090 [82.66877770423889] urllib3.connectionpool DEBUG: https://share2.dexcom.com:443 "POST /ShareWebServices/Services/Publisher/ReadPublisherLatestGlucoseValues?sessionId=6f9ffcb0-70a8-4cd6-b632-ea6955d350cb&minutes=1440&maxCount=1 HTTP/1.1" 200 None
+2025-10-29 16:27:04,314 [82.89237713813782] notifier INFO: Requesting url General/AuthenticatePublisherAccount
+2025-10-29 16:27:04,314 [82.89237713813782] pydexcom DEBUG: Retrieve account ID from the authentication endpoint
+2025-10-29 16:27:04,314 [82.89237713813782] urllib3.connectionpool DEBUG: Starting new HTTPS connection (1): share2.dexcom.com:443
+2025-10-29 16:27:04,696 [83.27442836761475] status INFO: Requesting url: https://share2.dexcom.com/ShareWebServices/Services/General/AuthenticatePublisherAccount
+2025-10-29 16:27:04,698 [83.27645468711853] urllib3.connectionpool DEBUG: Starting new HTTPS connection (1): share2.dexcom.com:443
+2025-10-29 16:27:04,707 [83.2862446308136] urllib3.connectionpool DEBUG: https://share2.dexcom.com:443 "POST /ShareWebServices/Services/General/AuthenticatePublisherAccount HTTP/1.1" 200 38
+2025-10-29 16:27:04,707 [83.2862446308136] pydexcom DEBUG: Retrieve session ID from the login endpoint
+2025-10-29 16:27:05,008 [83.58711552619934] urllib3.connectionpool DEBUG: https://share2.dexcom.com:443 "GET /ShareWebServices/Services/General/AuthenticatePublisherAccount HTTP/1.1" 405 176
+2025-10-29 16:27:05,095 [83.673495054245] notifier INFO: Requesting url https://share2.dexcom.com/ShareWebServices/Services
+2025-10-29 16:27:05,095 [83.673495054245] pydexcom DEBUG: Retrieve glucose readings from the glucose readings endpoint
+2025-10-29 16:27:05,123 [83.70225191116333] urllib3.connectionpool DEBUG: https://share2.dexcom.com:443 "POST /ShareWebServices/Services/General/LoginPublisherAccountById HTTP/1.1" 200 38
+2025-10-29 16:27:05,133 [83.7117989063263] pydexcom DEBUG: Retrieve glucose readings from the glucose readings endpoint
+2025-10-29 16:27:05,207 [83.7861738204956] urllib3.connectionpool DEBUG: https://share2.dexcom.com:443 "POST /ShareWebServices/Services/Publisher/ReadPublisherLatestGlucoseValues?sessionId=6f9ffcb0-70a8-4cd6-b632-ea6955d350cb&minutes=1440&maxCount=1 HTTP/1.1" 200 None
+2025-10-29 16:27:05,207 [83.7861738204956] notifier INFO: Requesting url https://share2.dexcom.com/ShareWebServices/Services
+2025-10-29 16:27:05,207 [83.7861738204956] pydexcom DEBUG: Retrieve glucose readings from the glucose readings endpoint
+2025-10-29 16:27:05,276 [83.85439610481262] urllib3.connectionpool DEBUG: https://share2.dexcom.com:443 "POST /ShareWebServices/Services/Publisher/ReadPublisherLatestGlucoseValues?sessionId=6f9ffcb0-70a8-4cd6-b632-ea6955d350cb&minutes=1440&maxCount=1 HTTP/1.1" 200 None
+2025-10-29 16:27:05,308 [83.88666152954102] urllib3.connectionpool DEBUG: https://share2.dexcom.com:443 "POST /ShareWebServices/Services/Publisher/ReadPublisherLatestGlucoseValues?sessionId=6f9ffcb0-70a8-4cd6-b632-ea6955d350cb&minutes=1440&maxCount=1 HTTP/1.1" 200 None
+2025-10-29 16:27:06,011 [84.59016418457031] status INFO: Requesting url: https://share2.dexcom.com/ShareWebServices/Services/General/AuthenticatePublisherAccount
+2025-10-29 16:27:06,024 [84.60305738449097] urllib3.connectionpool DEBUG: Starting new HTTPS connection (1): share2.dexcom.com:443
+2025-10-29 16:27:06,171 [84.75017547607422] urllib3.connectionpool DEBUG: https://share2.dexcom.com:443 "GET /ShareWebServices/Services/General/AuthenticatePublisherAccount HTTP/1.1" 405 176
+2025-10-29 16:27:06,318 [84.89668989181519] notifier INFO: Requesting url https://share2.dexcom.com/ShareWebServices/Services
+2025-10-29 16:27:06,318 [84.89668989181519] pydexcom DEBUG: Retrieve glucose readings from the glucose readings endpoint
+2025-10-29 16:27:06,423 [85.00152826309204] urllib3.connectionpool DEBUG: https://share2.dexcom.com:443 "POST /ShareWebServices/Services/Publisher/ReadPublisherLatestGlucoseValues?sessionId=6f9ffcb0-70a8-4cd6-b632-ea6955d350cb&minutes=1440&maxCount=1 HTTP/1.1" 200 None
+2025-10-29 16:27:06,424 [85.00258302688599] notifier INFO: Requesting url https://share2.dexcom.com/ShareWebServices/Services
+2025-10-29 16:27:06,425 [85.00424456596375] pydexcom DEBUG: Retrieve glucose readings from the glucose readings endpoint
+2025-10-29 16:27:06,507 [85.08608651161194] pydexcom DEBUG: Retrieve glucose readings from the glucose readings endpoint
+2025-10-29 16:27:06,535 [85.11357998847961] urllib3.connectionpool DEBUG: https://share2.dexcom.com:443 "POST /ShareWebServices/Services/Publisher/ReadPublisherLatestGlucoseValues?sessionId=6f9ffcb0-70a8-4cd6-b632-ea6955d350cb&minutes=1440&maxCount=1 HTTP/1.1" 200 None
+2025-10-29 16:27:06,605 [85.18349123001099] urllib3.connectionpool DEBUG: https://share2.dexcom.com:443 "POST /ShareWebServices/Services/Publisher/ReadPublisherLatestGlucoseValues?sessionId=6f9ffcb0-70a8-4cd6-b632-ea6955d350cb&minutes=1440&maxCount=1 HTTP/1.1" 200 None
+2025-10-29 16:27:07,182 [85.76052236557007] status INFO: Requesting url: https://share2.dexcom.com/ShareWebServices/Services/General/AuthenticatePublisherAccount
+2025-10-29 16:27:07,184 [85.76254749298096] urllib3.connectionpool DEBUG: Starting new HTTPS connection (1): share2.dexcom.com:443
+2025-10-29 16:27:07,390 [85.96933269500732] urllib3.connectionpool DEBUG: https://share2.dexcom.com:443 "GET /ShareWebServices/Services/General/AuthenticatePublisherAccount HTTP/1.1" 405 176
+2025-10-29 16:27:07,540 [86.11917638778687] notifier INFO: Requesting url https://share2.dexcom.com/ShareWebServices/Services
+2025-10-29 16:27:07,540 [86.11917638778687] pydexcom DEBUG: Retrieve glucose readings from the glucose readings endpoint
+2025-10-29 16:27:07,655 [86.23354005813599] urllib3.connectionpool DEBUG: https://share2.dexcom.com:443 "POST /ShareWebServices/Services/Publisher/ReadPublisherLatestGlucoseValues?sessionId=6f9ffcb0-70a8-4cd6-b632-ea6955d350cb&minutes=1440&maxCount=1 HTTP/1.1" 200 None
+2025-10-29 16:27:07,655 [86.23354005813599] notifier INFO: Requesting url https://share2.dexcom.com/ShareWebServices/Services
+2025-10-29 16:27:07,659 [86.23832511901855] pydexcom DEBUG: Retrieve glucose readings from the glucose readings endpoint
+2025-10-29 16:27:07,755 [86.33359432220459] urllib3.connectionpool DEBUG: https://share2.dexcom.com:443 "POST /ShareWebServices/Services/Publisher/ReadPublisherLatestGlucoseValues?sessionId=6f9ffcb0-70a8-4cd6-b632-ea6955d350cb&minutes=1440&maxCount=1 HTTP/1.1" 200 None
+2025-10-29 16:27:08,392 [86.971275806427] status INFO: Requesting url: https://share2.dexcom.com/ShareWebServices/Services/General/AuthenticatePublisherAccount
+2025-10-29 16:27:08,392 [86.971275806427] urllib3.connectionpool DEBUG: Starting new HTTPS connection (1): share2.dexcom.com:443
+2025-10-29 16:27:08,599 [87.17826747894287] urllib3.connectionpool DEBUG: https://share2.dexcom.com:443 "GET /ShareWebServices/Services/General/AuthenticatePublisherAccount HTTP/1.1" 405 176
+2025-10-29 16:27:08,763 [87.34177422523499] notifier INFO: Requesting url https://share2.dexcom.com/ShareWebServices/Services
+2025-10-29 16:27:08,763 [87.34177422523499] pydexcom DEBUG: Retrieve glucose readings from the glucose readings endpoint
+2025-10-29 16:27:08,870 [87.44902873039246] urllib3.connectionpool DEBUG: https://share2.dexcom.com:443 "POST /ShareWebServices/Services/Publisher/ReadPublisherLatestGlucoseValues?sessionId=6f9ffcb0-70a8-4cd6-b632-ea6955d350cb&minutes=1440&maxCount=1 HTTP/1.1" 200 None
+2025-10-29 16:27:08,870 [87.44902873039246] notifier INFO: Requesting url https://share2.dexcom.com/ShareWebServices/Services
+2025-10-29 16:27:08,870 [87.44902873039246] pydexcom DEBUG: Retrieve glucose readings from the glucose readings endpoint
+2025-10-29 16:27:08,975 [87.55420994758606] urllib3.connectionpool DEBUG: https://share2.dexcom.com:443 "POST /ShareWebServices/Services/Publisher/ReadPublisherLatestGlucoseValues?sessionId=6f9ffcb0-70a8-4cd6-b632-ea6955d350cb&minutes=1440&maxCount=1 HTTP/1.1" 200 None
+2025-10-29 16:27:09,602 [88.18063926696777] status INFO: Requesting url: https://share2.dexcom.com/ShareWebServices/Services/General/AuthenticatePublisherAccount
+2025-10-29 16:27:09,608 [88.18633723258972] urllib3.connectionpool DEBUG: Starting new HTTPS connection (1): share2.dexcom.com:443
+2025-10-29 16:27:09,839 [88.41752195358276] urllib3.connectionpool DEBUG: https://share2.dexcom.com:443 "GET /ShareWebServices/Services/General/AuthenticatePublisherAccount HTTP/1.1" 405 176
+2025-10-29 16:27:09,977 [88.55563855171204] notifier INFO: Requesting url https://share2.dexcom.com/ShareWebServices/Services
+2025-10-29 16:27:09,977 [88.55563855171204] pydexcom DEBUG: Retrieve glucose readings from the glucose readings endpoint
+2025-10-29 16:27:10,083 [88.6615571975708] urllib3.connectionpool DEBUG: https://share2.dexcom.com:443 "POST /ShareWebServices/Services/Publisher/ReadPublisherLatestGlucoseValues?sessionId=6f9ffcb0-70a8-4cd6-b632-ea6955d350cb&minutes=1440&maxCount=1 HTTP/1.1" 200 None
+2025-10-29 16:27:10,103 [88.68218874931335] notifier INFO: Requesting url https://share2.dexcom.com/ShareWebServices/Services
+2025-10-29 16:27:10,103 [88.68218874931335] pydexcom DEBUG: Retrieve glucose readings from the glucose readings endpoint
+2025-10-29 16:27:10,203 [88.78174090385437] urllib3.connectionpool DEBUG: https://share2.dexcom.com:443 "POST /ShareWebServices/Services/Publisher/ReadPublisherLatestGlucoseValues?sessionId=6f9ffcb0-70a8-4cd6-b632-ea6955d350cb&minutes=1440&maxCount=1 HTTP/1.1" 200 None
+2025-10-29 16:27:10,293 [88.87174820899963] notifier INFO: Requesting url General/AuthenticatePublisherAccount
+2025-10-29 16:27:10,293 [88.87174820899963] pydexcom DEBUG: Retrieve account ID from the authentication endpoint
+2025-10-29 16:27:10,294 [88.87587404251099] urllib3.connectionpool DEBUG: Starting new HTTPS connection (1): share2.dexcom.com:443
+2025-10-29 16:27:10,842 [89.4205334186554] status INFO: Requesting url: https://share2.dexcom.com/ShareWebServices/Services/General/AuthenticatePublisherAccount
+2025-10-29 16:27:10,842 [89.4205334186554] urllib3.connectionpool DEBUG: Starting new HTTPS connection (1): share2.dexcom.com:443
+2025-10-29 16:27:10,855 [89.43370270729065] urllib3.connectionpool DEBUG: https://share2.dexcom.com:443 "POST /ShareWebServices/Services/General/AuthenticatePublisherAccount HTTP/1.1" 200 38
+2025-10-29 16:27:10,855 [89.43370270729065] pydexcom DEBUG: Retrieve session ID from the login endpoint
+2025-10-29 16:27:10,988 [89.56646680831909] urllib3.connectionpool DEBUG: https://share2.dexcom.com:443 "GET /ShareWebServices/Services/General/AuthenticatePublisherAccount HTTP/1.1" 405 176
+2025-10-29 16:27:11,210 [89.78902840614319] notifier INFO: Requesting url https://share2.dexcom.com/ShareWebServices/Services
+2025-10-29 16:27:11,210 [89.78902840614319] pydexcom DEBUG: Retrieve glucose readings from the glucose readings endpoint
+2025-10-29 16:27:11,306 [89.88451170921326] urllib3.connectionpool DEBUG: https://share2.dexcom.com:443 "POST /ShareWebServices/Services/Publisher/ReadPublisherLatestGlucoseValues?sessionId=6f9ffcb0-70a8-4cd6-b632-ea6955d350cb&minutes=1440&maxCount=1 HTTP/1.1" 200 None
+2025-10-29 16:27:11,306 [89.88451170921326] notifier INFO: Requesting url https://share2.dexcom.com/ShareWebServices/Services
+2025-10-29 16:27:11,306 [89.88451170921326] pydexcom DEBUG: Retrieve glucose readings from the glucose readings endpoint
+2025-10-29 16:27:11,373 [89.95180892944336] urllib3.connectionpool DEBUG: https://share2.dexcom.com:443 "POST /ShareWebServices/Services/General/LoginPublisherAccountById HTTP/1.1" 200 38
+2025-10-29 16:27:11,373 [89.9618968963623] pydexcom DEBUG: Retrieve glucose readings from the glucose readings endpoint
+2025-10-29 16:27:11,415 [89.99353981018066] urllib3.connectionpool DEBUG: https://share2.dexcom.com:443 "POST /ShareWebServices/Services/Publisher/ReadPublisherLatestGlucoseValues?sessionId=6f9ffcb0-70a8-4cd6-b632-ea6955d350cb&minutes=1440&maxCount=1 HTTP/1.1" 200 None
+2025-10-29 16:27:11,488 [90.06709170341492] urllib3.connectionpool DEBUG: https://share2.dexcom.com:443 "POST /ShareWebServices/Services/Publisher/ReadPublisherLatestGlucoseValues?sessionId=6f9ffcb0-70a8-4cd6-b632-ea6955d350cb&minutes=1440&maxCount=1 HTTP/1.1" 200 None
+2025-10-29 16:27:11,622 [90.20036888122559] pydexcom DEBUG: Retrieve glucose readings from the glucose readings endpoint
+2025-10-29 16:27:11,750 [90.32843971252441] urllib3.connectionpool DEBUG: https://share2.dexcom.com:443 "POST /ShareWebServices/Services/Publisher/ReadPublisherLatestGlucoseValues?sessionId=6f9ffcb0-70a8-4cd6-b632-ea6955d350cb&minutes=1440&maxCount=1 HTTP/1.1" 200 None
+2025-10-29 16:27:11,991 [90.57022881507874] status INFO: Requesting url: https://share2.dexcom.com/ShareWebServices/Services/General/AuthenticatePublisherAccount
+2025-10-29 16:27:11,991 [90.57022881507874] urllib3.connectionpool DEBUG: Starting new HTTPS connection (1): share2.dexcom.com:443
+2025-10-29 16:27:12,422 [91.00125360488892] notifier INFO: Requesting url https://share2.dexcom.com/ShareWebServices/Services
+2025-10-29 16:27:12,424 [91.00239896774292] pydexcom DEBUG: Retrieve glucose readings from the glucose readings endpoint
+2025-10-29 16:27:12,505 [91.08366584777832] urllib3.connectionpool DEBUG: https://share2.dexcom.com:443 "GET /ShareWebServices/Services/General/AuthenticatePublisherAccount HTTP/1.1" 405 176
+2025-10-29 16:27:12,549 [91.12766790390015] urllib3.connectionpool DEBUG: https://share2.dexcom.com:443 "POST /ShareWebServices/Services/Publisher/ReadPublisherLatestGlucoseValues?sessionId=6f9ffcb0-70a8-4cd6-b632-ea6955d350cb&minutes=1440&maxCount=1 HTTP/1.1" 200 None
+2025-10-29 16:27:12,549 [91.12766790390015] notifier INFO: Requesting url https://share2.dexcom.com/ShareWebServices/Services
+2025-10-29 16:27:12,549 [91.12766790390015] pydexcom DEBUG: Retrieve glucose readings from the glucose readings endpoint
+2025-10-29 16:27:12,710 [91.28904509544373] urllib3.connectionpool DEBUG: https://share2.dexcom.com:443 "POST /ShareWebServices/Services/Publisher/ReadPublisherLatestGlucoseValues?sessionId=6f9ffcb0-70a8-4cd6-b632-ea6955d350cb&minutes=1440&maxCount=1 HTTP/1.1" 200 None
+2025-10-29 16:27:13,509 [92.08776569366455] status INFO: Requesting url: https://share2.dexcom.com/ShareWebServices/Services/General/AuthenticatePublisherAccount
+2025-10-29 16:27:13,509 [92.08776569366455] urllib3.connectionpool DEBUG: Starting new HTTPS connection (1): share2.dexcom.com:443
+2025-10-29 16:27:13,712 [92.29063296318054] notifier INFO: Requesting url https://share2.dexcom.com/ShareWebServices/Services
+2025-10-29 16:27:13,712 [92.29063296318054] pydexcom DEBUG: Retrieve glucose readings from the glucose readings endpoint
+2025-10-29 16:27:13,723 [92.30144309997559] urllib3.connectionpool DEBUG: https://share2.dexcom.com:443 "GET /ShareWebServices/Services/General/AuthenticatePublisherAccount HTTP/1.1" 405 176
+2025-10-29 16:27:14,124 [92.70311880111694] urllib3.connectionpool DEBUG: https://share2.dexcom.com:443 "POST /ShareWebServices/Services/Publisher/ReadPublisherLatestGlucoseValues?sessionId=6f9ffcb0-70a8-4cd6-b632-ea6955d350cb&minutes=1440&maxCount=1 HTTP/1.1" 200 None
+2025-10-29 16:27:14,124 [92.70311880111694] notifier INFO: Requesting url https://share2.dexcom.com/ShareWebServices/Services
+2025-10-29 16:27:14,124 [92.70311880111694] pydexcom DEBUG: Retrieve glucose readings from the glucose readings endpoint
+2025-10-29 16:27:14,259 [92.83768606185913] urllib3.connectionpool DEBUG: https://share2.dexcom.com:443 "POST /ShareWebServices/Services/Publisher/ReadPublisherLatestGlucoseValues?sessionId=6f9ffcb0-70a8-4cd6-b632-ea6955d350cb&minutes=1440&maxCount=1 HTTP/1.1" 200 None
+2025-10-29 16:27:14,735 [93.3141360282898] status INFO: Requesting url: https://share2.dexcom.com/ShareWebServices/Services/General/AuthenticatePublisherAccount
+2025-10-29 16:27:14,738 [93.3164644241333] urllib3.connectionpool DEBUG: Starting new HTTPS connection (1): share2.dexcom.com:443
+2025-10-29 16:27:15,261 [93.83971500396729] notifier INFO: Requesting url https://share2.dexcom.com/ShareWebServices/Services
+2025-10-29 16:27:15,261 [93.83971500396729] pydexcom DEBUG: Retrieve glucose readings from the glucose readings endpoint
+2025-10-29 16:27:15,389 [93.96823954582214] urllib3.connectionpool DEBUG: https://share2.dexcom.com:443 "POST /ShareWebServices/Services/Publisher/ReadPublisherLatestGlucoseValues?sessionId=6f9ffcb0-70a8-4cd6-b632-ea6955d350cb&minutes=1440&maxCount=1 HTTP/1.1" 200 None
+2025-10-29 16:27:15,389 [93.96823954582214] notifier INFO: Requesting url https://share2.dexcom.com/ShareWebServices/Services
+2025-10-29 16:27:15,389 [93.96823954582214] pydexcom DEBUG: Retrieve glucose readings from the glucose readings endpoint
+2025-10-29 16:27:15,456 [94.03524446487427] urllib3.connectionpool DEBUG: https://share2.dexcom.com:443 "GET /ShareWebServices/Services/General/AuthenticatePublisherAccount HTTP/1.1" 405 176
+2025-10-29 16:27:15,504 [94.08316016197205] urllib3.connectionpool DEBUG: https://share2.dexcom.com:443 "POST /ShareWebServices/Services/Publisher/ReadPublisherLatestGlucoseValues?sessionId=6f9ffcb0-70a8-4cd6-b632-ea6955d350cb&minutes=1440&maxCount=1 HTTP/1.1" 200 None
+2025-10-29 16:27:16,459 [95.038156747818] status INFO: Requesting url: https://share2.dexcom.com/ShareWebServices/Services/General/AuthenticatePublisherAccount
+2025-10-29 16:27:16,459 [95.038156747818] urllib3.connectionpool DEBUG: Starting new HTTPS connection (1): share2.dexcom.com:443
+2025-10-29 16:27:16,506 [95.08503222465515] notifier INFO: Requesting url General/AuthenticatePublisherAccount
+2025-10-29 16:27:16,506 [95.08503222465515] pydexcom DEBUG: Retrieve account ID from the authentication endpoint
+2025-10-29 16:27:16,508 [95.08655452728271] notifier INFO: Requesting url https://share2.dexcom.com/ShareWebServices/Services
+2025-10-29 16:27:16,508 [95.08655452728271] pydexcom DEBUG: Retrieve glucose readings from the glucose readings endpoint
+2025-10-29 16:27:16,508 [95.08655452728271] urllib3.connectionpool DEBUG: Starting new HTTPS connection (1): share2.dexcom.com:443
+2025-10-29 16:27:16,619 [95.19805693626404] urllib3.connectionpool DEBUG: https://share2.dexcom.com:443 "POST /ShareWebServices/Services/Publisher/ReadPublisherLatestGlucoseValues?sessionId=6f9ffcb0-70a8-4cd6-b632-ea6955d350cb&minutes=1440&maxCount=1 HTTP/1.1" 200 None
+2025-10-29 16:27:16,619 [95.19805693626404] notifier INFO: Requesting url https://share2.dexcom.com/ShareWebServices/Services
+2025-10-29 16:27:16,619 [95.19805693626404] pydexcom DEBUG: Retrieve glucose readings from the glucose readings endpoint
+2025-10-29 16:27:16,667 [95.24618315696716] urllib3.connectionpool DEBUG: https://share2.dexcom.com:443 "GET /ShareWebServices/Services/General/AuthenticatePublisherAccount HTTP/1.1" 405 176
+2025-10-29 16:27:16,791 [95.37024641036987] pydexcom DEBUG: Retrieve glucose readings from the glucose readings endpoint
+2025-10-29 16:27:16,844 [95.42264342308044] urllib3.connectionpool DEBUG: https://share2.dexcom.com:443 "POST /ShareWebServices/Services/Publisher/ReadPublisherLatestGlucoseValues?sessionId=6f9ffcb0-70a8-4cd6-b632-ea6955d350cb&minutes=1440&maxCount=1 HTTP/1.1" 200 None
+2025-10-29 16:27:16,889 [95.46824598312378] urllib3.connectionpool DEBUG: https://share2.dexcom.com:443 "POST /ShareWebServices/Services/General/AuthenticatePublisherAccount HTTP/1.1" 200 38
+2025-10-29 16:27:16,891 [95.47014093399048] pydexcom DEBUG: Retrieve session ID from the login endpoint
+2025-10-29 16:27:16,938 [95.51641035079956] urllib3.connectionpool DEBUG: https://share2.dexcom.com:443 "POST /ShareWebServices/Services/Publisher/ReadPublisherLatestGlucoseValues?sessionId=6f9ffcb0-70a8-4cd6-b632-ea6955d350cb&minutes=1440&maxCount=1 HTTP/1.1" 200 None
+2025-10-29 16:27:17,504 [96.08260726928711] urllib3.connectionpool DEBUG: https://share2.dexcom.com:443 "POST /ShareWebServices/Services/General/LoginPublisherAccountById HTTP/1.1" 200 38
+2025-10-29 16:27:17,513 [96.0921094417572] pydexcom DEBUG: Retrieve glucose readings from the glucose readings endpoint
+2025-10-29 16:27:17,637 [96.21618723869324] urllib3.connectionpool DEBUG: https://share2.dexcom.com:443 "POST /ShareWebServices/Services/Publisher/ReadPublisherLatestGlucoseValues?sessionId=6f9ffcb0-70a8-4cd6-b632-ea6955d350cb&minutes=1440&maxCount=1 HTTP/1.1" 200 None
+2025-10-29 16:27:17,675 [96.2540693283081] status INFO: Requesting url: https://share2.dexcom.com/ShareWebServices/Services/General/AuthenticatePublisherAccount
+2025-10-29 16:27:17,677 [96.25609302520752] urllib3.connectionpool DEBUG: Starting new HTTPS connection (1): share2.dexcom.com:443
+2025-10-29 16:27:17,845 [96.42402815818787] notifier INFO: Requesting url https://share2.dexcom.com/ShareWebServices/Services
+2025-10-29 16:27:17,845 [96.42402815818787] pydexcom DEBUG: Retrieve glucose readings from the glucose readings endpoint
+2025-10-29 16:27:17,929 [96.50780892372131] urllib3.connectionpool DEBUG: https://share2.dexcom.com:443 "GET /ShareWebServices/Services/General/AuthenticatePublisherAccount HTTP/1.1" 405 176
+2025-10-29 16:27:17,982 [96.56068396568298] urllib3.connectionpool DEBUG: https://share2.dexcom.com:443 "POST /ShareWebServices/Services/Publisher/ReadPublisherLatestGlucoseValues?sessionId=6f9ffcb0-70a8-4cd6-b632-ea6955d350cb&minutes=1440&maxCount=1 HTTP/1.1" 200 None
+2025-10-29 16:27:17,982 [96.56068396568298] notifier INFO: Requesting url https://share2.dexcom.com/ShareWebServices/Services
+2025-10-29 16:27:17,982 [96.56068396568298] pydexcom DEBUG: Retrieve glucose readings from the glucose readings endpoint
+2025-10-29 16:27:18,105 [96.68546509742737] urllib3.connectionpool DEBUG: https://share2.dexcom.com:443 "POST /ShareWebServices/Services/Publisher/ReadPublisherLatestGlucoseValues?sessionId=6f9ffcb0-70a8-4cd6-b632-ea6955d350cb&minutes=1440&maxCount=1 HTTP/1.1" 200 None
+2025-10-29 16:27:18,934 [97.51306462287903] status INFO: Requesting url: https://share2.dexcom.com/ShareWebServices/Services/General/AuthenticatePublisherAccount
+2025-10-29 16:27:18,943 [97.52169108390808] urllib3.connectionpool DEBUG: Starting new HTTPS connection (1): share2.dexcom.com:443
+2025-10-29 16:27:19,108 [97.68639969825745] notifier INFO: Requesting url https://share2.dexcom.com/ShareWebServices/Services
+2025-10-29 16:27:19,108 [97.68639969825745] pydexcom DEBUG: Retrieve glucose readings from the glucose readings endpoint
+2025-10-29 16:27:19,140 [97.71855473518372] urllib3.connectionpool DEBUG: https://share2.dexcom.com:443 "GET /ShareWebServices/Services/General/AuthenticatePublisherAccount HTTP/1.1" 405 176
+2025-10-29 16:27:19,223 [97.80196142196655] urllib3.connectionpool DEBUG: https://share2.dexcom.com:443 "POST /ShareWebServices/Services/Publisher/ReadPublisherLatestGlucoseValues?sessionId=6f9ffcb0-70a8-4cd6-b632-ea6955d350cb&minutes=1440&maxCount=1 HTTP/1.1" 200 None
+2025-10-29 16:27:19,223 [97.80196142196655] notifier INFO: Requesting url https://share2.dexcom.com/ShareWebServices/Services
+2025-10-29 16:27:19,223 [97.80196142196655] pydexcom DEBUG: Retrieve glucose readings from the glucose readings endpoint
+2025-10-29 16:27:19,325 [97.90348792076111] urllib3.connectionpool DEBUG: https://share2.dexcom.com:443 "POST /ShareWebServices/Services/Publisher/ReadPublisherLatestGlucoseValues?sessionId=6f9ffcb0-70a8-4cd6-b632-ea6955d350cb&minutes=1440&maxCount=1 HTTP/1.1" 200 None
+2025-10-29 16:27:20,143 [98.72194194793701] status INFO: Requesting url: https://share2.dexcom.com/ShareWebServices/Services/General/AuthenticatePublisherAccount
+2025-10-29 16:27:20,143 [98.72194194793701] urllib3.connectionpool DEBUG: Starting new HTTPS connection (1): share2.dexcom.com:443
+2025-10-29 16:27:20,326 [98.90467977523804] notifier INFO: Requesting url https://share2.dexcom.com/ShareWebServices/Services
+2025-10-29 16:27:20,326 [98.90467977523804] pydexcom DEBUG: Retrieve glucose readings from the glucose readings endpoint
+2025-10-29 16:27:20,373 [98.95133781433105] urllib3.connectionpool DEBUG: https://share2.dexcom.com:443 "GET /ShareWebServices/Services/General/AuthenticatePublisherAccount HTTP/1.1" 405 176
+2025-10-29 16:27:20,423 [99.00183773040771] urllib3.connectionpool DEBUG: https://share2.dexcom.com:443 "POST /ShareWebServices/Services/Publisher/ReadPublisherLatestGlucoseValues?sessionId=6f9ffcb0-70a8-4cd6-b632-ea6955d350cb&minutes=1440&maxCount=1 HTTP/1.1" 200 None
+2025-10-29 16:27:20,423 [99.00183773040771] notifier INFO: Requesting url https://share2.dexcom.com/ShareWebServices/Services
+2025-10-29 16:27:20,423 [99.00183773040771] pydexcom DEBUG: Retrieve glucose readings from the glucose readings endpoint
+2025-10-29 16:27:20,512 [99.09106135368347] urllib3.connectionpool DEBUG: https://share2.dexcom.com:443 "POST /ShareWebServices/Services/Publisher/ReadPublisherLatestGlucoseValues?sessionId=6f9ffcb0-70a8-4cd6-b632-ea6955d350cb&minutes=1440&maxCount=1 HTTP/1.1" 200 None
+2025-10-29 16:27:21,380 [99.95857334136963] status INFO: Requesting url: https://share2.dexcom.com/ShareWebServices/Services/General/AuthenticatePublisherAccount
+2025-10-29 16:27:21,380 [99.95857334136963] urllib3.connectionpool DEBUG: Starting new HTTPS connection (1): share2.dexcom.com:443
+2025-10-29 16:27:21,518 [100.1012794971466] notifier INFO: Requesting url https://share2.dexcom.com/ShareWebServices/Services
+2025-10-29 16:27:21,522 [100.1012794971466] pydexcom DEBUG: Retrieve glucose readings from the glucose readings endpoint
+2025-10-29 16:27:21,552 [100.13129568099976] urllib3.connectionpool DEBUG: https://share2.dexcom.com:443 "GET /ShareWebServices/Services/General/AuthenticatePublisherAccount HTTP/1.1" 405 176
+2025-10-29 16:27:21,647 [100.22577333450317] urllib3.connectionpool DEBUG: https://share2.dexcom.com:443 "POST /ShareWebServices/Services/Publisher/ReadPublisherLatestGlucoseValues?sessionId=6f9ffcb0-70a8-4cd6-b632-ea6955d350cb&minutes=1440&maxCount=1 HTTP/1.1" 200 None
+2025-10-29 16:27:21,648 [100.2266173362732] notifier INFO: Requesting url https://share2.dexcom.com/ShareWebServices/Services
+2025-10-29 16:27:21,648 [100.2266173362732] pydexcom DEBUG: Retrieve glucose readings from the glucose readings endpoint
+2025-10-29 16:27:21,762 [100.34060263633728] urllib3.connectionpool DEBUG: https://share2.dexcom.com:443 "POST /ShareWebServices/Services/Publisher/ReadPublisherLatestGlucoseValues?sessionId=6f9ffcb0-70a8-4cd6-b632-ea6955d350cb&minutes=1440&maxCount=1 HTTP/1.1" 200 None
+2025-10-29 16:27:21,986 [100.56456470489502] pydexcom DEBUG: Retrieve glucose readings from the glucose readings endpoint
+2025-10-29 16:27:22,119 [100.69789910316467] urllib3.connectionpool DEBUG: https://share2.dexcom.com:443 "POST /ShareWebServices/Services/Publisher/ReadPublisherLatestGlucoseValues?sessionId=6f9ffcb0-70a8-4cd6-b632-ea6955d350cb&minutes=1440&maxCount=1 HTTP/1.1" 200 None
+2025-10-29 16:27:22,560 [101.13889598846436] status INFO: Requesting url: https://share2.dexcom.com/ShareWebServices/Services/General/AuthenticatePublisherAccount
+2025-10-29 16:27:22,562 [101.14091205596924] urllib3.connectionpool DEBUG: Starting new HTTPS connection (1): share2.dexcom.com:443
+2025-10-29 16:27:22,651 [101.23011469841003] notifier INFO: Requesting url General/AuthenticatePublisherAccount
+2025-10-29 16:27:22,651 [101.23011469841003] pydexcom DEBUG: Retrieve account ID from the authentication endpoint
+2025-10-29 16:27:22,651 [101.23011469841003] urllib3.connectionpool DEBUG: Starting new HTTPS connection (1): share2.dexcom.com:443
+2025-10-29 16:27:22,746 [101.32523941993713] urllib3.connectionpool DEBUG: https://share2.dexcom.com:443 "GET /ShareWebServices/Services/General/AuthenticatePublisherAccount HTTP/1.1" 405 176
+2025-10-29 16:27:22,763 [101.34203886985779] notifier INFO: Requesting url https://share2.dexcom.com/ShareWebServices/Services
+2025-10-29 16:27:22,763 [101.34203886985779] pydexcom DEBUG: Retrieve glucose readings from the glucose readings endpoint
+2025-10-29 16:27:22,878 [101.45642852783203] urllib3.connectionpool DEBUG: https://share2.dexcom.com:443 "POST /ShareWebServices/Services/Publisher/ReadPublisherLatestGlucoseValues?sessionId=6f9ffcb0-70a8-4cd6-b632-ea6955d350cb&minutes=1440&maxCount=1 HTTP/1.1" 200 None
+2025-10-29 16:27:22,878 [101.45642852783203] notifier INFO: Requesting url https://share2.dexcom.com/ShareWebServices/Services
+2025-10-29 16:27:22,878 [101.45642852783203] pydexcom DEBUG: Retrieve glucose readings from the glucose readings endpoint
+2025-10-29 16:27:22,982 [101.56046152114868] urllib3.connectionpool DEBUG: https://share2.dexcom.com:443 "POST /ShareWebServices/Services/Publisher/ReadPublisherLatestGlucoseValues?sessionId=6f9ffcb0-70a8-4cd6-b632-ea6955d350cb&minutes=1440&maxCount=1 HTTP/1.1" 200 None
+2025-10-29 16:27:23,125 [101.70389461517334] urllib3.connectionpool DEBUG: https://share2.dexcom.com:443 "POST /ShareWebServices/Services/General/AuthenticatePublisherAccount HTTP/1.1" 200 38
+2025-10-29 16:27:23,125 [101.70389461517334] pydexcom DEBUG: Retrieve session ID from the login endpoint
+2025-10-29 16:27:23,556 [102.13510131835938] urllib3.connectionpool DEBUG: https://share2.dexcom.com:443 "POST /ShareWebServices/Services/General/LoginPublisherAccountById HTTP/1.1" 200 38
+2025-10-29 16:27:23,574 [102.1528491973877] pydexcom DEBUG: Retrieve glucose readings from the glucose readings endpoint
+2025-10-29 16:27:23,689 [102.2681474685669] urllib3.connectionpool DEBUG: https://share2.dexcom.com:443 "POST /ShareWebServices/Services/Publisher/ReadPublisherLatestGlucoseValues?sessionId=6f9ffcb0-70a8-4cd6-b632-ea6955d350cb&minutes=1440&maxCount=1 HTTP/1.1" 200 None
+2025-10-29 16:27:23,751 [102.32947707176208] status INFO: Requesting url: https://share2.dexcom.com/ShareWebServices/Services/General/AuthenticatePublisherAccount
+2025-10-29 16:27:23,754 [102.33329892158508] urllib3.connectionpool DEBUG: Starting new HTTPS connection (1): share2.dexcom.com:443
+2025-10-29 16:27:23,971 [102.54944920539856] urllib3.connectionpool DEBUG: https://share2.dexcom.com:443 "GET /ShareWebServices/Services/General/AuthenticatePublisherAccount HTTP/1.1" 405 176
+2025-10-29 16:27:23,990 [102.56899285316467] notifier INFO: Requesting url https://share2.dexcom.com/ShareWebServices/Services
+2025-10-29 16:27:23,990 [102.56899285316467] pydexcom DEBUG: Retrieve glucose readings from the glucose readings endpoint
+2025-10-29 16:27:24,087 [102.66614317893982] urllib3.connectionpool DEBUG: https://share2.dexcom.com:443 "POST /ShareWebServices/Services/Publisher/ReadPublisherLatestGlucoseValues?sessionId=6f9ffcb0-70a8-4cd6-b632-ea6955d350cb&minutes=1440&maxCount=1 HTTP/1.1" 200 None
+2025-10-29 16:27:24,095 [102.67389059066772] notifier INFO: Requesting url https://share2.dexcom.com/ShareWebServices/Services
+2025-10-29 16:27:24,095 [102.67389059066772] pydexcom DEBUG: Retrieve glucose readings from the glucose readings endpoint
+2025-10-29 16:27:24,176 [102.75461602210999] urllib3.connectionpool DEBUG: https://share2.dexcom.com:443 "POST /ShareWebServices/Services/Publisher/ReadPublisherLatestGlucoseValues?sessionId=6f9ffcb0-70a8-4cd6-b632-ea6955d350cb&minutes=1440&maxCount=1 HTTP/1.1" 200 None
+2025-10-29 16:27:24,974 [103.55251955986023] status INFO: Requesting url: https://share2.dexcom.com/ShareWebServices/Services/General/AuthenticatePublisherAccount
+2025-10-29 16:27:24,974 [103.55251955986023] urllib3.connectionpool DEBUG: Starting new HTTPS connection (1): share2.dexcom.com:443
+2025-10-29 16:27:25,187 [103.76624417304993] notifier INFO: Requesting url https://share2.dexcom.com/ShareWebServices/Services
+2025-10-29 16:27:25,189 [103.7682592868805] pydexcom DEBUG: Retrieve glucose readings from the glucose readings endpoint
+2025-10-29 16:27:25,195 [103.77430129051208] urllib3.connectionpool DEBUG: https://share2.dexcom.com:443 "GET /ShareWebServices/Services/General/AuthenticatePublisherAccount HTTP/1.1" 405 176
+2025-10-29 16:27:25,278 [103.85679864883423] urllib3.connectionpool DEBUG: https://share2.dexcom.com:443 "POST /ShareWebServices/Services/Publisher/ReadPublisherLatestGlucoseValues?sessionId=6f9ffcb0-70a8-4cd6-b632-ea6955d350cb&minutes=1440&maxCount=1 HTTP/1.1" 200 None
+2025-10-29 16:27:25,278 [103.85679864883423] notifier INFO: Requesting url https://share2.dexcom.com/ShareWebServices/Services
+2025-10-29 16:27:25,278 [103.85679864883423] pydexcom DEBUG: Retrieve glucose readings from the glucose readings endpoint
+2025-10-29 16:27:25,384 [103.96323561668396] urllib3.connectionpool DEBUG: https://share2.dexcom.com:443 "POST /ShareWebServices/Services/Publisher/ReadPublisherLatestGlucoseValues?sessionId=6f9ffcb0-70a8-4cd6-b632-ea6955d350cb&minutes=1440&maxCount=1 HTTP/1.1" 200 None
+2025-10-29 16:27:26,198 [104.77665686607361] status INFO: Requesting url: https://share2.dexcom.com/ShareWebServices/Services/General/AuthenticatePublisherAccount
+2025-10-29 16:27:26,198 [104.77866291999817] urllib3.connectionpool DEBUG: Starting new HTTPS connection (1): share2.dexcom.com:443
+2025-10-29 16:27:26,329 [104.90819501876831] urllib3.connectionpool DEBUG: https://share2.dexcom.com:443 "GET /ShareWebServices/Services/General/AuthenticatePublisherAccount HTTP/1.1" 405 176
+2025-10-29 16:27:26,389 [104.96751618385315] notifier INFO: Requesting url https://share2.dexcom.com/ShareWebServices/Services
+2025-10-29 16:27:26,389 [104.96751618385315] pydexcom DEBUG: Retrieve glucose readings from the glucose readings endpoint
+2025-10-29 16:27:26,613 [105.19168329238892] urllib3.connectionpool DEBUG: https://share2.dexcom.com:443 "POST /ShareWebServices/Services/Publisher/ReadPublisherLatestGlucoseValues?sessionId=6f9ffcb0-70a8-4cd6-b632-ea6955d350cb&minutes=1440&maxCount=1 HTTP/1.1" 200 None
+2025-10-29 16:27:26,613 [105.19168329238892] notifier INFO: Requesting url https://share2.dexcom.com/ShareWebServices/Services
+2025-10-29 16:27:26,613 [105.19168329238892] pydexcom DEBUG: Retrieve glucose readings from the glucose readings endpoint
+2025-10-29 16:27:26,827 [105.40599536895752] urllib3.connectionpool DEBUG: https://share2.dexcom.com:443 "POST /ShareWebServices/Services/Publisher/ReadPublisherLatestGlucoseValues?sessionId=6f9ffcb0-70a8-4cd6-b632-ea6955d350cb&minutes=1440&maxCount=1 HTTP/1.1" 200 None
+2025-10-29 16:27:27,138 [105.71725749969482] pydexcom DEBUG: Retrieve glucose readings from the glucose readings endpoint
+2025-10-29 16:27:27,270 [105.84918427467346] urllib3.connectionpool DEBUG: https://share2.dexcom.com:443 "POST /ShareWebServices/Services/Publisher/ReadPublisherLatestGlucoseValues?sessionId=6f9ffcb0-70a8-4cd6-b632-ea6955d350cb&minutes=1440&maxCount=1 HTTP/1.1" 200 None
+2025-10-29 16:27:27,332 [105.91053533554077] status INFO: Requesting url: https://share2.dexcom.com/ShareWebServices/Services/General/AuthenticatePublisherAccount
+2025-10-29 16:27:27,332 [105.91053533554077] urllib3.connectionpool DEBUG: Starting new HTTPS connection (1): share2.dexcom.com:443
+2025-10-29 16:27:27,643 [106.22140407562256] urllib3.connectionpool DEBUG: https://share2.dexcom.com:443 "GET /ShareWebServices/Services/General/AuthenticatePublisherAccount HTTP/1.1" 405 176
+2025-10-29 16:27:27,829 [106.40815591812134] notifier INFO: Requesting url https://share2.dexcom.com/ShareWebServices/Services
+2025-10-29 16:27:27,829 [106.40815591812134] pydexcom DEBUG: Retrieve glucose readings from the glucose readings endpoint
+2025-10-29 16:27:27,929 [106.5074200630188] urllib3.connectionpool DEBUG: https://share2.dexcom.com:443 "POST /ShareWebServices/Services/Publisher/ReadPublisherLatestGlucoseValues?sessionId=6f9ffcb0-70a8-4cd6-b632-ea6955d350cb&minutes=1440&maxCount=1 HTTP/1.1" 200 None
+2025-10-29 16:27:27,929 [106.5074200630188] notifier INFO: Requesting url https://share2.dexcom.com/ShareWebServices/Services
+2025-10-29 16:27:27,929 [106.5074200630188] pydexcom DEBUG: Retrieve glucose readings from the glucose readings endpoint
+2025-10-29 16:27:28,037 [106.6155436038971] urllib3.connectionpool DEBUG: https://share2.dexcom.com:443 "POST /ShareWebServices/Services/Publisher/ReadPublisherLatestGlucoseValues?sessionId=6f9ffcb0-70a8-4cd6-b632-ea6955d350cb&minutes=1440&maxCount=1 HTTP/1.1" 200 None
+2025-10-29 16:27:28,644 [107.22273302078247] status INFO: Requesting url: https://share2.dexcom.com/ShareWebServices/Services/General/AuthenticatePublisherAccount
+2025-10-29 16:27:28,646 [107.22475051879883] urllib3.connectionpool DEBUG: Starting new HTTPS connection (1): share2.dexcom.com:443
+2025-10-29 16:27:28,693 [107.27148675918579] notifier INFO: Requesting url General/AuthenticatePublisherAccount
+2025-10-29 16:27:28,693 [107.27148675918579] pydexcom DEBUG: Retrieve account ID from the authentication endpoint
+2025-10-29 16:27:28,693 [107.27802538871765] urllib3.connectionpool DEBUG: Starting new HTTPS connection (1): share2.dexcom.com:443
+2025-10-29 16:27:28,970 [107.54912734031677] urllib3.connectionpool DEBUG: https://share2.dexcom.com:443 "GET /ShareWebServices/Services/General/AuthenticatePublisherAccount HTTP/1.1" 405 176
+2025-10-29 16:27:29,039 [107.61802434921265] notifier INFO: Requesting url https://share2.dexcom.com/ShareWebServices/Services
+2025-10-29 16:27:29,039 [107.61802434921265] pydexcom DEBUG: Retrieve glucose readings from the glucose readings endpoint
+2025-10-29 16:27:29,076 [107.65523838996887] urllib3.connectionpool DEBUG: https://share2.dexcom.com:443 "POST /ShareWebServices/Services/General/AuthenticatePublisherAccount HTTP/1.1" 200 38
+2025-10-29 16:27:29,087 [107.66610741615295] pydexcom DEBUG: Retrieve session ID from the login endpoint
+2025-10-29 16:27:29,159 [107.73796772956848] urllib3.connectionpool DEBUG: https://share2.dexcom.com:443 "POST /ShareWebServices/Services/Publisher/ReadPublisherLatestGlucoseValues?sessionId=6f9ffcb0-70a8-4cd6-b632-ea6955d350cb&minutes=1440&maxCount=1 HTTP/1.1" 200 None
+2025-10-29 16:27:29,173 [107.75220584869385] notifier INFO: Requesting url https://share2.dexcom.com/ShareWebServices/Services
+2025-10-29 16:27:29,173 [107.75220584869385] pydexcom DEBUG: Retrieve glucose readings from the glucose readings endpoint
+2025-10-29 16:27:29,277 [107.85593891143799] urllib3.connectionpool DEBUG: https://share2.dexcom.com:443 "POST /ShareWebServices/Services/Publisher/ReadPublisherLatestGlucoseValues?sessionId=6f9ffcb0-70a8-4cd6-b632-ea6955d350cb&minutes=1440&maxCount=1 HTTP/1.1" 200 None
+2025-10-29 16:27:29,786 [108.36503601074219] urllib3.connectionpool DEBUG: https://share2.dexcom.com:443 "POST /ShareWebServices/Services/General/LoginPublisherAccountById HTTP/1.1" 200 38
+2025-10-29 16:27:29,797 [108.37601041793823] pydexcom DEBUG: Retrieve glucose readings from the glucose readings endpoint
+2025-10-29 16:27:29,910 [108.48886132240295] urllib3.connectionpool DEBUG: https://share2.dexcom.com:443 "POST /ShareWebServices/Services/Publisher/ReadPublisherLatestGlucoseValues?sessionId=6f9ffcb0-70a8-4cd6-b632-ea6955d350cb&minutes=1440&maxCount=1 HTTP/1.1" 200 None
+2025-10-29 16:27:29,974 [108.55266809463501] status INFO: Requesting url: https://share2.dexcom.com/ShareWebServices/Services/General/AuthenticatePublisherAccount
+2025-10-29 16:27:29,974 [108.55266809463501] urllib3.connectionpool DEBUG: Starting new HTTPS connection (1): share2.dexcom.com:443
+2025-10-29 16:27:30,103 [108.68217062950134] urllib3.connectionpool DEBUG: https://share2.dexcom.com:443 "GET /ShareWebServices/Services/General/AuthenticatePublisherAccount HTTP/1.1" 405 176
+2025-10-29 16:27:30,279 [108.85788702964783] notifier INFO: Requesting url https://share2.dexcom.com/ShareWebServices/Services
+2025-10-29 16:27:30,279 [108.85788702964783] pydexcom DEBUG: Retrieve glucose readings from the glucose readings endpoint
+2025-10-29 16:27:30,371 [108.9495735168457] urllib3.connectionpool DEBUG: https://share2.dexcom.com:443 "POST /ShareWebServices/Services/Publisher/ReadPublisherLatestGlucoseValues?sessionId=6f9ffcb0-70a8-4cd6-b632-ea6955d350cb&minutes=1440&maxCount=1 HTTP/1.1" 200 None
+2025-10-29 16:27:30,384 [108.96295475959778] notifier INFO: Requesting url https://share2.dexcom.com/ShareWebServices/Services
+2025-10-29 16:27:30,384 [108.96295475959778] pydexcom DEBUG: Retrieve glucose readings from the glucose readings endpoint
+2025-10-29 16:27:30,518 [109.09659600257874] urllib3.connectionpool DEBUG: https://share2.dexcom.com:443 "POST /ShareWebServices/Services/Publisher/ReadPublisherLatestGlucoseValues?sessionId=6f9ffcb0-70a8-4cd6-b632-ea6955d350cb&minutes=1440&maxCount=1 HTTP/1.1" 200 None
+2025-10-29 16:27:31,107 [109.68557739257812] status INFO: Requesting url: https://share2.dexcom.com/ShareWebServices/Services/General/AuthenticatePublisherAccount
+2025-10-29 16:27:31,107 [109.68801379203796] urllib3.connectionpool DEBUG: Starting new HTTPS connection (1): share2.dexcom.com:443
+2025-10-29 16:27:31,303 [109.8821189403534] urllib3.connectionpool DEBUG: https://share2.dexcom.com:443 "GET /ShareWebServices/Services/General/AuthenticatePublisherAccount HTTP/1.1" 405 176
+2025-10-29 16:27:31,542 [110.12122201919556] notifier INFO: Requesting url https://share2.dexcom.com/ShareWebServices/Services
+2025-10-29 16:27:31,542 [110.12122201919556] pydexcom DEBUG: Retrieve glucose readings from the glucose readings endpoint
+2025-10-29 16:27:31,737 [110.31581282615662] urllib3.connectionpool DEBUG: https://share2.dexcom.com:443 "POST /ShareWebServices/Services/Publisher/ReadPublisherLatestGlucoseValues?sessionId=6f9ffcb0-70a8-4cd6-b632-ea6955d350cb&minutes=1440&maxCount=1 HTTP/1.1" 200 None
+2025-10-29 16:27:31,737 [110.31581282615662] notifier INFO: Requesting url https://share2.dexcom.com/ShareWebServices/Services
+2025-10-29 16:27:31,737 [110.31736302375793] pydexcom DEBUG: Retrieve glucose readings from the glucose readings endpoint
+2025-10-29 16:27:31,837 [110.41550159454346] urllib3.connectionpool DEBUG: https://share2.dexcom.com:443 "POST /ShareWebServices/Services/Publisher/ReadPublisherLatestGlucoseValues?sessionId=6f9ffcb0-70a8-4cd6-b632-ea6955d350cb&minutes=1440&maxCount=1 HTTP/1.1" 200 None
+2025-10-29 16:27:32,284 [110.86282515525818] pydexcom DEBUG: Retrieve glucose readings from the glucose readings endpoint
+2025-10-29 16:27:32,307 [110.8857204914093] status INFO: Requesting url: https://share2.dexcom.com/ShareWebServices/Services/General/AuthenticatePublisherAccount
+2025-10-29 16:27:32,308 [110.88673448562622] urllib3.connectionpool DEBUG: Starting new HTTPS connection (1): share2.dexcom.com:443
+2025-10-29 16:27:32,405 [110.9833550453186] urllib3.connectionpool DEBUG: https://share2.dexcom.com:443 "POST /ShareWebServices/Services/Publisher/ReadPublisherLatestGlucoseValues?sessionId=6f9ffcb0-70a8-4cd6-b632-ea6955d350cb&minutes=1440&maxCount=1 HTTP/1.1" 200 None
+2025-10-29 16:27:32,434 [111.01255083084106] urllib3.connectionpool DEBUG: https://share2.dexcom.com:443 "GET /ShareWebServices/Services/General/AuthenticatePublisherAccount HTTP/1.1" 405 176
+2025-10-29 16:27:32,844 [111.42289996147156] notifier INFO: Requesting url https://share2.dexcom.com/ShareWebServices/Services
+2025-10-29 16:27:32,844 [111.42289996147156] pydexcom DEBUG: Retrieve glucose readings from the glucose readings endpoint
+2025-10-29 16:27:32,956 [111.53520607948303] urllib3.connectionpool DEBUG: https://share2.dexcom.com:443 "POST /ShareWebServices/Services/Publisher/ReadPublisherLatestGlucoseValues?sessionId=6f9ffcb0-70a8-4cd6-b632-ea6955d350cb&minutes=1440&maxCount=1 HTTP/1.1" 200 None
+2025-10-29 16:27:32,956 [111.53520607948303] notifier INFO: Requesting url https://share2.dexcom.com/ShareWebServices/Services
+2025-10-29 16:27:32,956 [111.53520607948303] pydexcom DEBUG: Retrieve glucose readings from the glucose readings endpoint
+2025-10-29 16:27:33,062 [111.64130282402039] urllib3.connectionpool DEBUG: https://share2.dexcom.com:443 "POST /ShareWebServices/Services/Publisher/ReadPublisherLatestGlucoseValues?sessionId=6f9ffcb0-70a8-4cd6-b632-ea6955d350cb&minutes=1440&maxCount=1 HTTP/1.1" 200 None
+2025-10-29 16:27:33,448 [112.02652835845947] status INFO: Requesting url: https://share2.dexcom.com/ShareWebServices/Services/General/AuthenticatePublisherAccount
+2025-10-29 16:27:33,448 [112.02652835845947] urllib3.connectionpool DEBUG: Starting new HTTPS connection (1): share2.dexcom.com:443
+2025-10-29 16:27:33,635 [112.21340775489807] urllib3.connectionpool DEBUG: https://share2.dexcom.com:443 "GET /ShareWebServices/Services/General/AuthenticatePublisherAccount HTTP/1.1" 405 176
+2025-10-29 16:27:33,698 [112.27704119682312] urllib3.connectionpool DEBUG: Starting new HTTPS connection (1): raw.githubusercontent.com:443
+2025-10-29 16:27:33,772 [112.3509111404419] urllib3.connectionpool DEBUG: https://raw.githubusercontent.com:443 "GET /Github73840134/DeskScout-App-Updates/refs/heads/main/information.json HTTP/1.1" 200 347
+2025-10-29 16:27:34,070 [112.64898753166199] notifier INFO: Requesting url https://share2.dexcom.com/ShareWebServices/Services
+2025-10-29 16:27:34,070 [112.64898753166199] pydexcom DEBUG: Retrieve glucose readings from the glucose readings endpoint
+2025-10-29 16:27:34,175 [112.75602340698242] urllib3.connectionpool DEBUG: https://share2.dexcom.com:443 "POST /ShareWebServices/Services/Publisher/ReadPublisherLatestGlucoseValues?sessionId=6f9ffcb0-70a8-4cd6-b632-ea6955d350cb&minutes=1440&maxCount=1 HTTP/1.1" 200 None
+2025-10-29 16:27:34,177 [112.75602340698242] notifier INFO: Requesting url https://share2.dexcom.com/ShareWebServices/Services
+2025-10-29 16:27:34,177 [112.75602340698242] pydexcom DEBUG: Retrieve glucose readings from the glucose readings endpoint
+2025-10-29 16:27:34,394 [112.97299790382385] urllib3.connectionpool DEBUG: https://share2.dexcom.com:443 "POST /ShareWebServices/Services/Publisher/ReadPublisherLatestGlucoseValues?sessionId=6f9ffcb0-70a8-4cd6-b632-ea6955d350cb&minutes=1440&maxCount=1 HTTP/1.1" 200 None
+2025-10-29 16:27:34,647 [113.22539734840393] status INFO: Requesting url: https://share2.dexcom.com/ShareWebServices/Services/General/AuthenticatePublisherAccount
+2025-10-29 16:27:34,647 [113.22539734840393] urllib3.connectionpool DEBUG: Starting new HTTPS connection (1): share2.dexcom.com:443
+2025-10-29 16:27:34,867 [113.44553661346436] urllib3.connectionpool DEBUG: https://share2.dexcom.com:443 "GET /ShareWebServices/Services/General/AuthenticatePublisherAccount HTTP/1.1" 405 176
+2025-10-29 16:27:34,917 [113.49619317054749] notifier INFO: Requesting url General/AuthenticatePublisherAccount
+2025-10-29 16:27:34,917 [113.49619317054749] pydexcom DEBUG: Retrieve account ID from the authentication endpoint
+2025-10-29 16:27:34,919 [113.49771404266357] urllib3.connectionpool DEBUG: Starting new HTTPS connection (1): share2.dexcom.com:443
+2025-10-29 16:27:35,399 [113.97735023498535] notifier INFO: Requesting url https://share2.dexcom.com/ShareWebServices/Services
+2025-10-29 16:27:35,399 [113.97735023498535] pydexcom DEBUG: Retrieve glucose readings from the glucose readings endpoint
+2025-10-29 16:27:35,469 [114.04761075973511] urllib3.connectionpool DEBUG: https://share2.dexcom.com:443 "POST /ShareWebServices/Services/General/AuthenticatePublisherAccount HTTP/1.1" 200 38
+2025-10-29 16:27:35,469 [114.04761075973511] pydexcom DEBUG: Retrieve session ID from the login endpoint
+2025-10-29 16:27:35,502 [114.08118724822998] urllib3.connectionpool DEBUG: https://share2.dexcom.com:443 "POST /ShareWebServices/Services/Publisher/ReadPublisherLatestGlucoseValues?sessionId=6f9ffcb0-70a8-4cd6-b632-ea6955d350cb&minutes=1440&maxCount=1 HTTP/1.1" 200 None
+2025-10-29 16:27:35,502 [114.08118724822998] notifier INFO: Requesting url https://share2.dexcom.com/ShareWebServices/Services
+2025-10-29 16:27:35,502 [114.08118724822998] pydexcom DEBUG: Retrieve glucose readings from the glucose readings endpoint
+2025-10-29 16:27:35,608 [114.18644952774048] urllib3.connectionpool DEBUG: https://share2.dexcom.com:443 "POST /ShareWebServices/Services/Publisher/ReadPublisherLatestGlucoseValues?sessionId=6f9ffcb0-70a8-4cd6-b632-ea6955d350cb&minutes=1440&maxCount=1 HTTP/1.1" 200 None
+2025-10-29 16:27:35,871 [114.44938087463379] status INFO: Requesting url: https://share2.dexcom.com/ShareWebServices/Services/General/AuthenticatePublisherAccount
+2025-10-29 16:27:35,873 [114.45140171051025] urllib3.connectionpool DEBUG: Starting new HTTPS connection (1): share2.dexcom.com:443
+2025-10-29 16:27:35,998 [114.57716679573059] urllib3.connectionpool DEBUG: https://share2.dexcom.com:443 "GET /ShareWebServices/Services/General/AuthenticatePublisherAccount HTTP/1.1" 405 176
+2025-10-29 16:27:36,007 [114.58899712562561] urllib3.connectionpool DEBUG: https://share2.dexcom.com:443 "POST /ShareWebServices/Services/General/LoginPublisherAccountById HTTP/1.1" 200 38
+2025-10-29 16:27:36,032 [114.61057114601135] pydexcom DEBUG: Retrieve glucose readings from the glucose readings endpoint
+2025-10-29 16:27:36,149 [114.72813630104065] urllib3.connectionpool DEBUG: https://share2.dexcom.com:443 "POST /ShareWebServices/Services/Publisher/ReadPublisherLatestGlucoseValues?sessionId=6f9ffcb0-70a8-4cd6-b632-ea6955d350cb&minutes=1440&maxCount=1 HTTP/1.1" 200 None
+2025-10-29 16:27:36,616 [115.19531989097595] notifier INFO: Requesting url https://share2.dexcom.com/ShareWebServices/Services
+2025-10-29 16:27:36,616 [115.19531989097595] pydexcom DEBUG: Retrieve glucose readings from the glucose readings endpoint
+2025-10-29 16:27:36,715 [115.29412317276001] urllib3.connectionpool DEBUG: https://share2.dexcom.com:443 "POST /ShareWebServices/Services/Publisher/ReadPublisherLatestGlucoseValues?sessionId=6f9ffcb0-70a8-4cd6-b632-ea6955d350cb&minutes=1440&maxCount=1 HTTP/1.1" 200 None
+2025-10-29 16:27:36,715 [115.29412317276001] notifier INFO: Requesting url https://share2.dexcom.com/ShareWebServices/Services
+2025-10-29 16:27:36,717 [115.29587745666504] pydexcom DEBUG: Retrieve glucose readings from the glucose readings endpoint
+2025-10-29 16:27:36,820 [115.39853286743164] urllib3.connectionpool DEBUG: https://share2.dexcom.com:443 "POST /ShareWebServices/Services/Publisher/ReadPublisherLatestGlucoseValues?sessionId=6f9ffcb0-70a8-4cd6-b632-ea6955d350cb&minutes=1440&maxCount=1 HTTP/1.1" 200 None
+2025-10-29 16:27:37,015 [115.59428310394287] status INFO: Requesting url: https://share2.dexcom.com/ShareWebServices/Services/General/AuthenticatePublisherAccount
+2025-10-29 16:27:37,015 [115.59428310394287] urllib3.connectionpool DEBUG: Starting new HTTPS connection (1): share2.dexcom.com:443
+2025-10-29 16:27:37,239 [115.81821751594543] urllib3.connectionpool DEBUG: https://share2.dexcom.com:443 "GET /ShareWebServices/Services/General/AuthenticatePublisherAccount HTTP/1.1" 405 176
+2025-10-29 16:27:37,435 [116.01375770568848] pydexcom DEBUG: Retrieve glucose readings from the glucose readings endpoint
+2025-10-29 16:27:37,547 [116.12624716758728] urllib3.connectionpool DEBUG: https://share2.dexcom.com:443 "POST /ShareWebServices/Services/Publisher/ReadPublisherLatestGlucoseValues?sessionId=6f9ffcb0-70a8-4cd6-b632-ea6955d350cb&minutes=1440&maxCount=1 HTTP/1.1" 200 None
+2025-10-29 16:27:37,827 [116.40553784370422] notifier INFO: Requesting url https://share2.dexcom.com/ShareWebServices/Services
+2025-10-29 16:27:37,827 [116.40553784370422] pydexcom DEBUG: Retrieve glucose readings from the glucose readings endpoint
+2025-10-29 16:27:38,081 [116.66030669212341] urllib3.connectionpool DEBUG: https://share2.dexcom.com:443 "POST /ShareWebServices/Services/Publisher/ReadPublisherLatestGlucoseValues?sessionId=6f9ffcb0-70a8-4cd6-b632-ea6955d350cb&minutes=1440&maxCount=1 HTTP/1.1" 200 None
+2025-10-29 16:27:38,085 [116.66411638259888] notifier INFO: Requesting url https://share2.dexcom.com/ShareWebServices/Services
+2025-10-29 16:27:38,085 [116.66411638259888] pydexcom DEBUG: Retrieve glucose readings from the glucose readings endpoint
+2025-10-29 16:27:38,194 [116.77245593070984] urllib3.connectionpool DEBUG: https://share2.dexcom.com:443 "POST /ShareWebServices/Services/Publisher/ReadPublisherLatestGlucoseValues?sessionId=6f9ffcb0-70a8-4cd6-b632-ea6955d350cb&minutes=1440&maxCount=1 HTTP/1.1" 200 None
+2025-10-29 16:27:38,253 [116.83135485649109] status INFO: Requesting url: https://share2.dexcom.com/ShareWebServices/Services/General/AuthenticatePublisherAccount
+2025-10-29 16:27:38,255 [116.83336877822876] urllib3.connectionpool DEBUG: Starting new HTTPS connection (1): share2.dexcom.com:443
+2025-10-29 16:27:38,391 [116.96986699104309] urllib3.connectionpool DEBUG: https://share2.dexcom.com:443 "GET /ShareWebServices/Services/General/AuthenticatePublisherAccount HTTP/1.1" 405 176
+2025-10-29 16:27:39,196 [117.77490019798279] notifier INFO: Requesting url https://share2.dexcom.com/ShareWebServices/Services
+2025-10-29 16:27:39,196 [117.77490019798279] pydexcom DEBUG: Retrieve glucose readings from the glucose readings endpoint
+2025-10-29 16:27:39,395 [117.97350811958313] status INFO: Requesting url: https://share2.dexcom.com/ShareWebServices/Services/General/AuthenticatePublisherAccount
+2025-10-29 16:27:39,395 [117.97350811958313] urllib3.connectionpool DEBUG: Starting new HTTPS connection (1): share2.dexcom.com:443
+2025-10-29 16:27:39,404 [117.98315477371216] urllib3.connectionpool DEBUG: https://share2.dexcom.com:443 "POST /ShareWebServices/Services/Publisher/ReadPublisherLatestGlucoseValues?sessionId=6f9ffcb0-70a8-4cd6-b632-ea6955d350cb&minutes=1440&maxCount=1 HTTP/1.1" 200 None
+2025-10-29 16:27:39,404 [117.98315477371216] notifier INFO: Requesting url https://share2.dexcom.com/ShareWebServices/Services
+2025-10-29 16:27:39,404 [117.98315477371216] pydexcom DEBUG: Retrieve glucose readings from the glucose readings endpoint
+2025-10-29 16:27:39,558 [118.13718819618225] urllib3.connectionpool DEBUG: https://share2.dexcom.com:443 "POST /ShareWebServices/Services/Publisher/ReadPublisherLatestGlucoseValues?sessionId=6f9ffcb0-70a8-4cd6-b632-ea6955d350cb&minutes=1440&maxCount=1 HTTP/1.1" 200 None
+2025-10-29 16:27:39,720 [118.29833984375] urllib3.connectionpool DEBUG: https://share2.dexcom.com:443 "GET /ShareWebServices/Services/General/AuthenticatePublisherAccount HTTP/1.1" 405 176
+2025-10-29 16:27:40,561 [119.14007878303528] notifier INFO: Requesting url https://share2.dexcom.com/ShareWebServices/Services
+2025-10-29 16:27:40,561 [119.14007878303528] pydexcom DEBUG: Retrieve glucose readings from the glucose readings endpoint
+2025-10-29 16:27:40,589 [119.16769242286682] urllib3.connectionpool DEBUG: Starting new HTTPS connection (1): raw.githubusercontent.com:443
+2025-10-29 16:27:40,648 [119.22657918930054] urllib3.connectionpool DEBUG: https://share2.dexcom.com:443 "POST /ShareWebServices/Services/Publisher/ReadPublisherLatestGlucoseValues?sessionId=6f9ffcb0-70a8-4cd6-b632-ea6955d350cb&minutes=1440&maxCount=1 HTTP/1.1" 200 None
+2025-10-29 16:27:40,648 [119.22657918930054] notifier INFO: Requesting url https://share2.dexcom.com/ShareWebServices/Services
+2025-10-29 16:27:40,648 [119.22657918930054] pydexcom DEBUG: Retrieve glucose readings from the glucose readings endpoint
+2025-10-29 16:27:40,664 [119.24243521690369] urllib3.connectionpool DEBUG: https://raw.githubusercontent.com:443 "GET /Github73840134/DeskScout-App-Updates/refs/heads/main/information.json HTTP/1.1" 200 347
+2025-10-29 16:27:40,724 [119.30236029624939] status INFO: Requesting url: https://share2.dexcom.com/ShareWebServices/Services/General/AuthenticatePublisherAccount
+2025-10-29 16:27:40,724 [119.30236029624939] urllib3.connectionpool DEBUG: Starting new HTTPS connection (1): share2.dexcom.com:443
+2025-10-29 16:27:40,760 [119.3391649723053] urllib3.connectionpool DEBUG: https://share2.dexcom.com:443 "POST /ShareWebServices/Services/Publisher/ReadPublisherLatestGlucoseValues?sessionId=6f9ffcb0-70a8-4cd6-b632-ea6955d350cb&minutes=1440&maxCount=1 HTTP/1.1" 200 None
+2025-10-29 16:27:40,853 [119.43138909339905] urllib3.connectionpool DEBUG: https://share2.dexcom.com:443 "GET /ShareWebServices/Services/General/AuthenticatePublisherAccount HTTP/1.1" 405 176
+2025-10-29 16:27:41,155 [119.73357701301575] notifier INFO: Requesting url General/AuthenticatePublisherAccount
+2025-10-29 16:27:41,155 [119.73357701301575] pydexcom DEBUG: Retrieve account ID from the authentication endpoint
+2025-10-29 16:27:41,155 [119.73357701301575] urllib3.connectionpool DEBUG: Starting new HTTPS connection (1): share2.dexcom.com:443
+2025-10-29 16:27:41,565 [120.14357209205627] urllib3.connectionpool DEBUG: https://share2.dexcom.com:443 "POST /ShareWebServices/Services/General/AuthenticatePublisherAccount HTTP/1.1" 200 38
+2025-10-29 16:27:41,567 [120.14537525177002] pydexcom DEBUG: Retrieve session ID from the login endpoint
+2025-10-29 16:27:41,767 [120.34571075439453] notifier INFO: Requesting url https://share2.dexcom.com/ShareWebServices/Services
+2025-10-29 16:27:41,769 [120.34772396087646] pydexcom DEBUG: Retrieve glucose readings from the glucose readings endpoint
+2025-10-29 16:27:41,857 [120.43549633026123] status INFO: Requesting url: https://share2.dexcom.com/ShareWebServices/Services/General/AuthenticatePublisherAccount
+2025-10-29 16:27:41,857 [120.43549633026123] urllib3.connectionpool DEBUG: Starting new HTTPS connection (1): share2.dexcom.com:443
+2025-10-29 16:27:41,868 [120.44673275947571] urllib3.connectionpool DEBUG: https://share2.dexcom.com:443 "POST /ShareWebServices/Services/Publisher/ReadPublisherLatestGlucoseValues?sessionId=6f9ffcb0-70a8-4cd6-b632-ea6955d350cb&minutes=1440&maxCount=1 HTTP/1.1" 200 None
+2025-10-29 16:27:41,868 [120.44673275947571] notifier INFO: Requesting url https://share2.dexcom.com/ShareWebServices/Services
+2025-10-29 16:27:41,868 [120.44673275947571] pydexcom DEBUG: Retrieve glucose readings from the glucose readings endpoint
+2025-10-29 16:27:41,972 [120.55121064186096] urllib3.connectionpool DEBUG: https://share2.dexcom.com:443 "POST /ShareWebServices/Services/Publisher/ReadPublisherLatestGlucoseValues?sessionId=6f9ffcb0-70a8-4cd6-b632-ea6955d350cb&minutes=1440&maxCount=1 HTTP/1.1" 200 None
+2025-10-29 16:27:42,027 [120.60579752922058] urllib3.connectionpool DEBUG: https://share2.dexcom.com:443 "POST /ShareWebServices/Services/General/LoginPublisherAccountById HTTP/1.1" 200 38
+2025-10-29 16:27:42,033 [120.61160683631897] pydexcom DEBUG: Retrieve glucose readings from the glucose readings endpoint
+2025-10-29 16:27:42,117 [120.69535255432129] urllib3.connectionpool DEBUG: https://share2.dexcom.com:443 "GET /ShareWebServices/Services/General/AuthenticatePublisherAccount HTTP/1.1" 405 176
+2025-10-29 16:27:42,180 [120.75851607322693] urllib3.connectionpool DEBUG: https://share2.dexcom.com:443 "POST /ShareWebServices/Services/Publisher/ReadPublisherLatestGlucoseValues?sessionId=6f9ffcb0-70a8-4cd6-b632-ea6955d350cb&minutes=1440&maxCount=1 HTTP/1.1" 200 None
+2025-10-29 16:27:42,561 [121.14009690284729] pydexcom DEBUG: Retrieve glucose readings from the glucose readings endpoint
+2025-10-29 16:27:42,793 [121.37162470817566] urllib3.connectionpool DEBUG: https://share2.dexcom.com:443 "POST /ShareWebServices/Services/Publisher/ReadPublisherLatestGlucoseValues?sessionId=6f9ffcb0-70a8-4cd6-b632-ea6955d350cb&minutes=1440&maxCount=1 HTTP/1.1" 200 None
+2025-10-29 16:27:42,974 [121.55304980278015] notifier INFO: Requesting url https://share2.dexcom.com/ShareWebServices/Services
+2025-10-29 16:27:42,974 [121.55304980278015] pydexcom DEBUG: Retrieve glucose readings from the glucose readings endpoint
+2025-10-29 16:27:43,083 [121.66227602958679] urllib3.connectionpool DEBUG: https://share2.dexcom.com:443 "POST /ShareWebServices/Services/Publisher/ReadPublisherLatestGlucoseValues?sessionId=6f9ffcb0-70a8-4cd6-b632-ea6955d350cb&minutes=1440&maxCount=1 HTTP/1.1" 200 None
+2025-10-29 16:27:43,083 [121.66227602958679] notifier INFO: Requesting url https://share2.dexcom.com/ShareWebServices/Services
+2025-10-29 16:27:43,083 [121.66227602958679] pydexcom DEBUG: Retrieve glucose readings from the glucose readings endpoint
+2025-10-29 16:27:43,118 [121.69715094566345] status INFO: Requesting url: https://share2.dexcom.com/ShareWebServices/Services/General/AuthenticatePublisherAccount
+2025-10-29 16:27:43,118 [121.69715094566345] urllib3.connectionpool DEBUG: Starting new HTTPS connection (1): share2.dexcom.com:443
+2025-10-29 16:27:43,186 [121.7652759552002] urllib3.connectionpool DEBUG: https://share2.dexcom.com:443 "POST /ShareWebServices/Services/Publisher/ReadPublisherLatestGlucoseValues?sessionId=6f9ffcb0-70a8-4cd6-b632-ea6955d350cb&minutes=1440&maxCount=1 HTTP/1.1" 200 None
+2025-10-29 16:27:43,286 [121.86485266685486] urllib3.connectionpool DEBUG: https://share2.dexcom.com:443 "GET /ShareWebServices/Services/General/AuthenticatePublisherAccount HTTP/1.1" 405 176
+2025-10-29 16:27:44,191 [122.76968383789062] notifier INFO: Requesting url https://share2.dexcom.com/ShareWebServices/Services
+2025-10-29 16:27:44,191 [122.76968383789062] pydexcom DEBUG: Retrieve glucose readings from the glucose readings endpoint
+2025-10-29 16:27:44,291 [122.86942458152771] status INFO: Requesting url: https://share2.dexcom.com/ShareWebServices/Services/General/AuthenticatePublisherAccount
+2025-10-29 16:27:44,291 [122.86942458152771] urllib3.connectionpool DEBUG: Starting new HTTPS connection (1): share2.dexcom.com:443
+2025-10-29 16:27:44,335 [122.91433000564575] urllib3.connectionpool DEBUG: https://share2.dexcom.com:443 "POST /ShareWebServices/Services/Publisher/ReadPublisherLatestGlucoseValues?sessionId=6f9ffcb0-70a8-4cd6-b632-ea6955d350cb&minutes=1440&maxCount=1 HTTP/1.1" 200 None
+2025-10-29 16:27:44,337 [122.91533827781677] notifier INFO: Requesting url https://share2.dexcom.com/ShareWebServices/Services
+2025-10-29 16:27:44,337 [122.91533827781677] pydexcom DEBUG: Retrieve glucose readings from the glucose readings endpoint
+2025-10-29 16:27:44,446 [123.02522826194763] urllib3.connectionpool DEBUG: https://share2.dexcom.com:443 "POST /ShareWebServices/Services/Publisher/ReadPublisherLatestGlucoseValues?sessionId=6f9ffcb0-70a8-4cd6-b632-ea6955d350cb&minutes=1440&maxCount=1 HTTP/1.1" 200 None
+2025-10-29 16:27:44,638 [123.21696972846985] urllib3.connectionpool DEBUG: https://share2.dexcom.com:443 "GET /ShareWebServices/Services/General/AuthenticatePublisherAccount HTTP/1.1" 405 176
+2025-10-29 16:27:45,448 [124.02695870399475] notifier INFO: Requesting url https://share2.dexcom.com/ShareWebServices/Services
+2025-10-29 16:27:45,448 [124.02695870399475] pydexcom DEBUG: Retrieve glucose readings from the glucose readings endpoint
+2025-10-29 16:27:45,555 [124.13431453704834] urllib3.connectionpool DEBUG: https://share2.dexcom.com:443 "POST /ShareWebServices/Services/Publisher/ReadPublisherLatestGlucoseValues?sessionId=6f9ffcb0-70a8-4cd6-b632-ea6955d350cb&minutes=1440&maxCount=1 HTTP/1.1" 200 None
+2025-10-29 16:27:45,558 [124.1367175579071] notifier INFO: Requesting url https://share2.dexcom.com/ShareWebServices/Services
+2025-10-29 16:27:45,558 [124.1367175579071] pydexcom DEBUG: Retrieve glucose readings from the glucose readings endpoint
+2025-10-29 16:27:45,640 [124.21844840049744] status INFO: Requesting url: https://share2.dexcom.com/ShareWebServices/Services/General/AuthenticatePublisherAccount
+2025-10-29 16:27:45,640 [124.21844840049744] urllib3.connectionpool DEBUG: Starting new HTTPS connection (1): share2.dexcom.com:443
+2025-10-29 16:27:45,659 [124.23826932907104] urllib3.connectionpool DEBUG: https://share2.dexcom.com:443 "POST /ShareWebServices/Services/Publisher/ReadPublisherLatestGlucoseValues?sessionId=6f9ffcb0-70a8-4cd6-b632-ea6955d350cb&minutes=1440&maxCount=1 HTTP/1.1" 200 None
+2025-10-29 16:27:46,138 [124.71639466285706] urllib3.connectionpool DEBUG: https://share2.dexcom.com:443 "GET /ShareWebServices/Services/General/AuthenticatePublisherAccount HTTP/1.1" 405 176
+2025-10-29 16:27:46,661 [125.23995447158813] notifier INFO: Requesting url https://share2.dexcom.com/ShareWebServices/Services
+2025-10-29 16:27:46,661 [125.23995447158813] pydexcom DEBUG: Retrieve glucose readings from the glucose readings endpoint
+2025-10-29 16:27:46,760 [125.33905458450317] urllib3.connectionpool DEBUG: https://share2.dexcom.com:443 "POST /ShareWebServices/Services/Publisher/ReadPublisherLatestGlucoseValues?sessionId=6f9ffcb0-70a8-4cd6-b632-ea6955d350cb&minutes=1440&maxCount=1 HTTP/1.1" 200 None
+2025-10-29 16:27:46,760 [125.33905458450317] notifier INFO: Requesting url https://share2.dexcom.com/ShareWebServices/Services
+2025-10-29 16:27:46,762 [125.34109163284302] pydexcom DEBUG: Retrieve glucose readings from the glucose readings endpoint
+2025-10-29 16:27:46,856 [125.43481922149658] urllib3.connectionpool DEBUG: https://share2.dexcom.com:443 "POST /ShareWebServices/Services/Publisher/ReadPublisherLatestGlucoseValues?sessionId=6f9ffcb0-70a8-4cd6-b632-ea6955d350cb&minutes=1440&maxCount=1 HTTP/1.1" 200 None
+2025-10-29 16:27:47,147 [125.72596883773804] status INFO: Requesting url: https://share2.dexcom.com/ShareWebServices/Services/General/AuthenticatePublisherAccount
+2025-10-29 16:27:47,147 [125.72596883773804] urllib3.connectionpool DEBUG: Starting new HTTPS connection (1): share2.dexcom.com:443
+2025-10-29 16:27:47,184 [125.763010263443] notifier INFO: Requesting url General/AuthenticatePublisherAccount
+2025-10-29 16:27:47,184 [125.763010263443] pydexcom DEBUG: Retrieve account ID from the authentication endpoint
+2025-10-29 16:27:47,184 [125.763010263443] urllib3.connectionpool DEBUG: Starting new HTTPS connection (1): share2.dexcom.com:443
+2025-10-29 16:27:47,303 [125.88177609443665] urllib3.connectionpool DEBUG: https://share2.dexcom.com:443 "GET /ShareWebServices/Services/General/AuthenticatePublisherAccount HTTP/1.1" 405 176
+2025-10-29 16:27:47,704 [126.28242754936218] urllib3.connectionpool DEBUG: https://share2.dexcom.com:443 "POST /ShareWebServices/Services/General/AuthenticatePublisherAccount HTTP/1.1" 200 38
+2025-10-29 16:27:47,704 [126.28242754936218] pydexcom DEBUG: Retrieve session ID from the login endpoint
+2025-10-29 16:27:47,826 [126.40475368499756] pydexcom DEBUG: Retrieve glucose readings from the glucose readings endpoint
+2025-10-29 16:27:47,862 [126.44122743606567] notifier INFO: Requesting url https://share2.dexcom.com/ShareWebServices/Services
+2025-10-29 16:27:47,862 [126.44122743606567] pydexcom DEBUG: Retrieve glucose readings from the glucose readings endpoint
+2025-10-29 16:27:47,921 [126.49969577789307] urllib3.connectionpool DEBUG: https://share2.dexcom.com:443 "POST /ShareWebServices/Services/Publisher/ReadPublisherLatestGlucoseValues?sessionId=6f9ffcb0-70a8-4cd6-b632-ea6955d350cb&minutes=1440&maxCount=1 HTTP/1.1" 200 None
+2025-10-29 16:27:47,969 [126.54825258255005] urllib3.connectionpool DEBUG: https://share2.dexcom.com:443 "POST /ShareWebServices/Services/Publisher/ReadPublisherLatestGlucoseValues?sessionId=6f9ffcb0-70a8-4cd6-b632-ea6955d350cb&minutes=1440&maxCount=1 HTTP/1.1" 200 None
+2025-10-29 16:27:47,982 [126.56064367294312] notifier INFO: Requesting url https://share2.dexcom.com/ShareWebServices/Services
+2025-10-29 16:27:47,982 [126.56064367294312] pydexcom DEBUG: Retrieve glucose readings from the glucose readings endpoint
+2025-10-29 16:27:48,086 [126.66479539871216] urllib3.connectionpool DEBUG: https://share2.dexcom.com:443 "POST /ShareWebServices/Services/Publisher/ReadPublisherLatestGlucoseValues?sessionId=6f9ffcb0-70a8-4cd6-b632-ea6955d350cb&minutes=1440&maxCount=1 HTTP/1.1" 200 None
+2025-10-29 16:27:48,141 [126.71945524215698] urllib3.connectionpool DEBUG: https://share2.dexcom.com:443 "POST /ShareWebServices/Services/General/LoginPublisherAccountById HTTP/1.1" 200 38
+2025-10-29 16:27:48,164 [126.74290060997009] pydexcom DEBUG: Retrieve glucose readings from the glucose readings endpoint
+2025-10-29 16:27:48,259 [126.83791446685791] urllib3.connectionpool DEBUG: https://share2.dexcom.com:443 "POST /ShareWebServices/Services/Publisher/ReadPublisherLatestGlucoseValues?sessionId=6f9ffcb0-70a8-4cd6-b632-ea6955d350cb&minutes=1440&maxCount=1 HTTP/1.1" 200 None
+2025-10-29 16:27:48,306 [126.88517951965332] status INFO: Requesting url: https://share2.dexcom.com/ShareWebServices/Services/General/AuthenticatePublisherAccount
+2025-10-29 16:27:48,308 [126.88666224479675] urllib3.connectionpool DEBUG: Starting new HTTPS connection (1): share2.dexcom.com:443
+2025-10-29 16:27:48,438 [127.01653361320496] urllib3.connectionpool DEBUG: https://share2.dexcom.com:443 "GET /ShareWebServices/Services/General/AuthenticatePublisherAccount HTTP/1.1" 405 176
+2025-10-29 16:27:49,089 [127.66820120811462] notifier INFO: Requesting url https://share2.dexcom.com/ShareWebServices/Services
+2025-10-29 16:27:49,089 [127.66820120811462] pydexcom DEBUG: Retrieve glucose readings from the glucose readings endpoint
+2025-10-29 16:27:49,192 [127.77035140991211] urllib3.connectionpool DEBUG: https://share2.dexcom.com:443 "POST /ShareWebServices/Services/Publisher/ReadPublisherLatestGlucoseValues?sessionId=6f9ffcb0-70a8-4cd6-b632-ea6955d350cb&minutes=1440&maxCount=1 HTTP/1.1" 200 None
+2025-10-29 16:27:49,192 [127.77035140991211] notifier INFO: Requesting url https://share2.dexcom.com/ShareWebServices/Services
+2025-10-29 16:27:49,192 [127.77035140991211] pydexcom DEBUG: Retrieve glucose readings from the glucose readings endpoint
+2025-10-29 16:27:49,321 [127.90022253990173] urllib3.connectionpool DEBUG: https://share2.dexcom.com:443 "POST /ShareWebServices/Services/Publisher/ReadPublisherLatestGlucoseValues?sessionId=6f9ffcb0-70a8-4cd6-b632-ea6955d350cb&minutes=1440&maxCount=1 HTTP/1.1" 200 None
+2025-10-29 16:27:49,444 [128.02327513694763] status INFO: Requesting url: https://share2.dexcom.com/ShareWebServices/Services/General/AuthenticatePublisherAccount
+2025-10-29 16:27:49,444 [128.02327513694763] urllib3.connectionpool DEBUG: Starting new HTTPS connection (1): share2.dexcom.com:443
+2025-10-29 16:27:49,586 [128.1652331352234] urllib3.connectionpool DEBUG: https://share2.dexcom.com:443 "GET /ShareWebServices/Services/General/AuthenticatePublisherAccount HTTP/1.1" 405 176
+2025-10-29 16:27:50,331 [128.91017651557922] notifier INFO: Requesting url https://share2.dexcom.com/ShareWebServices/Services
+2025-10-29 16:27:50,331 [128.91017651557922] pydexcom DEBUG: Retrieve glucose readings from the glucose readings endpoint
+2025-10-29 16:27:50,407 [128.98539853096008] urllib3.connectionpool DEBUG: Starting new HTTPS connection (1): raw.githubusercontent.com:443
+2025-10-29 16:27:50,436 [129.01443481445312] urllib3.connectionpool DEBUG: https://share2.dexcom.com:443 "POST /ShareWebServices/Services/Publisher/ReadPublisherLatestGlucoseValues?sessionId=6f9ffcb0-70a8-4cd6-b632-ea6955d350cb&minutes=1440&maxCount=1 HTTP/1.1" 200 None
+2025-10-29 16:27:50,436 [129.01443481445312] notifier INFO: Requesting url https://share2.dexcom.com/ShareWebServices/Services
+2025-10-29 16:27:50,436 [129.01443481445312] pydexcom DEBUG: Retrieve glucose readings from the glucose readings endpoint
+2025-10-29 16:27:50,473 [129.05156898498535] urllib3.connectionpool DEBUG: https://raw.githubusercontent.com:443 "GET /Github73840134/DeskScout-App-Updates/refs/heads/main/information.json HTTP/1.1" 200 347
+2025-10-29 16:27:50,532 [129.1107096672058] urllib3.connectionpool DEBUG: https://share2.dexcom.com:443 "POST /ShareWebServices/Services/Publisher/ReadPublisherLatestGlucoseValues?sessionId=6f9ffcb0-70a8-4cd6-b632-ea6955d350cb&minutes=1440&maxCount=1 HTTP/1.1" 200 None
+2025-10-29 16:27:50,593 [129.17182993888855] status INFO: Requesting url: https://share2.dexcom.com/ShareWebServices/Services/General/AuthenticatePublisherAccount
+2025-10-29 16:27:50,595 [129.17385625839233] urllib3.connectionpool DEBUG: Starting new HTTPS connection (1): share2.dexcom.com:443
+2025-10-29 16:27:50,736 [129.3149893283844] urllib3.connectionpool DEBUG: https://share2.dexcom.com:443 "GET /ShareWebServices/Services/General/AuthenticatePublisherAccount HTTP/1.1" 405 176
+2025-10-29 16:27:51,538 [130.11717462539673] notifier INFO: Requesting url https://share2.dexcom.com/ShareWebServices/Services
+2025-10-29 16:27:51,538 [130.11717462539673] pydexcom DEBUG: Retrieve glucose readings from the glucose readings endpoint
+2025-10-29 16:27:51,641 [130.2195179462433] urllib3.connectionpool DEBUG: https://share2.dexcom.com:443 "POST /ShareWebServices/Services/Publisher/ReadPublisherLatestGlucoseValues?sessionId=6f9ffcb0-70a8-4cd6-b632-ea6955d350cb&minutes=1440&maxCount=1 HTTP/1.1" 200 None
+2025-10-29 16:27:51,641 [130.2195179462433] notifier INFO: Requesting url https://share2.dexcom.com/ShareWebServices/Services
+2025-10-29 16:27:51,641 [130.2195179462433] pydexcom DEBUG: Retrieve glucose readings from the glucose readings endpoint
+2025-10-29 16:27:51,742 [130.32093811035156] status INFO: Requesting url: https://share2.dexcom.com/ShareWebServices/Services/General/AuthenticatePublisherAccount
+2025-10-29 16:27:51,742 [130.32093811035156] urllib3.connectionpool DEBUG: Starting new HTTPS connection (1): share2.dexcom.com:443
+2025-10-29 16:27:51,742 [130.32093811035156] urllib3.connectionpool DEBUG: https://share2.dexcom.com:443 "POST /ShareWebServices/Services/Publisher/ReadPublisherLatestGlucoseValues?sessionId=6f9ffcb0-70a8-4cd6-b632-ea6955d350cb&minutes=1440&maxCount=1 HTTP/1.1" 200 None
+2025-10-29 16:27:51,938 [130.51727390289307] urllib3.connectionpool DEBUG: https://share2.dexcom.com:443 "GET /ShareWebServices/Services/General/AuthenticatePublisherAccount HTTP/1.1" 405 176
+2025-10-29 16:27:52,746 [131.32518792152405] notifier INFO: Requesting url https://share2.dexcom.com/ShareWebServices/Services
+2025-10-29 16:27:52,747 [131.32620000839233] pydexcom DEBUG: Retrieve glucose readings from the glucose readings endpoint
+2025-10-29 16:27:52,859 [131.43746423721313] urllib3.connectionpool DEBUG: https://share2.dexcom.com:443 "POST /ShareWebServices/Services/Publisher/ReadPublisherLatestGlucoseValues?sessionId=6f9ffcb0-70a8-4cd6-b632-ea6955d350cb&minutes=1440&maxCount=1 HTTP/1.1" 200 None
+2025-10-29 16:27:52,859 [131.43746423721313] notifier INFO: Requesting url https://share2.dexcom.com/ShareWebServices/Services
+2025-10-29 16:27:52,859 [131.43746423721313] pydexcom DEBUG: Retrieve glucose readings from the glucose readings endpoint
+2025-10-29 16:27:52,930 [131.5091896057129] pydexcom DEBUG: Retrieve glucose readings from the glucose readings endpoint
+2025-10-29 16:27:52,954 [131.53320622444153] status INFO: Requesting url: https://share2.dexcom.com/ShareWebServices/Services/General/AuthenticatePublisherAccount
+2025-10-29 16:27:52,954 [131.53320622444153] urllib3.connectionpool DEBUG: Starting new HTTPS connection (1): share2.dexcom.com:443
+2025-10-29 16:27:52,956 [131.5352132320404] urllib3.connectionpool DEBUG: https://share2.dexcom.com:443 "POST /ShareWebServices/Services/Publisher/ReadPublisherLatestGlucoseValues?sessionId=6f9ffcb0-70a8-4cd6-b632-ea6955d350cb&minutes=1440&maxCount=1 HTTP/1.1" 200 None
+2025-10-29 16:27:53,021 [131.59981274604797] urllib3.connectionpool DEBUG: https://share2.dexcom.com:443 "POST /ShareWebServices/Services/Publisher/ReadPublisherLatestGlucoseValues?sessionId=6f9ffcb0-70a8-4cd6-b632-ea6955d350cb&minutes=1440&maxCount=1 HTTP/1.1" 200 None
+2025-10-29 16:27:53,239 [131.81788516044617] urllib3.connectionpool DEBUG: https://share2.dexcom.com:443 "GET /ShareWebServices/Services/General/AuthenticatePublisherAccount HTTP/1.1" 405 176
+2025-10-29 16:27:53,289 [131.86746668815613] notifier INFO: Requesting url General/AuthenticatePublisherAccount
+2025-10-29 16:27:53,290 [131.86848330497742] pydexcom DEBUG: Retrieve account ID from the authentication endpoint
+2025-10-29 16:27:53,290 [131.86848330497742] urllib3.connectionpool DEBUG: Starting new HTTPS connection (1): share2.dexcom.com:443
+2025-10-29 16:27:53,754 [132.33313751220703] urllib3.connectionpool DEBUG: https://share2.dexcom.com:443 "POST /ShareWebServices/Services/General/AuthenticatePublisherAccount HTTP/1.1" 200 38
+2025-10-29 16:27:53,756 [132.33525729179382] pydexcom DEBUG: Retrieve session ID from the login endpoint
+2025-10-29 16:27:53,962 [132.54075241088867] notifier INFO: Requesting url https://share2.dexcom.com/ShareWebServices/Services
+2025-10-29 16:27:53,962 [132.54075241088867] pydexcom DEBUG: Retrieve glucose readings from the glucose readings endpoint
+2025-10-29 16:27:54,070 [132.64897894859314] urllib3.connectionpool DEBUG: https://share2.dexcom.com:443 "POST /ShareWebServices/Services/Publisher/ReadPublisherLatestGlucoseValues?sessionId=6f9ffcb0-70a8-4cd6-b632-ea6955d350cb&minutes=1440&maxCount=1 HTTP/1.1" 200 None
+2025-10-29 16:27:54,071 [132.64999437332153] notifier INFO: Requesting url https://share2.dexcom.com/ShareWebServices/Services
+2025-10-29 16:27:54,071 [132.64999437332153] pydexcom DEBUG: Retrieve glucose readings from the glucose readings endpoint
+2025-10-29 16:27:54,166 [132.74505853652954] urllib3.connectionpool DEBUG: https://share2.dexcom.com:443 "POST /ShareWebServices/Services/Publisher/ReadPublisherLatestGlucoseValues?sessionId=6f9ffcb0-70a8-4cd6-b632-ea6955d350cb&minutes=1440&maxCount=1 HTTP/1.1" 200 None
+2025-10-29 16:27:54,172 [132.75047159194946] urllib3.connectionpool DEBUG: https://share2.dexcom.com:443 "POST /ShareWebServices/Services/General/LoginPublisherAccountById HTTP/1.1" 200 38
+2025-10-29 16:27:54,188 [132.76651787757874] pydexcom DEBUG: Retrieve glucose readings from the glucose readings endpoint
+2025-10-29 16:27:54,242 [132.82071590423584] status INFO: Requesting url: https://share2.dexcom.com/ShareWebServices/Services/General/AuthenticatePublisherAccount
+2025-10-29 16:27:54,242 [132.82071590423584] urllib3.connectionpool DEBUG: Starting new HTTPS connection (1): share2.dexcom.com:443
+2025-10-29 16:27:54,342 [132.92098784446716] urllib3.connectionpool DEBUG: https://share2.dexcom.com:443 "POST /ShareWebServices/Services/Publisher/ReadPublisherLatestGlucoseValues?sessionId=6f9ffcb0-70a8-4cd6-b632-ea6955d350cb&minutes=1440&maxCount=1 HTTP/1.1" 200 None
+2025-10-29 16:27:54,444 [133.02287435531616] urllib3.connectionpool DEBUG: https://share2.dexcom.com:443 "GET /ShareWebServices/Services/General/AuthenticatePublisherAccount HTTP/1.1" 405 176
+2025-10-29 16:27:55,170 [133.74845123291016] notifier INFO: Requesting url https://share2.dexcom.com/ShareWebServices/Services
+2025-10-29 16:27:55,170 [133.74845123291016] pydexcom DEBUG: Retrieve glucose readings from the glucose readings endpoint
+2025-10-29 16:27:55,269 [133.8473527431488] urllib3.connectionpool DEBUG: https://share2.dexcom.com:443 "POST /ShareWebServices/Services/Publisher/ReadPublisherLatestGlucoseValues?sessionId=6f9ffcb0-70a8-4cd6-b632-ea6955d350cb&minutes=1440&maxCount=1 HTTP/1.1" 200 None
+2025-10-29 16:27:55,269 [133.8473527431488] notifier INFO: Requesting url https://share2.dexcom.com/ShareWebServices/Services
+2025-10-29 16:27:55,269 [133.8473527431488] pydexcom DEBUG: Retrieve glucose readings from the glucose readings endpoint
+2025-10-29 16:27:55,386 [133.9647958278656] urllib3.connectionpool DEBUG: https://share2.dexcom.com:443 "POST /ShareWebServices/Services/Publisher/ReadPublisherLatestGlucoseValues?sessionId=6f9ffcb0-70a8-4cd6-b632-ea6955d350cb&minutes=1440&maxCount=1 HTTP/1.1" 200 None
+2025-10-29 16:27:55,447 [134.02544164657593] status INFO: Requesting url: https://share2.dexcom.com/ShareWebServices/Services/General/AuthenticatePublisherAccount
+2025-10-29 16:27:55,447 [134.02544164657593] urllib3.connectionpool DEBUG: Starting new HTTPS connection (1): share2.dexcom.com:443
+2025-10-29 16:27:55,604 [134.18329882621765] urllib3.connectionpool DEBUG: https://share2.dexcom.com:443 "GET /ShareWebServices/Services/General/AuthenticatePublisherAccount HTTP/1.1" 405 176
+2025-10-29 16:27:56,390 [134.96866583824158] notifier INFO: Requesting url https://share2.dexcom.com/ShareWebServices/Services
+2025-10-29 16:27:56,390 [134.96866583824158] pydexcom DEBUG: Retrieve glucose readings from the glucose readings endpoint
+2025-10-29 16:27:56,504 [135.08244109153748] urllib3.connectionpool DEBUG: https://share2.dexcom.com:443 "POST /ShareWebServices/Services/Publisher/ReadPublisherLatestGlucoseValues?sessionId=6f9ffcb0-70a8-4cd6-b632-ea6955d350cb&minutes=1440&maxCount=1 HTTP/1.1" 200 None
+2025-10-29 16:27:56,504 [135.08244109153748] notifier INFO: Requesting url https://share2.dexcom.com/ShareWebServices/Services
+2025-10-29 16:27:56,504 [135.08244109153748] pydexcom DEBUG: Retrieve glucose readings from the glucose readings endpoint
+2025-10-29 16:27:56,607 [135.1859061717987] status INFO: Requesting url: https://share2.dexcom.com/ShareWebServices/Services/General/AuthenticatePublisherAccount
+2025-10-29 16:27:56,607 [135.1859061717987] urllib3.connectionpool DEBUG: Starting new HTTPS connection (1): share2.dexcom.com:443
+2025-10-29 16:27:56,610 [135.18848490715027] urllib3.connectionpool DEBUG: https://share2.dexcom.com:443 "POST /ShareWebServices/Services/Publisher/ReadPublisherLatestGlucoseValues?sessionId=6f9ffcb0-70a8-4cd6-b632-ea6955d350cb&minutes=1440&maxCount=1 HTTP/1.1" 200 None
+2025-10-29 16:27:56,845 [135.42407727241516] urllib3.connectionpool DEBUG: https://share2.dexcom.com:443 "GET /ShareWebServices/Services/General/AuthenticatePublisherAccount HTTP/1.1" 405 176
+2025-10-29 16:27:57,623 [136.2016875743866] notifier INFO: Requesting url https://share2.dexcom.com/ShareWebServices/Services
+2025-10-29 16:27:57,623 [136.2016875743866] pydexcom DEBUG: Retrieve glucose readings from the glucose readings endpoint
+2025-10-29 16:27:57,713 [136.29200291633606] urllib3.connectionpool DEBUG: https://share2.dexcom.com:443 "POST /ShareWebServices/Services/Publisher/ReadPublisherLatestGlucoseValues?sessionId=6f9ffcb0-70a8-4cd6-b632-ea6955d350cb&minutes=1440&maxCount=1 HTTP/1.1" 200 None
+2025-10-29 16:27:57,729 [136.3079960346222] notifier INFO: Requesting url https://share2.dexcom.com/ShareWebServices/Services
+2025-10-29 16:27:57,729 [136.3079960346222] pydexcom DEBUG: Retrieve glucose readings from the glucose readings endpoint
+2025-10-29 16:27:57,843 [136.42174625396729] urllib3.connectionpool DEBUG: https://share2.dexcom.com:443 "POST /ShareWebServices/Services/Publisher/ReadPublisherLatestGlucoseValues?sessionId=6f9ffcb0-70a8-4cd6-b632-ea6955d350cb&minutes=1440&maxCount=1 HTTP/1.1" 200 None
+2025-10-29 16:27:57,848 [136.42658638954163] status INFO: Requesting url: https://share2.dexcom.com/ShareWebServices/Services/General/AuthenticatePublisherAccount
+2025-10-29 16:27:57,848 [136.42658638954163] urllib3.connectionpool DEBUG: Starting new HTTPS connection (1): share2.dexcom.com:443
+2025-10-29 16:27:58,023 [136.60207438468933] urllib3.connectionpool DEBUG: https://share2.dexcom.com:443 "GET /ShareWebServices/Services/General/AuthenticatePublisherAccount HTTP/1.1" 405 176
+2025-10-29 16:27:58,047 [136.62580752372742] pydexcom DEBUG: Retrieve glucose readings from the glucose readings endpoint
+2025-10-29 16:27:58,149 [136.7279758453369] urllib3.connectionpool DEBUG: https://share2.dexcom.com:443 "POST /ShareWebServices/Services/Publisher/ReadPublisherLatestGlucoseValues?sessionId=6f9ffcb0-70a8-4cd6-b632-ea6955d350cb&minutes=1440&maxCount=1 HTTP/1.1" 200 None
+2025-10-29 16:27:58,846 [137.4247899055481] notifier INFO: Requesting url https://share2.dexcom.com/ShareWebServices/Services
+2025-10-29 16:27:58,846 [137.4247899055481] pydexcom DEBUG: Retrieve glucose readings from the glucose readings endpoint
+2025-10-29 16:27:58,934 [137.5132110118866] urllib3.connectionpool DEBUG: https://share2.dexcom.com:443 "POST /ShareWebServices/Services/Publisher/ReadPublisherLatestGlucoseValues?sessionId=6f9ffcb0-70a8-4cd6-b632-ea6955d350cb&minutes=1440&maxCount=1 HTTP/1.1" 200 None
+2025-10-29 16:27:58,948 [137.5267517566681] notifier INFO: Requesting url https://share2.dexcom.com/ShareWebServices/Services
+2025-10-29 16:27:58,948 [137.5267517566681] pydexcom DEBUG: Retrieve glucose readings from the glucose readings endpoint
+2025-10-29 16:27:59,025 [137.60407948493958] status INFO: Requesting url: https://share2.dexcom.com/ShareWebServices/Services/General/AuthenticatePublisherAccount
+2025-10-29 16:27:59,025 [137.60407948493958] urllib3.connectionpool DEBUG: Starting new HTTPS connection (1): share2.dexcom.com:443
+2025-10-29 16:27:59,053 [137.63166642189026] urllib3.connectionpool DEBUG: https://share2.dexcom.com:443 "POST /ShareWebServices/Services/Publisher/ReadPublisherLatestGlucoseValues?sessionId=6f9ffcb0-70a8-4cd6-b632-ea6955d350cb&minutes=1440&maxCount=1 HTTP/1.1" 200 None
+2025-10-29 16:27:59,223 [137.80173206329346] urllib3.connectionpool DEBUG: https://share2.dexcom.com:443 "GET /ShareWebServices/Services/General/AuthenticatePublisherAccount HTTP/1.1" 405 176
+2025-10-29 16:27:59,353 [137.93227624893188] notifier INFO: Requesting url General/AuthenticatePublisherAccount
+2025-10-29 16:27:59,355 [137.93429899215698] pydexcom DEBUG: Retrieve account ID from the authentication endpoint
+2025-10-29 16:27:59,355 [137.93429899215698] urllib3.connectionpool DEBUG: Starting new HTTPS connection (1): share2.dexcom.com:443
+2025-10-29 16:27:59,771 [138.35008263587952] urllib3.connectionpool DEBUG: https://share2.dexcom.com:443 "POST /ShareWebServices/Services/General/AuthenticatePublisherAccount HTTP/1.1" 200 38
+2025-10-29 16:27:59,771 [138.35008263587952] pydexcom DEBUG: Retrieve session ID from the login endpoint
+2025-10-29 16:28:00,056 [138.63475918769836] notifier INFO: Requesting url https://share2.dexcom.com/ShareWebServices/Services
+2025-10-29 16:28:00,056 [138.63475918769836] pydexcom DEBUG: Retrieve glucose readings from the glucose readings endpoint
+2025-10-29 16:28:00,177 [138.7554132938385] urllib3.connectionpool DEBUG: https://share2.dexcom.com:443 "POST /ShareWebServices/Services/General/LoginPublisherAccountById HTTP/1.1" 200 38
+2025-10-29 16:28:00,184 [138.76278853416443] pydexcom DEBUG: Retrieve glucose readings from the glucose readings endpoint
+2025-10-29 16:28:00,191 [138.76935291290283] urllib3.connectionpool DEBUG: https://share2.dexcom.com:443 "POST /ShareWebServices/Services/Publisher/ReadPublisherLatestGlucoseValues?sessionId=6f9ffcb0-70a8-4cd6-b632-ea6955d350cb&minutes=1440&maxCount=1 HTTP/1.1" 200 None
+2025-10-29 16:28:00,191 [138.76935291290283] notifier INFO: Requesting url https://share2.dexcom.com/ShareWebServices/Services
+2025-10-29 16:28:00,193 [138.77135848999023] pydexcom DEBUG: Retrieve glucose readings from the glucose readings endpoint
+2025-10-29 16:28:00,225 [138.80398154258728] status INFO: Requesting url: https://share2.dexcom.com/ShareWebServices/Services/General/AuthenticatePublisherAccount
+2025-10-29 16:28:00,225 [138.80398154258728] urllib3.connectionpool DEBUG: Starting new HTTPS connection (1): share2.dexcom.com:443
+2025-10-29 16:28:00,279 [138.8580024242401] urllib3.connectionpool DEBUG: https://share2.dexcom.com:443 "POST /ShareWebServices/Services/Publisher/ReadPublisherLatestGlucoseValues?sessionId=6f9ffcb0-70a8-4cd6-b632-ea6955d350cb&minutes=1440&maxCount=1 HTTP/1.1" 200 None
+2025-10-29 16:28:00,302 [138.88035941123962] urllib3.connectionpool DEBUG: https://share2.dexcom.com:443 "POST /ShareWebServices/Services/Publisher/ReadPublisherLatestGlucoseValues?sessionId=6f9ffcb0-70a8-4cd6-b632-ea6955d350cb&minutes=1440&maxCount=1 HTTP/1.1" 200 None
+2025-10-29 16:28:00,366 [138.9451138973236] urllib3.connectionpool DEBUG: https://share2.dexcom.com:443 "GET /ShareWebServices/Services/General/AuthenticatePublisherAccount HTTP/1.1" 405 176
+2025-10-29 16:28:01,304 [139.88271975517273] notifier INFO: Requesting url https://share2.dexcom.com/ShareWebServices/Services
+2025-10-29 16:28:01,304 [139.88271975517273] pydexcom DEBUG: Retrieve glucose readings from the glucose readings endpoint
+2025-10-29 16:28:01,369 [139.94792795181274] status INFO: Requesting url: https://share2.dexcom.com/ShareWebServices/Services/General/AuthenticatePublisherAccount
+2025-10-29 16:28:01,369 [139.94792795181274] urllib3.connectionpool DEBUG: Starting new HTTPS connection (1): share2.dexcom.com:443
+2025-10-29 16:28:01,407 [139.98557710647583] urllib3.connectionpool DEBUG: https://share2.dexcom.com:443 "POST /ShareWebServices/Services/Publisher/ReadPublisherLatestGlucoseValues?sessionId=6f9ffcb0-70a8-4cd6-b632-ea6955d350cb&minutes=1440&maxCount=1 HTTP/1.1" 200 None
+2025-10-29 16:28:01,407 [139.98557710647583] notifier INFO: Requesting url https://share2.dexcom.com/ShareWebServices/Services
+2025-10-29 16:28:01,407 [139.98557710647583] pydexcom DEBUG: Retrieve glucose readings from the glucose readings endpoint
+2025-10-29 16:28:01,503 [140.08184432983398] urllib3.connectionpool DEBUG: https://share2.dexcom.com:443 "POST /ShareWebServices/Services/Publisher/ReadPublisherLatestGlucoseValues?sessionId=6f9ffcb0-70a8-4cd6-b632-ea6955d350cb&minutes=1440&maxCount=1 HTTP/1.1" 200 None
+2025-10-29 16:28:01,553 [140.13161873817444] urllib3.connectionpool DEBUG: https://share2.dexcom.com:443 "GET /ShareWebServices/Services/General/AuthenticatePublisherAccount HTTP/1.1" 405 176
+2025-10-29 16:28:02,521 [141.09977006912231] notifier INFO: Requesting url https://share2.dexcom.com/ShareWebServices/Services
+2025-10-29 16:28:02,521 [141.09977006912231] pydexcom DEBUG: Retrieve glucose readings from the glucose readings endpoint
+2025-10-29 16:28:02,556 [141.1350553035736] status INFO: Requesting url: https://share2.dexcom.com/ShareWebServices/Services/General/AuthenticatePublisherAccount
+2025-10-29 16:28:02,556 [141.1350553035736] urllib3.connectionpool DEBUG: Starting new HTTPS connection (1): share2.dexcom.com:443
+2025-10-29 16:28:02,624 [141.20260524749756] urllib3.connectionpool DEBUG: https://share2.dexcom.com:443 "POST /ShareWebServices/Services/Publisher/ReadPublisherLatestGlucoseValues?sessionId=6f9ffcb0-70a8-4cd6-b632-ea6955d350cb&minutes=1440&maxCount=1 HTTP/1.1" 200 None
+2025-10-29 16:28:02,624 [141.20260524749756] notifier INFO: Requesting url https://share2.dexcom.com/ShareWebServices/Services
+2025-10-29 16:28:02,624 [141.20260524749756] pydexcom DEBUG: Retrieve glucose readings from the glucose readings endpoint
+2025-10-29 16:28:02,761 [141.3399519920349] urllib3.connectionpool DEBUG: https://share2.dexcom.com:443 "POST /ShareWebServices/Services/Publisher/ReadPublisherLatestGlucoseValues?sessionId=6f9ffcb0-70a8-4cd6-b632-ea6955d350cb&minutes=1440&maxCount=1 HTTP/1.1" 200 None
+2025-10-29 16:28:02,799 [141.3777117729187] urllib3.connectionpool DEBUG: https://share2.dexcom.com:443 "GET /ShareWebServices/Services/General/AuthenticatePublisherAccount HTTP/1.1" 405 176
+2025-10-29 16:28:03,169 [141.7475302219391] pydexcom DEBUG: Retrieve glucose readings from the glucose readings endpoint
+2025-10-29 16:28:03,270 [141.84929418563843] urllib3.connectionpool DEBUG: https://share2.dexcom.com:443 "POST /ShareWebServices/Services/Publisher/ReadPublisherLatestGlucoseValues?sessionId=6f9ffcb0-70a8-4cd6-b632-ea6955d350cb&minutes=1440&maxCount=1 HTTP/1.1" 200 None
+2025-10-29 16:28:03,764 [142.34292936325073] notifier INFO: Requesting url https://share2.dexcom.com/ShareWebServices/Services
+2025-10-29 16:28:03,764 [142.34292936325073] pydexcom DEBUG: Retrieve glucose readings from the glucose readings endpoint
+2025-10-29 16:28:03,801 [142.38004064559937] status INFO: Requesting url: https://share2.dexcom.com/ShareWebServices/Services/General/AuthenticatePublisherAccount
+2025-10-29 16:28:03,801 [142.38004064559937] urllib3.connectionpool DEBUG: Starting new HTTPS connection (1): share2.dexcom.com:443
+2025-10-29 16:28:03,967 [142.54588317871094] urllib3.connectionpool DEBUG: https://share2.dexcom.com:443 "GET /ShareWebServices/Services/General/AuthenticatePublisherAccount HTTP/1.1" 405 176
+2025-10-29 16:28:04,194 [142.77254247665405] urllib3.connectionpool DEBUG: https://share2.dexcom.com:443 "POST /ShareWebServices/Services/Publisher/ReadPublisherLatestGlucoseValues?sessionId=6f9ffcb0-70a8-4cd6-b632-ea6955d350cb&minutes=1440&maxCount=1 HTTP/1.1" 200 None
+2025-10-29 16:28:04,194 [142.77254247665405] notifier INFO: Requesting url https://share2.dexcom.com/ShareWebServices/Services
+2025-10-29 16:28:04,194 [142.77254247665405] pydexcom DEBUG: Retrieve glucose readings from the glucose readings endpoint
+2025-10-29 16:28:04,289 [142.86786317825317] urllib3.connectionpool DEBUG: https://share2.dexcom.com:443 "POST /ShareWebServices/Services/Publisher/ReadPublisherLatestGlucoseValues?sessionId=6f9ffcb0-70a8-4cd6-b632-ea6955d350cb&minutes=1440&maxCount=1 HTTP/1.1" 200 None
+2025-10-29 16:28:04,968 [143.54710245132446] status INFO: Requesting url: https://share2.dexcom.com/ShareWebServices/Services/General/AuthenticatePublisherAccount
+2025-10-29 16:28:04,970 [143.54921531677246] urllib3.connectionpool DEBUG: Starting new HTTPS connection (1): share2.dexcom.com:443
+2025-10-29 16:28:05,118 [143.6972689628601] urllib3.connectionpool DEBUG: https://share2.dexcom.com:443 "GET /ShareWebServices/Services/General/AuthenticatePublisherAccount HTTP/1.1" 405 176
+2025-10-29 16:28:05,292 [143.87038660049438] notifier INFO: Requesting url General/AuthenticatePublisherAccount
+2025-10-29 16:28:05,292 [143.87038660049438] pydexcom DEBUG: Retrieve account ID from the authentication endpoint
+2025-10-29 16:28:05,294 [143.87240481376648] urllib3.connectionpool DEBUG: Starting new HTTPS connection (1): share2.dexcom.com:443
+2025-10-29 16:28:05,296 [143.87441968917847] notifier INFO: Requesting url https://share2.dexcom.com/ShareWebServices/Services
+2025-10-29 16:28:05,296 [143.87441968917847] pydexcom DEBUG: Retrieve glucose readings from the glucose readings endpoint
+2025-10-29 16:28:05,409 [143.98803853988647] urllib3.connectionpool DEBUG: https://share2.dexcom.com:443 "POST /ShareWebServices/Services/Publisher/ReadPublisherLatestGlucoseValues?sessionId=6f9ffcb0-70a8-4cd6-b632-ea6955d350cb&minutes=1440&maxCount=1 HTTP/1.1" 200 None
+2025-10-29 16:28:05,409 [143.98803853988647] notifier INFO: Requesting url https://share2.dexcom.com/ShareWebServices/Services
+2025-10-29 16:28:05,411 [143.99016094207764] pydexcom DEBUG: Retrieve glucose readings from the glucose readings endpoint
+2025-10-29 16:28:05,506 [144.08467841148376] urllib3.connectionpool DEBUG: https://share2.dexcom.com:443 "POST /ShareWebServices/Services/Publisher/ReadPublisherLatestGlucoseValues?sessionId=6f9ffcb0-70a8-4cd6-b632-ea6955d350cb&minutes=1440&maxCount=1 HTTP/1.1" 200 None
+2025-10-29 16:28:05,834 [144.4126443862915] urllib3.connectionpool DEBUG: https://share2.dexcom.com:443 "POST /ShareWebServices/Services/General/AuthenticatePublisherAccount HTTP/1.1" 200 38
+2025-10-29 16:28:05,834 [144.4126443862915] pydexcom DEBUG: Retrieve session ID from the login endpoint
+2025-10-29 16:28:06,128 [144.70669054985046] status INFO: Requesting url: https://share2.dexcom.com/ShareWebServices/Services/General/AuthenticatePublisherAccount
+2025-10-29 16:28:06,128 [144.70669054985046] urllib3.connectionpool DEBUG: Starting new HTTPS connection (1): share2.dexcom.com:443
+2025-10-29 16:28:06,236 [144.8151659965515] urllib3.connectionpool DEBUG: https://share2.dexcom.com:443 "POST /ShareWebServices/Services/General/LoginPublisherAccountById HTTP/1.1" 200 38
+2025-10-29 16:28:06,248 [144.82729840278625] pydexcom DEBUG: Retrieve glucose readings from the glucose readings endpoint
+2025-10-29 16:28:06,296 [144.87455463409424] urllib3.connectionpool DEBUG: https://share2.dexcom.com:443 "GET /ShareWebServices/Services/General/AuthenticatePublisherAccount HTTP/1.1" 405 176
+2025-10-29 16:28:06,365 [144.94356489181519] urllib3.connectionpool DEBUG: https://share2.dexcom.com:443 "POST /ShareWebServices/Services/Publisher/ReadPublisherLatestGlucoseValues?sessionId=6f9ffcb0-70a8-4cd6-b632-ea6955d350cb&minutes=1440&maxCount=1 HTTP/1.1" 200 None
+2025-10-29 16:28:06,512 [145.0908875465393] notifier INFO: Requesting url https://share2.dexcom.com/ShareWebServices/Services
+2025-10-29 16:28:06,512 [145.0908875465393] pydexcom DEBUG: Retrieve glucose readings from the glucose readings endpoint
+2025-10-29 16:28:06,755 [145.33396911621094] urllib3.connectionpool DEBUG: https://share2.dexcom.com:443 "POST /ShareWebServices/Services/Publisher/ReadPublisherLatestGlucoseValues?sessionId=6f9ffcb0-70a8-4cd6-b632-ea6955d350cb&minutes=1440&maxCount=1 HTTP/1.1" 200 None
+2025-10-29 16:28:06,755 [145.33396911621094] notifier INFO: Requesting url https://share2.dexcom.com/ShareWebServices/Services
+2025-10-29 16:28:06,755 [145.33396911621094] pydexcom DEBUG: Retrieve glucose readings from the glucose readings endpoint
+2025-10-29 16:28:06,869 [145.4478862285614] urllib3.connectionpool DEBUG: https://share2.dexcom.com:443 "POST /ShareWebServices/Services/Publisher/ReadPublisherLatestGlucoseValues?sessionId=6f9ffcb0-70a8-4cd6-b632-ea6955d350cb&minutes=1440&maxCount=1 HTTP/1.1" 200 None
+2025-10-29 16:28:07,298 [145.87730169296265] status INFO: Requesting url: https://share2.dexcom.com/ShareWebServices/Services/General/AuthenticatePublisherAccount
+2025-10-29 16:28:07,301 [145.87970757484436] urllib3.connectionpool DEBUG: Starting new HTTPS connection (1): share2.dexcom.com:443
+2025-10-29 16:28:07,515 [146.0941517353058] urllib3.connectionpool DEBUG: https://share2.dexcom.com:443 "GET /ShareWebServices/Services/General/AuthenticatePublisherAccount HTTP/1.1" 405 176
+2025-10-29 16:28:07,870 [146.44918584823608] notifier INFO: Requesting url https://share2.dexcom.com/ShareWebServices/Services
+2025-10-29 16:28:07,870 [146.44918584823608] pydexcom DEBUG: Retrieve glucose readings from the glucose readings endpoint
+2025-10-29 16:28:08,105 [146.68350338935852] urllib3.connectionpool DEBUG: https://share2.dexcom.com:443 "POST /ShareWebServices/Services/Publisher/ReadPublisherLatestGlucoseValues?sessionId=6f9ffcb0-70a8-4cd6-b632-ea6955d350cb&minutes=1440&maxCount=1 HTTP/1.1" 200 None
+2025-10-29 16:28:08,105 [146.68350338935852] notifier INFO: Requesting url https://share2.dexcom.com/ShareWebServices/Services
+2025-10-29 16:28:08,105 [146.68350338935852] pydexcom DEBUG: Retrieve glucose readings from the glucose readings endpoint
+2025-10-29 16:28:08,225 [146.80416202545166] urllib3.connectionpool DEBUG: https://share2.dexcom.com:443 "POST /ShareWebServices/Services/Publisher/ReadPublisherLatestGlucoseValues?sessionId=6f9ffcb0-70a8-4cd6-b632-ea6955d350cb&minutes=1440&maxCount=1 HTTP/1.1" 200 None
+2025-10-29 16:28:08,295 [146.87335658073425] pydexcom DEBUG: Retrieve glucose readings from the glucose readings endpoint
+2025-10-29 16:28:08,490 [147.06843972206116] urllib3.connectionpool DEBUG: https://share2.dexcom.com:443 "POST /ShareWebServices/Services/Publisher/ReadPublisherLatestGlucoseValues?sessionId=6f9ffcb0-70a8-4cd6-b632-ea6955d350cb&minutes=1440&maxCount=1 HTTP/1.1" 200 None
+2025-10-29 16:28:08,519 [147.0977165699005] status INFO: Requesting url: https://share2.dexcom.com/ShareWebServices/Services/General/AuthenticatePublisherAccount
+2025-10-29 16:28:08,519 [147.0977165699005] urllib3.connectionpool DEBUG: Starting new HTTPS connection (1): share2.dexcom.com:443
+2025-10-29 16:28:08,658 [147.23711895942688] urllib3.connectionpool DEBUG: https://share2.dexcom.com:443 "GET /ShareWebServices/Services/General/AuthenticatePublisherAccount HTTP/1.1" 405 176
+2025-10-29 16:28:09,233 [147.81196451187134] notifier INFO: Requesting url https://share2.dexcom.com/ShareWebServices/Services
+2025-10-29 16:28:09,233 [147.81196451187134] pydexcom DEBUG: Retrieve glucose readings from the glucose readings endpoint
+2025-10-29 16:28:09,353 [147.93176102638245] urllib3.connectionpool DEBUG: https://share2.dexcom.com:443 "POST /ShareWebServices/Services/Publisher/ReadPublisherLatestGlucoseValues?sessionId=6f9ffcb0-70a8-4cd6-b632-ea6955d350cb&minutes=1440&maxCount=1 HTTP/1.1" 200 None
+2025-10-29 16:28:09,355 [147.93426251411438] notifier INFO: Requesting url https://share2.dexcom.com/ShareWebServices/Services
+2025-10-29 16:28:09,355 [147.93426251411438] pydexcom DEBUG: Retrieve glucose readings from the glucose readings endpoint
+2025-10-29 16:28:09,457 [148.03624153137207] urllib3.connectionpool DEBUG: https://share2.dexcom.com:443 "POST /ShareWebServices/Services/Publisher/ReadPublisherLatestGlucoseValues?sessionId=6f9ffcb0-70a8-4cd6-b632-ea6955d350cb&minutes=1440&maxCount=1 HTTP/1.1" 200 None
+2025-10-29 16:28:09,664 [148.24259328842163] status INFO: Requesting url: https://share2.dexcom.com/ShareWebServices/Services/General/AuthenticatePublisherAccount
+2025-10-29 16:28:09,664 [148.24259328842163] urllib3.connectionpool DEBUG: Starting new HTTPS connection (1): share2.dexcom.com:443
+2025-10-29 16:28:09,816 [148.39603209495544] urllib3.connectionpool DEBUG: https://share2.dexcom.com:443 "GET /ShareWebServices/Services/General/AuthenticatePublisherAccount HTTP/1.1" 405 176
+2025-10-29 16:28:10,460 [149.03898811340332] notifier INFO: Requesting url https://share2.dexcom.com/ShareWebServices/Services
+2025-10-29 16:28:10,460 [149.03898811340332] pydexcom DEBUG: Retrieve glucose readings from the glucose readings endpoint
+2025-10-29 16:28:10,569 [149.14765453338623] urllib3.connectionpool DEBUG: https://share2.dexcom.com:443 "POST /ShareWebServices/Services/Publisher/ReadPublisherLatestGlucoseValues?sessionId=6f9ffcb0-70a8-4cd6-b632-ea6955d350cb&minutes=1440&maxCount=1 HTTP/1.1" 200 None
+2025-10-29 16:28:10,569 [149.14765453338623] notifier INFO: Requesting url https://share2.dexcom.com/ShareWebServices/Services
+2025-10-29 16:28:10,569 [149.14765453338623] pydexcom DEBUG: Retrieve glucose readings from the glucose readings endpoint
+2025-10-29 16:28:10,668 [149.24648261070251] urllib3.connectionpool DEBUG: https://share2.dexcom.com:443 "POST /ShareWebServices/Services/Publisher/ReadPublisherLatestGlucoseValues?sessionId=6f9ffcb0-70a8-4cd6-b632-ea6955d350cb&minutes=1440&maxCount=1 HTTP/1.1" 200 None
+2025-10-29 16:28:10,819 [149.3981511592865] status INFO: Requesting url: https://share2.dexcom.com/ShareWebServices/Services/General/AuthenticatePublisherAccount
+2025-10-29 16:28:10,819 [149.3981511592865] urllib3.connectionpool DEBUG: Starting new HTTPS connection (1): share2.dexcom.com:443
+2025-10-29 16:28:10,965 [149.54359221458435] urllib3.connectionpool DEBUG: https://share2.dexcom.com:443 "GET /ShareWebServices/Services/General/AuthenticatePublisherAccount HTTP/1.1" 405 176
+2025-10-29 16:28:11,370 [149.95559453964233] notifier INFO: Requesting url General/AuthenticatePublisherAccount
+2025-10-29 16:28:11,377 [149.95559453964233] pydexcom DEBUG: Retrieve account ID from the authentication endpoint
+2025-10-29 16:28:11,379 [149.95733785629272] urllib3.connectionpool DEBUG: Starting new HTTPS connection (1): share2.dexcom.com:443
+2025-10-29 16:28:11,680 [150.2589147090912] notifier INFO: Requesting url https://share2.dexcom.com/ShareWebServices/Services
+2025-10-29 16:28:11,680 [150.2589147090912] pydexcom DEBUG: Retrieve glucose readings from the glucose readings endpoint
+2025-10-29 16:28:11,800 [150.37872004508972] urllib3.connectionpool DEBUG: https://share2.dexcom.com:443 "POST /ShareWebServices/Services/Publisher/ReadPublisherLatestGlucoseValues?sessionId=6f9ffcb0-70a8-4cd6-b632-ea6955d350cb&minutes=1440&maxCount=1 HTTP/1.1" 200 None
+2025-10-29 16:28:11,800 [150.37872004508972] notifier INFO: Requesting url https://share2.dexcom.com/ShareWebServices/Services
+2025-10-29 16:28:11,800 [150.37872004508972] pydexcom DEBUG: Retrieve glucose readings from the glucose readings endpoint
+2025-10-29 16:28:11,806 [150.38460230827332] urllib3.connectionpool DEBUG: https://share2.dexcom.com:443 "POST /ShareWebServices/Services/General/AuthenticatePublisherAccount HTTP/1.1" 200 38
+2025-10-29 16:28:11,806 [150.38460230827332] pydexcom DEBUG: Retrieve session ID from the login endpoint
+2025-10-29 16:28:11,968 [150.5466969013214] status INFO: Requesting url: https://share2.dexcom.com/ShareWebServices/Services/General/AuthenticatePublisherAccount
+2025-10-29 16:28:11,968 [150.5466969013214] urllib3.connectionpool DEBUG: Starting new HTTPS connection (1): share2.dexcom.com:443
+2025-10-29 16:28:11,998 [150.57680296897888] urllib3.connectionpool DEBUG: https://share2.dexcom.com:443 "POST /ShareWebServices/Services/Publisher/ReadPublisherLatestGlucoseValues?sessionId=6f9ffcb0-70a8-4cd6-b632-ea6955d350cb&minutes=1440&maxCount=1 HTTP/1.1" 200 None
+2025-10-29 16:28:12,103 [150.68216514587402] urllib3.connectionpool DEBUG: https://share2.dexcom.com:443 "GET /ShareWebServices/Services/General/AuthenticatePublisherAccount HTTP/1.1" 405 176
+2025-10-29 16:28:12,250 [150.82931637763977] urllib3.connectionpool DEBUG: https://share2.dexcom.com:443 "POST /ShareWebServices/Services/General/LoginPublisherAccountById HTTP/1.1" 200 38
+2025-10-29 16:28:12,250 [150.82931637763977] pydexcom DEBUG: Retrieve glucose readings from the glucose readings endpoint
+2025-10-29 16:28:12,357 [150.93629598617554] urllib3.connectionpool DEBUG: https://share2.dexcom.com:443 "POST /ShareWebServices/Services/Publisher/ReadPublisherLatestGlucoseValues?sessionId=6f9ffcb0-70a8-4cd6-b632-ea6955d350cb&minutes=1440&maxCount=1 HTTP/1.1" 200 None
+2025-10-29 16:28:13,000 [151.5789966583252] notifier INFO: Requesting url https://share2.dexcom.com/ShareWebServices/Services
+2025-10-29 16:28:13,000 [151.5789966583252] pydexcom DEBUG: Retrieve glucose readings from the glucose readings endpoint
+2025-10-29 16:28:13,113 [151.69138860702515] status INFO: Requesting url: https://share2.dexcom.com/ShareWebServices/Services/General/AuthenticatePublisherAccount
+2025-10-29 16:28:13,113 [151.69138860702515] urllib3.connectionpool DEBUG: Starting new HTTPS connection (1): share2.dexcom.com:443
+2025-10-29 16:28:13,119 [151.69828867912292] urllib3.connectionpool DEBUG: https://share2.dexcom.com:443 "POST /ShareWebServices/Services/Publisher/ReadPublisherLatestGlucoseValues?sessionId=6f9ffcb0-70a8-4cd6-b632-ea6955d350cb&minutes=1440&maxCount=1 HTTP/1.1" 200 None
+2025-10-29 16:28:13,119 [151.69828867912292] notifier INFO: Requesting url https://share2.dexcom.com/ShareWebServices/Services
+2025-10-29 16:28:13,119 [151.69828867912292] pydexcom DEBUG: Retrieve glucose readings from the glucose readings endpoint
+2025-10-29 16:28:13,208 [151.78665328025818] urllib3.connectionpool DEBUG: https://share2.dexcom.com:443 "POST /ShareWebServices/Services/Publisher/ReadPublisherLatestGlucoseValues?sessionId=6f9ffcb0-70a8-4cd6-b632-ea6955d350cb&minutes=1440&maxCount=1 HTTP/1.1" 200 None
+2025-10-29 16:28:13,319 [151.89822220802307] urllib3.connectionpool DEBUG: https://share2.dexcom.com:443 "GET /ShareWebServices/Services/General/AuthenticatePublisherAccount HTTP/1.1" 405 176
+2025-10-29 16:28:13,505 [152.08425617218018] pydexcom DEBUG: Retrieve glucose readings from the glucose readings endpoint
+2025-10-29 16:28:13,623 [152.20192909240723] urllib3.connectionpool DEBUG: https://share2.dexcom.com:443 "POST /ShareWebServices/Services/Publisher/ReadPublisherLatestGlucoseValues?sessionId=6f9ffcb0-70a8-4cd6-b632-ea6955d350cb&minutes=1440&maxCount=1 HTTP/1.1" 200 None
+2025-10-29 16:28:14,216 [152.79463267326355] notifier INFO: Requesting url https://share2.dexcom.com/ShareWebServices/Services
+2025-10-29 16:28:14,216 [152.79463267326355] pydexcom DEBUG: Retrieve glucose readings from the glucose readings endpoint
+2025-10-29 16:28:14,319 [152.8974483013153] urllib3.connectionpool DEBUG: https://share2.dexcom.com:443 "POST /ShareWebServices/Services/Publisher/ReadPublisherLatestGlucoseValues?sessionId=6f9ffcb0-70a8-4cd6-b632-ea6955d350cb&minutes=1440&maxCount=1 HTTP/1.1" 200 None
+2025-10-29 16:28:14,319 [152.8974483013153] notifier INFO: Requesting url https://share2.dexcom.com/ShareWebServices/Services
+2025-10-29 16:28:14,319 [152.8974483013153] pydexcom DEBUG: Retrieve glucose readings from the glucose readings endpoint
+2025-10-29 16:28:14,322 [152.9004545211792] status INFO: Requesting url: https://share2.dexcom.com/ShareWebServices/Services/General/AuthenticatePublisherAccount
+2025-10-29 16:28:14,322 [152.9004545211792] urllib3.connectionpool DEBUG: Starting new HTTPS connection (1): share2.dexcom.com:443
+2025-10-29 16:28:14,436 [153.01509046554565] urllib3.connectionpool DEBUG: https://share2.dexcom.com:443 "POST /ShareWebServices/Services/Publisher/ReadPublisherLatestGlucoseValues?sessionId=6f9ffcb0-70a8-4cd6-b632-ea6955d350cb&minutes=1440&maxCount=1 HTTP/1.1" 200 None
+2025-10-29 16:28:14,467 [153.04631781578064] urllib3.connectionpool DEBUG: https://share2.dexcom.com:443 "GET /ShareWebServices/Services/General/AuthenticatePublisherAccount HTTP/1.1" 405 176
+2025-10-29 16:28:15,446 [154.02531099319458] notifier INFO: Requesting url https://share2.dexcom.com/ShareWebServices/Services
+2025-10-29 16:28:15,446 [154.02531099319458] pydexcom DEBUG: Retrieve glucose readings from the glucose readings endpoint
+2025-10-29 16:28:15,471 [154.05007791519165] status INFO: Requesting url: https://share2.dexcom.com/ShareWebServices/Services/General/AuthenticatePublisherAccount
+2025-10-29 16:28:15,472 [154.05110788345337] urllib3.connectionpool DEBUG: Starting new HTTPS connection (1): share2.dexcom.com:443
+2025-10-29 16:28:15,550 [154.1289210319519] urllib3.connectionpool DEBUG: https://share2.dexcom.com:443 "POST /ShareWebServices/Services/Publisher/ReadPublisherLatestGlucoseValues?sessionId=6f9ffcb0-70a8-4cd6-b632-ea6955d350cb&minutes=1440&maxCount=1 HTTP/1.1" 200 None
+2025-10-29 16:28:15,550 [154.1289210319519] notifier INFO: Requesting url https://share2.dexcom.com/ShareWebServices/Services
+2025-10-29 16:28:15,552 [154.13093328475952] pydexcom DEBUG: Retrieve glucose readings from the glucose readings endpoint
+2025-10-29 16:28:15,619 [154.19768047332764] urllib3.connectionpool DEBUG: https://share2.dexcom.com:443 "GET /ShareWebServices/Services/General/AuthenticatePublisherAccount HTTP/1.1" 405 176
+2025-10-29 16:28:15,673 [154.25231432914734] urllib3.connectionpool DEBUG: https://share2.dexcom.com:443 "POST /ShareWebServices/Services/Publisher/ReadPublisherLatestGlucoseValues?sessionId=6f9ffcb0-70a8-4cd6-b632-ea6955d350cb&minutes=1440&maxCount=1 HTTP/1.1" 200 None
+2025-10-29 16:28:16,632 [155.2105438709259] status INFO: Requesting url: https://share2.dexcom.com/ShareWebServices/Services/General/AuthenticatePublisherAccount
+2025-10-29 16:28:16,633 [155.2137508392334] urllib3.connectionpool DEBUG: Starting new HTTPS connection (1): share2.dexcom.com:443
+2025-10-29 16:28:16,676 [155.25450468063354] notifier INFO: Requesting url https://share2.dexcom.com/ShareWebServices/Services
+2025-10-29 16:28:16,676 [155.25450468063354] pydexcom DEBUG: Retrieve glucose readings from the glucose readings endpoint
+2025-10-29 16:28:16,804 [155.38234972953796] urllib3.connectionpool DEBUG: https://share2.dexcom.com:443 "POST /ShareWebServices/Services/Publisher/ReadPublisherLatestGlucoseValues?sessionId=6f9ffcb0-70a8-4cd6-b632-ea6955d350cb&minutes=1440&maxCount=1 HTTP/1.1" 200 None
+2025-10-29 16:28:16,812 [155.39114665985107] notifier INFO: Requesting url https://share2.dexcom.com/ShareWebServices/Services
+2025-10-29 16:28:16,812 [155.39114665985107] pydexcom DEBUG: Retrieve glucose readings from the glucose readings endpoint
+2025-10-29 16:28:16,873 [155.45232248306274] urllib3.connectionpool DEBUG: https://share2.dexcom.com:443 "GET /ShareWebServices/Services/General/AuthenticatePublisherAccount HTTP/1.1" 405 176
+2025-10-29 16:28:16,919 [155.4974706172943] urllib3.connectionpool DEBUG: https://share2.dexcom.com:443 "POST /ShareWebServices/Services/Publisher/ReadPublisherLatestGlucoseValues?sessionId=6f9ffcb0-70a8-4cd6-b632-ea6955d350cb&minutes=1440&maxCount=1 HTTP/1.1" 200 None
+2025-10-29 16:28:17,372 [155.9510896205902] notifier INFO: Requesting url General/AuthenticatePublisherAccount
+2025-10-29 16:28:17,372 [155.9510896205902] pydexcom DEBUG: Retrieve account ID from the authentication endpoint
+2025-10-29 16:28:17,378 [155.95644783973694] urllib3.connectionpool DEBUG: Starting new HTTPS connection (1): share2.dexcom.com:443
+2025-10-29 16:28:17,785 [156.36339044570923] urllib3.connectionpool DEBUG: https://share2.dexcom.com:443 "POST /ShareWebServices/Services/General/AuthenticatePublisherAccount HTTP/1.1" 200 38
+2025-10-29 16:28:17,785 [156.36339044570923] pydexcom DEBUG: Retrieve session ID from the login endpoint
+2025-10-29 16:28:17,893 [156.47190499305725] status INFO: Requesting url: https://share2.dexcom.com/ShareWebServices/Services/General/AuthenticatePublisherAccount
+2025-10-29 16:28:17,895 [156.47393155097961] urllib3.connectionpool DEBUG: Starting new HTTPS connection (1): share2.dexcom.com:443
+2025-10-29 16:28:17,922 [156.50068402290344] notifier INFO: Requesting url https://share2.dexcom.com/ShareWebServices/Services
+2025-10-29 16:28:17,922 [156.50068402290344] pydexcom DEBUG: Retrieve glucose readings from the glucose readings endpoint
+2025-10-29 16:28:18,029 [156.6082649230957] urllib3.connectionpool DEBUG: https://share2.dexcom.com:443 "POST /ShareWebServices/Services/Publisher/ReadPublisherLatestGlucoseValues?sessionId=6f9ffcb0-70a8-4cd6-b632-ea6955d350cb&minutes=1440&maxCount=1 HTTP/1.1" 200 None
+2025-10-29 16:28:18,029 [156.6082649230957] notifier INFO: Requesting url https://share2.dexcom.com/ShareWebServices/Services
+2025-10-29 16:28:18,029 [156.6082649230957] pydexcom DEBUG: Retrieve glucose readings from the glucose readings endpoint
+2025-10-29 16:28:18,072 [156.6510272026062] urllib3.connectionpool DEBUG: https://share2.dexcom.com:443 "GET /ShareWebServices/Services/General/AuthenticatePublisherAccount HTTP/1.1" 405 176
+2025-10-29 16:28:18,140 [156.71876406669617] urllib3.connectionpool DEBUG: https://share2.dexcom.com:443 "POST /ShareWebServices/Services/Publisher/ReadPublisherLatestGlucoseValues?sessionId=6f9ffcb0-70a8-4cd6-b632-ea6955d350cb&minutes=1440&maxCount=1 HTTP/1.1" 200 None
+2025-10-29 16:28:18,321 [156.9000973701477] urllib3.connectionpool DEBUG: https://share2.dexcom.com:443 "POST /ShareWebServices/Services/General/LoginPublisherAccountById HTTP/1.1" 200 38
+2025-10-29 16:28:18,342 [156.921160697937] pydexcom DEBUG: Retrieve glucose readings from the glucose readings endpoint
+2025-10-29 16:28:18,436 [157.01517128944397] urllib3.connectionpool DEBUG: https://share2.dexcom.com:443 "POST /ShareWebServices/Services/Publisher/ReadPublisherLatestGlucoseValues?sessionId=6f9ffcb0-70a8-4cd6-b632-ea6955d350cb&minutes=1440&maxCount=1 HTTP/1.1" 200 None
+2025-10-29 16:28:18,644 [157.22283840179443] pydexcom DEBUG: Retrieve glucose readings from the glucose readings endpoint
+2025-10-29 16:28:18,843 [157.42188453674316] urllib3.connectionpool DEBUG: https://share2.dexcom.com:443 "POST /ShareWebServices/Services/Publisher/ReadPublisherLatestGlucoseValues?sessionId=6f9ffcb0-70a8-4cd6-b632-ea6955d350cb&minutes=1440&maxCount=1 HTTP/1.1" 200 None
+2025-10-29 16:28:19,077 [157.6559431552887] status INFO: Requesting url: https://share2.dexcom.com/ShareWebServices/Services/General/AuthenticatePublisherAccount
+2025-10-29 16:28:19,078 [157.65713119506836] urllib3.connectionpool DEBUG: Starting new HTTPS connection (1): share2.dexcom.com:443
+2025-10-29 16:28:19,143 [157.7216169834137] notifier INFO: Requesting url https://share2.dexcom.com/ShareWebServices/Services
+2025-10-29 16:28:19,143 [157.7216169834137] pydexcom DEBUG: Retrieve glucose readings from the glucose readings endpoint
+2025-10-29 16:28:19,261 [157.8402121067047] urllib3.connectionpool DEBUG: https://share2.dexcom.com:443 "POST /ShareWebServices/Services/Publisher/ReadPublisherLatestGlucoseValues?sessionId=6f9ffcb0-70a8-4cd6-b632-ea6955d350cb&minutes=1440&maxCount=1 HTTP/1.1" 200 None
+2025-10-29 16:28:19,261 [157.8402121067047] notifier INFO: Requesting url https://share2.dexcom.com/ShareWebServices/Services
+2025-10-29 16:28:19,261 [157.8402121067047] pydexcom DEBUG: Retrieve glucose readings from the glucose readings endpoint
+2025-10-29 16:28:19,284 [157.86330723762512] urllib3.connectionpool DEBUG: https://share2.dexcom.com:443 "GET /ShareWebServices/Services/General/AuthenticatePublisherAccount HTTP/1.1" 405 176
+2025-10-29 16:28:19,452 [158.03096055984497] urllib3.connectionpool DEBUG: https://share2.dexcom.com:443 "POST /ShareWebServices/Services/Publisher/ReadPublisherLatestGlucoseValues?sessionId=6f9ffcb0-70a8-4cd6-b632-ea6955d350cb&minutes=1440&maxCount=1 HTTP/1.1" 200 None
+2025-10-29 16:28:20,290 [158.86912274360657] status INFO: Requesting url: https://share2.dexcom.com/ShareWebServices/Services/General/AuthenticatePublisherAccount
+2025-10-29 16:28:20,292 [158.87114715576172] urllib3.connectionpool DEBUG: Starting new HTTPS connection (1): share2.dexcom.com:443
+2025-10-29 16:28:20,454 [159.03275609016418] notifier INFO: Requesting url https://share2.dexcom.com/ShareWebServices/Services
+2025-10-29 16:28:20,454 [159.03275609016418] pydexcom DEBUG: Retrieve glucose readings from the glucose readings endpoint
+2025-10-29 16:28:20,553 [159.1319968700409] urllib3.connectionpool DEBUG: https://share2.dexcom.com:443 "GET /ShareWebServices/Services/General/AuthenticatePublisherAccount HTTP/1.1" 405 176
+2025-10-29 16:28:20,569 [159.1482892036438] urllib3.connectionpool DEBUG: https://share2.dexcom.com:443 "POST /ShareWebServices/Services/Publisher/ReadPublisherLatestGlucoseValues?sessionId=6f9ffcb0-70a8-4cd6-b632-ea6955d350cb&minutes=1440&maxCount=1 HTTP/1.1" 200 None
+2025-10-29 16:28:20,569 [159.1482892036438] notifier INFO: Requesting url https://share2.dexcom.com/ShareWebServices/Services
+2025-10-29 16:28:20,569 [159.1482892036438] pydexcom DEBUG: Retrieve glucose readings from the glucose readings endpoint
+2025-10-29 16:28:20,724 [159.3027012348175] urllib3.connectionpool DEBUG: https://share2.dexcom.com:443 "POST /ShareWebServices/Services/Publisher/ReadPublisherLatestGlucoseValues?sessionId=6f9ffcb0-70a8-4cd6-b632-ea6955d350cb&minutes=1440&maxCount=1 HTTP/1.1" 200 None
+2025-10-29 16:28:21,555 [160.1342692375183] status INFO: Requesting url: https://share2.dexcom.com/ShareWebServices/Services/General/AuthenticatePublisherAccount
+2025-10-29 16:28:21,556 [160.13505339622498] urllib3.connectionpool DEBUG: Starting new HTTPS connection (1): share2.dexcom.com:443
+2025-10-29 16:28:21,734 [160.3129460811615] notifier INFO: Requesting url https://share2.dexcom.com/ShareWebServices/Services
+2025-10-29 16:28:21,734 [160.3129460811615] pydexcom DEBUG: Retrieve glucose readings from the glucose readings endpoint
+2025-10-29 16:28:21,769 [160.34789443016052] urllib3.connectionpool DEBUG: https://share2.dexcom.com:443 "GET /ShareWebServices/Services/General/AuthenticatePublisherAccount HTTP/1.1" 405 176
+2025-10-29 16:28:21,840 [160.41922307014465] urllib3.connectionpool DEBUG: https://share2.dexcom.com:443 "POST /ShareWebServices/Services/Publisher/ReadPublisherLatestGlucoseValues?sessionId=6f9ffcb0-70a8-4cd6-b632-ea6955d350cb&minutes=1440&maxCount=1 HTTP/1.1" 200 None
+2025-10-29 16:28:21,840 [160.41922307014465] notifier INFO: Requesting url https://share2.dexcom.com/ShareWebServices/Services
+2025-10-29 16:28:21,840 [160.41922307014465] pydexcom DEBUG: Retrieve glucose readings from the glucose readings endpoint
+2025-10-29 16:28:21,959 [160.5376524925232] urllib3.connectionpool DEBUG: https://share2.dexcom.com:443 "POST /ShareWebServices/Services/Publisher/ReadPublisherLatestGlucoseValues?sessionId=6f9ffcb0-70a8-4cd6-b632-ea6955d350cb&minutes=1440&maxCount=1 HTTP/1.1" 200 None
+2025-10-29 16:28:22,775 [161.3541464805603] status INFO: Requesting url: https://share2.dexcom.com/ShareWebServices/Services/General/AuthenticatePublisherAccount
+2025-10-29 16:28:22,776 [161.35466647148132] urllib3.connectionpool DEBUG: Starting new HTTPS connection (1): share2.dexcom.com:443
+2025-10-29 16:28:22,920 [161.4985547065735] urllib3.connectionpool DEBUG: https://share2.dexcom.com:443 "GET /ShareWebServices/Services/General/AuthenticatePublisherAccount HTTP/1.1" 405 176
+2025-10-29 16:28:22,965 [161.5436291694641] notifier INFO: Requesting url https://share2.dexcom.com/ShareWebServices/Services
+2025-10-29 16:28:22,965 [161.5436291694641] pydexcom DEBUG: Retrieve glucose readings from the glucose readings endpoint
+2025-10-29 16:28:23,070 [161.64840388298035] urllib3.connectionpool DEBUG: https://share2.dexcom.com:443 "POST /ShareWebServices/Services/Publisher/ReadPublisherLatestGlucoseValues?sessionId=6f9ffcb0-70a8-4cd6-b632-ea6955d350cb&minutes=1440&maxCount=1 HTTP/1.1" 200 None
+2025-10-29 16:28:23,070 [161.64840388298035] notifier INFO: Requesting url https://share2.dexcom.com/ShareWebServices/Services
+2025-10-29 16:28:23,071 [161.65015530586243] pydexcom DEBUG: Retrieve glucose readings from the glucose readings endpoint
+2025-10-29 16:28:23,172 [161.75116968154907] urllib3.connectionpool DEBUG: https://share2.dexcom.com:443 "POST /ShareWebServices/Services/Publisher/ReadPublisherLatestGlucoseValues?sessionId=6f9ffcb0-70a8-4cd6-b632-ea6955d350cb&minutes=1440&maxCount=1 HTTP/1.1" 200 None
+2025-10-29 16:28:23,450 [162.0291771888733] notifier INFO: Requesting url General/AuthenticatePublisherAccount
+2025-10-29 16:28:23,450 [162.0291771888733] pydexcom DEBUG: Retrieve account ID from the authentication endpoint
+2025-10-29 16:28:23,450 [162.0291771888733] urllib3.connectionpool DEBUG: Starting new HTTPS connection (1): share2.dexcom.com:443
+2025-10-29 16:28:23,830 [162.41023993492126] urllib3.connectionpool DEBUG: https://share2.dexcom.com:443 "POST /ShareWebServices/Services/General/AuthenticatePublisherAccount HTTP/1.1" 200 38
+2025-10-29 16:28:23,831 [162.41099452972412] pydexcom DEBUG: Retrieve session ID from the login endpoint
+2025-10-29 16:28:23,853 [162.4316897392273] pydexcom DEBUG: Retrieve glucose readings from the glucose readings endpoint
+2025-10-29 16:28:23,921 [162.49995636940002] status INFO: Requesting url: https://share2.dexcom.com/ShareWebServices/Services/General/AuthenticatePublisherAccount
+2025-10-29 16:28:23,921 [162.49995636940002] urllib3.connectionpool DEBUG: Starting new HTTPS connection (1): share2.dexcom.com:443
+2025-10-29 16:28:23,948 [162.5272490978241] urllib3.connectionpool DEBUG: https://share2.dexcom.com:443 "POST /ShareWebServices/Services/Publisher/ReadPublisherLatestGlucoseValues?sessionId=6f9ffcb0-70a8-4cd6-b632-ea6955d350cb&minutes=1440&maxCount=1 HTTP/1.1" 200 None
+2025-10-29 16:28:24,053 [162.63232326507568] urllib3.connectionpool DEBUG: https://share2.dexcom.com:443 "GET /ShareWebServices/Services/General/AuthenticatePublisherAccount HTTP/1.1" 405 176
+2025-10-29 16:28:24,175 [162.75393176078796] notifier INFO: Requesting url https://share2.dexcom.com/ShareWebServices/Services
+2025-10-29 16:28:24,175 [162.75393176078796] pydexcom DEBUG: Retrieve glucose readings from the glucose readings endpoint
+2025-10-29 16:28:24,257 [162.83590126037598] urllib3.connectionpool DEBUG: https://share2.dexcom.com:443 "POST /ShareWebServices/Services/General/LoginPublisherAccountById HTTP/1.1" 200 38
+2025-10-29 16:28:24,265 [162.84355640411377] pydexcom DEBUG: Retrieve glucose readings from the glucose readings endpoint
+2025-10-29 16:28:24,303 [162.8819658756256] urllib3.connectionpool DEBUG: https://share2.dexcom.com:443 "POST /ShareWebServices/Services/Publisher/ReadPublisherLatestGlucoseValues?sessionId=6f9ffcb0-70a8-4cd6-b632-ea6955d350cb&minutes=1440&maxCount=1 HTTP/1.1" 200 None
+2025-10-29 16:28:24,303 [162.8819658756256] notifier INFO: Requesting url https://share2.dexcom.com/ShareWebServices/Services
+2025-10-29 16:28:24,303 [162.8819658756256] pydexcom DEBUG: Retrieve glucose readings from the glucose readings endpoint
+2025-10-29 16:28:24,451 [163.02990531921387] urllib3.connectionpool DEBUG: https://share2.dexcom.com:443 "POST /ShareWebServices/Services/Publisher/ReadPublisherLatestGlucoseValues?sessionId=6f9ffcb0-70a8-4cd6-b632-ea6955d350cb&minutes=1440&maxCount=1 HTTP/1.1" 200 None
+2025-10-29 16:28:24,451 [163.030823469162] urllib3.connectionpool DEBUG: https://share2.dexcom.com:443 "POST /ShareWebServices/Services/Publisher/ReadPublisherLatestGlucoseValues?sessionId=6f9ffcb0-70a8-4cd6-b632-ea6955d350cb&minutes=1440&maxCount=1 HTTP/1.1" 200 None
+2025-10-29 16:28:25,055 [163.63425755500793] status INFO: Requesting url: https://share2.dexcom.com/ShareWebServices/Services/General/AuthenticatePublisherAccount
+2025-10-29 16:28:25,084 [163.66264390945435] urllib3.connectionpool DEBUG: Starting new HTTPS connection (1): share2.dexcom.com:443
+2025-10-29 16:28:25,322 [163.9007170200348] urllib3.connectionpool DEBUG: https://share2.dexcom.com:443 "GET /ShareWebServices/Services/General/AuthenticatePublisherAccount HTTP/1.1" 405 176
+2025-10-29 16:28:25,453 [164.03197693824768] notifier INFO: Requesting url https://share2.dexcom.com/ShareWebServices/Services
+2025-10-29 16:28:25,453 [164.03197693824768] pydexcom DEBUG: Retrieve glucose readings from the glucose readings endpoint
+2025-10-29 16:28:25,703 [164.28187561035156] urllib3.connectionpool DEBUG: https://share2.dexcom.com:443 "POST /ShareWebServices/Services/Publisher/ReadPublisherLatestGlucoseValues?sessionId=6f9ffcb0-70a8-4cd6-b632-ea6955d350cb&minutes=1440&maxCount=1 HTTP/1.1" 200 None
+2025-10-29 16:28:25,703 [164.28187561035156] notifier INFO: Requesting url https://share2.dexcom.com/ShareWebServices/Services
+2025-10-29 16:28:25,703 [164.28187561035156] pydexcom DEBUG: Retrieve glucose readings from the glucose readings endpoint
+2025-10-29 16:28:25,801 [164.38015723228455] urllib3.connectionpool DEBUG: https://share2.dexcom.com:443 "POST /ShareWebServices/Services/Publisher/ReadPublisherLatestGlucoseValues?sessionId=6f9ffcb0-70a8-4cd6-b632-ea6955d350cb&minutes=1440&maxCount=1 HTTP/1.1" 200 None
+2025-10-29 16:28:26,331 [164.91012620925903] status INFO: Requesting url: https://share2.dexcom.com/ShareWebServices/Services/General/AuthenticatePublisherAccount
+2025-10-29 16:28:26,340 [164.9184193611145] urllib3.connectionpool DEBUG: Starting new HTTPS connection (1): share2.dexcom.com:443
+2025-10-29 16:28:26,537 [165.1158549785614] urllib3.connectionpool DEBUG: https://share2.dexcom.com:443 "GET /ShareWebServices/Services/General/AuthenticatePublisherAccount HTTP/1.1" 405 176
+2025-10-29 16:28:26,809 [165.3873736858368] notifier INFO: Requesting url https://share2.dexcom.com/ShareWebServices/Services
+2025-10-29 16:28:26,809 [165.3873736858368] pydexcom DEBUG: Retrieve glucose readings from the glucose readings endpoint
+2025-10-29 16:28:26,902 [165.48103523254395] urllib3.connectionpool DEBUG: https://share2.dexcom.com:443 "POST /ShareWebServices/Services/Publisher/ReadPublisherLatestGlucoseValues?sessionId=6f9ffcb0-70a8-4cd6-b632-ea6955d350cb&minutes=1440&maxCount=1 HTTP/1.1" 200 None
+2025-10-29 16:28:26,902 [165.48103523254395] notifier INFO: Requesting url https://share2.dexcom.com/ShareWebServices/Services
+2025-10-29 16:28:26,902 [165.48103523254395] pydexcom DEBUG: Retrieve glucose readings from the glucose readings endpoint
+2025-10-29 16:28:27,013 [165.59146642684937] urllib3.connectionpool DEBUG: https://share2.dexcom.com:443 "POST /ShareWebServices/Services/Publisher/ReadPublisherLatestGlucoseValues?sessionId=6f9ffcb0-70a8-4cd6-b632-ea6955d350cb&minutes=1440&maxCount=1 HTTP/1.1" 200 None
+2025-10-29 16:28:27,540 [166.1192889213562] status INFO: Requesting url: https://share2.dexcom.com/ShareWebServices/Services/General/AuthenticatePublisherAccount
+2025-10-29 16:28:27,540 [166.1192889213562] urllib3.connectionpool DEBUG: Starting new HTTPS connection (1): share2.dexcom.com:443
+2025-10-29 16:28:27,754 [166.33236169815063] urllib3.connectionpool DEBUG: https://share2.dexcom.com:443 "GET /ShareWebServices/Services/General/AuthenticatePublisherAccount HTTP/1.1" 405 176
+2025-10-29 16:28:28,021 [166.59949588775635] notifier INFO: Requesting url https://share2.dexcom.com/ShareWebServices/Services
+2025-10-29 16:28:28,021 [166.59949588775635] pydexcom DEBUG: Retrieve glucose readings from the glucose readings endpoint
+2025-10-29 16:28:28,131 [166.70933985710144] urllib3.connectionpool DEBUG: https://share2.dexcom.com:443 "POST /ShareWebServices/Services/Publisher/ReadPublisherLatestGlucoseValues?sessionId=6f9ffcb0-70a8-4cd6-b632-ea6955d350cb&minutes=1440&maxCount=1 HTTP/1.1" 200 None
+2025-10-29 16:28:28,131 [166.70933985710144] notifier INFO: Requesting url https://share2.dexcom.com/ShareWebServices/Services
+2025-10-29 16:28:28,131 [166.70933985710144] pydexcom DEBUG: Retrieve glucose readings from the glucose readings endpoint
+2025-10-29 16:28:28,222 [166.80090880393982] urllib3.connectionpool DEBUG: https://share2.dexcom.com:443 "POST /ShareWebServices/Services/Publisher/ReadPublisherLatestGlucoseValues?sessionId=6f9ffcb0-70a8-4cd6-b632-ea6955d350cb&minutes=1440&maxCount=1 HTTP/1.1" 200 None
+2025-10-29 16:28:28,756 [167.3351855278015] status INFO: Requesting url: https://share2.dexcom.com/ShareWebServices/Services/General/AuthenticatePublisherAccount
+2025-10-29 16:28:28,758 [167.3372118473053] urllib3.connectionpool DEBUG: Starting new HTTPS connection (1): share2.dexcom.com:443
+2025-10-29 16:28:28,934 [167.51310300827026] urllib3.connectionpool DEBUG: https://share2.dexcom.com:443 "GET /ShareWebServices/Services/General/AuthenticatePublisherAccount HTTP/1.1" 405 176
+2025-10-29 16:28:28,957 [167.53583931922913] pydexcom DEBUG: Retrieve glucose readings from the glucose readings endpoint
+2025-10-29 16:28:29,068 [167.64704012870789] urllib3.connectionpool DEBUG: https://share2.dexcom.com:443 "POST /ShareWebServices/Services/Publisher/ReadPublisherLatestGlucoseValues?sessionId=6f9ffcb0-70a8-4cd6-b632-ea6955d350cb&minutes=1440&maxCount=1 HTTP/1.1" 200 None
+2025-10-29 16:28:29,236 [167.81482458114624] notifier INFO: Requesting url https://share2.dexcom.com/ShareWebServices/Services
+2025-10-29 16:28:29,236 [167.81482458114624] pydexcom DEBUG: Retrieve glucose readings from the glucose readings endpoint
+2025-10-29 16:28:29,336 [167.91504502296448] urllib3.connectionpool DEBUG: https://share2.dexcom.com:443 "POST /ShareWebServices/Services/Publisher/ReadPublisherLatestGlucoseValues?sessionId=6f9ffcb0-70a8-4cd6-b632-ea6955d350cb&minutes=1440&maxCount=1 HTTP/1.1" 200 None
+2025-10-29 16:28:29,336 [167.91504502296448] notifier INFO: Requesting url https://share2.dexcom.com/ShareWebServices/Services
+2025-10-29 16:28:29,340 [167.91880130767822] pydexcom DEBUG: Retrieve glucose readings from the glucose readings endpoint
+2025-10-29 16:28:29,437 [168.01607465744019] urllib3.connectionpool DEBUG: https://share2.dexcom.com:443 "POST /ShareWebServices/Services/Publisher/ReadPublisherLatestGlucoseValues?sessionId=6f9ffcb0-70a8-4cd6-b632-ea6955d350cb&minutes=1440&maxCount=1 HTTP/1.1" 200 None
+2025-10-29 16:28:29,461 [168.0393931865692] notifier INFO: Requesting url General/AuthenticatePublisherAccount
+2025-10-29 16:28:29,461 [168.0393931865692] pydexcom DEBUG: Retrieve account ID from the authentication endpoint
+2025-10-29 16:28:29,461 [168.0393931865692] urllib3.connectionpool DEBUG: Starting new HTTPS connection (1): share2.dexcom.com:443
+2025-10-29 16:28:29,900 [168.478759765625] urllib3.connectionpool DEBUG: https://share2.dexcom.com:443 "POST /ShareWebServices/Services/General/AuthenticatePublisherAccount HTTP/1.1" 200 38
+2025-10-29 16:28:29,902 [168.48078227043152] pydexcom DEBUG: Retrieve session ID from the login endpoint
+2025-10-29 16:28:29,940 [168.51856970787048] status INFO: Requesting url: https://share2.dexcom.com/ShareWebServices/Services/General/AuthenticatePublisherAccount
+2025-10-29 16:28:29,940 [168.51856970787048] urllib3.connectionpool DEBUG: Starting new HTTPS connection (1): share2.dexcom.com:443
+2025-10-29 16:28:30,153 [168.73165345191956] urllib3.connectionpool DEBUG: https://share2.dexcom.com:443 "GET /ShareWebServices/Services/General/AuthenticatePublisherAccount HTTP/1.1" 405 176
+2025-10-29 16:28:30,411 [168.98992919921875] urllib3.connectionpool DEBUG: https://share2.dexcom.com:443 "POST /ShareWebServices/Services/General/LoginPublisherAccountById HTTP/1.1" 200 38
+2025-10-29 16:28:30,431 [169.01073288917542] pydexcom DEBUG: Retrieve glucose readings from the glucose readings endpoint
+2025-10-29 16:28:30,440 [169.0188546180725] notifier INFO: Requesting url https://share2.dexcom.com/ShareWebServices/Services
+2025-10-29 16:28:30,440 [169.0188546180725] pydexcom DEBUG: Retrieve glucose readings from the glucose readings endpoint
+2025-10-29 16:28:30,526 [169.10457491874695] urllib3.connectionpool DEBUG: https://share2.dexcom.com:443 "POST /ShareWebServices/Services/Publisher/ReadPublisherLatestGlucoseValues?sessionId=6f9ffcb0-70a8-4cd6-b632-ea6955d350cb&minutes=1440&maxCount=1 HTTP/1.1" 200 None
+2025-10-29 16:28:30,542 [169.12048935890198] urllib3.connectionpool DEBUG: https://share2.dexcom.com:443 "POST /ShareWebServices/Services/Publisher/ReadPublisherLatestGlucoseValues?sessionId=6f9ffcb0-70a8-4cd6-b632-ea6955d350cb&minutes=1440&maxCount=1 HTTP/1.1" 200 None
+2025-10-29 16:28:30,542 [169.12048935890198] notifier INFO: Requesting url https://share2.dexcom.com/ShareWebServices/Services
+2025-10-29 16:28:30,542 [169.12048935890198] pydexcom DEBUG: Retrieve glucose readings from the glucose readings endpoint
+2025-10-29 16:28:30,725 [169.3036243915558] urllib3.connectionpool DEBUG: https://share2.dexcom.com:443 "POST /ShareWebServices/Services/Publisher/ReadPublisherLatestGlucoseValues?sessionId=6f9ffcb0-70a8-4cd6-b632-ea6955d350cb&minutes=1440&maxCount=1 HTTP/1.1" 200 None
+2025-10-29 16:28:31,155 [169.7335147857666] status INFO: Requesting url: https://share2.dexcom.com/ShareWebServices/Services/General/AuthenticatePublisherAccount
+2025-10-29 16:28:31,155 [169.7335147857666] urllib3.connectionpool DEBUG: Starting new HTTPS connection (1): share2.dexcom.com:443
+2025-10-29 16:28:31,369 [169.94776678085327] urllib3.connectionpool DEBUG: https://share2.dexcom.com:443 "GET /ShareWebServices/Services/General/AuthenticatePublisherAccount HTTP/1.1" 405 176
+2025-10-29 16:28:31,727 [170.30586409568787] notifier INFO: Requesting url https://share2.dexcom.com/ShareWebServices/Services
+2025-10-29 16:28:31,727 [170.30586409568787] pydexcom DEBUG: Retrieve glucose readings from the glucose readings endpoint
+2025-10-29 16:28:31,845 [170.42338681221008] urllib3.connectionpool DEBUG: https://share2.dexcom.com:443 "POST /ShareWebServices/Services/Publisher/ReadPublisherLatestGlucoseValues?sessionId=6f9ffcb0-70a8-4cd6-b632-ea6955d350cb&minutes=1440&maxCount=1 HTTP/1.1" 200 None
+2025-10-29 16:28:31,845 [170.42338681221008] notifier INFO: Requesting url https://share2.dexcom.com/ShareWebServices/Services
+2025-10-29 16:28:31,845 [170.42338681221008] pydexcom DEBUG: Retrieve glucose readings from the glucose readings endpoint
+2025-10-29 16:28:31,955 [170.53366255760193] urllib3.connectionpool DEBUG: https://share2.dexcom.com:443 "POST /ShareWebServices/Services/Publisher/ReadPublisherLatestGlucoseValues?sessionId=6f9ffcb0-70a8-4cd6-b632-ea6955d350cb&minutes=1440&maxCount=1 HTTP/1.1" 200 None
+2025-10-29 16:28:32,381 [170.95962190628052] status INFO: Requesting url: https://share2.dexcom.com/ShareWebServices/Services/General/AuthenticatePublisherAccount
+2025-10-29 16:28:32,386 [170.96452116966248] urllib3.connectionpool DEBUG: Starting new HTTPS connection (1): share2.dexcom.com:443
+2025-10-29 16:28:32,516 [171.0950903892517] urllib3.connectionpool DEBUG: https://share2.dexcom.com:443 "GET /ShareWebServices/Services/General/AuthenticatePublisherAccount HTTP/1.1" 405 176
+2025-10-29 16:28:32,959 [171.53825879096985] notifier INFO: Requesting url https://share2.dexcom.com/ShareWebServices/Services
+2025-10-29 16:28:32,959 [171.53825879096985] pydexcom DEBUG: Retrieve glucose readings from the glucose readings endpoint
+2025-10-29 16:28:33,064 [171.64298343658447] urllib3.connectionpool DEBUG: https://share2.dexcom.com:443 "POST /ShareWebServices/Services/Publisher/ReadPublisherLatestGlucoseValues?sessionId=6f9ffcb0-70a8-4cd6-b632-ea6955d350cb&minutes=1440&maxCount=1 HTTP/1.1" 200 None
+2025-10-29 16:28:33,064 [171.64298343658447] notifier INFO: Requesting url https://share2.dexcom.com/ShareWebServices/Services
+2025-10-29 16:28:33,064 [171.64298343658447] pydexcom DEBUG: Retrieve glucose readings from the glucose readings endpoint
+2025-10-29 16:28:33,188 [171.7693853378296] urllib3.connectionpool DEBUG: https://share2.dexcom.com:443 "POST /ShareWebServices/Services/Publisher/ReadPublisherLatestGlucoseValues?sessionId=6f9ffcb0-70a8-4cd6-b632-ea6955d350cb&minutes=1440&maxCount=1 HTTP/1.1" 200 None
+2025-10-29 16:28:33,523 [172.10221481323242] status INFO: Requesting url: https://share2.dexcom.com/ShareWebServices/Services/General/AuthenticatePublisherAccount
+2025-10-29 16:28:33,523 [172.10221481323242] urllib3.connectionpool DEBUG: Starting new HTTPS connection (1): share2.dexcom.com:443
+2025-10-29 16:28:33,692 [172.2707486152649] urllib3.connectionpool DEBUG: https://share2.dexcom.com:443 "GET /ShareWebServices/Services/General/AuthenticatePublisherAccount HTTP/1.1" 405 176
+2025-10-29 16:28:34,100 [172.67927861213684] pydexcom DEBUG: Retrieve glucose readings from the glucose readings endpoint
+2025-10-29 16:28:34,191 [172.77029275894165] notifier INFO: Requesting url https://share2.dexcom.com/ShareWebServices/Services
+2025-10-29 16:28:34,191 [172.77029275894165] pydexcom DEBUG: Retrieve glucose readings from the glucose readings endpoint
+2025-10-29 16:28:34,203 [172.78149795532227] urllib3.connectionpool DEBUG: https://share2.dexcom.com:443 "POST /ShareWebServices/Services/Publisher/ReadPublisherLatestGlucoseValues?sessionId=6f9ffcb0-70a8-4cd6-b632-ea6955d350cb&minutes=1440&maxCount=1 HTTP/1.1" 200 None
+2025-10-29 16:28:34,281 [172.8598062992096] urllib3.connectionpool DEBUG: https://share2.dexcom.com:443 "POST /ShareWebServices/Services/Publisher/ReadPublisherLatestGlucoseValues?sessionId=6f9ffcb0-70a8-4cd6-b632-ea6955d350cb&minutes=1440&maxCount=1 HTTP/1.1" 200 None
+2025-10-29 16:28:34,281 [172.8598062992096] notifier INFO: Requesting url https://share2.dexcom.com/ShareWebServices/Services
+2025-10-29 16:28:34,281 [172.8598062992096] pydexcom DEBUG: Retrieve glucose readings from the glucose readings endpoint
+2025-10-29 16:28:34,401 [172.98017954826355] urllib3.connectionpool DEBUG: https://share2.dexcom.com:443 "POST /ShareWebServices/Services/Publisher/ReadPublisherLatestGlucoseValues?sessionId=6f9ffcb0-70a8-4cd6-b632-ea6955d350cb&minutes=1440&maxCount=1 HTTP/1.1" 200 None
+2025-10-29 16:28:34,701 [173.28025770187378] status INFO: Requesting url: https://share2.dexcom.com/ShareWebServices/Services/General/AuthenticatePublisherAccount
+2025-10-29 16:28:34,701 [173.28025770187378] urllib3.connectionpool DEBUG: Starting new HTTPS connection (1): share2.dexcom.com:443
+2025-10-29 16:28:34,900 [173.47922945022583] urllib3.connectionpool DEBUG: https://share2.dexcom.com:443 "GET /ShareWebServices/Services/General/AuthenticatePublisherAccount HTTP/1.1" 405 176
+2025-10-29 16:28:35,407 [173.98583364486694] notifier INFO: Requesting url https://share2.dexcom.com/ShareWebServices/Services
+2025-10-29 16:28:35,407 [173.98583364486694] pydexcom DEBUG: Retrieve glucose readings from the glucose readings endpoint
+2025-10-29 16:28:35,521 [174.09981679916382] urllib3.connectionpool DEBUG: https://share2.dexcom.com:443 "POST /ShareWebServices/Services/Publisher/ReadPublisherLatestGlucoseValues?sessionId=6f9ffcb0-70a8-4cd6-b632-ea6955d350cb&minutes=1440&maxCount=1 HTTP/1.1" 200 None
+2025-10-29 16:28:35,521 [174.09981679916382] notifier INFO: Requesting url https://share2.dexcom.com/ShareWebServices/Services
+2025-10-29 16:28:35,521 [174.09981679916382] pydexcom DEBUG: Retrieve glucose readings from the glucose readings endpoint
+2025-10-29 16:28:35,544 [174.12256169319153] notifier INFO: Requesting url General/AuthenticatePublisherAccount
+2025-10-29 16:28:35,544 [174.12256169319153] pydexcom DEBUG: Retrieve account ID from the authentication endpoint
+2025-10-29 16:28:35,544 [174.12256169319153] urllib3.connectionpool DEBUG: Starting new HTTPS connection (1): share2.dexcom.com:443
+2025-10-29 16:28:35,622 [174.20082545280457] urllib3.connectionpool DEBUG: https://share2.dexcom.com:443 "POST /ShareWebServices/Services/Publisher/ReadPublisherLatestGlucoseValues?sessionId=6f9ffcb0-70a8-4cd6-b632-ea6955d350cb&minutes=1440&maxCount=1 HTTP/1.1" 200 None
+2025-10-29 16:28:35,903 [174.4821536540985] status INFO: Requesting url: https://share2.dexcom.com/ShareWebServices/Services/General/AuthenticatePublisherAccount
+2025-10-29 16:28:35,903 [174.4821536540985] urllib3.connectionpool DEBUG: Starting new HTTPS connection (1): share2.dexcom.com:443
+2025-10-29 16:28:36,001 [174.5793697834015] urllib3.connectionpool DEBUG: https://share2.dexcom.com:443 "POST /ShareWebServices/Services/General/AuthenticatePublisherAccount HTTP/1.1" 200 38
+2025-10-29 16:28:36,001 [174.5793697834015] pydexcom DEBUG: Retrieve session ID from the login endpoint
+2025-10-29 16:28:36,102 [174.68118238449097] urllib3.connectionpool DEBUG: https://share2.dexcom.com:443 "GET /ShareWebServices/Services/General/AuthenticatePublisherAccount HTTP/1.1" 405 176
+2025-10-29 16:28:36,420 [174.99871730804443] urllib3.connectionpool DEBUG: https://share2.dexcom.com:443 "POST /ShareWebServices/Services/General/LoginPublisherAccountById HTTP/1.1" 200 38
+2025-10-29 16:28:36,441 [175.01942205429077] pydexcom DEBUG: Retrieve glucose readings from the glucose readings endpoint
+2025-10-29 16:28:36,528 [175.10722827911377] urllib3.connectionpool DEBUG: https://share2.dexcom.com:443 "POST /ShareWebServices/Services/Publisher/ReadPublisherLatestGlucoseValues?sessionId=6f9ffcb0-70a8-4cd6-b632-ea6955d350cb&minutes=1440&maxCount=1 HTTP/1.1" 200 None
+2025-10-29 16:28:36,634 [175.21497917175293] notifier INFO: Requesting url https://share2.dexcom.com/ShareWebServices/Services
+2025-10-29 16:28:36,636 [175.21528816223145] pydexcom DEBUG: Retrieve glucose readings from the glucose readings endpoint
+2025-10-29 16:28:36,733 [175.31157279014587] urllib3.connectionpool DEBUG: https://share2.dexcom.com:443 "POST /ShareWebServices/Services/Publisher/ReadPublisherLatestGlucoseValues?sessionId=6f9ffcb0-70a8-4cd6-b632-ea6955d350cb&minutes=1440&maxCount=1 HTTP/1.1" 200 None
+2025-10-29 16:28:36,733 [175.31157279014587] notifier INFO: Requesting url https://share2.dexcom.com/ShareWebServices/Services
+2025-10-29 16:28:36,733 [175.31157279014587] pydexcom DEBUG: Retrieve glucose readings from the glucose readings endpoint
+2025-10-29 16:28:36,832 [175.4113209247589] urllib3.connectionpool DEBUG: https://share2.dexcom.com:443 "POST /ShareWebServices/Services/Publisher/ReadPublisherLatestGlucoseValues?sessionId=6f9ffcb0-70a8-4cd6-b632-ea6955d350cb&minutes=1440&maxCount=1 HTTP/1.1" 200 None
+2025-10-29 16:28:37,106 [175.68436217308044] status INFO: Requesting url: https://share2.dexcom.com/ShareWebServices/Services/General/AuthenticatePublisherAccount
+2025-10-29 16:28:37,106 [175.68436217308044] urllib3.connectionpool DEBUG: Starting new HTTPS connection (1): share2.dexcom.com:443
+2025-10-29 16:28:37,324 [175.90261697769165] urllib3.connectionpool DEBUG: https://share2.dexcom.com:443 "GET /ShareWebServices/Services/General/AuthenticatePublisherAccount HTTP/1.1" 405 176
+2025-10-29 16:28:37,839 [176.41818594932556] notifier INFO: Requesting url https://share2.dexcom.com/ShareWebServices/Services
+2025-10-29 16:28:37,839 [176.41818594932556] pydexcom DEBUG: Retrieve glucose readings from the glucose readings endpoint
+2025-10-29 16:28:37,985 [176.56385135650635] urllib3.connectionpool DEBUG: https://share2.dexcom.com:443 "POST /ShareWebServices/Services/Publisher/ReadPublisherLatestGlucoseValues?sessionId=6f9ffcb0-70a8-4cd6-b632-ea6955d350cb&minutes=1440&maxCount=1 HTTP/1.1" 200 None
+2025-10-29 16:28:37,985 [176.56385135650635] notifier INFO: Requesting url https://share2.dexcom.com/ShareWebServices/Services
+2025-10-29 16:28:37,985 [176.56385135650635] pydexcom DEBUG: Retrieve glucose readings from the glucose readings endpoint
+2025-10-29 16:28:38,074 [176.6523358821869] urllib3.connectionpool DEBUG: https://share2.dexcom.com:443 "POST /ShareWebServices/Services/Publisher/ReadPublisherLatestGlucoseValues?sessionId=6f9ffcb0-70a8-4cd6-b632-ea6955d350cb&minutes=1440&maxCount=1 HTTP/1.1" 200 None
+2025-10-29 16:28:38,344 [176.92311191558838] status INFO: Requesting url: https://share2.dexcom.com/ShareWebServices/Services/General/AuthenticatePublisherAccount
+2025-10-29 16:28:38,344 [176.92311191558838] urllib3.connectionpool DEBUG: Starting new HTTPS connection (1): share2.dexcom.com:443
+2025-10-29 16:28:38,485 [177.0639660358429] urllib3.connectionpool DEBUG: https://share2.dexcom.com:443 "GET /ShareWebServices/Services/General/AuthenticatePublisherAccount HTTP/1.1" 405 176
+2025-10-29 16:28:39,080 [177.65886211395264] notifier INFO: Requesting url https://share2.dexcom.com/ShareWebServices/Services
+2025-10-29 16:28:39,080 [177.65886211395264] pydexcom DEBUG: Retrieve glucose readings from the glucose readings endpoint
+2025-10-29 16:28:39,226 [177.804425239563] pydexcom DEBUG: Retrieve glucose readings from the glucose readings endpoint
+2025-10-29 16:28:39,227 [177.8061728477478] urllib3.connectionpool DEBUG: https://share2.dexcom.com:443 "POST /ShareWebServices/Services/Publisher/ReadPublisherLatestGlucoseValues?sessionId=6f9ffcb0-70a8-4cd6-b632-ea6955d350cb&minutes=1440&maxCount=1 HTTP/1.1" 200 None
+2025-10-29 16:28:39,227 [177.8061728477478] notifier INFO: Requesting url https://share2.dexcom.com/ShareWebServices/Services
+2025-10-29 16:28:39,227 [177.8061728477478] pydexcom DEBUG: Retrieve glucose readings from the glucose readings endpoint
+2025-10-29 16:28:39,421 [177.99967694282532] urllib3.connectionpool DEBUG: https://share2.dexcom.com:443 "POST /ShareWebServices/Services/Publisher/ReadPublisherLatestGlucoseValues?sessionId=6f9ffcb0-70a8-4cd6-b632-ea6955d350cb&minutes=1440&maxCount=1 HTTP/1.1" 200 None
+2025-10-29 16:28:39,421 [177.99967694282532] urllib3.connectionpool DEBUG: https://share2.dexcom.com:443 "POST /ShareWebServices/Services/Publisher/ReadPublisherLatestGlucoseValues?sessionId=6f9ffcb0-70a8-4cd6-b632-ea6955d350cb&minutes=1440&maxCount=1 HTTP/1.1" 200 None
+2025-10-29 16:28:39,492 [178.07077193260193] status INFO: Requesting url: https://share2.dexcom.com/ShareWebServices/Services/General/AuthenticatePublisherAccount
+2025-10-29 16:28:39,494 [178.07279253005981] urllib3.connectionpool DEBUG: Starting new HTTPS connection (1): share2.dexcom.com:443
+2025-10-29 16:28:39,685 [178.2635040283203] urllib3.connectionpool DEBUG: https://share2.dexcom.com:443 "GET /ShareWebServices/Services/General/AuthenticatePublisherAccount HTTP/1.1" 405 176
+2025-10-29 16:28:40,424 [179.00247764587402] notifier INFO: Requesting url https://share2.dexcom.com/ShareWebServices/Services
+2025-10-29 16:28:40,424 [179.00247764587402] pydexcom DEBUG: Retrieve glucose readings from the glucose readings endpoint
+2025-10-29 16:28:40,550 [179.12910962104797] urllib3.connectionpool DEBUG: https://share2.dexcom.com:443 "POST /ShareWebServices/Services/Publisher/ReadPublisherLatestGlucoseValues?sessionId=6f9ffcb0-70a8-4cd6-b632-ea6955d350cb&minutes=1440&maxCount=1 HTTP/1.1" 200 None
+2025-10-29 16:28:40,555 [179.13417029380798] notifier INFO: Requesting url https://share2.dexcom.com/ShareWebServices/Services
+2025-10-29 16:28:40,555 [179.13417029380798] pydexcom DEBUG: Retrieve glucose readings from the glucose readings endpoint
+2025-10-29 16:28:40,692 [179.27082920074463] status INFO: Requesting url: https://share2.dexcom.com/ShareWebServices/Services/General/AuthenticatePublisherAccount
+2025-10-29 16:28:40,694 [179.2728476524353] urllib3.connectionpool DEBUG: Starting new HTTPS connection (1): share2.dexcom.com:443
+2025-10-29 16:28:40,700 [179.27916979789734] urllib3.connectionpool DEBUG: https://share2.dexcom.com:443 "POST /ShareWebServices/Services/Publisher/ReadPublisherLatestGlucoseValues?sessionId=6f9ffcb0-70a8-4cd6-b632-ea6955d350cb&minutes=1440&maxCount=1 HTTP/1.1" 200 None
+2025-10-29 16:28:40,900 [179.479168176651] urllib3.connectionpool DEBUG: https://share2.dexcom.com:443 "GET /ShareWebServices/Services/General/AuthenticatePublisherAccount HTTP/1.1" 405 176
+2025-10-29 16:28:41,537 [180.11617732048035] notifier INFO: Requesting url General/AuthenticatePublisherAccount
+2025-10-29 16:28:41,537 [180.11617732048035] pydexcom DEBUG: Retrieve account ID from the authentication endpoint
+2025-10-29 16:28:41,537 [180.11617732048035] urllib3.connectionpool DEBUG: Starting new HTTPS connection (1): share2.dexcom.com:443
+2025-10-29 16:28:41,706 [180.28459477424622] notifier INFO: Requesting url https://share2.dexcom.com/ShareWebServices/Services
+2025-10-29 16:28:41,706 [180.28459477424622] pydexcom DEBUG: Retrieve glucose readings from the glucose readings endpoint
+2025-10-29 16:28:41,800 [180.37879347801208] urllib3.connectionpool DEBUG: https://share2.dexcom.com:443 "POST /ShareWebServices/Services/Publisher/ReadPublisherLatestGlucoseValues?sessionId=6f9ffcb0-70a8-4cd6-b632-ea6955d350cb&minutes=1440&maxCount=1 HTTP/1.1" 200 None
+2025-10-29 16:28:41,818 [180.39718413352966] notifier INFO: Requesting url https://share2.dexcom.com/ShareWebServices/Services
+2025-10-29 16:28:41,818 [180.39718413352966] pydexcom DEBUG: Retrieve glucose readings from the glucose readings endpoint
+2025-10-29 16:28:41,908 [180.48695540428162] status INFO: Requesting url: https://share2.dexcom.com/ShareWebServices/Services/General/AuthenticatePublisherAccount
+2025-10-29 16:28:41,908 [180.48695540428162] urllib3.connectionpool DEBUG: Starting new HTTPS connection (1): share2.dexcom.com:443
+2025-10-29 16:28:41,920 [180.50209712982178] urllib3.connectionpool DEBUG: https://share2.dexcom.com:443 "POST /ShareWebServices/Services/General/AuthenticatePublisherAccount HTTP/1.1" 200 38
+2025-10-29 16:28:41,923 [180.50209712982178] pydexcom DEBUG: Retrieve session ID from the login endpoint
+2025-10-29 16:28:41,925 [180.50430846214294] urllib3.connectionpool DEBUG: https://share2.dexcom.com:443 "POST /ShareWebServices/Services/Publisher/ReadPublisherLatestGlucoseValues?sessionId=6f9ffcb0-70a8-4cd6-b632-ea6955d350cb&minutes=1440&maxCount=1 HTTP/1.1" 200 None
+2025-10-29 16:28:42,143 [180.72219061851501] urllib3.connectionpool DEBUG: https://share2.dexcom.com:443 "GET /ShareWebServices/Services/General/AuthenticatePublisherAccount HTTP/1.1" 405 176
+2025-10-29 16:28:42,494 [181.07260823249817] urllib3.connectionpool DEBUG: https://share2.dexcom.com:443 "POST /ShareWebServices/Services/General/LoginPublisherAccountById HTTP/1.1" 200 38
+2025-10-29 16:28:42,502 [181.08089137077332] pydexcom DEBUG: Retrieve glucose readings from the glucose readings endpoint
+2025-10-29 16:28:42,600 [181.17885851860046] urllib3.connectionpool DEBUG: https://share2.dexcom.com:443 "POST /ShareWebServices/Services/Publisher/ReadPublisherLatestGlucoseValues?sessionId=6f9ffcb0-70a8-4cd6-b632-ea6955d350cb&minutes=1440&maxCount=1 HTTP/1.1" 200 None
+2025-10-29 16:28:42,928 [181.50691938400269] notifier INFO: Requesting url https://share2.dexcom.com/ShareWebServices/Services
+2025-10-29 16:28:42,929 [181.5079309940338] pydexcom DEBUG: Retrieve glucose readings from the glucose readings endpoint
+2025-10-29 16:28:43,036 [181.61460375785828] urllib3.connectionpool DEBUG: https://share2.dexcom.com:443 "POST /ShareWebServices/Services/Publisher/ReadPublisherLatestGlucoseValues?sessionId=6f9ffcb0-70a8-4cd6-b632-ea6955d350cb&minutes=1440&maxCount=1 HTTP/1.1" 200 None
+2025-10-29 16:28:43,036 [181.61460375785828] notifier INFO: Requesting url https://share2.dexcom.com/ShareWebServices/Services
+2025-10-29 16:28:43,036 [181.61460375785828] pydexcom DEBUG: Retrieve glucose readings from the glucose readings endpoint
+2025-10-29 16:28:43,134 [181.71270275115967] urllib3.connectionpool DEBUG: https://share2.dexcom.com:443 "POST /ShareWebServices/Services/Publisher/ReadPublisherLatestGlucoseValues?sessionId=6f9ffcb0-70a8-4cd6-b632-ea6955d350cb&minutes=1440&maxCount=1 HTTP/1.1" 200 None
+2025-10-29 16:28:43,147 [181.72556900978088] status INFO: Requesting url: https://share2.dexcom.com/ShareWebServices/Services/General/AuthenticatePublisherAccount
+2025-10-29 16:28:43,149 [181.72766184806824] urllib3.connectionpool DEBUG: Starting new HTTPS connection (1): share2.dexcom.com:443
+2025-10-29 16:28:43,404 [181.9828851222992] urllib3.connectionpool DEBUG: https://share2.dexcom.com:443 "GET /ShareWebServices/Services/General/AuthenticatePublisherAccount HTTP/1.1" 405 176
+2025-10-29 16:28:44,146 [182.7243447303772] notifier INFO: Requesting url https://share2.dexcom.com/ShareWebServices/Services
+2025-10-29 16:28:44,160 [182.73926186561584] pydexcom DEBUG: Retrieve glucose readings from the glucose readings endpoint
+2025-10-29 16:28:44,272 [182.8509497642517] urllib3.connectionpool DEBUG: https://share2.dexcom.com:443 "POST /ShareWebServices/Services/Publisher/ReadPublisherLatestGlucoseValues?sessionId=6f9ffcb0-70a8-4cd6-b632-ea6955d350cb&minutes=1440&maxCount=1 HTTP/1.1" 200 None
+2025-10-29 16:28:44,272 [182.8509497642517] notifier INFO: Requesting url https://share2.dexcom.com/ShareWebServices/Services
+2025-10-29 16:28:44,272 [182.8537528514862] pydexcom DEBUG: Retrieve glucose readings from the glucose readings endpoint
+2025-10-29 16:28:44,382 [182.96112823486328] urllib3.connectionpool DEBUG: https://share2.dexcom.com:443 "POST /ShareWebServices/Services/Publisher/ReadPublisherLatestGlucoseValues?sessionId=6f9ffcb0-70a8-4cd6-b632-ea6955d350cb&minutes=1440&maxCount=1 HTTP/1.1" 200 None
+2025-10-29 16:28:44,411 [182.98947858810425] status INFO: Requesting url: https://share2.dexcom.com/ShareWebServices/Services/General/AuthenticatePublisherAccount
+2025-10-29 16:28:44,412 [182.99052572250366] urllib3.connectionpool DEBUG: Starting new HTTPS connection (1): share2.dexcom.com:443
+2025-10-29 16:28:44,428 [183.00720238685608] pydexcom DEBUG: Retrieve glucose readings from the glucose readings endpoint
+2025-10-29 16:28:44,540 [183.11889028549194] urllib3.connectionpool DEBUG: https://share2.dexcom.com:443 "POST /ShareWebServices/Services/Publisher/ReadPublisherLatestGlucoseValues?sessionId=6f9ffcb0-70a8-4cd6-b632-ea6955d350cb&minutes=1440&maxCount=1 HTTP/1.1" 200 None
+2025-10-29 16:28:44,554 [183.13300251960754] urllib3.connectionpool DEBUG: https://share2.dexcom.com:443 "GET /ShareWebServices/Services/General/AuthenticatePublisherAccount HTTP/1.1" 405 176
+2025-10-29 16:28:45,385 [183.9636034965515] notifier INFO: Requesting url https://share2.dexcom.com/ShareWebServices/Services
+2025-10-29 16:28:45,385 [183.9636034965515] pydexcom DEBUG: Retrieve glucose readings from the glucose readings endpoint
+2025-10-29 16:28:45,492 [184.07076740264893] urllib3.connectionpool DEBUG: https://share2.dexcom.com:443 "POST /ShareWebServices/Services/Publisher/ReadPublisherLatestGlucoseValues?sessionId=6f9ffcb0-70a8-4cd6-b632-ea6955d350cb&minutes=1440&maxCount=1 HTTP/1.1" 200 None
+2025-10-29 16:28:45,496 [184.07508993148804] notifier INFO: Requesting url https://share2.dexcom.com/ShareWebServices/Services
+2025-10-29 16:28:45,496 [184.07508993148804] pydexcom DEBUG: Retrieve glucose readings from the glucose readings endpoint
+2025-10-29 16:28:45,556 [184.13459753990173] status INFO: Requesting url: https://share2.dexcom.com/ShareWebServices/Services/General/AuthenticatePublisherAccount
+2025-10-29 16:28:45,556 [184.13459753990173] urllib3.connectionpool DEBUG: Starting new HTTPS connection (1): share2.dexcom.com:443
+2025-10-29 16:28:45,587 [184.16608667373657] urllib3.connectionpool DEBUG: https://share2.dexcom.com:443 "POST /ShareWebServices/Services/Publisher/ReadPublisherLatestGlucoseValues?sessionId=6f9ffcb0-70a8-4cd6-b632-ea6955d350cb&minutes=1440&maxCount=1 HTTP/1.1" 200 None
+2025-10-29 16:28:45,761 [184.34032106399536] urllib3.connectionpool DEBUG: https://share2.dexcom.com:443 "GET /ShareWebServices/Services/General/AuthenticatePublisherAccount HTTP/1.1" 405 176
+2025-10-29 16:28:46,601 [185.17972493171692] notifier INFO: Requesting url https://share2.dexcom.com/ShareWebServices/Services
+2025-10-29 16:28:46,601 [185.17972493171692] pydexcom DEBUG: Retrieve glucose readings from the glucose readings endpoint
+2025-10-29 16:28:46,691 [185.26971459388733] urllib3.connectionpool DEBUG: https://share2.dexcom.com:443 "POST /ShareWebServices/Services/Publisher/ReadPublisherLatestGlucoseValues?sessionId=6f9ffcb0-70a8-4cd6-b632-ea6955d350cb&minutes=1440&maxCount=1 HTTP/1.1" 200 None
+2025-10-29 16:28:46,691 [185.26971459388733] notifier INFO: Requesting url https://share2.dexcom.com/ShareWebServices/Services
+2025-10-29 16:28:46,691 [185.26971459388733] pydexcom DEBUG: Retrieve glucose readings from the glucose readings endpoint
+2025-10-29 16:28:46,772 [185.35054302215576] status INFO: Requesting url: https://share2.dexcom.com/ShareWebServices/Services/General/AuthenticatePublisherAccount
+2025-10-29 16:28:46,772 [185.35054302215576] urllib3.connectionpool DEBUG: Starting new HTTPS connection (1): share2.dexcom.com:443
+2025-10-29 16:28:46,817 [185.39611291885376] urllib3.connectionpool DEBUG: https://share2.dexcom.com:443 "POST /ShareWebServices/Services/Publisher/ReadPublisherLatestGlucoseValues?sessionId=6f9ffcb0-70a8-4cd6-b632-ea6955d350cb&minutes=1440&maxCount=1 HTTP/1.1" 200 None
+2025-10-29 16:28:47,102 [185.6811830997467] urllib3.connectionpool DEBUG: https://share2.dexcom.com:443 "GET /ShareWebServices/Services/General/AuthenticatePublisherAccount HTTP/1.1" 405 176
+2025-10-29 16:28:47,613 [186.1917290687561] notifier INFO: Requesting url General/AuthenticatePublisherAccount
+2025-10-29 16:28:47,613 [186.1917290687561] pydexcom DEBUG: Retrieve account ID from the authentication endpoint
+2025-10-29 16:28:47,613 [186.1917290687561] urllib3.connectionpool DEBUG: Starting new HTTPS connection (1): share2.dexcom.com:443
+2025-10-29 16:28:47,819 [186.39809608459473] notifier INFO: Requesting url https://share2.dexcom.com/ShareWebServices/Services
+2025-10-29 16:28:47,819 [186.39809608459473] pydexcom DEBUG: Retrieve glucose readings from the glucose readings endpoint
+2025-10-29 16:28:47,919 [186.49773120880127] urllib3.connectionpool DEBUG: https://share2.dexcom.com:443 "POST /ShareWebServices/Services/Publisher/ReadPublisherLatestGlucoseValues?sessionId=6f9ffcb0-70a8-4cd6-b632-ea6955d350cb&minutes=1440&maxCount=1 HTTP/1.1" 200 None
+2025-10-29 16:28:47,921 [186.4993977546692] notifier INFO: Requesting url https://share2.dexcom.com/ShareWebServices/Services
+2025-10-29 16:28:47,921 [186.4993977546692] pydexcom DEBUG: Retrieve glucose readings from the glucose readings endpoint
+2025-10-29 16:28:48,018 [186.59701108932495] urllib3.connectionpool DEBUG: https://share2.dexcom.com:443 "POST /ShareWebServices/Services/Publisher/ReadPublisherLatestGlucoseValues?sessionId=6f9ffcb0-70a8-4cd6-b632-ea6955d350cb&minutes=1440&maxCount=1 HTTP/1.1" 200 None
+2025-10-29 16:28:48,104 [186.68329858779907] status INFO: Requesting url: https://share2.dexcom.com/ShareWebServices/Services/General/AuthenticatePublisherAccount
+2025-10-29 16:28:48,107 [186.6854372024536] urllib3.connectionpool DEBUG: Starting new HTTPS connection (1): share2.dexcom.com:443
+2025-10-29 16:28:48,112 [186.69033360481262] urllib3.connectionpool DEBUG: https://share2.dexcom.com:443 "POST /ShareWebServices/Services/General/AuthenticatePublisherAccount HTTP/1.1" 200 38
+2025-10-29 16:28:48,112 [186.69033360481262] pydexcom DEBUG: Retrieve session ID from the login endpoint
+2025-10-29 16:28:48,229 [186.80757975578308] urllib3.connectionpool DEBUG: https://share2.dexcom.com:443 "GET /ShareWebServices/Services/General/AuthenticatePublisherAccount HTTP/1.1" 405 176
+2025-10-29 16:28:48,843 [187.4213523864746] urllib3.connectionpool DEBUG: https://share2.dexcom.com:443 "POST /ShareWebServices/Services/General/LoginPublisherAccountById HTTP/1.1" 200 38
+2025-10-29 16:28:48,866 [187.44521045684814] pydexcom DEBUG: Retrieve glucose readings from the glucose readings endpoint
+2025-10-29 16:28:48,970 [187.55006408691406] urllib3.connectionpool DEBUG: https://share2.dexcom.com:443 "POST /ShareWebServices/Services/Publisher/ReadPublisherLatestGlucoseValues?sessionId=6f9ffcb0-70a8-4cd6-b632-ea6955d350cb&minutes=1440&maxCount=1 HTTP/1.1" 200 None
+2025-10-29 16:28:49,024 [187.60320734977722] notifier INFO: Requesting url https://share2.dexcom.com/ShareWebServices/Services
+2025-10-29 16:28:49,024 [187.60320734977722] pydexcom DEBUG: Retrieve glucose readings from the glucose readings endpoint
+2025-10-29 16:28:49,118 [187.69695377349854] urllib3.connectionpool DEBUG: https://share2.dexcom.com:443 "POST /ShareWebServices/Services/Publisher/ReadPublisherLatestGlucoseValues?sessionId=6f9ffcb0-70a8-4cd6-b632-ea6955d350cb&minutes=1440&maxCount=1 HTTP/1.1" 200 None
+2025-10-29 16:28:49,130 [187.70922589302063] notifier INFO: Requesting url https://share2.dexcom.com/ShareWebServices/Services
+2025-10-29 16:28:49,130 [187.70922589302063] pydexcom DEBUG: Retrieve glucose readings from the glucose readings endpoint
+2025-10-29 16:28:49,225 [187.80431056022644] urllib3.connectionpool DEBUG: https://share2.dexcom.com:443 "POST /ShareWebServices/Services/Publisher/ReadPublisherLatestGlucoseValues?sessionId=6f9ffcb0-70a8-4cd6-b632-ea6955d350cb&minutes=1440&maxCount=1 HTTP/1.1" 200 None
+2025-10-29 16:28:49,253 [187.83313083648682] status INFO: Requesting url: https://share2.dexcom.com/ShareWebServices/Services/General/AuthenticatePublisherAccount
+2025-10-29 16:28:49,254 [187.83618927001953] urllib3.connectionpool DEBUG: Starting new HTTPS connection (1): share2.dexcom.com:443
+2025-10-29 16:28:49,502 [188.08044862747192] urllib3.connectionpool DEBUG: https://share2.dexcom.com:443 "GET /ShareWebServices/Services/General/AuthenticatePublisherAccount HTTP/1.1" 405 176
+2025-10-29 16:28:49,547 [188.12563037872314] pydexcom DEBUG: Retrieve glucose readings from the glucose readings endpoint
+2025-10-29 16:28:49,637 [188.21581268310547] urllib3.connectionpool DEBUG: https://share2.dexcom.com:443 "POST /ShareWebServices/Services/Publisher/ReadPublisherLatestGlucoseValues?sessionId=6f9ffcb0-70a8-4cd6-b632-ea6955d350cb&minutes=1440&maxCount=1 HTTP/1.1" 200 None
+2025-10-29 16:28:50,227 [188.8056182861328] notifier INFO: Requesting url https://share2.dexcom.com/ShareWebServices/Services
+2025-10-29 16:28:50,227 [188.8056182861328] pydexcom DEBUG: Retrieve glucose readings from the glucose readings endpoint
+2025-10-29 16:28:50,333 [188.9120934009552] urllib3.connectionpool DEBUG: https://share2.dexcom.com:443 "POST /ShareWebServices/Services/Publisher/ReadPublisherLatestGlucoseValues?sessionId=6f9ffcb0-70a8-4cd6-b632-ea6955d350cb&minutes=1440&maxCount=1 HTTP/1.1" 200 None
+2025-10-29 16:28:50,335 [188.9141047000885] notifier INFO: Requesting url https://share2.dexcom.com/ShareWebServices/Services
+2025-10-29 16:28:50,335 [188.9141047000885] pydexcom DEBUG: Retrieve glucose readings from the glucose readings endpoint
+2025-10-29 16:28:50,437 [189.01538276672363] urllib3.connectionpool DEBUG: https://share2.dexcom.com:443 "POST /ShareWebServices/Services/Publisher/ReadPublisherLatestGlucoseValues?sessionId=6f9ffcb0-70a8-4cd6-b632-ea6955d350cb&minutes=1440&maxCount=1 HTTP/1.1" 200 None
+2025-10-29 16:28:50,512 [189.0908579826355] status INFO: Requesting url: https://share2.dexcom.com/ShareWebServices/Services/General/AuthenticatePublisherAccount
+2025-10-29 16:28:50,514 [189.09238529205322] urllib3.connectionpool DEBUG: Starting new HTTPS connection (1): share2.dexcom.com:443
+2025-10-29 16:28:50,649 [189.22787404060364] urllib3.connectionpool DEBUG: https://share2.dexcom.com:443 "GET /ShareWebServices/Services/General/AuthenticatePublisherAccount HTTP/1.1" 405 176
+2025-10-29 16:28:51,442 [190.02122926712036] notifier INFO: Requesting url https://share2.dexcom.com/ShareWebServices/Services
+2025-10-29 16:28:51,443 [190.02225303649902] pydexcom DEBUG: Retrieve glucose readings from the glucose readings endpoint
+2025-10-29 16:28:51,539 [190.1179347038269] urllib3.connectionpool DEBUG: https://share2.dexcom.com:443 "POST /ShareWebServices/Services/Publisher/ReadPublisherLatestGlucoseValues?sessionId=6f9ffcb0-70a8-4cd6-b632-ea6955d350cb&minutes=1440&maxCount=1 HTTP/1.1" 200 None
+2025-10-29 16:28:51,539 [190.1179347038269] notifier INFO: Requesting url https://share2.dexcom.com/ShareWebServices/Services
+2025-10-29 16:28:51,539 [190.1179347038269] pydexcom DEBUG: Retrieve glucose readings from the glucose readings endpoint
+2025-10-29 16:28:51,650 [190.2289116382599] urllib3.connectionpool DEBUG: https://share2.dexcom.com:443 "POST /ShareWebServices/Services/Publisher/ReadPublisherLatestGlucoseValues?sessionId=6f9ffcb0-70a8-4cd6-b632-ea6955d350cb&minutes=1440&maxCount=1 HTTP/1.1" 200 None
+2025-10-29 16:28:51,658 [190.2365710735321] status INFO: Requesting url: https://share2.dexcom.com/ShareWebServices/Services/General/AuthenticatePublisherAccount
+2025-10-29 16:28:51,659 [190.23758625984192] urllib3.connectionpool DEBUG: Starting new HTTPS connection (1): share2.dexcom.com:443
+2025-10-29 16:28:51,811 [190.38989925384521] urllib3.connectionpool DEBUG: https://share2.dexcom.com:443 "GET /ShareWebServices/Services/General/AuthenticatePublisherAccount HTTP/1.1" 405 176
+2025-10-29 16:28:52,657 [191.23601984977722] notifier INFO: Requesting url https://share2.dexcom.com/ShareWebServices/Services
+2025-10-29 16:28:52,657 [191.23601984977722] pydexcom DEBUG: Retrieve glucose readings from the glucose readings endpoint
+2025-10-29 16:28:52,745 [191.32382678985596] urllib3.connectionpool DEBUG: https://share2.dexcom.com:443 "POST /ShareWebServices/Services/Publisher/ReadPublisherLatestGlucoseValues?sessionId=6f9ffcb0-70a8-4cd6-b632-ea6955d350cb&minutes=1440&maxCount=1 HTTP/1.1" 200 None
+2025-10-29 16:28:52,745 [191.32382678985596] notifier INFO: Requesting url https://share2.dexcom.com/ShareWebServices/Services
+2025-10-29 16:28:52,745 [191.32382678985596] pydexcom DEBUG: Retrieve glucose readings from the glucose readings endpoint
+2025-10-29 16:28:52,813 [191.39204454421997] status INFO: Requesting url: https://share2.dexcom.com/ShareWebServices/Services/General/AuthenticatePublisherAccount
+2025-10-29 16:28:52,815 [191.394056558609] urllib3.connectionpool DEBUG: Starting new HTTPS connection (1): share2.dexcom.com:443
+2025-10-29 16:28:52,850 [191.42855644226074] urllib3.connectionpool DEBUG: https://share2.dexcom.com:443 "POST /ShareWebServices/Services/Publisher/ReadPublisherLatestGlucoseValues?sessionId=6f9ffcb0-70a8-4cd6-b632-ea6955d350cb&minutes=1440&maxCount=1 HTTP/1.1" 200 None
+2025-10-29 16:28:53,053 [191.63210797309875] urllib3.connectionpool DEBUG: https://share2.dexcom.com:443 "GET /ShareWebServices/Services/General/AuthenticatePublisherAccount HTTP/1.1" 405 176
+2025-10-29 16:28:53,857 [192.43562650680542] notifier INFO: Requesting url https://share2.dexcom.com/ShareWebServices/Services
+2025-10-29 16:28:53,857 [192.43562650680542] pydexcom DEBUG: Retrieve glucose readings from the glucose readings endpoint
+2025-10-29 16:28:53,950 [192.52842330932617] urllib3.connectionpool DEBUG: https://share2.dexcom.com:443 "POST /ShareWebServices/Services/Publisher/ReadPublisherLatestGlucoseValues?sessionId=6f9ffcb0-70a8-4cd6-b632-ea6955d350cb&minutes=1440&maxCount=1 HTTP/1.1" 200 None
+2025-10-29 16:28:53,950 [192.52842330932617] notifier INFO: Requesting url https://share2.dexcom.com/ShareWebServices/Services
+2025-10-29 16:28:53,950 [192.52842330932617] pydexcom DEBUG: Retrieve glucose readings from the glucose readings endpoint
+2025-10-29 16:28:53,975 [192.55415415763855] notifier INFO: Requesting url General/AuthenticatePublisherAccount
+2025-10-29 16:28:53,975 [192.55415415763855] pydexcom DEBUG: Retrieve account ID from the authentication endpoint
+2025-10-29 16:28:53,975 [192.55415415763855] urllib3.connectionpool DEBUG: Starting new HTTPS connection (1): share2.dexcom.com:443
+2025-10-29 16:28:54,054 [192.63293266296387] urllib3.connectionpool DEBUG: https://share2.dexcom.com:443 "POST /ShareWebServices/Services/Publisher/ReadPublisherLatestGlucoseValues?sessionId=6f9ffcb0-70a8-4cd6-b632-ea6955d350cb&minutes=1440&maxCount=1 HTTP/1.1" 200 None
+2025-10-29 16:28:54,062 [192.6405725479126] status INFO: Requesting url: https://share2.dexcom.com/ShareWebServices/Services/General/AuthenticatePublisherAccount
+2025-10-29 16:28:54,062 [192.6405725479126] urllib3.connectionpool DEBUG: Starting new HTTPS connection (1): share2.dexcom.com:443
+2025-10-29 16:28:54,283 [192.86189794540405] urllib3.connectionpool DEBUG: https://share2.dexcom.com:443 "GET /ShareWebServices/Services/General/AuthenticatePublisherAccount HTTP/1.1" 405 176
+2025-10-29 16:28:54,382 [192.96124458312988] urllib3.connectionpool DEBUG: https://share2.dexcom.com:443 "POST /ShareWebServices/Services/General/AuthenticatePublisherAccount HTTP/1.1" 200 38
+2025-10-29 16:28:54,382 [192.96124458312988] pydexcom DEBUG: Retrieve session ID from the login endpoint
+2025-10-29 16:28:54,649 [193.22787427902222] pydexcom DEBUG: Retrieve glucose readings from the glucose readings endpoint
+2025-10-29 16:28:54,758 [193.33700513839722] urllib3.connectionpool DEBUG: https://share2.dexcom.com:443 "POST /ShareWebServices/Services/Publisher/ReadPublisherLatestGlucoseValues?sessionId=6f9ffcb0-70a8-4cd6-b632-ea6955d350cb&minutes=1440&maxCount=1 HTTP/1.1" 200 None
+2025-10-29 16:28:55,060 [193.6390995979309] notifier INFO: Requesting url https://share2.dexcom.com/ShareWebServices/Services
+2025-10-29 16:28:55,060 [193.6390995979309] pydexcom DEBUG: Retrieve glucose readings from the glucose readings endpoint
+2025-10-29 16:28:55,066 [193.64499068260193] urllib3.connectionpool DEBUG: https://share2.dexcom.com:443 "POST /ShareWebServices/Services/General/LoginPublisherAccountById HTTP/1.1" 200 38
+2025-10-29 16:28:55,092 [193.6707558631897] pydexcom DEBUG: Retrieve glucose readings from the glucose readings endpoint
+2025-10-29 16:28:55,166 [193.74433588981628] urllib3.connectionpool DEBUG: https://share2.dexcom.com:443 "POST /ShareWebServices/Services/Publisher/ReadPublisherLatestGlucoseValues?sessionId=6f9ffcb0-70a8-4cd6-b632-ea6955d350cb&minutes=1440&maxCount=1 HTTP/1.1" 200 None
+2025-10-29 16:28:55,166 [193.74433588981628] notifier INFO: Requesting url https://share2.dexcom.com/ShareWebServices/Services
+2025-10-29 16:28:55,166 [193.74433588981628] pydexcom DEBUG: Retrieve glucose readings from the glucose readings endpoint
+2025-10-29 16:28:55,183 [193.76219153404236] urllib3.connectionpool DEBUG: https://share2.dexcom.com:443 "POST /ShareWebServices/Services/Publisher/ReadPublisherLatestGlucoseValues?sessionId=6f9ffcb0-70a8-4cd6-b632-ea6955d350cb&minutes=1440&maxCount=1 HTTP/1.1" 200 None
+2025-10-29 16:28:55,292 [193.87038683891296] status INFO: Requesting url: https://share2.dexcom.com/ShareWebServices/Services/General/AuthenticatePublisherAccount
+2025-10-29 16:28:55,292 [193.87038683891296] urllib3.connectionpool DEBUG: Starting new HTTPS connection (1): share2.dexcom.com:443
+2025-10-29 16:28:55,299 [193.87818264961243] urllib3.connectionpool DEBUG: https://share2.dexcom.com:443 "POST /ShareWebServices/Services/Publisher/ReadPublisherLatestGlucoseValues?sessionId=6f9ffcb0-70a8-4cd6-b632-ea6955d350cb&minutes=1440&maxCount=1 HTTP/1.1" 200 None
+2025-10-29 16:28:55,434 [194.0131115913391] urllib3.connectionpool DEBUG: https://share2.dexcom.com:443 "GET /ShareWebServices/Services/General/AuthenticatePublisherAccount HTTP/1.1" 405 176
+2025-10-29 16:28:56,305 [194.88422966003418] notifier INFO: Requesting url https://share2.dexcom.com/ShareWebServices/Services
+2025-10-29 16:28:56,307 [194.88581085205078] pydexcom DEBUG: Retrieve glucose readings from the glucose readings endpoint
+2025-10-29 16:28:56,410 [194.9885537624359] urllib3.connectionpool DEBUG: https://share2.dexcom.com:443 "POST /ShareWebServices/Services/Publisher/ReadPublisherLatestGlucoseValues?sessionId=6f9ffcb0-70a8-4cd6-b632-ea6955d350cb&minutes=1440&maxCount=1 HTTP/1.1" 200 None
+2025-10-29 16:28:56,410 [194.9885537624359] notifier INFO: Requesting url https://share2.dexcom.com/ShareWebServices/Services
+2025-10-29 16:28:56,410 [194.9885537624359] pydexcom DEBUG: Retrieve glucose readings from the glucose readings endpoint
+2025-10-29 16:28:56,444 [195.02316641807556] status INFO: Requesting url: https://share2.dexcom.com/ShareWebServices/Services/General/AuthenticatePublisherAccount
+2025-10-29 16:28:56,444 [195.02316641807556] urllib3.connectionpool DEBUG: Starting new HTTPS connection (1): share2.dexcom.com:443
+2025-10-29 16:28:56,499 [195.07766962051392] urllib3.connectionpool DEBUG: https://share2.dexcom.com:443 "POST /ShareWebServices/Services/Publisher/ReadPublisherLatestGlucoseValues?sessionId=6f9ffcb0-70a8-4cd6-b632-ea6955d350cb&minutes=1440&maxCount=1 HTTP/1.1" 200 None
+2025-10-29 16:28:56,588 [195.16719841957092] urllib3.connectionpool DEBUG: https://share2.dexcom.com:443 "GET /ShareWebServices/Services/General/AuthenticatePublisherAccount HTTP/1.1" 405 176
+2025-10-29 16:28:57,501 [196.08026480674744] notifier INFO: Requesting url https://share2.dexcom.com/ShareWebServices/Services
+2025-10-29 16:28:57,501 [196.08026480674744] pydexcom DEBUG: Retrieve glucose readings from the glucose readings endpoint
+2025-10-29 16:28:57,599 [196.17755699157715] status INFO: Requesting url: https://share2.dexcom.com/ShareWebServices/Services/General/AuthenticatePublisherAccount
+2025-10-29 16:28:57,599 [196.17755699157715] urllib3.connectionpool DEBUG: Starting new HTTPS connection (1): share2.dexcom.com:443
+2025-10-29 16:28:57,599 [196.17755699157715] urllib3.connectionpool DEBUG: https://share2.dexcom.com:443 "POST /ShareWebServices/Services/Publisher/ReadPublisherLatestGlucoseValues?sessionId=6f9ffcb0-70a8-4cd6-b632-ea6955d350cb&minutes=1440&maxCount=1 HTTP/1.1" 200 None
+2025-10-29 16:28:57,599 [196.17755699157715] notifier INFO: Requesting url https://share2.dexcom.com/ShareWebServices/Services
+2025-10-29 16:28:57,599 [196.17755699157715] pydexcom DEBUG: Retrieve glucose readings from the glucose readings endpoint
+2025-10-29 16:28:57,709 [196.2874825000763] urllib3.connectionpool DEBUG: https://share2.dexcom.com:443 "POST /ShareWebServices/Services/Publisher/ReadPublisherLatestGlucoseValues?sessionId=6f9ffcb0-70a8-4cd6-b632-ea6955d350cb&minutes=1440&maxCount=1 HTTP/1.1" 200 None
+2025-10-29 16:28:57,724 [196.30324029922485] urllib3.connectionpool DEBUG: https://share2.dexcom.com:443 "GET /ShareWebServices/Services/General/AuthenticatePublisherAccount HTTP/1.1" 405 176
+2025-10-29 16:28:58,718 [197.29693341255188] notifier INFO: Requesting url https://share2.dexcom.com/ShareWebServices/Services
+2025-10-29 16:28:58,718 [197.29693341255188] pydexcom DEBUG: Retrieve glucose readings from the glucose readings endpoint
+2025-10-29 16:28:58,729 [197.30814409255981] status INFO: Requesting url: https://share2.dexcom.com/ShareWebServices/Services/General/AuthenticatePublisherAccount
+2025-10-29 16:28:58,729 [197.30814409255981] urllib3.connectionpool DEBUG: Starting new HTTPS connection (1): share2.dexcom.com:443
+2025-10-29 16:28:58,826 [197.40482544898987] urllib3.connectionpool DEBUG: https://share2.dexcom.com:443 "POST /ShareWebServices/Services/Publisher/ReadPublisherLatestGlucoseValues?sessionId=6f9ffcb0-70a8-4cd6-b632-ea6955d350cb&minutes=1440&maxCount=1 HTTP/1.1" 200 None
+2025-10-29 16:28:58,826 [197.40482544898987] notifier INFO: Requesting url https://share2.dexcom.com/ShareWebServices/Services
+2025-10-29 16:28:58,826 [197.40482544898987] pydexcom DEBUG: Retrieve glucose readings from the glucose readings endpoint
+2025-10-29 16:28:58,889 [197.4679398536682] urllib3.connectionpool DEBUG: https://share2.dexcom.com:443 "GET /ShareWebServices/Services/General/AuthenticatePublisherAccount HTTP/1.1" 405 176
+2025-10-29 16:28:58,921 [197.500093460083] urllib3.connectionpool DEBUG: https://share2.dexcom.com:443 "POST /ShareWebServices/Services/Publisher/ReadPublisherLatestGlucoseValues?sessionId=6f9ffcb0-70a8-4cd6-b632-ea6955d350cb&minutes=1440&maxCount=1 HTTP/1.1" 200 None
+2025-10-29 16:28:59,783 [198.36176085472107] pydexcom DEBUG: Retrieve glucose readings from the glucose readings endpoint
+2025-10-29 16:28:59,881 [198.46019577980042] urllib3.connectionpool DEBUG: https://share2.dexcom.com:443 "POST /ShareWebServices/Services/Publisher/ReadPublisherLatestGlucoseValues?sessionId=6f9ffcb0-70a8-4cd6-b632-ea6955d350cb&minutes=1440&maxCount=1 HTTP/1.1" 200 None
+2025-10-29 16:28:59,891 [198.470276594162] status INFO: Requesting url: https://share2.dexcom.com/ShareWebServices/Services/General/AuthenticatePublisherAccount
+2025-10-29 16:28:59,893 [198.4720492362976] urllib3.connectionpool DEBUG: Starting new HTTPS connection (1): share2.dexcom.com:443
+2025-10-29 16:28:59,934 [198.51261186599731] notifier INFO: Requesting url https://share2.dexcom.com/ShareWebServices/Services
+2025-10-29 16:28:59,934 [198.51261186599731] pydexcom DEBUG: Retrieve glucose readings from the glucose readings endpoint
+2025-10-29 16:29:00,046 [198.62503910064697] urllib3.connectionpool DEBUG: https://share2.dexcom.com:443 "POST /ShareWebServices/Services/Publisher/ReadPublisherLatestGlucoseValues?sessionId=6f9ffcb0-70a8-4cd6-b632-ea6955d350cb&minutes=1440&maxCount=1 HTTP/1.1" 200 None
+2025-10-29 16:29:00,046 [198.62503910064697] notifier INFO: Requesting url https://share2.dexcom.com/ShareWebServices/Services
+2025-10-29 16:29:00,046 [198.62503910064697] pydexcom DEBUG: Retrieve glucose readings from the glucose readings endpoint
+2025-10-29 16:29:00,048 [198.6270501613617] urllib3.connectionpool DEBUG: https://share2.dexcom.com:443 "GET /ShareWebServices/Services/General/AuthenticatePublisherAccount HTTP/1.1" 405 176
+2025-10-29 16:29:00,149 [198.72780299186707] urllib3.connectionpool DEBUG: https://share2.dexcom.com:443 "POST /ShareWebServices/Services/Publisher/ReadPublisherLatestGlucoseValues?sessionId=6f9ffcb0-70a8-4cd6-b632-ea6955d350cb&minutes=1440&maxCount=1 HTTP/1.1" 200 None
+2025-10-29 16:29:01,051 [199.62966394424438] status INFO: Requesting url: https://share2.dexcom.com/ShareWebServices/Services/General/AuthenticatePublisherAccount
+2025-10-29 16:29:01,051 [199.63020634651184] urllib3.connectionpool DEBUG: Starting new HTTPS connection (1): share2.dexcom.com:443
+2025-10-29 16:29:01,151 [199.73026537895203] notifier INFO: Requesting url https://share2.dexcom.com/ShareWebServices/Services
+2025-10-29 16:29:01,151 [199.73026537895203] pydexcom DEBUG: Retrieve glucose readings from the glucose readings endpoint
+2025-10-29 16:29:01,187 [199.76599740982056] urllib3.connectionpool DEBUG: https://share2.dexcom.com:443 "GET /ShareWebServices/Services/General/AuthenticatePublisherAccount HTTP/1.1" 405 176
+2025-10-29 16:29:01,267 [199.84606981277466] urllib3.connectionpool DEBUG: https://share2.dexcom.com:443 "POST /ShareWebServices/Services/Publisher/ReadPublisherLatestGlucoseValues?sessionId=6f9ffcb0-70a8-4cd6-b632-ea6955d350cb&minutes=1440&maxCount=1 HTTP/1.1" 200 None
+2025-10-29 16:29:01,267 [199.84606981277466] notifier INFO: Requesting url https://share2.dexcom.com/ShareWebServices/Services
+2025-10-29 16:29:01,267 [199.84606981277466] pydexcom DEBUG: Retrieve glucose readings from the glucose readings endpoint
+2025-10-29 16:29:01,383 [199.96156477928162] urllib3.connectionpool DEBUG: https://share2.dexcom.com:443 "POST /ShareWebServices/Services/Publisher/ReadPublisherLatestGlucoseValues?sessionId=6f9ffcb0-70a8-4cd6-b632-ea6955d350cb&minutes=1440&maxCount=1 HTTP/1.1" 200 None
+2025-10-29 16:29:02,190 [200.76869225502014] status INFO: Requesting url: https://share2.dexcom.com/ShareWebServices/Services/General/AuthenticatePublisherAccount
+2025-10-29 16:29:02,191 [200.77014780044556] urllib3.connectionpool DEBUG: Starting new HTTPS connection (1): share2.dexcom.com:443
+2025-10-29 16:29:02,388 [200.96673703193665] notifier INFO: Requesting url https://share2.dexcom.com/ShareWebServices/Services
+2025-10-29 16:29:02,388 [200.96673703193665] pydexcom DEBUG: Retrieve glucose readings from the glucose readings endpoint
+2025-10-29 16:29:02,397 [200.97565746307373] urllib3.connectionpool DEBUG: https://share2.dexcom.com:443 "GET /ShareWebServices/Services/General/AuthenticatePublisherAccount HTTP/1.1" 405 176
+2025-10-29 16:29:02,496 [201.0746202468872] urllib3.connectionpool DEBUG: https://share2.dexcom.com:443 "POST /ShareWebServices/Services/Publisher/ReadPublisherLatestGlucoseValues?sessionId=6f9ffcb0-70a8-4cd6-b632-ea6955d350cb&minutes=1440&maxCount=1 HTTP/1.1" 200 None
+2025-10-29 16:29:02,496 [201.0746202468872] notifier INFO: Requesting url https://share2.dexcom.com/ShareWebServices/Services
+2025-10-29 16:29:02,498 [201.07662916183472] pydexcom DEBUG: Retrieve glucose readings from the glucose readings endpoint
+2025-10-29 16:29:02,611 [201.18949365615845] urllib3.connectionpool DEBUG: https://share2.dexcom.com:443 "POST /ShareWebServices/Services/Publisher/ReadPublisherLatestGlucoseValues?sessionId=6f9ffcb0-70a8-4cd6-b632-ea6955d350cb&minutes=1440&maxCount=1 HTTP/1.1" 200 None
+2025-10-29 16:29:03,407 [201.98536825180054] status INFO: Requesting url: https://share2.dexcom.com/ShareWebServices/Services/General/AuthenticatePublisherAccount
+2025-10-29 16:29:03,408 [201.9864263534546] urllib3.connectionpool DEBUG: Starting new HTTPS connection (1): share2.dexcom.com:443
+2025-10-29 16:29:03,568 [202.14647150039673] urllib3.connectionpool DEBUG: https://share2.dexcom.com:443 "GET /ShareWebServices/Services/General/AuthenticatePublisherAccount HTTP/1.1" 405 176
+2025-10-29 16:29:03,612 [202.1905872821808] notifier INFO: Requesting url https://share2.dexcom.com/ShareWebServices/Services
+2025-10-29 16:29:03,612 [202.1905872821808] pydexcom DEBUG: Retrieve glucose readings from the glucose readings endpoint
+2025-10-29 16:29:03,888 [202.46647834777832] urllib3.connectionpool DEBUG: https://share2.dexcom.com:443 "POST /ShareWebServices/Services/Publisher/ReadPublisherLatestGlucoseValues?sessionId=6f9ffcb0-70a8-4cd6-b632-ea6955d350cb&minutes=1440&maxCount=1 HTTP/1.1" 200 None
+2025-10-29 16:29:03,888 [202.46647834777832] notifier INFO: Requesting url https://share2.dexcom.com/ShareWebServices/Services
+2025-10-29 16:29:03,888 [202.46647834777832] pydexcom DEBUG: Retrieve glucose readings from the glucose readings endpoint
+2025-10-29 16:29:04,102 [202.68068504333496] urllib3.connectionpool DEBUG: https://share2.dexcom.com:443 "POST /ShareWebServices/Services/Publisher/ReadPublisherLatestGlucoseValues?sessionId=6f9ffcb0-70a8-4cd6-b632-ea6955d350cb&minutes=1440&maxCount=1 HTTP/1.1" 200 None
