+2026-05-11 09:47:33,583 [0.016533613204956055] urllib3.connectionpool DEBUG: Starting new HTTP connection (1): 127.0.0.1:49152
+2026-05-11 09:47:35,919 [2.352159023284912] urllib3.connectionpool DEBUG: Starting new HTTPS connection (1): share2.dexcom.com:443
+2026-05-11 09:47:36,072 [2.5049431324005127] urllib3.connectionpool DEBUG: https://share2.dexcom.com:443 "GET /ShareWebServices/Services/General/AuthenticatePublisherAccount HTTP/1.1" 405 176
+2026-05-11 09:47:36,092 [2.5250003337860107] PIL.PngImagePlugin DEBUG: STREAM b'IHDR' 16 13
+2026-05-11 09:47:36,092 [2.5250003337860107] PIL.PngImagePlugin DEBUG: STREAM b'pHYs' 41 9
+2026-05-11 09:47:36,092 [2.5250003337860107] PIL.PngImagePlugin DEBUG: STREAM b'IDAT' 62 8192
+2026-05-11 09:47:36,146 [2.5785789489746094] PIL.Image DEBUG: Importing BlpImagePlugin
+2026-05-11 09:47:36,155 [2.5877621173858643] PIL.Image DEBUG: Importing BmpImagePlugin
+2026-05-11 09:47:36,155 [2.5877621173858643] PIL.Image DEBUG: Importing BufrStubImagePlugin
+2026-05-11 09:47:36,162 [2.595280885696411] PIL.Image DEBUG: Importing CurImagePlugin
+2026-05-11 09:47:36,164 [2.5972821712493896] PIL.Image DEBUG: Importing DcxImagePlugin
+2026-05-11 09:47:36,181 [2.6138675212860107] PIL.Image DEBUG: Importing DdsImagePlugin
+2026-05-11 09:47:36,190 [2.6228811740875244] PIL.Image DEBUG: Importing EpsImagePlugin
+2026-05-11 09:47:36,198 [2.631382942199707] PIL.Image DEBUG: Importing FitsImagePlugin
+2026-05-11 09:47:36,215 [2.6479742527008057] PIL.Image DEBUG: Importing FliImagePlugin
+2026-05-11 09:47:36,217 [2.6499760150909424] PIL.Image DEBUG: Importing FpxImagePlugin
+2026-05-11 09:47:36,225 [2.658494472503662] PIL.Image DEBUG: Image: failed to import FpxImagePlugin: No module named 'olefile'
+2026-05-11 09:47:36,225 [2.658494472503662] PIL.Image DEBUG: Importing FtexImagePlugin
+2026-05-11 09:47:36,238 [2.6710195541381836] PIL.Image DEBUG: Importing GbrImagePlugin
+2026-05-11 09:47:36,249 [2.682537317276001] PIL.Image DEBUG: Importing GifImagePlugin
+2026-05-11 09:47:36,249 [2.682537317276001] PIL.Image DEBUG: Importing GribStubImagePlugin
+2026-05-11 09:47:36,251 [2.6840462684631348] PIL.Image DEBUG: Importing Hdf5StubImagePlugin
+2026-05-11 09:47:36,259 [2.6920535564422607] PIL.Image DEBUG: Importing IcnsImagePlugin
+2026-05-11 09:47:36,286 [2.7186038494110107] PIL.Image DEBUG: Importing IcoImagePlugin
+2026-05-11 09:47:36,295 [2.728269577026367] PIL.Image DEBUG: Importing ImImagePlugin
+2026-05-11 09:47:36,305 [2.7377665042877197] PIL.Image DEBUG: Importing ImtImagePlugin
+2026-05-11 09:47:36,307 [2.739769220352173] PIL.Image DEBUG: Importing IptcImagePlugin
+2026-05-11 09:47:36,313 [2.746346950531006] PIL.Image DEBUG: Importing JpegImagePlugin
+2026-05-11 09:47:36,315 [2.747814655303955] PIL.Image DEBUG: Importing Jpeg2KImagePlugin
+2026-05-11 09:47:36,315 [2.747814655303955] PIL.Image DEBUG: Importing McIdasImagePlugin
+2026-05-11 09:47:36,322 [2.755326986312866] PIL.Image DEBUG: Importing MicImagePlugin
+2026-05-11 09:47:36,331 [2.763842821121216] PIL.Image DEBUG: Image: failed to import MicImagePlugin: No module named 'olefile'
+2026-05-11 09:47:36,331 [2.763842821121216] PIL.Image DEBUG: Importing MpegImagePlugin
+2026-05-11 09:47:36,339 [2.7723608016967773] PIL.Image DEBUG: Importing MpoImagePlugin
+2026-05-11 09:47:36,385 [2.817861557006836] PIL.Image DEBUG: Importing MspImagePlugin
+2026-05-11 09:47:36,386 [2.8188588619232178] PIL.Image DEBUG: Importing PalmImagePlugin
+2026-05-11 09:47:36,396 [2.8293910026550293] PIL.Image DEBUG: Importing PcdImagePlugin
+2026-05-11 09:47:36,404 [2.8374505043029785] PIL.Image DEBUG: Importing PcxImagePlugin
+2026-05-11 09:47:36,404 [2.8374505043029785] PIL.Image DEBUG: Importing PdfImagePlugin
+2026-05-11 09:47:36,421 [2.8544864654541016] PIL.Image DEBUG: Importing PixarImagePlugin
+2026-05-11 09:47:36,423 [2.85648775100708] PIL.Image DEBUG: Importing PngImagePlugin
+2026-05-11 09:47:36,423 [2.85648775100708] PIL.Image DEBUG: Importing PpmImagePlugin
+2026-05-11 09:47:36,423 [2.85648775100708] PIL.Image DEBUG: Importing PsdImagePlugin
+2026-05-11 09:47:36,433 [2.8662238121032715] PIL.Image DEBUG: Importing QoiImagePlugin
+2026-05-11 09:47:36,440 [2.873213291168213] PIL.Image DEBUG: Importing SgiImagePlugin
+2026-05-11 09:47:36,448 [2.880737781524658] PIL.Image DEBUG: Importing SpiderImagePlugin
+2026-05-11 09:47:36,458 [2.8907651901245117] PIL.Image DEBUG: Importing SunImagePlugin
+2026-05-11 09:47:36,459 [2.8917672634124756] PIL.Image DEBUG: Importing TgaImagePlugin
+2026-05-11 09:47:36,468 [2.901508092880249] PIL.Image DEBUG: Importing TiffImagePlugin
+2026-05-11 09:47:36,468 [2.901508092880249] PIL.Image DEBUG: Importing WebPImagePlugin
+2026-05-11 09:47:36,479 [2.9124903678894043] PIL.Image DEBUG: Importing WmfImagePlugin
+2026-05-11 09:47:36,487 [2.920508623123169] PIL.Image DEBUG: Importing XbmImagePlugin
+2026-05-11 09:47:36,496 [2.9290311336517334] PIL.Image DEBUG: Importing XpmImagePlugin
+2026-05-11 09:47:36,505 [2.937548875808716] PIL.Image DEBUG: Importing XVThumbImagePlugin
+2026-05-11 09:47:38,150 [4.582617521286011] keyring.backend DEBUG: Loading KWallet
+2026-05-11 09:47:38,157 [4.589620113372803] keyring.backend DEBUG: Loading SecretService
+2026-05-11 09:47:38,164 [4.596619367599487] keyring.backend DEBUG: Loading Windows
+2026-05-11 09:47:38,225 [4.658148527145386] win32ctypes.core.cffi DEBUG: Loaded cffi backend
+2026-05-11 09:47:38,394 [4.827191591262817] keyring.backend DEBUG: Loading chainer
+2026-05-11 09:47:38,396 [4.829197645187378] keyring.backend DEBUG: Loading libsecret
+2026-05-11 09:47:38,407 [4.840196132659912] keyring.backend DEBUG: Loading macOS
+2026-05-11 09:47:38,433 [4.865713596343994] keyring.backend DEBUG: Loading Gnome
+2026-05-11 09:47:38,471 [4.903711557388306] keyring.backend DEBUG: Loading Google
+2026-05-11 09:47:38,481 [4.913712978363037] keyring.backend DEBUG: Loading Windows (alt)
+2026-05-11 09:47:38,508 [4.9410083293914795] keyring.backend DEBUG: Loading file
+2026-05-11 09:47:38,523 [4.956521987915039] keyring.backend DEBUG: Loading keyczar
+2026-05-11 09:47:38,523 [4.956521987915039] keyring.backend DEBUG: Loading multi
+2026-05-11 09:47:38,622 [5.0554680824279785] urllib3.connectionpool DEBUG: Starting new HTTPS connection (1): share2.dexcom.com:443
+2026-05-11 09:47:38,964 [5.397462606430054] urllib3.connectionpool DEBUG: https://share2.dexcom.com:443 "POST /ShareWebServices/Services/General/AuthenticatePublisherAccount HTTP/1.1" 200 38
+2026-05-11 09:47:38,965 [5.398462533950806] urllib3.connectionpool DEBUG: Starting new HTTPS connection (1): share2.dexcom.com:443
+2026-05-11 09:47:39,341 [5.7743895053863525] urllib3.connectionpool DEBUG: https://share2.dexcom.com:443 "POST /ShareWebServices/Services/General/LoginPublisherAccountById HTTP/1.1" 200 38
+2026-05-11 09:47:40,400 [6.83263373374939] urllib3.connectionpool DEBUG: Starting new HTTPS connection (1): share2.dexcom.com:443
+2026-05-11 09:47:40,496 [6.9291863441467285] urllib3.connectionpool DEBUG: https://share2.dexcom.com:443 "POST /ShareWebServices/Services/Publisher/ReadPublisherLatestGlucoseValues HTTP/1.1" 429 18
+2026-05-11 09:47:41,075 [7.508174896240234] urllib3.connectionpool DEBUG: Starting new HTTP connection (1): 127.0.0.1:49152
+2026-05-11 09:47:41,095 [7.528164386749268] urllib3.connectionpool DEBUG: Starting new HTTPS connection (1): share2.dexcom.com:443
+2026-05-11 09:47:41,444 [7.877390623092651] urllib3.connectionpool DEBUG: https://share2.dexcom.com:443 "POST /ShareWebServices/Services/General/AuthenticatePublisherAccount HTTP/1.1" 200 38
+2026-05-11 09:47:41,445 [7.878389596939087] urllib3.connectionpool DEBUG: Starting new HTTPS connection (1): share2.dexcom.com:443
+2026-05-11 09:47:41,823 [8.256474733352661] urllib3.connectionpool DEBUG: https://share2.dexcom.com:443 "POST /ShareWebServices/Services/General/LoginPublisherAccountById HTTP/1.1" 200 38
+2026-05-11 09:47:41,837 [8.269923448562622] urllib3.connectionpool DEBUG: http://127.0.0.1:49152 "GET /authenticate HTTP/1.1" 200 16
+2026-05-11 09:47:41,855 [8.288491010665894] urllib3.connectionpool DEBUG: Starting new HTTPS connection (1): share2.dexcom.com:443
+2026-05-11 09:47:41,980 [8.412887811660767] urllib3.connectionpool DEBUG: https://share2.dexcom.com:443 "POST /ShareWebServices/Services/Publisher/ReadPublisherLatestGlucoseValues HTTP/1.1" 429 18
+2026-05-11 09:47:42,651 [9.084287405014038] urllib3.connectionpool DEBUG: Starting new HTTP connection (1): 127.0.0.1:49152
+2026-05-11 09:47:42,654 [9.087296724319458] urllib3.connectionpool DEBUG: Starting new HTTPS connection (1): share2.dexcom.com:443
+2026-05-11 09:47:42,976 [9.409379959106445] urllib3.connectionpool DEBUG: https://share2.dexcom.com:443 "POST /ShareWebServices/Services/General/AuthenticatePublisherAccount HTTP/1.1" 200 38
+2026-05-11 09:47:42,977 [9.410387992858887] urllib3.connectionpool DEBUG: Starting new HTTPS connection (1): share2.dexcom.com:443
+2026-05-11 09:47:43,366 [9.79941177368164] urllib3.connectionpool DEBUG: https://share2.dexcom.com:443 "POST /ShareWebServices/Services/General/LoginPublisherAccountById HTTP/1.1" 200 38
+2026-05-11 09:47:43,378 [9.811075210571289] urllib3.connectionpool DEBUG: http://127.0.0.1:49152 "GET /authenticate HTTP/1.1" 200 16
+2026-05-11 09:47:43,389 [9.821711778640747] urllib3.connectionpool DEBUG: Starting new HTTPS connection (1): share2.dexcom.com:443
+2026-05-11 09:47:43,511 [9.944268465042114] urllib3.connectionpool DEBUG: https://share2.dexcom.com:443 "POST /ShareWebServices/Services/Publisher/ReadPublisherLatestGlucoseValues HTTP/1.1" 429 18
+2026-05-11 09:47:44,525 [10.958381652832031] urllib3.connectionpool DEBUG: Starting new HTTPS connection (1): share2.dexcom.com:443
+2026-05-11 09:47:44,630 [11.062929630279541] urllib3.connectionpool DEBUG: https://share2.dexcom.com:443 "POST /ShareWebServices/Services/Publisher/ReadPublisherLatestGlucoseValues HTTP/1.1" 429 18
+2026-05-11 09:47:45,642 [12.075424909591675] urllib3.connectionpool DEBUG: Starting new HTTPS connection (1): share2.dexcom.com:443
+2026-05-11 09:47:45,746 [12.179309844970703] urllib3.connectionpool DEBUG: https://share2.dexcom.com:443 "POST /ShareWebServices/Services/Publisher/ReadPublisherLatestGlucoseValues HTTP/1.1" 429 18
+2026-05-11 09:47:46,777 [13.2099289894104] urllib3.connectionpool DEBUG: Starting new HTTPS connection (1): share2.dexcom.com:443
+2026-05-11 09:47:46,876 [13.309176683425903] urllib3.connectionpool DEBUG: https://share2.dexcom.com:443 "POST /ShareWebServices/Services/Publisher/ReadPublisherLatestGlucoseValues HTTP/1.1" 429 18
+2026-05-11 09:47:47,912 [14.344576835632324] urllib3.connectionpool DEBUG: Starting new HTTPS connection (1): share2.dexcom.com:443
+2026-05-11 09:47:48,019 [14.451986312866211] urllib3.connectionpool DEBUG: https://share2.dexcom.com:443 "POST /ShareWebServices/Services/Publisher/ReadPublisherLatestGlucoseValues HTTP/1.1" 429 18
+2026-05-11 09:47:49,046 [15.478949308395386] urllib3.connectionpool DEBUG: Starting new HTTPS connection (1): share2.dexcom.com:443
+2026-05-11 09:47:49,152 [15.585143327713013] urllib3.connectionpool DEBUG: https://share2.dexcom.com:443 "POST /ShareWebServices/Services/Publisher/ReadPublisherLatestGlucoseValues HTTP/1.1" 429 18
+2026-05-11 09:47:50,188 [16.621212244033813] urllib3.connectionpool DEBUG: Starting new HTTPS connection (1): share2.dexcom.com:443
+2026-05-11 09:47:50,293 [16.72581672668457] urllib3.connectionpool DEBUG: https://share2.dexcom.com:443 "POST /ShareWebServices/Services/Publisher/ReadPublisherLatestGlucoseValues HTTP/1.1" 429 18
+2026-05-11 09:47:51,329 [17.761701822280884] urllib3.connectionpool DEBUG: Starting new HTTPS connection (1): share2.dexcom.com:443
+2026-05-11 09:47:51,431 [17.863969802856445] urllib3.connectionpool DEBUG: https://share2.dexcom.com:443 "POST /ShareWebServices/Services/Publisher/ReadPublisherLatestGlucoseValues HTTP/1.1" 429 18
+2026-05-11 09:47:52,443 [18.876176118850708] urllib3.connectionpool DEBUG: Starting new HTTPS connection (1): share2.dexcom.com:443
+2026-05-11 09:47:52,549 [18.981701135635376] urllib3.connectionpool DEBUG: https://share2.dexcom.com:443 "POST /ShareWebServices/Services/Publisher/ReadPublisherLatestGlucoseValues HTTP/1.1" 429 18
+2026-05-11 09:47:53,563 [19.99600911140442] urllib3.connectionpool DEBUG: Starting new HTTPS connection (1): share2.dexcom.com:443
+2026-05-11 09:47:53,807 [20.23986577987671] urllib3.connectionpool DEBUG: https://share2.dexcom.com:443 "POST /ShareWebServices/Services/Publisher/ReadPublisherLatestGlucoseValues HTTP/1.1" 429 18
+2026-05-11 09:47:54,819 [21.252249002456665] urllib3.connectionpool DEBUG: Starting new HTTPS connection (1): share2.dexcom.com:443
+2026-05-11 09:47:54,937 [21.369945287704468] urllib3.connectionpool DEBUG: https://share2.dexcom.com:443 "POST /ShareWebServices/Services/Publisher/ReadPublisherLatestGlucoseValues HTTP/1.1" 429 18
+2026-05-11 09:47:54,942 [21.374943494796753] urllib3.connectionpool DEBUG: Starting new HTTPS connection (1): share2.dexcom.com:443
+2026-05-11 09:47:55,274 [21.707715272903442] urllib3.connectionpool DEBUG: https://share2.dexcom.com:443 "POST /ShareWebServices/Services/General/AuthenticatePublisherAccount HTTP/1.1" 200 38
+2026-05-11 09:47:55,276 [21.70881462097168] urllib3.connectionpool DEBUG: Starting new HTTPS connection (1): share2.dexcom.com:443
+2026-05-11 09:47:55,648 [22.08070421218872] urllib3.connectionpool DEBUG: https://share2.dexcom.com:443 "POST /ShareWebServices/Services/General/LoginPublisherAccountById HTTP/1.1" 200 38
+2026-05-11 09:47:55,921 [22.35367178916931] urllib3.connectionpool DEBUG: Starting new HTTPS connection (1): share2.dexcom.com:443
+2026-05-11 09:47:55,951 [22.383872509002686] urllib3.connectionpool DEBUG: Starting new HTTPS connection (1): share2.dexcom.com:443
+2026-05-11 09:47:56,021 [22.45417308807373] urllib3.connectionpool DEBUG: https://share2.dexcom.com:443 "POST /ShareWebServices/Services/Publisher/ReadPublisherLatestGlucoseValues HTTP/1.1" 429 18
+2026-05-11 09:47:56,044 [22.477248668670654] urllib3.connectionpool DEBUG: https://share2.dexcom.com:443 "POST /ShareWebServices/Services/Publisher/ReadPublisherLatestGlucoseValues HTTP/1.1" 429 18
+2026-05-11 09:47:57,058 [23.49142289161682] urllib3.connectionpool DEBUG: Starting new HTTPS connection (1): share2.dexcom.com:443
+2026-05-11 09:47:57,166 [23.59893012046814] urllib3.connectionpool DEBUG: https://share2.dexcom.com:443 "POST /ShareWebServices/Services/Publisher/ReadPublisherLatestGlucoseValues HTTP/1.1" 429 18
+2026-05-11 09:47:58,197 [24.63044309616089] urllib3.connectionpool DEBUG: Starting new HTTPS connection (1): share2.dexcom.com:443
+2026-05-11 09:47:58,301 [24.73438596725464] urllib3.connectionpool DEBUG: https://share2.dexcom.com:443 "POST /ShareWebServices/Services/Publisher/ReadPublisherLatestGlucoseValues HTTP/1.1" 429 18
+2026-05-11 09:47:59,356 [25.788700342178345] urllib3.connectionpool DEBUG: Starting new HTTPS connection (1): share2.dexcom.com:443
+2026-05-11 09:47:59,463 [25.896122694015503] urllib3.connectionpool DEBUG: https://share2.dexcom.com:443 "POST /ShareWebServices/Services/Publisher/ReadPublisherLatestGlucoseValues HTTP/1.1" 429 18
+2026-05-11 09:48:00,521 [26.954238653182983] urllib3.connectionpool DEBUG: Starting new HTTPS connection (1): share2.dexcom.com:443
+2026-05-11 09:48:00,630 [27.063059329986572] urllib3.connectionpool DEBUG: https://share2.dexcom.com:443 "POST /ShareWebServices/Services/Publisher/ReadPublisherLatestGlucoseValues HTTP/1.1" 429 18
+2026-05-11 09:48:01,659 [28.092124462127686] urllib3.connectionpool DEBUG: Starting new HTTPS connection (1): share2.dexcom.com:443
+2026-05-11 09:48:01,758 [28.1907958984375] urllib3.connectionpool DEBUG: https://share2.dexcom.com:443 "POST /ShareWebServices/Services/Publisher/ReadPublisherLatestGlucoseValues HTTP/1.1" 429 18
+2026-05-11 09:48:02,805 [29.23789691925049] urllib3.connectionpool DEBUG: Starting new HTTPS connection (1): share2.dexcom.com:443
+2026-05-11 09:48:02,907 [29.339555978775024] urllib3.connectionpool DEBUG: https://share2.dexcom.com:443 "POST /ShareWebServices/Services/Publisher/ReadPublisherLatestGlucoseValues HTTP/1.1" 429 18
+2026-05-11 09:48:03,969 [30.401591777801514] urllib3.connectionpool DEBUG: Starting new HTTPS connection (1): share2.dexcom.com:443
+2026-05-11 09:48:05,077 [31.509616136550903] urllib3.connectionpool DEBUG: https://share2.dexcom.com:443 "POST /ShareWebServices/Services/Publisher/ReadPublisherLatestGlucoseValues HTTP/1.1" 429 18
+2026-05-11 09:48:06,074 [32.506832122802734] urllib3.connectionpool DEBUG: Starting new HTTPS connection (1): share2.dexcom.com:443
+2026-05-11 09:48:06,114 [32.54723906517029] urllib3.connectionpool DEBUG: Starting new HTTPS connection (1): share2.dexcom.com:443
+2026-05-11 09:48:06,213 [32.646485805511475] urllib3.connectionpool DEBUG: https://share2.dexcom.com:443 "GET /ShareWebServices/Services/General/AuthenticatePublisherAccount HTTP/1.1" 405 176
+2026-05-11 09:48:06,225 [32.65804386138916] urllib3.connectionpool DEBUG: https://share2.dexcom.com:443 "POST /ShareWebServices/Services/Publisher/ReadPublisherLatestGlucoseValues HTTP/1.1" 429 18
+2026-05-11 09:48:07,277 [33.710079193115234] urllib3.connectionpool DEBUG: Starting new HTTPS connection (1): share2.dexcom.com:443
+2026-05-11 09:48:07,380 [33.81296467781067] urllib3.connectionpool DEBUG: https://share2.dexcom.com:443 "POST /ShareWebServices/Services/Publisher/ReadPublisherLatestGlucoseValues HTTP/1.1" 429 18
+2026-05-11 09:48:08,416 [34.848878622055054] urllib3.connectionpool DEBUG: Starting new HTTPS connection (1): share2.dexcom.com:443
+2026-05-11 09:48:08,517 [34.95021963119507] urllib3.connectionpool DEBUG: https://share2.dexcom.com:443 "POST /ShareWebServices/Services/Publisher/ReadPublisherLatestGlucoseValues HTTP/1.1" 429 18
+2026-05-11 09:48:09,559 [35.993045806884766] urllib3.connectionpool DEBUG: Starting new HTTPS connection (1): share2.dexcom.com:443
+2026-05-11 09:48:09,661 [36.09407901763916] urllib3.connectionpool DEBUG: https://share2.dexcom.com:443 "POST /ShareWebServices/Services/Publisher/ReadPublisherLatestGlucoseValues HTTP/1.1" 429 18
+2026-05-11 09:48:10,710 [37.142638206481934] urllib3.connectionpool DEBUG: Starting new HTTPS connection (1): share2.dexcom.com:443
+2026-05-11 09:48:10,818 [37.25129270553589] urllib3.connectionpool DEBUG: https://share2.dexcom.com:443 "POST /ShareWebServices/Services/Publisher/ReadPublisherLatestGlucoseValues HTTP/1.1" 429 18
+2026-05-11 09:48:11,858 [38.29123854637146] urllib3.connectionpool DEBUG: Starting new HTTPS connection (1): share2.dexcom.com:443
+2026-05-11 09:48:11,957 [38.38980484008789] urllib3.connectionpool DEBUG: https://share2.dexcom.com:443 "POST /ShareWebServices/Services/Publisher/ReadPublisherLatestGlucoseValues HTTP/1.1" 429 18
+2026-05-11 09:48:12,969 [39.40220069885254] urllib3.connectionpool DEBUG: Starting new HTTPS connection (1): share2.dexcom.com:443
+2026-05-11 09:48:13,069 [39.50254416465759] urllib3.connectionpool DEBUG: https://share2.dexcom.com:443 "POST /ShareWebServices/Services/Publisher/ReadPublisherLatestGlucoseValues HTTP/1.1" 429 18
+2026-05-11 09:48:14,129 [40.561705350875854] urllib3.connectionpool DEBUG: Starting new HTTPS connection (1): share2.dexcom.com:443
+2026-05-11 09:48:14,229 [40.66248798370361] urllib3.connectionpool DEBUG: https://share2.dexcom.com:443 "POST /ShareWebServices/Services/Publisher/ReadPublisherLatestGlucoseValues HTTP/1.1" 429 18
+2026-05-11 09:48:15,267 [41.70000696182251] urllib3.connectionpool DEBUG: Starting new HTTPS connection (1): share2.dexcom.com:443
+2026-05-11 09:48:15,369 [41.80253505706787] urllib3.connectionpool DEBUG: https://share2.dexcom.com:443 "POST /ShareWebServices/Services/Publisher/ReadPublisherLatestGlucoseValues HTTP/1.1" 429 18
+2026-05-11 09:48:16,415 [42.849475622177124] urllib3.connectionpool DEBUG: Starting new HTTPS connection (1): share2.dexcom.com:443
+2026-05-11 09:48:16,513 [42.946341037750244] urllib3.connectionpool DEBUG: https://share2.dexcom.com:443 "POST /ShareWebServices/Services/Publisher/ReadPublisherLatestGlucoseValues HTTP/1.1" 429 18
+2026-05-11 09:48:17,578 [44.010595083236694] urllib3.connectionpool DEBUG: Starting new HTTPS connection (1): share2.dexcom.com:443
+2026-05-11 09:48:17,692 [44.1247923374176] urllib3.connectionpool DEBUG: https://share2.dexcom.com:443 "POST /ShareWebServices/Services/Publisher/ReadPublisherLatestGlucoseValues HTTP/1.1" 429 18
+2026-05-11 09:48:18,727 [45.160484790802] urllib3.connectionpool DEBUG: Starting new HTTPS connection (1): share2.dexcom.com:443
+2026-05-11 09:48:18,833 [45.26566123962402] urllib3.connectionpool DEBUG: https://share2.dexcom.com:443 "POST /ShareWebServices/Services/Publisher/ReadPublisherLatestGlucoseValues HTTP/1.1" 429 18
+2026-05-11 09:48:19,893 [46.32589626312256] urllib3.connectionpool DEBUG: Starting new HTTPS connection (1): share2.dexcom.com:443
+2026-05-11 09:48:19,996 [46.42890548706055] urllib3.connectionpool DEBUG: https://share2.dexcom.com:443 "POST /ShareWebServices/Services/Publisher/ReadPublisherLatestGlucoseValues HTTP/1.1" 429 18
+2026-05-11 09:48:21,031 [47.46395182609558] urllib3.connectionpool DEBUG: Starting new HTTPS connection (1): share2.dexcom.com:443
+2026-05-11 09:48:21,155 [47.587960958480835] urllib3.connectionpool DEBUG: https://share2.dexcom.com:443 "POST /ShareWebServices/Services/Publisher/ReadPublisherLatestGlucoseValues HTTP/1.1" 429 18
+2026-05-11 09:48:22,226 [48.65868258476257] urllib3.connectionpool DEBUG: Starting new HTTPS connection (1): share2.dexcom.com:443
+2026-05-11 09:48:22,333 [48.76557469367981] urllib3.connectionpool DEBUG: https://share2.dexcom.com:443 "POST /ShareWebServices/Services/Publisher/ReadPublisherLatestGlucoseValues HTTP/1.1" 429 18
+2026-05-11 09:48:23,368 [49.80143928527832] urllib3.connectionpool DEBUG: Starting new HTTPS connection (1): share2.dexcom.com:443
+2026-05-11 09:48:23,477 [49.90962862968445] urllib3.connectionpool DEBUG: https://share2.dexcom.com:443 "POST /ShareWebServices/Services/Publisher/ReadPublisherLatestGlucoseValues HTTP/1.1" 429 18
+2026-05-11 09:48:24,525 [50.9582736492157] urllib3.connectionpool DEBUG: Starting new HTTPS connection (1): share2.dexcom.com:443
+2026-05-11 09:48:24,631 [51.063883781433105] urllib3.connectionpool DEBUG: https://share2.dexcom.com:443 "POST /ShareWebServices/Services/Publisher/ReadPublisherLatestGlucoseValues HTTP/1.1" 429 18
+2026-05-11 09:48:25,667 [52.100492000579834] urllib3.connectionpool DEBUG: Starting new HTTPS connection (1): share2.dexcom.com:443
+2026-05-11 09:48:25,766 [52.198909759521484] urllib3.connectionpool DEBUG: https://share2.dexcom.com:443 "POST /ShareWebServices/Services/Publisher/ReadPublisherLatestGlucoseValues HTTP/1.1" 429 18
+2026-05-11 09:48:26,803 [53.23621869087219] urllib3.connectionpool DEBUG: Starting new HTTPS connection (1): share2.dexcom.com:443
+2026-05-11 09:48:26,966 [53.39934062957764] urllib3.connectionpool DEBUG: https://share2.dexcom.com:443 "POST /ShareWebServices/Services/Publisher/ReadPublisherLatestGlucoseValues HTTP/1.1" 200 None
+2026-05-11 09:48:28,084 [54.51727223396301] urllib3.connectionpool DEBUG: Starting new HTTPS connection (1): share2.dexcom.com:443
+2026-05-11 09:48:28,292 [54.725226402282715] urllib3.connectionpool DEBUG: https://share2.dexcom.com:443 "POST /ShareWebServices/Services/Publisher/ReadPublisherLatestGlucoseValues HTTP/1.1" 200 None
+2026-05-11 09:48:29,470 [55.90350651741028] urllib3.connectionpool DEBUG: Starting new HTTPS connection (1): share2.dexcom.com:443
+2026-05-11 09:48:29,640 [56.07309818267822] urllib3.connectionpool DEBUG: https://share2.dexcom.com:443 "POST /ShareWebServices/Services/Publisher/ReadPublisherLatestGlucoseValues HTTP/1.1" 200 None
+2026-05-11 09:48:30,783 [57.216060161590576] urllib3.connectionpool DEBUG: Starting new HTTPS connection (1): share2.dexcom.com:443
+2026-05-11 09:48:30,950 [57.38282799720764] urllib3.connectionpool DEBUG: https://share2.dexcom.com:443 "POST /ShareWebServices/Services/Publisher/ReadPublisherLatestGlucoseValues HTTP/1.1" 200 None
+2026-05-11 09:48:32,125 [58.55784273147583] urllib3.connectionpool DEBUG: Starting new HTTPS connection (1): share2.dexcom.com:443
+2026-05-11 09:48:32,284 [58.717246770858765] urllib3.connectionpool DEBUG: https://share2.dexcom.com:443 "POST /ShareWebServices/Services/Publisher/ReadPublisherLatestGlucoseValues HTTP/1.1" 200 None
+2026-05-11 09:48:33,395 [59.82828378677368] urllib3.connectionpool DEBUG: Starting new HTTPS connection (1): share2.dexcom.com:443
+2026-05-11 09:48:33,556 [59.98876762390137] urllib3.connectionpool DEBUG: https://share2.dexcom.com:443 "POST /ShareWebServices/Services/Publisher/ReadPublisherLatestGlucoseValues HTTP/1.1" 200 None
+2026-05-11 09:48:34,674 [61.10724425315857] urllib3.connectionpool DEBUG: Starting new HTTPS connection (1): share2.dexcom.com:443
+2026-05-11 09:48:34,839 [61.27211356163025] urllib3.connectionpool DEBUG: https://share2.dexcom.com:443 "POST /ShareWebServices/Services/Publisher/ReadPublisherLatestGlucoseValues HTTP/1.1" 200 None
+2026-05-11 09:48:35,969 [62.4025137424469] urllib3.connectionpool DEBUG: Starting new HTTPS connection (1): share2.dexcom.com:443
+2026-05-11 09:48:36,147 [62.58003854751587] urllib3.connectionpool DEBUG: https://share2.dexcom.com:443 "POST /ShareWebServices/Services/Publisher/ReadPublisherLatestGlucoseValues HTTP/1.1" 200 None
+2026-05-11 09:48:36,216 [62.64935636520386] urllib3.connectionpool DEBUG: Starting new HTTPS connection (1): share2.dexcom.com:443
+2026-05-11 09:48:36,357 [62.789695501327515] urllib3.connectionpool DEBUG: https://share2.dexcom.com:443 "GET /ShareWebServices/Services/General/AuthenticatePublisherAccount HTTP/1.1" 405 176
+2026-05-11 09:48:37,218 [63.65093207359314] urllib3.connectionpool DEBUG: Starting new HTTPS connection (1): share2.dexcom.com:443
+2026-05-11 09:48:37,330 [63.762617349624634] urllib3.connectionpool DEBUG: https://share2.dexcom.com:443 "POST /ShareWebServices/Services/Publisher/ReadPublisherLatestGlucoseValues HTTP/1.1" 429 18
+2026-05-11 09:48:38,380 [64.81356072425842] urllib3.connectionpool DEBUG: Starting new HTTPS connection (1): share2.dexcom.com:443
+2026-05-11 09:48:38,495 [64.92802381515503] urllib3.connectionpool DEBUG: https://share2.dexcom.com:443 "POST /ShareWebServices/Services/Publisher/ReadPublisherLatestGlucoseValues HTTP/1.1" 429 18
+2026-05-11 09:48:39,522 [65.95508074760437] urllib3.connectionpool DEBUG: Starting new HTTPS connection (1): share2.dexcom.com:443
+2026-05-11 09:48:39,857 [66.2903618812561] urllib3.connectionpool DEBUG: https://share2.dexcom.com:443 "POST /ShareWebServices/Services/Publisher/ReadPublisherLatestGlucoseValues HTTP/1.1" 429 18
+2026-05-11 09:48:40,914 [67.34673881530762] urllib3.connectionpool DEBUG: Starting new HTTPS connection (1): share2.dexcom.com:443
+2026-05-11 09:48:41,020 [67.45315599441528] urllib3.connectionpool DEBUG: https://share2.dexcom.com:443 "POST /ShareWebServices/Services/Publisher/ReadPublisherLatestGlucoseValues HTTP/1.1" 429 18
+2026-05-11 09:48:42,066 [68.4993851184845] urllib3.connectionpool DEBUG: Starting new HTTPS connection (1): share2.dexcom.com:443
+2026-05-11 09:48:42,171 [68.60411930084229] urllib3.connectionpool DEBUG: https://share2.dexcom.com:443 "POST /ShareWebServices/Services/Publisher/ReadPublisherLatestGlucoseValues HTTP/1.1" 429 18
+2026-05-11 09:48:43,230 [69.6633870601654] urllib3.connectionpool DEBUG: Starting new HTTPS connection (1): share2.dexcom.com:443
+2026-05-11 09:48:43,331 [69.76421213150024] urllib3.connectionpool DEBUG: https://share2.dexcom.com:443 "POST /ShareWebServices/Services/Publisher/ReadPublisherLatestGlucoseValues HTTP/1.1" 429 18
+2026-05-11 09:48:44,381 [70.81396317481995] urllib3.connectionpool DEBUG: Starting new HTTPS connection (1): share2.dexcom.com:443
+2026-05-11 09:48:45,484 [71.9171314239502] urllib3.connectionpool DEBUG: https://share2.dexcom.com:443 "POST /ShareWebServices/Services/Publisher/ReadPublisherLatestGlucoseValues HTTP/1.1" 429 18
+2026-05-11 09:48:46,517 [72.95037889480591] urllib3.connectionpool DEBUG: Starting new HTTPS connection (1): share2.dexcom.com:443
+2026-05-11 09:48:46,617 [73.04963827133179] urllib3.connectionpool DEBUG: https://share2.dexcom.com:443 "POST /ShareWebServices/Services/Publisher/ReadPublisherLatestGlucoseValues HTTP/1.1" 429 18
+2026-05-11 09:48:47,652 [74.08544921875] urllib3.connectionpool DEBUG: Starting new HTTPS connection (1): share2.dexcom.com:443
+2026-05-11 09:48:47,759 [74.19159054756165] urllib3.connectionpool DEBUG: https://share2.dexcom.com:443 "POST /ShareWebServices/Services/Publisher/ReadPublisherLatestGlucoseValues HTTP/1.1" 429 18
+2026-05-11 09:48:48,798 [75.23101305961609] urllib3.connectionpool DEBUG: Starting new HTTPS connection (1): share2.dexcom.com:443
+2026-05-11 09:48:48,947 [75.38033294677734] urllib3.connectionpool DEBUG: https://share2.dexcom.com:443 "POST /ShareWebServices/Services/Publisher/ReadPublisherLatestGlucoseValues HTTP/1.1" 429 18
+2026-05-11 09:48:49,979 [76.41251349449158] urllib3.connectionpool DEBUG: Starting new HTTPS connection (1): share2.dexcom.com:443
+2026-05-11 09:48:50,080 [76.51334166526794] urllib3.connectionpool DEBUG: https://share2.dexcom.com:443 "POST /ShareWebServices/Services/Publisher/ReadPublisherLatestGlucoseValues HTTP/1.1" 429 18
+2026-05-11 09:48:51,142 [77.57477855682373] urllib3.connectionpool DEBUG: Starting new HTTPS connection (1): share2.dexcom.com:443
+2026-05-11 09:48:51,245 [77.67842769622803] urllib3.connectionpool DEBUG: https://share2.dexcom.com:443 "POST /ShareWebServices/Services/Publisher/ReadPublisherLatestGlucoseValues HTTP/1.1" 429 18
+2026-05-11 09:48:52,295 [78.72772645950317] urllib3.connectionpool DEBUG: Starting new HTTPS connection (1): share2.dexcom.com:443
+2026-05-11 09:48:52,404 [78.83695983886719] urllib3.connectionpool DEBUG: https://share2.dexcom.com:443 "POST /ShareWebServices/Services/Publisher/ReadPublisherLatestGlucoseValues HTTP/1.1" 429 18
+2026-05-11 09:48:53,452 [79.88458132743835] urllib3.connectionpool DEBUG: Starting new HTTPS connection (1): share2.dexcom.com:443
+2026-05-11 09:48:53,560 [79.99334454536438] urllib3.connectionpool DEBUG: https://share2.dexcom.com:443 "POST /ShareWebServices/Services/Publisher/ReadPublisherLatestGlucoseValues HTTP/1.1" 429 18
+2026-05-11 09:48:54,598 [81.03099989891052] urllib3.connectionpool DEBUG: Starting new HTTPS connection (1): share2.dexcom.com:443
+2026-05-11 09:48:54,829 [81.26225161552429] urllib3.connectionpool DEBUG: https://share2.dexcom.com:443 "POST /ShareWebServices/Services/Publisher/ReadPublisherLatestGlucoseValues HTTP/1.1" 429 18
+2026-05-11 09:48:55,879 [82.31182169914246] urllib3.connectionpool DEBUG: Starting new HTTPS connection (1): share2.dexcom.com:443
+2026-05-11 09:48:55,990 [82.42352724075317] urllib3.connectionpool DEBUG: https://share2.dexcom.com:443 "POST /ShareWebServices/Services/Publisher/ReadPublisherLatestGlucoseValues HTTP/1.1" 429 18
+2026-05-11 09:48:57,022 [83.45493173599243] urllib3.connectionpool DEBUG: Starting new HTTPS connection (1): share2.dexcom.com:443
+2026-05-11 09:48:57,125 [83.5578305721283] urllib3.connectionpool DEBUG: https://share2.dexcom.com:443 "POST /ShareWebServices/Services/Publisher/ReadPublisherLatestGlucoseValues HTTP/1.1" 429 18
+2026-05-11 09:48:58,170 [84.60311818122864] urllib3.connectionpool DEBUG: Starting new HTTPS connection (1): share2.dexcom.com:443
+2026-05-11 09:48:58,271 [84.70422697067261] urllib3.connectionpool DEBUG: https://share2.dexcom.com:443 "POST /ShareWebServices/Services/Publisher/ReadPublisherLatestGlucoseValues HTTP/1.1" 429 18
+2026-05-11 09:48:59,307 [85.73973250389099] urllib3.connectionpool DEBUG: Starting new HTTPS connection (1): share2.dexcom.com:443
+2026-05-11 09:48:59,409 [85.84154939651489] urllib3.connectionpool DEBUG: https://share2.dexcom.com:443 "POST /ShareWebServices/Services/Publisher/ReadPublisherLatestGlucoseValues HTTP/1.1" 429 18
+2026-05-11 09:49:00,463 [86.89580655097961] urllib3.connectionpool DEBUG: Starting new HTTPS connection (1): share2.dexcom.com:443
+2026-05-11 09:49:00,566 [86.99904799461365] urllib3.connectionpool DEBUG: https://share2.dexcom.com:443 "POST /ShareWebServices/Services/Publisher/ReadPublisherLatestGlucoseValues HTTP/1.1" 429 18
+2026-05-11 09:49:01,582 [88.01471257209778] urllib3.connectionpool DEBUG: Starting new HTTPS connection (1): share2.dexcom.com:443
+2026-05-11 09:49:01,686 [88.11910080909729] urllib3.connectionpool DEBUG: https://share2.dexcom.com:443 "POST /ShareWebServices/Services/Publisher/ReadPublisherLatestGlucoseValues HTTP/1.1" 429 18
+2026-05-11 09:49:02,745 [89.17781352996826] urllib3.connectionpool DEBUG: Starting new HTTPS connection (1): share2.dexcom.com:443
+2026-05-11 09:49:02,845 [89.27867579460144] urllib3.connectionpool DEBUG: https://share2.dexcom.com:443 "POST /ShareWebServices/Services/Publisher/ReadPublisherLatestGlucoseValues HTTP/1.1" 429 18
+2026-05-11 09:49:03,910 [90.34295558929443] urllib3.connectionpool DEBUG: Starting new HTTPS connection (1): share2.dexcom.com:443
+2026-05-11 09:49:04,058 [90.49218821525574] urllib3.connectionpool DEBUG: https://share2.dexcom.com:443 "POST /ShareWebServices/Services/Publisher/ReadPublisherLatestGlucoseValues HTTP/1.1" 429 18
+2026-05-11 09:49:05,105 [91.53827595710754] urllib3.connectionpool DEBUG: Starting new HTTPS connection (1): share2.dexcom.com:443
+2026-05-11 09:49:05,209 [91.64179110527039] urllib3.connectionpool DEBUG: https://share2.dexcom.com:443 "POST /ShareWebServices/Services/Publisher/ReadPublisherLatestGlucoseValues HTTP/1.1" 429 18
+2026-05-11 09:49:06,250 [92.68268179893494] urllib3.connectionpool DEBUG: Starting new HTTPS connection (1): share2.dexcom.com:443
+2026-05-11 09:49:06,359 [92.79216861724854] urllib3.connectionpool DEBUG: Starting new HTTPS connection (1): share2.dexcom.com:443
+2026-05-11 09:49:06,491 [92.92404270172119] urllib3.connectionpool DEBUG: https://share2.dexcom.com:443 "GET /ShareWebServices/Services/General/AuthenticatePublisherAccount HTTP/1.1" 405 176
+2026-05-11 09:49:06,587 [93.02010297775269] urllib3.connectionpool DEBUG: https://share2.dexcom.com:443 "POST /ShareWebServices/Services/Publisher/ReadPublisherLatestGlucoseValues HTTP/1.1" 429 18
+2026-05-11 09:49:07,651 [94.08446931838989] urllib3.connectionpool DEBUG: Starting new HTTPS connection (1): share2.dexcom.com:443
+2026-05-11 09:49:07,754 [94.18675088882446] urllib3.connectionpool DEBUG: https://share2.dexcom.com:443 "POST /ShareWebServices/Services/Publisher/ReadPublisherLatestGlucoseValues HTTP/1.1" 429 18
+2026-05-11 09:49:08,805 [95.23826313018799] urllib3.connectionpool DEBUG: Starting new HTTPS connection (1): share2.dexcom.com:443
+2026-05-11 09:49:08,929 [95.36228442192078] urllib3.connectionpool DEBUG: https://share2.dexcom.com:443 "POST /ShareWebServices/Services/Publisher/ReadPublisherLatestGlucoseValues HTTP/1.1" 429 18
+2026-05-11 09:49:09,965 [96.39850807189941] urllib3.connectionpool DEBUG: Starting new HTTPS connection (1): share2.dexcom.com:443
+2026-05-11 09:49:10,063 [96.49578547477722] urllib3.connectionpool DEBUG: https://share2.dexcom.com:443 "POST /ShareWebServices/Services/Publisher/ReadPublisherLatestGlucoseValues HTTP/1.1" 429 18
+2026-05-11 09:49:11,111 [97.54384183883667] urllib3.connectionpool DEBUG: Starting new HTTPS connection (1): share2.dexcom.com:443
+2026-05-11 09:49:11,214 [97.64734697341919] urllib3.connectionpool DEBUG: https://share2.dexcom.com:443 "POST /ShareWebServices/Services/Publisher/ReadPublisherLatestGlucoseValues HTTP/1.1" 429 18
+2026-05-11 09:49:12,250 [98.6829297542572] urllib3.connectionpool DEBUG: Starting new HTTPS connection (1): share2.dexcom.com:443
+2026-05-11 09:49:12,358 [98.79114580154419] urllib3.connectionpool DEBUG: https://share2.dexcom.com:443 "POST /ShareWebServices/Services/Publisher/ReadPublisherLatestGlucoseValues HTTP/1.1" 429 18
+2026-05-11 09:49:13,370 [99.80267548561096] urllib3.connectionpool DEBUG: Starting new HTTPS connection (1): share2.dexcom.com:443
+2026-05-11 09:49:13,468 [99.90134501457214] urllib3.connectionpool DEBUG: https://share2.dexcom.com:443 "POST /ShareWebServices/Services/Publisher/ReadPublisherLatestGlucoseValues HTTP/1.1" 429 18
+2026-05-11 09:49:14,511 [100.94378018379211] urllib3.connectionpool DEBUG: Starting new HTTPS connection (1): share2.dexcom.com:443
+2026-05-11 09:49:14,618 [101.05067992210388] urllib3.connectionpool DEBUG: https://share2.dexcom.com:443 "POST /ShareWebServices/Services/Publisher/ReadPublisherLatestGlucoseValues HTTP/1.1" 429 18
+2026-05-11 09:49:15,675 [102.10793018341064] urllib3.connectionpool DEBUG: Starting new HTTPS connection (1): share2.dexcom.com:443
+2026-05-11 09:49:15,779 [102.21206188201904] urllib3.connectionpool DEBUG: https://share2.dexcom.com:443 "POST /ShareWebServices/Services/Publisher/ReadPublisherLatestGlucoseValues HTTP/1.1" 429 18
+2026-05-11 09:49:16,825 [103.25813031196594] urllib3.connectionpool DEBUG: Starting new HTTPS connection (1): share2.dexcom.com:443
+2026-05-11 09:49:16,930 [103.36265563964844] urllib3.connectionpool DEBUG: https://share2.dexcom.com:443 "POST /ShareWebServices/Services/Publisher/ReadPublisherLatestGlucoseValues HTTP/1.1" 429 18
+2026-05-11 09:49:17,945 [104.37832927703857] urllib3.connectionpool DEBUG: Starting new HTTPS connection (1): share2.dexcom.com:443
+2026-05-11 09:49:18,049 [104.48337411880493] urllib3.connectionpool DEBUG: https://share2.dexcom.com:443 "POST /ShareWebServices/Services/Publisher/ReadPublisherLatestGlucoseValues HTTP/1.1" 429 18
+2026-05-11 09:49:19,111 [105.54432916641235] urllib3.connectionpool DEBUG: Starting new HTTPS connection (1): share2.dexcom.com:443
+2026-05-11 09:49:19,216 [105.64871001243591] urllib3.connectionpool DEBUG: https://share2.dexcom.com:443 "POST /ShareWebServices/Services/Publisher/ReadPublisherLatestGlucoseValues HTTP/1.1" 429 18
+2026-05-11 09:49:20,246 [106.67919254302979] urllib3.connectionpool DEBUG: Starting new HTTPS connection (1): share2.dexcom.com:443
+2026-05-11 09:49:20,353 [106.78671836853027] urllib3.connectionpool DEBUG: https://share2.dexcom.com:443 "POST /ShareWebServices/Services/Publisher/ReadPublisherLatestGlucoseValues HTTP/1.1" 429 18
+2026-05-11 09:49:21,414 [107.84691333770752] urllib3.connectionpool DEBUG: Starting new HTTPS connection (1): share2.dexcom.com:443
+2026-05-11 09:49:21,517 [107.9504041671753] urllib3.connectionpool DEBUG: https://share2.dexcom.com:443 "POST /ShareWebServices/Services/Publisher/ReadPublisherLatestGlucoseValues HTTP/1.1" 429 18
+2026-05-11 09:49:22,551 [108.98397183418274] urllib3.connectionpool DEBUG: Starting new HTTPS connection (1): share2.dexcom.com:443
+2026-05-11 09:49:22,663 [109.096843957901] urllib3.connectionpool DEBUG: https://share2.dexcom.com:443 "POST /ShareWebServices/Services/Publisher/ReadPublisherLatestGlucoseValues HTTP/1.1" 429 18
+2026-05-11 09:49:23,716 [110.14944314956665] urllib3.connectionpool DEBUG: Starting new HTTPS connection (1): share2.dexcom.com:443
+2026-05-11 09:49:23,838 [110.27124500274658] urllib3.connectionpool DEBUG: https://share2.dexcom.com:443 "POST /ShareWebServices/Services/Publisher/ReadPublisherLatestGlucoseValues HTTP/1.1" 429 18
+2026-05-11 09:49:24,866 [111.29942798614502] urllib3.connectionpool DEBUG: Starting new HTTPS connection (1): share2.dexcom.com:443
+2026-05-11 09:49:24,979 [111.4115834236145] urllib3.connectionpool DEBUG: https://share2.dexcom.com:443 "POST /ShareWebServices/Services/Publisher/ReadPublisherLatestGlucoseValues HTTP/1.1" 429 18
+2026-05-11 09:49:26,028 [112.46067881584167] urllib3.connectionpool DEBUG: Starting new HTTPS connection (1): share2.dexcom.com:443
+2026-05-11 09:49:26,141 [112.57426857948303] urllib3.connectionpool DEBUG: https://share2.dexcom.com:443 "POST /ShareWebServices/Services/Publisher/ReadPublisherLatestGlucoseValues HTTP/1.1" 429 18
+2026-05-11 09:49:27,197 [113.62991976737976] urllib3.connectionpool DEBUG: Starting new HTTPS connection (1): share2.dexcom.com:443
+2026-05-11 09:49:27,301 [113.73379254341125] urllib3.connectionpool DEBUG: https://share2.dexcom.com:443 "POST /ShareWebServices/Services/Publisher/ReadPublisherLatestGlucoseValues HTTP/1.1" 429 18
+2026-05-11 09:49:28,338 [114.77060890197754] urllib3.connectionpool DEBUG: Starting new HTTPS connection (1): share2.dexcom.com:443
+2026-05-11 09:49:28,450 [114.8827657699585] urllib3.connectionpool DEBUG: https://share2.dexcom.com:443 "POST /ShareWebServices/Services/Publisher/ReadPublisherLatestGlucoseValues HTTP/1.1" 429 18
+2026-05-11 09:49:29,485 [115.91765403747559] urllib3.connectionpool DEBUG: Starting new HTTPS connection (1): share2.dexcom.com:443
+2026-05-11 09:49:29,594 [116.02689051628113] urllib3.connectionpool DEBUG: https://share2.dexcom.com:443 "POST /ShareWebServices/Services/Publisher/ReadPublisherLatestGlucoseValues HTTP/1.1" 429 18
+2026-05-11 09:49:30,644 [117.07779288291931] urllib3.connectionpool DEBUG: Starting new HTTPS connection (1): share2.dexcom.com:443
+2026-05-11 09:49:30,768 [117.20162868499756] urllib3.connectionpool DEBUG: https://share2.dexcom.com:443 "POST /ShareWebServices/Services/Publisher/ReadPublisherLatestGlucoseValues HTTP/1.1" 429 18
+2026-05-11 09:49:31,782 [118.21465158462524] urllib3.connectionpool DEBUG: Starting new HTTPS connection (1): share2.dexcom.com:443
+2026-05-11 09:49:31,886 [118.3195219039917] urllib3.connectionpool DEBUG: https://share2.dexcom.com:443 "POST /ShareWebServices/Services/Publisher/ReadPublisherLatestGlucoseValues HTTP/1.1" 429 18
+2026-05-11 09:49:32,900 [119.33330726623535] urllib3.connectionpool DEBUG: Starting new HTTPS connection (1): share2.dexcom.com:443
+2026-05-11 09:49:33,010 [119.44337248802185] urllib3.connectionpool DEBUG: https://share2.dexcom.com:443 "POST /ShareWebServices/Services/Publisher/ReadPublisherLatestGlucoseValues HTTP/1.1" 429 18
+2026-05-11 09:49:34,041 [120.4743230342865] urllib3.connectionpool DEBUG: Starting new HTTPS connection (1): share2.dexcom.com:443
+2026-05-11 09:49:34,136 [120.5692183971405] urllib3.connectionpool DEBUG: https://share2.dexcom.com:443 "POST /ShareWebServices/Services/Publisher/ReadPublisherLatestGlucoseValues HTTP/1.1" 429 18
+2026-05-11 09:49:35,184 [121.61715984344482] urllib3.connectionpool DEBUG: Starting new HTTPS connection (1): share2.dexcom.com:443
+2026-05-11 09:49:35,299 [121.73175716400146] urllib3.connectionpool DEBUG: https://share2.dexcom.com:443 "POST /ShareWebServices/Services/Publisher/ReadPublisherLatestGlucoseValues HTTP/1.1" 429 18
+2026-05-11 09:49:36,311 [122.74394607543945] urllib3.connectionpool DEBUG: Starting new HTTPS connection (1): share2.dexcom.com:443
+2026-05-11 09:49:36,413 [122.84654068946838] urllib3.connectionpool DEBUG: https://share2.dexcom.com:443 "POST /ShareWebServices/Services/Publisher/ReadPublisherLatestGlucoseValues HTTP/1.1" 429 18
+2026-05-11 09:49:36,495 [122.92810082435608] urllib3.connectionpool DEBUG: Starting new HTTPS connection (1): share2.dexcom.com:443
+2026-05-11 09:49:36,666 [123.09882521629333] urllib3.connectionpool DEBUG: https://share2.dexcom.com:443 "GET /ShareWebServices/Services/General/AuthenticatePublisherAccount HTTP/1.1" 405 176
+2026-05-11 09:49:37,429 [123.86161088943481] urllib3.connectionpool DEBUG: Starting new HTTPS connection (1): share2.dexcom.com:443
+2026-05-11 09:49:37,607 [124.04043316841125] urllib3.connectionpool DEBUG: https://share2.dexcom.com:443 "POST /ShareWebServices/Services/Publisher/ReadPublisherLatestGlucoseValues HTTP/1.1" 200 None
+2026-05-11 09:49:38,721 [125.15363645553589] urllib3.connectionpool DEBUG: Starting new HTTPS connection (1): share2.dexcom.com:443
+2026-05-11 09:49:38,896 [125.32954216003418] urllib3.connectionpool DEBUG: https://share2.dexcom.com:443 "POST /ShareWebServices/Services/Publisher/ReadPublisherLatestGlucoseValues HTTP/1.1" 200 None
+2026-05-11 09:49:39,976 [126.4086925983429] urllib3.connectionpool DEBUG: Starting new HTTPS connection (1): share2.dexcom.com:443
+2026-05-11 09:49:40,144 [126.5773720741272] urllib3.connectionpool DEBUG: https://share2.dexcom.com:443 "POST /ShareWebServices/Services/Publisher/ReadPublisherLatestGlucoseValues HTTP/1.1" 200 None
+2026-05-11 09:49:41,237 [127.669926404953] urllib3.connectionpool DEBUG: Starting new HTTPS connection (1): share2.dexcom.com:443
+2026-05-11 09:49:41,412 [127.84482026100159] urllib3.connectionpool DEBUG: https://share2.dexcom.com:443 "POST /ShareWebServices/Services/Publisher/ReadPublisherLatestGlucoseValues HTTP/1.1" 200 None
+2026-05-11 09:49:42,508 [128.94134616851807] urllib3.connectionpool DEBUG: Starting new HTTPS connection (1): share2.dexcom.com:443
+2026-05-11 09:49:42,712 [129.1453673839569] urllib3.connectionpool DEBUG: https://share2.dexcom.com:443 "POST /ShareWebServices/Services/Publisher/ReadPublisherLatestGlucoseValues HTTP/1.1" 200 None
+2026-05-11 09:49:43,810 [130.24287271499634] urllib3.connectionpool DEBUG: Starting new HTTPS connection (1): share2.dexcom.com:443
+2026-05-11 09:49:43,978 [130.4113414287567] urllib3.connectionpool DEBUG: https://share2.dexcom.com:443 "POST /ShareWebServices/Services/Publisher/ReadPublisherLatestGlucoseValues HTTP/1.1" 200 None
+2026-05-11 09:49:45,063 [131.49648308753967] urllib3.connectionpool DEBUG: Starting new HTTPS connection (1): share2.dexcom.com:443
+2026-05-11 09:49:45,222 [131.65535521507263] urllib3.connectionpool DEBUG: https://share2.dexcom.com:443 "POST /ShareWebServices/Services/Publisher/ReadPublisherLatestGlucoseValues HTTP/1.1" 200 None
+2026-05-11 09:49:46,308 [132.74240851402283] urllib3.connectionpool DEBUG: Starting new HTTPS connection (1): share2.dexcom.com:443
+2026-05-11 09:49:46,475 [132.90795016288757] urllib3.connectionpool DEBUG: https://share2.dexcom.com:443 "POST /ShareWebServices/Services/Publisher/ReadPublisherLatestGlucoseValues HTTP/1.1" 200 None
+2026-05-11 09:49:47,588 [134.0215139389038] urllib3.connectionpool DEBUG: Starting new HTTPS connection (1): share2.dexcom.com:443
+2026-05-11 09:49:47,761 [134.19432187080383] urllib3.connectionpool DEBUG: https://share2.dexcom.com:443 "POST /ShareWebServices/Services/Publisher/ReadPublisherLatestGlucoseValues HTTP/1.1" 200 None
+2026-05-11 09:49:48,870 [135.30260562896729] urllib3.connectionpool DEBUG: Starting new HTTPS connection (1): share2.dexcom.com:443
+2026-05-11 09:49:49,049 [135.48197674751282] urllib3.connectionpool DEBUG: https://share2.dexcom.com:443 "POST /ShareWebServices/Services/Publisher/ReadPublisherLatestGlucoseValues HTTP/1.1" 429 18
+2026-05-11 09:49:50,093 [136.525785446167] urllib3.connectionpool DEBUG: Starting new HTTPS connection (1): share2.dexcom.com:443
+2026-05-11 09:49:50,232 [136.66486382484436] urllib3.connectionpool DEBUG: https://share2.dexcom.com:443 "POST /ShareWebServices/Services/Publisher/ReadPublisherLatestGlucoseValues HTTP/1.1" 429 18
+2026-05-11 09:49:51,257 [137.6897213459015] urllib3.connectionpool DEBUG: Starting new HTTPS connection (1): share2.dexcom.com:443
+2026-05-11 09:49:51,425 [137.8583264350891] urllib3.connectionpool DEBUG: https://share2.dexcom.com:443 "POST /ShareWebServices/Services/Publisher/ReadPublisherLatestGlucoseValues HTTP/1.1" 429 18
+2026-05-11 09:49:52,485 [138.91840600967407] urllib3.connectionpool DEBUG: Starting new HTTPS connection (1): share2.dexcom.com:443
+2026-05-11 09:49:52,600 [139.0334837436676] urllib3.connectionpool DEBUG: https://share2.dexcom.com:443 "POST /ShareWebServices/Services/Publisher/ReadPublisherLatestGlucoseValues HTTP/1.1" 429 18
+2026-05-11 09:49:53,643 [140.07555651664734] urllib3.connectionpool DEBUG: Starting new HTTPS connection (1): share2.dexcom.com:443
+2026-05-11 09:49:53,782 [140.2145893573761] urllib3.connectionpool DEBUG: https://share2.dexcom.com:443 "POST /ShareWebServices/Services/Publisher/ReadPublisherLatestGlucoseValues HTTP/1.1" 429 18
+2026-05-11 09:49:54,843 [141.27634382247925] urllib3.connectionpool DEBUG: Starting new HTTPS connection (1): share2.dexcom.com:443
+2026-05-11 09:49:54,941 [141.37449026107788] urllib3.connectionpool DEBUG: https://share2.dexcom.com:443 "POST /ShareWebServices/Services/Publisher/ReadPublisherLatestGlucoseValues HTTP/1.1" 429 18
+2026-05-11 09:49:55,962 [142.39471912384033] urllib3.connectionpool DEBUG: Starting new HTTPS connection (1): share2.dexcom.com:443
+2026-05-11 09:49:56,072 [142.50539422035217] urllib3.connectionpool DEBUG: https://share2.dexcom.com:443 "POST /ShareWebServices/Services/Publisher/ReadPublisherLatestGlucoseValues HTTP/1.1" 429 18
+2026-05-11 09:49:57,088 [143.5219395160675] urllib3.connectionpool DEBUG: Starting new HTTPS connection (1): share2.dexcom.com:443
+2026-05-11 09:49:57,183 [143.61653208732605] urllib3.connectionpool DEBUG: https://share2.dexcom.com:443 "POST /ShareWebServices/Services/Publisher/ReadPublisherLatestGlucoseValues HTTP/1.1" 429 18
+2026-05-11 09:49:58,198 [144.63187885284424] urllib3.connectionpool DEBUG: Starting new HTTPS connection (1): share2.dexcom.com:443
+2026-05-11 09:49:58,306 [144.73936343193054] urllib3.connectionpool DEBUG: https://share2.dexcom.com:443 "POST /ShareWebServices/Services/Publisher/ReadPublisherLatestGlucoseValues HTTP/1.1" 429 18
+2026-05-11 09:49:59,338 [145.77099442481995] urllib3.connectionpool DEBUG: Starting new HTTPS connection (1): share2.dexcom.com:443
+2026-05-11 09:49:59,443 [145.87584829330444] urllib3.connectionpool DEBUG: https://share2.dexcom.com:443 "POST /ShareWebServices/Services/Publisher/ReadPublisherLatestGlucoseValues HTTP/1.1" 429 18
+2026-05-11 09:50:00,491 [146.92369890213013] urllib3.connectionpool DEBUG: Starting new HTTPS connection (1): share2.dexcom.com:443
+2026-05-11 09:50:00,597 [147.03046941757202] urllib3.connectionpool DEBUG: https://share2.dexcom.com:443 "POST /ShareWebServices/Services/Publisher/ReadPublisherLatestGlucoseValues HTTP/1.1" 429 18
+2026-05-11 09:50:01,621 [148.0536277294159] urllib3.connectionpool DEBUG: Starting new HTTPS connection (1): share2.dexcom.com:443
+2026-05-11 09:50:01,728 [148.1615436077118] urllib3.connectionpool DEBUG: https://share2.dexcom.com:443 "POST /ShareWebServices/Services/Publisher/ReadPublisherLatestGlucoseValues HTTP/1.1" 429 18
+2026-05-11 09:50:02,776 [149.20879483222961] urllib3.connectionpool DEBUG: Starting new HTTPS connection (1): share2.dexcom.com:443
+2026-05-11 09:50:02,894 [149.32731080055237] urllib3.connectionpool DEBUG: https://share2.dexcom.com:443 "POST /ShareWebServices/Services/Publisher/ReadPublisherLatestGlucoseValues HTTP/1.1" 429 18
+2026-05-11 09:50:03,939 [150.37187385559082] urllib3.connectionpool DEBUG: Starting new HTTPS connection (1): share2.dexcom.com:443
+2026-05-11 09:50:04,055 [150.4879333972931] urllib3.connectionpool DEBUG: https://share2.dexcom.com:443 "POST /ShareWebServices/Services/Publisher/ReadPublisherLatestGlucoseValues HTTP/1.1" 429 18
+2026-05-11 09:50:05,095 [151.5279552936554] urllib3.connectionpool DEBUG: Starting new HTTPS connection (1): share2.dexcom.com:443
+2026-05-11 09:50:05,193 [151.6257541179657] urllib3.connectionpool DEBUG: https://share2.dexcom.com:443 "POST /ShareWebServices/Services/Publisher/ReadPublisherLatestGlucoseValues HTTP/1.1" 429 18
+2026-05-11 09:50:06,240 [152.6729576587677] urllib3.connectionpool DEBUG: Starting new HTTPS connection (1): share2.dexcom.com:443
+2026-05-11 09:50:06,345 [152.77848196029663] urllib3.connectionpool DEBUG: https://share2.dexcom.com:443 "POST /ShareWebServices/Services/Publisher/ReadPublisherLatestGlucoseValues HTTP/1.1" 429 18
+2026-05-11 09:50:06,668 [153.10126090049744] urllib3.connectionpool DEBUG: Starting new HTTPS connection (1): share2.dexcom.com:443
+2026-05-11 09:50:06,814 [153.24779534339905] urllib3.connectionpool DEBUG: https://share2.dexcom.com:443 "GET /ShareWebServices/Services/General/AuthenticatePublisherAccount HTTP/1.1" 405 176
+2026-05-11 09:50:07,400 [153.83264994621277] urllib3.connectionpool DEBUG: Starting new HTTPS connection (1): share2.dexcom.com:443
+2026-05-11 09:50:07,505 [153.9377477169037] urllib3.connectionpool DEBUG: https://share2.dexcom.com:443 "POST /ShareWebServices/Services/Publisher/ReadPublisherLatestGlucoseValues HTTP/1.1" 429 18
+2026-05-11 09:50:08,540 [154.9728729724884] urllib3.connectionpool DEBUG: Starting new HTTPS connection (1): share2.dexcom.com:443
+2026-05-11 09:50:08,651 [155.08356833457947] urllib3.connectionpool DEBUG: https://share2.dexcom.com:443 "POST /ShareWebServices/Services/Publisher/ReadPublisherLatestGlucoseValues HTTP/1.1" 429 18
+2026-05-11 09:50:09,708 [156.14114594459534] urllib3.connectionpool DEBUG: Starting new HTTPS connection (1): share2.dexcom.com:443
+2026-05-11 09:50:09,813 [156.24562525749207] urllib3.connectionpool DEBUG: https://share2.dexcom.com:443 "POST /ShareWebServices/Services/Publisher/ReadPublisherLatestGlucoseValues HTTP/1.1" 429 18
+2026-05-11 09:50:10,841 [157.27432465553284] urllib3.connectionpool DEBUG: Starting new HTTPS connection (1): share2.dexcom.com:443
+2026-05-11 09:50:10,938 [157.37253069877625] urllib3.connectionpool DEBUG: https://share2.dexcom.com:443 "POST /ShareWebServices/Services/Publisher/ReadPublisherLatestGlucoseValues HTTP/1.1" 429 18
+2026-05-11 09:50:11,991 [158.42404794692993] urllib3.connectionpool DEBUG: Starting new HTTPS connection (1): share2.dexcom.com:443
+2026-05-11 09:50:12,089 [158.5224311351776] urllib3.connectionpool DEBUG: https://share2.dexcom.com:443 "POST /ShareWebServices/Services/Publisher/ReadPublisherLatestGlucoseValues HTTP/1.1" 429 18
+2026-05-11 09:50:13,142 [159.5753321647644] urllib3.connectionpool DEBUG: Starting new HTTPS connection (1): share2.dexcom.com:443
+2026-05-11 09:50:13,272 [159.7052948474884] urllib3.connectionpool DEBUG: https://share2.dexcom.com:443 "POST /ShareWebServices/Services/Publisher/ReadPublisherLatestGlucoseValues HTTP/1.1" 429 18
+2026-05-11 09:50:14,328 [160.76063656806946] urllib3.connectionpool DEBUG: Starting new HTTPS connection (1): share2.dexcom.com:443
+2026-05-11 09:50:14,430 [160.86298394203186] urllib3.connectionpool DEBUG: https://share2.dexcom.com:443 "POST /ShareWebServices/Services/Publisher/ReadPublisherLatestGlucoseValues HTTP/1.1" 429 18
+2026-05-11 09:50:15,470 [161.90296936035156] urllib3.connectionpool DEBUG: Starting new HTTPS connection (1): share2.dexcom.com:443
+2026-05-11 09:50:15,573 [162.00564765930176] urllib3.connectionpool DEBUG: https://share2.dexcom.com:443 "POST /ShareWebServices/Services/Publisher/ReadPublisherLatestGlucoseValues HTTP/1.1" 429 18
+2026-05-11 09:50:16,620 [163.05302357673645] urllib3.connectionpool DEBUG: Starting new HTTPS connection (1): share2.dexcom.com:443
+2026-05-11 09:50:16,725 [163.15795636177063] urllib3.connectionpool DEBUG: https://share2.dexcom.com:443 "POST /ShareWebServices/Services/Publisher/ReadPublisherLatestGlucoseValues HTTP/1.1" 429 18
+2026-05-11 09:50:17,775 [164.2075755596161] urllib3.connectionpool DEBUG: Starting new HTTPS connection (1): share2.dexcom.com:443
+2026-05-11 09:50:17,877 [164.310293674469] urllib3.connectionpool DEBUG: https://share2.dexcom.com:443 "POST /ShareWebServices/Services/Publisher/ReadPublisherLatestGlucoseValues HTTP/1.1" 429 18
+2026-05-11 09:50:18,937 [165.37020325660706] urllib3.connectionpool DEBUG: Starting new HTTPS connection (1): share2.dexcom.com:443
+2026-05-11 09:50:19,072 [165.5053355693817] urllib3.connectionpool DEBUG: https://share2.dexcom.com:443 "POST /ShareWebServices/Services/Publisher/ReadPublisherLatestGlucoseValues HTTP/1.1" 429 18
+2026-05-11 09:50:20,117 [166.5497808456421] urllib3.connectionpool DEBUG: Starting new HTTPS connection (1): share2.dexcom.com:443
+2026-05-11 09:50:20,216 [166.64917993545532] urllib3.connectionpool DEBUG: https://share2.dexcom.com:443 "POST /ShareWebServices/Services/Publisher/ReadPublisherLatestGlucoseValues HTTP/1.1" 429 18
+2026-05-11 09:50:21,272 [167.70533394813538] urllib3.connectionpool DEBUG: Starting new HTTPS connection (1): share2.dexcom.com:443
+2026-05-11 09:50:21,443 [167.87583136558533] urllib3.connectionpool DEBUG: https://share2.dexcom.com:443 "POST /ShareWebServices/Services/Publisher/ReadPublisherLatestGlucoseValues HTTP/1.1" 429 18
+2026-05-11 09:50:22,495 [168.92862701416016] urllib3.connectionpool DEBUG: Starting new HTTPS connection (1): share2.dexcom.com:443
+2026-05-11 09:50:22,597 [169.0302927494049] urllib3.connectionpool DEBUG: https://share2.dexcom.com:443 "POST /ShareWebServices/Services/Publisher/ReadPublisherLatestGlucoseValues HTTP/1.1" 429 18
+2026-05-11 09:50:23,657 [170.08963298797607] urllib3.connectionpool DEBUG: Starting new HTTPS connection (1): share2.dexcom.com:443
+2026-05-11 09:50:23,772 [170.20519399642944] urllib3.connectionpool DEBUG: https://share2.dexcom.com:443 "POST /ShareWebServices/Services/Publisher/ReadPublisherLatestGlucoseValues HTTP/1.1" 429 18
+2026-05-11 09:50:24,809 [171.24216985702515] urllib3.connectionpool DEBUG: Starting new HTTPS connection (1): share2.dexcom.com:443
+2026-05-11 09:50:24,912 [171.34497475624084] urllib3.connectionpool DEBUG: https://share2.dexcom.com:443 "POST /ShareWebServices/Services/Publisher/ReadPublisherLatestGlucoseValues HTTP/1.1" 429 18
+2026-05-11 09:50:25,944 [172.37656140327454] urllib3.connectionpool DEBUG: Starting new HTTPS connection (1): share2.dexcom.com:443
+2026-05-11 09:50:26,048 [172.48116040229797] urllib3.connectionpool DEBUG: https://share2.dexcom.com:443 "POST /ShareWebServices/Services/Publisher/ReadPublisherLatestGlucoseValues HTTP/1.1" 429 18
+2026-05-11 09:50:27,089 [173.5224666595459] urllib3.connectionpool DEBUG: Starting new HTTPS connection (1): share2.dexcom.com:443
+2026-05-11 09:50:27,191 [173.62401342391968] urllib3.connectionpool DEBUG: https://share2.dexcom.com:443 "POST /ShareWebServices/Services/Publisher/ReadPublisherLatestGlucoseValues HTTP/1.1" 429 18
+2026-05-11 09:50:28,223 [174.6559500694275] urllib3.connectionpool DEBUG: Starting new HTTPS connection (1): share2.dexcom.com:443
+2026-05-11 09:50:28,324 [174.75707030296326] urllib3.connectionpool DEBUG: https://share2.dexcom.com:443 "POST /ShareWebServices/Services/Publisher/ReadPublisherLatestGlucoseValues HTTP/1.1" 429 18
+2026-05-11 09:50:29,365 [175.7975878715515] urllib3.connectionpool DEBUG: Starting new HTTPS connection (1): share2.dexcom.com:443
+2026-05-11 09:50:29,469 [175.90164828300476] urllib3.connectionpool DEBUG: https://share2.dexcom.com:443 "POST /ShareWebServices/Services/Publisher/ReadPublisherLatestGlucoseValues HTTP/1.1" 429 18
+2026-05-11 09:50:30,525 [176.95799493789673] urllib3.connectionpool DEBUG: Starting new HTTPS connection (1): share2.dexcom.com:443
+2026-05-11 09:50:30,623 [177.05568528175354] urllib3.connectionpool DEBUG: https://share2.dexcom.com:443 "POST /ShareWebServices/Services/Publisher/ReadPublisherLatestGlucoseValues HTTP/1.1" 429 18
+2026-05-11 09:50:31,658 [178.0908501148224] urllib3.connectionpool DEBUG: Starting new HTTPS connection (1): share2.dexcom.com:443
+2026-05-11 09:50:31,759 [178.19249320030212] urllib3.connectionpool DEBUG: https://share2.dexcom.com:443 "POST /ShareWebServices/Services/Publisher/ReadPublisherLatestGlucoseValues HTTP/1.1" 429 18
+2026-05-11 09:50:32,797 [179.23037838935852] urllib3.connectionpool DEBUG: Starting new HTTPS connection (1): share2.dexcom.com:443
+2026-05-11 09:50:32,900 [179.333270072937] urllib3.connectionpool DEBUG: https://share2.dexcom.com:443 "POST /ShareWebServices/Services/Publisher/ReadPublisherLatestGlucoseValues HTTP/1.1" 429 18
+2026-05-11 09:50:33,935 [180.3684856891632] urllib3.connectionpool DEBUG: Starting new HTTPS connection (1): share2.dexcom.com:443
+2026-05-11 09:50:34,037 [180.47033143043518] urllib3.connectionpool DEBUG: https://share2.dexcom.com:443 "POST /ShareWebServices/Services/Publisher/ReadPublisherLatestGlucoseValues HTTP/1.1" 429 18
+2026-05-11 09:50:35,068 [181.500896692276] urllib3.connectionpool DEBUG: Starting new HTTPS connection (1): share2.dexcom.com:443
+2026-05-11 09:50:35,171 [181.60433888435364] urllib3.connectionpool DEBUG: https://share2.dexcom.com:443 "POST /ShareWebServices/Services/Publisher/ReadPublisherLatestGlucoseValues HTTP/1.1" 429 18
+2026-05-11 09:50:36,207 [182.63979768753052] urllib3.connectionpool DEBUG: Starting new HTTPS connection (1): share2.dexcom.com:443
+2026-05-11 09:50:36,308 [182.74100399017334] urllib3.connectionpool DEBUG: https://share2.dexcom.com:443 "POST /ShareWebServices/Services/Publisher/ReadPublisherLatestGlucoseValues HTTP/1.1" 429 18
+2026-05-11 09:50:36,817 [183.24978590011597] urllib3.connectionpool DEBUG: Starting new HTTPS connection (1): share2.dexcom.com:443
+2026-05-11 09:50:36,960 [183.3933310508728] urllib3.connectionpool DEBUG: https://share2.dexcom.com:443 "GET /ShareWebServices/Services/General/AuthenticatePublisherAccount HTTP/1.1" 405 176
+2026-05-11 09:50:37,363 [183.7962462902069] urllib3.connectionpool DEBUG: Starting new HTTPS connection (1): share2.dexcom.com:443
+2026-05-11 09:50:37,462 [183.8952124118805] urllib3.connectionpool DEBUG: https://share2.dexcom.com:443 "POST /ShareWebServices/Services/Publisher/ReadPublisherLatestGlucoseValues HTTP/1.1" 429 18
+2026-05-11 09:50:38,528 [184.96118712425232] urllib3.connectionpool DEBUG: Starting new HTTPS connection (1): share2.dexcom.com:443
+2026-05-11 09:50:38,641 [185.0742518901825] urllib3.connectionpool DEBUG: https://share2.dexcom.com:443 "POST /ShareWebServices/Services/Publisher/ReadPublisherLatestGlucoseValues HTTP/1.1" 429 18
+2026-05-11 09:50:39,652 [186.0849437713623] urllib3.connectionpool DEBUG: Starting new HTTPS connection (1): share2.dexcom.com:443
+2026-05-11 09:50:39,769 [186.2023069858551] urllib3.connectionpool DEBUG: https://share2.dexcom.com:443 "POST /ShareWebServices/Services/Publisher/ReadPublisherLatestGlucoseValues HTTP/1.1" 429 18
+2026-05-11 09:50:40,803 [187.23644948005676] urllib3.connectionpool DEBUG: Starting new HTTPS connection (1): share2.dexcom.com:443
+2026-05-11 09:50:40,906 [187.33933663368225] urllib3.connectionpool DEBUG: https://share2.dexcom.com:443 "POST /ShareWebServices/Services/Publisher/ReadPublisherLatestGlucoseValues HTTP/1.1" 429 18
+2026-05-11 09:50:41,929 [188.36161351203918] urllib3.connectionpool DEBUG: Starting new HTTPS connection (1): share2.dexcom.com:443
+2026-05-11 09:50:42,031 [188.46400952339172] urllib3.connectionpool DEBUG: https://share2.dexcom.com:443 "POST /ShareWebServices/Services/Publisher/ReadPublisherLatestGlucoseValues HTTP/1.1" 429 18
+2026-05-11 09:50:43,071 [189.50359511375427] urllib3.connectionpool DEBUG: Starting new HTTPS connection (1): share2.dexcom.com:443
+2026-05-11 09:50:43,168 [189.60113835334778] urllib3.connectionpool DEBUG: https://share2.dexcom.com:443 "POST /ShareWebServices/Services/Publisher/ReadPublisherLatestGlucoseValues HTTP/1.1" 429 18
+2026-05-11 09:50:44,225 [190.65777134895325] urllib3.connectionpool DEBUG: Starting new HTTPS connection (1): share2.dexcom.com:443
+2026-05-11 09:50:44,330 [190.76333332061768] urllib3.connectionpool DEBUG: https://share2.dexcom.com:443 "POST /ShareWebServices/Services/Publisher/ReadPublisherLatestGlucoseValues HTTP/1.1" 429 18
+2026-05-11 09:50:45,380 [191.81289052963257] urllib3.connectionpool DEBUG: Starting new HTTPS connection (1): share2.dexcom.com:443
+2026-05-11 09:50:45,470 [191.90290188789368] urllib3.connectionpool DEBUG: https://share2.dexcom.com:443 "POST /ShareWebServices/Services/Publisher/ReadPublisherLatestGlucoseValues HTTP/1.1" 429 18
+2026-05-11 09:50:46,484 [192.91739439964294] urllib3.connectionpool DEBUG: Starting new HTTPS connection (1): share2.dexcom.com:443
+2026-05-11 09:50:46,591 [193.02418684959412] urllib3.connectionpool DEBUG: https://share2.dexcom.com:443 "POST /ShareWebServices/Services/Publisher/ReadPublisherLatestGlucoseValues HTTP/1.1" 429 18
+2026-05-11 09:50:47,664 [194.09719944000244] urllib3.connectionpool DEBUG: Starting new HTTPS connection (1): share2.dexcom.com:443
+2026-05-11 09:50:47,767 [194.20022058486938] urllib3.connectionpool DEBUG: https://share2.dexcom.com:443 "POST /ShareWebServices/Services/Publisher/ReadPublisherLatestGlucoseValues HTTP/1.1" 429 18
+2026-05-11 09:50:48,805 [195.23845958709717] urllib3.connectionpool DEBUG: Starting new HTTPS connection (1): share2.dexcom.com:443
+2026-05-11 09:50:48,969 [195.40159130096436] urllib3.connectionpool DEBUG: https://share2.dexcom.com:443 "POST /ShareWebServices/Services/Publisher/ReadPublisherLatestGlucoseValues HTTP/1.1" 200 None
+2026-05-11 09:50:50,044 [196.47732949256897] urllib3.connectionpool DEBUG: Starting new HTTPS connection (1): share2.dexcom.com:443
+2026-05-11 09:50:50,211 [196.64376401901245] urllib3.connectionpool DEBUG: https://share2.dexcom.com:443 "POST /ShareWebServices/Services/Publisher/ReadPublisherLatestGlucoseValues HTTP/1.1" 200 None
+2026-05-11 09:50:51,305 [197.73768711090088] urllib3.connectionpool DEBUG: Starting new HTTPS connection (1): share2.dexcom.com:443
+2026-05-11 09:50:51,473 [197.9057273864746] urllib3.connectionpool DEBUG: https://share2.dexcom.com:443 "POST /ShareWebServices/Services/Publisher/ReadPublisherLatestGlucoseValues HTTP/1.1" 200 None
+2026-05-11 09:50:52,595 [199.02799654006958] urllib3.connectionpool DEBUG: Starting new HTTPS connection (1): share2.dexcom.com:443
+2026-05-11 09:50:52,789 [199.22224640846252] urllib3.connectionpool DEBUG: https://share2.dexcom.com:443 "POST /ShareWebServices/Services/Publisher/ReadPublisherLatestGlucoseValues HTTP/1.1" 200 None
+2026-05-11 09:50:53,907 [200.3405315876007] urllib3.connectionpool DEBUG: Starting new HTTPS connection (1): share2.dexcom.com:443
+2026-05-11 09:50:54,071 [200.50449347496033] urllib3.connectionpool DEBUG: https://share2.dexcom.com:443 "POST /ShareWebServices/Services/Publisher/ReadPublisherLatestGlucoseValues HTTP/1.1" 200 None
+2026-05-11 09:50:55,182 [201.61514496803284] urllib3.connectionpool DEBUG: Starting new HTTPS connection (1): share2.dexcom.com:443
+2026-05-11 09:50:55,346 [201.7791724205017] urllib3.connectionpool DEBUG: https://share2.dexcom.com:443 "POST /ShareWebServices/Services/Publisher/ReadPublisherLatestGlucoseValues HTTP/1.1" 200 None
+2026-05-11 09:50:56,447 [202.87955164909363] urllib3.connectionpool DEBUG: Starting new HTTPS connection (1): share2.dexcom.com:443
+2026-05-11 09:50:56,613 [203.04561352729797] urllib3.connectionpool DEBUG: https://share2.dexcom.com:443 "POST /ShareWebServices/Services/Publisher/ReadPublisherLatestGlucoseValues HTTP/1.1" 200 None
+2026-05-11 09:50:57,738 [204.17089581489563] urllib3.connectionpool DEBUG: Starting new HTTPS connection (1): share2.dexcom.com:443
+2026-05-11 09:50:58,013 [204.4460151195526] urllib3.connectionpool DEBUG: https://share2.dexcom.com:443 "POST /ShareWebServices/Services/Publisher/ReadPublisherLatestGlucoseValues HTTP/1.1" 200 None
+2026-05-11 09:50:59,122 [205.55484867095947] urllib3.connectionpool DEBUG: Starting new HTTPS connection (1): share2.dexcom.com:443
+2026-05-11 09:50:59,288 [205.72090101242065] urllib3.connectionpool DEBUG: https://share2.dexcom.com:443 "POST /ShareWebServices/Services/Publisher/ReadPublisherLatestGlucoseValues HTTP/1.1" 200 None
+2026-05-11 09:51:00,376 [206.8094401359558] urllib3.connectionpool DEBUG: Starting new HTTPS connection (1): share2.dexcom.com:443
+2026-05-11 09:51:00,536 [206.96933007240295] urllib3.connectionpool DEBUG: https://share2.dexcom.com:443 "POST /ShareWebServices/Services/Publisher/ReadPublisherLatestGlucoseValues HTTP/1.1" 200 None
+2026-05-11 09:51:01,645 [208.0784695148468] urllib3.connectionpool DEBUG: Starting new HTTPS connection (1): share2.dexcom.com:443
+2026-05-11 09:51:01,816 [208.24953746795654] urllib3.connectionpool DEBUG: https://share2.dexcom.com:443 "POST /ShareWebServices/Services/Publisher/ReadPublisherLatestGlucoseValues HTTP/1.1" 200 None
+2026-05-11 09:51:02,914 [209.34744453430176] urllib3.connectionpool DEBUG: Starting new HTTPS connection (1): share2.dexcom.com:443
+2026-05-11 09:51:03,019 [209.45224285125732] urllib3.connectionpool DEBUG: https://share2.dexcom.com:443 "POST /ShareWebServices/Services/Publisher/ReadPublisherLatestGlucoseValues HTTP/1.1" 429 18
+2026-05-11 09:51:04,035 [210.46784234046936] urllib3.connectionpool DEBUG: Starting new HTTPS connection (1): share2.dexcom.com:443
+2026-05-11 09:51:04,135 [210.56830048561096] urllib3.connectionpool DEBUG: https://share2.dexcom.com:443 "POST /ShareWebServices/Services/Publisher/ReadPublisherLatestGlucoseValues HTTP/1.1" 429 18
+2026-05-11 09:51:06,075 [212.50795483589172] urllib3.connectionpool DEBUG: Starting new HTTPS connection (1): share2.dexcom.com:443
+2026-05-11 09:51:06,188 [212.62071061134338] urllib3.connectionpool DEBUG: https://share2.dexcom.com:443 "POST /ShareWebServices/Services/Publisher/ReadPublisherLatestGlucoseValues HTTP/1.1" 429 18
+2026-05-11 09:51:06,962 [213.39547777175903] urllib3.connectionpool DEBUG: Starting new HTTPS connection (1): share2.dexcom.com:443
+2026-05-11 09:51:07,116 [213.54923605918884] urllib3.connectionpool DEBUG: https://share2.dexcom.com:443 "GET /ShareWebServices/Services/General/AuthenticatePublisherAccount HTTP/1.1" 405 176
+2026-05-11 09:51:07,249 [213.68165493011475] urllib3.connectionpool DEBUG: Starting new HTTPS connection (1): share2.dexcom.com:443
+2026-05-11 09:51:07,355 [213.78817558288574] urllib3.connectionpool DEBUG: https://share2.dexcom.com:443 "POST /ShareWebServices/Services/Publisher/ReadPublisherLatestGlucoseValues HTTP/1.1" 429 18
+2026-05-11 09:51:08,400 [214.8331789970398] urllib3.connectionpool DEBUG: Starting new HTTPS connection (1): share2.dexcom.com:443
+2026-05-11 09:51:08,516 [214.94858312606812] urllib3.connectionpool DEBUG: https://share2.dexcom.com:443 "POST /ShareWebServices/Services/Publisher/ReadPublisherLatestGlucoseValues HTTP/1.1" 429 18
+2026-05-11 09:51:09,569 [216.00200629234314] urllib3.connectionpool DEBUG: Starting new HTTPS connection (1): share2.dexcom.com:443
+2026-05-11 09:51:09,661 [216.09378218650818] urllib3.connectionpool DEBUG: https://share2.dexcom.com:443 "POST /ShareWebServices/Services/Publisher/ReadPublisherLatestGlucoseValues HTTP/1.1" 429 18
+2026-05-11 09:51:10,709 [217.14222145080566] urllib3.connectionpool DEBUG: Starting new HTTPS connection (1): share2.dexcom.com:443
+2026-05-11 09:51:10,852 [217.28541731834412] urllib3.connectionpool DEBUG: https://share2.dexcom.com:443 "POST /ShareWebServices/Services/Publisher/ReadPublisherLatestGlucoseValues HTTP/1.1" 429 18
+2026-05-11 09:51:11,903 [218.33605480194092] urllib3.connectionpool DEBUG: Starting new HTTPS connection (1): share2.dexcom.com:443
+2026-05-11 09:51:12,011 [218.44405841827393] urllib3.connectionpool DEBUG: https://share2.dexcom.com:443 "POST /ShareWebServices/Services/Publisher/ReadPublisherLatestGlucoseValues HTTP/1.1" 429 18
+2026-05-11 09:51:13,047 [219.48019552230835] urllib3.connectionpool DEBUG: Starting new HTTPS connection (1): share2.dexcom.com:443
+2026-05-11 09:51:13,172 [219.6047501564026] urllib3.connectionpool DEBUG: https://share2.dexcom.com:443 "POST /ShareWebServices/Services/Publisher/ReadPublisherLatestGlucoseValues HTTP/1.1" 429 18
+2026-05-11 09:51:14,217 [220.65047335624695] urllib3.connectionpool DEBUG: Starting new HTTPS connection (1): share2.dexcom.com:443
+2026-05-11 09:51:14,322 [220.75582194328308] urllib3.connectionpool DEBUG: https://share2.dexcom.com:443 "POST /ShareWebServices/Services/Publisher/ReadPublisherLatestGlucoseValues HTTP/1.1" 429 18
+2026-05-11 09:51:15,379 [221.81173491477966] urllib3.connectionpool DEBUG: Starting new HTTPS connection (1): share2.dexcom.com:443
+2026-05-11 09:51:15,494 [221.92683720588684] urllib3.connectionpool DEBUG: https://share2.dexcom.com:443 "POST /ShareWebServices/Services/Publisher/ReadPublisherLatestGlucoseValues HTTP/1.1" 429 18
+2026-05-11 09:51:16,527 [222.9604411125183] urllib3.connectionpool DEBUG: Starting new HTTPS connection (1): share2.dexcom.com:443
+2026-05-11 09:51:16,643 [223.076167345047] urllib3.connectionpool DEBUG: https://share2.dexcom.com:443 "POST /ShareWebServices/Services/Publisher/ReadPublisherLatestGlucoseValues HTTP/1.1" 429 18
+2026-05-11 09:51:17,682 [224.11532950401306] urllib3.connectionpool DEBUG: Starting new HTTPS connection (1): share2.dexcom.com:443
+2026-05-11 09:51:17,777 [224.20988821983337] urllib3.connectionpool DEBUG: https://share2.dexcom.com:443 "POST /ShareWebServices/Services/Publisher/ReadPublisherLatestGlucoseValues HTTP/1.1" 429 18
+2026-05-11 09:51:18,848 [225.2808005809784] urllib3.connectionpool DEBUG: Starting new HTTPS connection (1): share2.dexcom.com:443
+2026-05-11 09:51:19,001 [225.4345211982727] urllib3.connectionpool DEBUG: https://share2.dexcom.com:443 "POST /ShareWebServices/Services/Publisher/ReadPublisherLatestGlucoseValues HTTP/1.1" 429 18
+2026-05-11 09:51:20,040 [226.47289443016052] urllib3.connectionpool DEBUG: Starting new HTTPS connection (1): share2.dexcom.com:443
+2026-05-11 09:51:20,185 [226.61826944351196] urllib3.connectionpool DEBUG: https://share2.dexcom.com:443 "POST /ShareWebServices/Services/Publisher/ReadPublisherLatestGlucoseValues HTTP/1.1" 429 18
+2026-05-11 09:51:21,242 [227.67484402656555] urllib3.connectionpool DEBUG: Starting new HTTPS connection (1): share2.dexcom.com:443
+2026-05-11 09:51:21,342 [227.77469062805176] urllib3.connectionpool DEBUG: https://share2.dexcom.com:443 "POST /ShareWebServices/Services/Publisher/ReadPublisherLatestGlucoseValues HTTP/1.1" 429 18
+2026-05-11 09:51:22,368 [228.80135464668274] urllib3.connectionpool DEBUG: Starting new HTTPS connection (1): share2.dexcom.com:443
+2026-05-11 09:51:22,469 [228.90254378318787] urllib3.connectionpool DEBUG: https://share2.dexcom.com:443 "POST /ShareWebServices/Services/Publisher/ReadPublisherLatestGlucoseValues HTTP/1.1" 429 18
+2026-05-11 09:51:23,533 [229.96573853492737] urllib3.connectionpool DEBUG: Starting new HTTPS connection (1): share2.dexcom.com:443
+2026-05-11 09:51:23,642 [230.07588386535645] urllib3.connectionpool DEBUG: https://share2.dexcom.com:443 "POST /ShareWebServices/Services/Publisher/ReadPublisherLatestGlucoseValues HTTP/1.1" 429 18
+2026-05-11 09:51:24,660 [231.0934774875641] urllib3.connectionpool DEBUG: Starting new HTTPS connection (1): share2.dexcom.com:443
+2026-05-11 09:51:24,753 [231.18628907203674] urllib3.connectionpool DEBUG: https://share2.dexcom.com:443 "POST /ShareWebServices/Services/Publisher/ReadPublisherLatestGlucoseValues HTTP/1.1" 429 18
+2026-05-11 09:51:25,804 [232.23718070983887] urllib3.connectionpool DEBUG: Starting new HTTPS connection (1): share2.dexcom.com:443
+2026-05-11 09:51:25,911 [232.3437216281891] urllib3.connectionpool DEBUG: https://share2.dexcom.com:443 "POST /ShareWebServices/Services/Publisher/ReadPublisherLatestGlucoseValues HTTP/1.1" 429 18
+2026-05-11 09:51:26,928 [233.36089634895325] urllib3.connectionpool DEBUG: Starting new HTTPS connection (1): share2.dexcom.com:443
+2026-05-11 09:51:27,034 [233.46732354164124] urllib3.connectionpool DEBUG: https://share2.dexcom.com:443 "POST /ShareWebServices/Services/Publisher/ReadPublisherLatestGlucoseValues HTTP/1.1" 429 18
+2026-05-11 09:51:28,088 [234.52115273475647] urllib3.connectionpool DEBUG: Starting new HTTPS connection (1): share2.dexcom.com:443
+2026-05-11 09:51:28,195 [234.627671957016] urllib3.connectionpool DEBUG: https://share2.dexcom.com:443 "POST /ShareWebServices/Services/Publisher/ReadPublisherLatestGlucoseValues HTTP/1.1" 429 18
+2026-05-11 09:51:29,229 [235.6618971824646] urllib3.connectionpool DEBUG: Starting new HTTPS connection (1): share2.dexcom.com:443
+2026-05-11 09:51:29,335 [235.76841259002686] urllib3.connectionpool DEBUG: https://share2.dexcom.com:443 "POST /ShareWebServices/Services/Publisher/ReadPublisherLatestGlucoseValues HTTP/1.1" 429 18
+2026-05-11 09:51:30,372 [236.80506134033203] urllib3.connectionpool DEBUG: Starting new HTTPS connection (1): share2.dexcom.com:443
+2026-05-11 09:51:30,478 [236.91063451766968] urllib3.connectionpool DEBUG: https://share2.dexcom.com:443 "POST /ShareWebServices/Services/Publisher/ReadPublisherLatestGlucoseValues HTTP/1.1" 429 18
+2026-05-11 09:51:31,515 [237.94803476333618] urllib3.connectionpool DEBUG: Starting new HTTPS connection (1): share2.dexcom.com:443
+2026-05-11 09:51:31,621 [238.05379104614258] urllib3.connectionpool DEBUG: https://share2.dexcom.com:443 "POST /ShareWebServices/Services/Publisher/ReadPublisherLatestGlucoseValues HTTP/1.1" 429 18
+2026-05-11 09:51:32,684 [239.11709022521973] urllib3.connectionpool DEBUG: Starting new HTTPS connection (1): share2.dexcom.com:443
+2026-05-11 09:51:32,781 [239.21398043632507] urllib3.connectionpool DEBUG: https://share2.dexcom.com:443 "POST /ShareWebServices/Services/Publisher/ReadPublisherLatestGlucoseValues HTTP/1.1" 429 18
+2026-05-11 09:51:33,839 [240.2719531059265] urllib3.connectionpool DEBUG: Starting new HTTPS connection (1): share2.dexcom.com:443
+2026-05-11 09:51:33,950 [240.3827497959137] urllib3.connectionpool DEBUG: https://share2.dexcom.com:443 "POST /ShareWebServices/Services/Publisher/ReadPublisherLatestGlucoseValues HTTP/1.1" 429 18
+2026-05-11 09:51:34,981 [241.41388654708862] urllib3.connectionpool DEBUG: Starting new HTTPS connection (1): share2.dexcom.com:443
+2026-05-11 09:51:35,085 [241.51767301559448] urllib3.connectionpool DEBUG: https://share2.dexcom.com:443 "POST /ShareWebServices/Services/Publisher/ReadPublisherLatestGlucoseValues HTTP/1.1" 429 18
+2026-05-11 09:51:36,132 [242.56505608558655] urllib3.connectionpool DEBUG: Starting new HTTPS connection (1): share2.dexcom.com:443
+2026-05-11 09:51:36,242 [242.67458939552307] urllib3.connectionpool DEBUG: https://share2.dexcom.com:443 "POST /ShareWebServices/Services/Publisher/ReadPublisherLatestGlucoseValues HTTP/1.1" 429 18
+2026-05-11 09:51:37,119 [243.55238318443298] urllib3.connectionpool DEBUG: Starting new HTTPS connection (1): share2.dexcom.com:443
+2026-05-11 09:51:37,260 [243.69270181655884] urllib3.connectionpool DEBUG: Starting new HTTPS connection (1): share2.dexcom.com:443
+2026-05-11 09:51:37,265 [243.69788122177124] urllib3.connectionpool DEBUG: https://share2.dexcom.com:443 "GET /ShareWebServices/Services/General/AuthenticatePublisherAccount HTTP/1.1" 405 176
+2026-05-11 09:51:37,371 [243.80431652069092] urllib3.connectionpool DEBUG: https://share2.dexcom.com:443 "POST /ShareWebServices/Services/Publisher/ReadPublisherLatestGlucoseValues HTTP/1.1" 429 18
+2026-05-11 09:51:38,429 [244.861829996109] urllib3.connectionpool DEBUG: Starting new HTTPS connection (1): share2.dexcom.com:443
+2026-05-11 09:51:38,535 [244.968017578125] urllib3.connectionpool DEBUG: https://share2.dexcom.com:443 "POST /ShareWebServices/Services/Publisher/ReadPublisherLatestGlucoseValues HTTP/1.1" 429 18
+2026-05-11 09:51:39,573 [246.00580430030823] urllib3.connectionpool DEBUG: Starting new HTTPS connection (1): share2.dexcom.com:443
+2026-05-11 09:51:39,681 [246.11431074142456] urllib3.connectionpool DEBUG: https://share2.dexcom.com:443 "POST /ShareWebServices/Services/Publisher/ReadPublisherLatestGlucoseValues HTTP/1.1" 429 18
+2026-05-11 09:51:40,721 [247.15453600883484] urllib3.connectionpool DEBUG: Starting new HTTPS connection (1): share2.dexcom.com:443
+2026-05-11 09:51:40,829 [247.26337933540344] urllib3.connectionpool DEBUG: https://share2.dexcom.com:443 "POST /ShareWebServices/Services/Publisher/ReadPublisherLatestGlucoseValues HTTP/1.1" 429 18
+2026-05-11 09:51:41,875 [248.30824041366577] urllib3.connectionpool DEBUG: Starting new HTTPS connection (1): share2.dexcom.com:443
+2026-05-11 09:51:41,992 [248.42473030090332] urllib3.connectionpool DEBUG: https://share2.dexcom.com:443 "POST /ShareWebServices/Services/Publisher/ReadPublisherLatestGlucoseValues HTTP/1.1" 429 18
+2026-05-11 09:51:43,280 [249.71314978599548] urllib3.connectionpool DEBUG: Starting new HTTPS connection (1): share2.dexcom.com:443
+2026-05-11 09:51:43,393 [249.8258078098297] urllib3.connectionpool DEBUG: https://share2.dexcom.com:443 "POST /ShareWebServices/Services/Publisher/ReadPublisherLatestGlucoseValues HTTP/1.1" 429 18
+2026-05-11 09:51:57,616 [264.048752784729] urllib3.connectionpool DEBUG: Starting new HTTPS connection (1): share2.dexcom.com:443
+2026-05-11 09:51:57,751 [264.18365263938904] urllib3.connectionpool DEBUG: https://share2.dexcom.com:443 "POST /ShareWebServices/Services/Publisher/ReadPublisherLatestGlucoseValues HTTP/1.1" 429 18
+2026-05-11 09:51:58,763 [265.19612216949463] urllib3.connectionpool DEBUG: Starting new HTTPS connection (1): share2.dexcom.com:443
+2026-05-11 09:51:58,859 [265.29210329055786] urllib3.connectionpool DEBUG: https://share2.dexcom.com:443 "POST /ShareWebServices/Services/Publisher/ReadPublisherLatestGlucoseValues HTTP/1.1" 429 18
+2026-05-11 09:51:59,874 [266.3071618080139] urllib3.connectionpool DEBUG: Starting new HTTPS connection (1): share2.dexcom.com:443
+2026-05-11 09:51:59,972 [266.4049985408783] urllib3.connectionpool DEBUG: https://share2.dexcom.com:443 "POST /ShareWebServices/Services/Publisher/ReadPublisherLatestGlucoseValues HTTP/1.1" 429 18
+2026-05-11 09:52:01,004 [267.4371612071991] urllib3.connectionpool DEBUG: Starting new HTTPS connection (1): share2.dexcom.com:443
+2026-05-11 09:52:01,113 [267.5458858013153] urllib3.connectionpool DEBUG: https://share2.dexcom.com:443 "POST /ShareWebServices/Services/Publisher/ReadPublisherLatestGlucoseValues HTTP/1.1" 429 18
+2026-05-11 09:52:02,127 [268.56010389328003] urllib3.connectionpool DEBUG: Starting new HTTPS connection (1): share2.dexcom.com:443
+2026-05-11 09:52:02,230 [268.66304993629456] urllib3.connectionpool DEBUG: https://share2.dexcom.com:443 "POST /ShareWebServices/Services/Publisher/ReadPublisherLatestGlucoseValues HTTP/1.1" 429 18
+2026-05-11 09:52:03,244 [269.6766576766968] urllib3.connectionpool DEBUG: Starting new HTTPS connection (1): share2.dexcom.com:443
+2026-05-11 09:52:03,419 [269.8520896434784] urllib3.connectionpool DEBUG: https://share2.dexcom.com:443 "POST /ShareWebServices/Services/Publisher/ReadPublisherLatestGlucoseValues HTTP/1.1" 200 None
+2026-05-11 09:52:04,493 [270.92606019973755] urllib3.connectionpool DEBUG: Starting new HTTPS connection (1): share2.dexcom.com:443
+2026-05-11 09:52:05,675 [272.10787439346313] urllib3.connectionpool DEBUG: https://share2.dexcom.com:443 "POST /ShareWebServices/Services/Publisher/ReadPublisherLatestGlucoseValues HTTP/1.1" 200 None
+2026-05-11 09:52:06,765 [273.1985168457031] urllib3.connectionpool DEBUG: Starting new HTTPS connection (1): share2.dexcom.com:443
+2026-05-11 09:52:06,920 [273.3531496524811] urllib3.connectionpool DEBUG: https://share2.dexcom.com:443 "POST /ShareWebServices/Services/Publisher/ReadPublisherLatestGlucoseValues HTTP/1.1" 200 None
+2026-05-11 09:52:07,268 [273.70060110092163] urllib3.connectionpool DEBUG: Starting new HTTPS connection (1): share2.dexcom.com:443
+2026-05-11 09:52:07,412 [273.84506154060364] urllib3.connectionpool DEBUG: https://share2.dexcom.com:443 "GET /ShareWebServices/Services/General/AuthenticatePublisherAccount HTTP/1.1" 405 176
+2026-05-11 09:52:08,037 [274.4697413444519] urllib3.connectionpool DEBUG: Starting new HTTPS connection (1): share2.dexcom.com:443
+2026-05-11 09:52:08,212 [274.64460468292236] urllib3.connectionpool DEBUG: https://share2.dexcom.com:443 "POST /ShareWebServices/Services/Publisher/ReadPublisherLatestGlucoseValues HTTP/1.1" 200 None
+2026-05-11 09:52:09,586 [276.01938581466675] urllib3.connectionpool DEBUG: Starting new HTTPS connection (1): share2.dexcom.com:443
+2026-05-11 09:52:09,753 [276.18623781204224] urllib3.connectionpool DEBUG: https://share2.dexcom.com:443 "POST /ShareWebServices/Services/Publisher/ReadPublisherLatestGlucoseValues HTTP/1.1" 200 None
+2026-05-11 09:52:10,854 [277.2867262363434] urllib3.connectionpool DEBUG: Starting new HTTPS connection (1): share2.dexcom.com:443
+2026-05-11 09:52:11,023 [277.45563769340515] urllib3.connectionpool DEBUG: https://share2.dexcom.com:443 "POST /ShareWebServices/Services/Publisher/ReadPublisherLatestGlucoseValues HTTP/1.1" 200 None
+2026-05-11 09:52:12,126 [278.5589129924774] urllib3.connectionpool DEBUG: Starting new HTTPS connection (1): share2.dexcom.com:443
+2026-05-11 09:52:13,282 [279.7148196697235] urllib3.connectionpool DEBUG: https://share2.dexcom.com:443 "POST /ShareWebServices/Services/Publisher/ReadPublisherLatestGlucoseValues HTTP/1.1" 200 None
+2026-05-11 09:52:14,440 [280.8729729652405] urllib3.connectionpool DEBUG: Starting new HTTPS connection (1): share2.dexcom.com:443
+2026-05-11 09:52:14,604 [281.0371160507202] urllib3.connectionpool DEBUG: https://share2.dexcom.com:443 "POST /ShareWebServices/Services/Publisher/ReadPublisherLatestGlucoseValues HTTP/1.1" 200 None
+2026-05-11 09:52:15,734 [282.16665840148926] urllib3.connectionpool DEBUG: Starting new HTTPS connection (1): share2.dexcom.com:443
+2026-05-11 09:52:15,831 [282.2642068862915] urllib3.connectionpool DEBUG: https://share2.dexcom.com:443 "POST /ShareWebServices/Services/Publisher/ReadPublisherLatestGlucoseValues HTTP/1.1" 429 18
+2026-05-11 09:52:16,870 [283.30271911621094] urllib3.connectionpool DEBUG: Starting new HTTPS connection (1): share2.dexcom.com:443
+2026-05-11 09:52:16,986 [283.41868352890015] urllib3.connectionpool DEBUG: https://share2.dexcom.com:443 "POST /ShareWebServices/Services/Publisher/ReadPublisherLatestGlucoseValues HTTP/1.1" 429 18
+2026-05-11 09:52:18,033 [284.466046333313] urllib3.connectionpool DEBUG: Starting new HTTPS connection (1): share2.dexcom.com:443
+2026-05-11 09:52:18,144 [284.57677602767944] urllib3.connectionpool DEBUG: https://share2.dexcom.com:443 "POST /ShareWebServices/Services/Publisher/ReadPublisherLatestGlucoseValues HTTP/1.1" 429 18
+2026-05-11 09:52:19,179 [285.6115520000458] urllib3.connectionpool DEBUG: Starting new HTTPS connection (1): share2.dexcom.com:443
+2026-05-11 09:52:19,273 [285.7063217163086] urllib3.connectionpool DEBUG: https://share2.dexcom.com:443 "POST /ShareWebServices/Services/Publisher/ReadPublisherLatestGlucoseValues HTTP/1.1" 429 18
+2026-05-11 09:52:20,285 [286.71807622909546] urllib3.connectionpool DEBUG: Starting new HTTPS connection (1): share2.dexcom.com:443
+2026-05-11 09:52:20,386 [286.81908535957336] urllib3.connectionpool DEBUG: https://share2.dexcom.com:443 "POST /ShareWebServices/Services/Publisher/ReadPublisherLatestGlucoseValues HTTP/1.1" 429 18
+2026-05-11 09:52:21,443 [287.87622332572937] urllib3.connectionpool DEBUG: Starting new HTTPS connection (1): share2.dexcom.com:443
+2026-05-11 09:52:21,550 [287.9830422401428] urllib3.connectionpool DEBUG: https://share2.dexcom.com:443 "POST /ShareWebServices/Services/Publisher/ReadPublisherLatestGlucoseValues HTTP/1.1" 429 18
+2026-05-11 09:52:22,595 [289.02764773368835] urllib3.connectionpool DEBUG: Starting new HTTPS connection (1): share2.dexcom.com:443
+2026-05-11 09:52:22,697 [289.1302168369293] urllib3.connectionpool DEBUG: https://share2.dexcom.com:443 "POST /ShareWebServices/Services/Publisher/ReadPublisherLatestGlucoseValues HTTP/1.1" 429 18
+2026-05-11 09:52:23,736 [290.16869950294495] urllib3.connectionpool DEBUG: Starting new HTTPS connection (1): share2.dexcom.com:443
+2026-05-11 09:52:23,838 [290.27072501182556] urllib3.connectionpool DEBUG: https://share2.dexcom.com:443 "POST /ShareWebServices/Services/Publisher/ReadPublisherLatestGlucoseValues HTTP/1.1" 429 18
+2026-05-11 09:52:24,850 [291.2830798625946] urllib3.connectionpool DEBUG: Starting new HTTPS connection (1): share2.dexcom.com:443
+2026-05-11 09:52:24,961 [291.3944823741913] urllib3.connectionpool DEBUG: https://share2.dexcom.com:443 "POST /ShareWebServices/Services/Publisher/ReadPublisherLatestGlucoseValues HTTP/1.1" 429 18
+2026-05-11 09:52:25,977 [292.40979743003845] urllib3.connectionpool DEBUG: Starting new HTTPS connection (1): share2.dexcom.com:443
+2026-05-11 09:52:27,103 [293.53649616241455] urllib3.connectionpool DEBUG: https://share2.dexcom.com:443 "POST /ShareWebServices/Services/Publisher/ReadPublisherLatestGlucoseValues HTTP/1.1" 429 18
+2026-05-11 09:52:28,143 [294.57600021362305] urllib3.connectionpool DEBUG: Starting new HTTPS connection (1): share2.dexcom.com:443
+2026-05-11 09:52:28,251 [294.6838307380676] urllib3.connectionpool DEBUG: https://share2.dexcom.com:443 "POST /ShareWebServices/Services/Publisher/ReadPublisherLatestGlucoseValues HTTP/1.1" 429 18
+2026-05-11 09:52:29,274 [295.706866979599] urllib3.connectionpool DEBUG: Starting new HTTPS connection (1): share2.dexcom.com:443
+2026-05-11 09:52:29,374 [295.8074998855591] urllib3.connectionpool DEBUG: https://share2.dexcom.com:443 "POST /ShareWebServices/Services/Publisher/ReadPublisherLatestGlucoseValues HTTP/1.1" 429 18
+2026-05-11 09:52:30,401 [296.8344337940216] urllib3.connectionpool DEBUG: Starting new HTTPS connection (1): share2.dexcom.com:443
+2026-05-11 09:52:30,889 [297.32199001312256] urllib3.connectionpool DEBUG: https://share2.dexcom.com:443 "POST /ShareWebServices/Services/Publisher/ReadPublisherLatestGlucoseValues HTTP/1.1" 429 18
+2026-05-11 09:52:31,919 [298.35160183906555] urllib3.connectionpool DEBUG: Starting new HTTPS connection (1): share2.dexcom.com:443
+2026-05-11 09:52:32,025 [298.45762300491333] urllib3.connectionpool DEBUG: https://share2.dexcom.com:443 "POST /ShareWebServices/Services/Publisher/ReadPublisherLatestGlucoseValues HTTP/1.1" 429 18
+2026-05-11 09:52:33,052 [299.48481702804565] urllib3.connectionpool DEBUG: Starting new HTTPS connection (1): share2.dexcom.com:443
+2026-05-11 09:52:33,152 [299.5851790904999] urllib3.connectionpool DEBUG: https://share2.dexcom.com:443 "POST /ShareWebServices/Services/Publisher/ReadPublisherLatestGlucoseValues HTTP/1.1" 429 18
+2026-05-11 09:52:34,163 [300.59643602371216] urllib3.connectionpool DEBUG: Starting new HTTPS connection (1): share2.dexcom.com:443
+2026-05-11 09:52:34,268 [300.7008993625641] urllib3.connectionpool DEBUG: https://share2.dexcom.com:443 "POST /ShareWebServices/Services/Publisher/ReadPublisherLatestGlucoseValues HTTP/1.1" 429 18
+2026-05-11 09:52:35,282 [301.7146291732788] urllib3.connectionpool DEBUG: Starting new HTTPS connection (1): share2.dexcom.com:443
+2026-05-11 09:52:35,377 [301.8107147216797] urllib3.connectionpool DEBUG: https://share2.dexcom.com:443 "POST /ShareWebServices/Services/Publisher/ReadPublisherLatestGlucoseValues HTTP/1.1" 429 18
+2026-05-11 09:52:36,393 [302.8264865875244] urllib3.connectionpool DEBUG: Starting new HTTPS connection (1): share2.dexcom.com:443
+2026-05-11 09:52:36,523 [302.9556860923767] urllib3.connectionpool DEBUG: https://share2.dexcom.com:443 "POST /ShareWebServices/Services/Publisher/ReadPublisherLatestGlucoseValues HTTP/1.1" 429 18
+2026-05-11 09:52:37,418 [303.8508174419403] urllib3.connectionpool DEBUG: Starting new HTTPS connection (1): share2.dexcom.com:443
+2026-05-11 09:52:37,572 [304.0049934387207] urllib3.connectionpool DEBUG: Starting new HTTPS connection (1): share2.dexcom.com:443
+2026-05-11 09:52:38,466 [304.899067401886] urllib3.connectionpool DEBUG: https://share2.dexcom.com:443 "GET /ShareWebServices/Services/General/AuthenticatePublisherAccount HTTP/1.1" 405 176
+2026-05-11 09:52:38,674 [305.1068506240845] urllib3.connectionpool DEBUG: https://share2.dexcom.com:443 "POST /ShareWebServices/Services/Publisher/ReadPublisherLatestGlucoseValues HTTP/1.1" 429 18
+2026-05-11 09:52:39,687 [306.11965322494507] urllib3.connectionpool DEBUG: Starting new HTTPS connection (1): share2.dexcom.com:443
+2026-05-11 09:52:39,792 [306.2245509624481] urllib3.connectionpool DEBUG: https://share2.dexcom.com:443 "POST /ShareWebServices/Services/Publisher/ReadPublisherLatestGlucoseValues HTTP/1.1" 429 18
+2026-05-11 09:52:40,822 [307.25461506843567] urllib3.connectionpool DEBUG: Starting new HTTPS connection (1): share2.dexcom.com:443
+2026-05-11 09:52:41,961 [308.3939549922943] urllib3.connectionpool DEBUG: https://share2.dexcom.com:443 "POST /ShareWebServices/Services/Publisher/ReadPublisherLatestGlucoseValues HTTP/1.1" 429 18
+2026-05-11 09:52:42,975 [309.40795040130615] urllib3.connectionpool DEBUG: Starting new HTTPS connection (1): share2.dexcom.com:443
+2026-05-11 09:52:43,086 [309.51946806907654] urllib3.connectionpool DEBUG: https://share2.dexcom.com:443 "POST /ShareWebServices/Services/Publisher/ReadPublisherLatestGlucoseValues HTTP/1.1" 429 18
+2026-05-11 09:52:44,101 [310.533903837204] urllib3.connectionpool DEBUG: Starting new HTTPS connection (1): share2.dexcom.com:443
+2026-05-11 09:52:44,202 [310.63500475883484] urllib3.connectionpool DEBUG: https://share2.dexcom.com:443 "POST /ShareWebServices/Services/Publisher/ReadPublisherLatestGlucoseValues HTTP/1.1" 429 18
+2026-05-11 09:52:45,217 [311.64957427978516] urllib3.connectionpool DEBUG: Starting new HTTPS connection (1): share2.dexcom.com:443
+2026-05-11 09:52:45,305 [311.73768401145935] urllib3.connectionpool DEBUG: https://share2.dexcom.com:443 "POST /ShareWebServices/Services/Publisher/ReadPublisherLatestGlucoseValues HTTP/1.1" 429 18
+2026-05-11 09:52:46,317 [312.7516837120056] urllib3.connectionpool DEBUG: Starting new HTTPS connection (1): share2.dexcom.com:443
+2026-05-11 09:52:46,926 [313.3590409755707] urllib3.connectionpool DEBUG: https://share2.dexcom.com:443 "POST /ShareWebServices/Services/Publisher/ReadPublisherLatestGlucoseValues HTTP/1.1" 429 18
+2026-05-11 09:52:47,940 [314.3731985092163] urllib3.connectionpool DEBUG: Starting new HTTPS connection (1): share2.dexcom.com:443
+2026-05-11 09:52:48,048 [314.4808838367462] urllib3.connectionpool DEBUG: https://share2.dexcom.com:443 "POST /ShareWebServices/Services/Publisher/ReadPublisherLatestGlucoseValues HTTP/1.1" 429 18
+2026-05-11 09:52:49,086 [315.5188500881195] urllib3.connectionpool DEBUG: Starting new HTTPS connection (1): share2.dexcom.com:443
+2026-05-11 09:52:49,198 [315.63065361976624] urllib3.connectionpool DEBUG: https://share2.dexcom.com:443 "POST /ShareWebServices/Services/Publisher/ReadPublisherLatestGlucoseValues HTTP/1.1" 429 18
+2026-05-11 09:52:50,226 [316.6588795185089] urllib3.connectionpool DEBUG: Starting new HTTPS connection (1): share2.dexcom.com:443
+2026-05-11 09:52:52,453 [318.8856875896454] urllib3.connectionpool DEBUG: https://share2.dexcom.com:443 "POST /ShareWebServices/Services/Publisher/ReadPublisherLatestGlucoseValues HTTP/1.1" 429 18
+2026-05-11 09:52:53,501 [319.93447637557983] urllib3.connectionpool DEBUG: Starting new HTTPS connection (1): share2.dexcom.com:443
+2026-05-11 09:52:53,611 [320.04433131217957] urllib3.connectionpool DEBUG: https://share2.dexcom.com:443 "POST /ShareWebServices/Services/Publisher/ReadPublisherLatestGlucoseValues HTTP/1.1" 429 18
+2026-05-11 09:52:54,636 [321.06894874572754] urllib3.connectionpool DEBUG: Starting new HTTPS connection (1): share2.dexcom.com:443
+2026-05-11 09:52:54,742 [321.1747155189514] urllib3.connectionpool DEBUG: https://share2.dexcom.com:443 "POST /ShareWebServices/Services/Publisher/ReadPublisherLatestGlucoseValues HTTP/1.1" 429 18
+2026-05-11 09:52:55,755 [322.1877405643463] urllib3.connectionpool DEBUG: Starting new HTTPS connection (1): share2.dexcom.com:443
+2026-05-11 09:52:57,947 [324.3796491622925] urllib3.connectionpool DEBUG: https://share2.dexcom.com:443 "POST /ShareWebServices/Services/Publisher/ReadPublisherLatestGlucoseValues HTTP/1.1" 429 18
+2026-05-11 09:52:58,970 [325.40347599983215] urllib3.connectionpool DEBUG: Starting new HTTPS connection (1): share2.dexcom.com:443
+2026-05-11 09:52:59,085 [325.51852321624756] urllib3.connectionpool DEBUG: https://share2.dexcom.com:443 "POST /ShareWebServices/Services/Publisher/ReadPublisherLatestGlucoseValues HTTP/1.1" 429 18
+2026-05-11 09:53:00,122 [326.55488204956055] urllib3.connectionpool DEBUG: Starting new HTTPS connection (1): share2.dexcom.com:443
+2026-05-11 09:53:00,238 [326.67076086997986] urllib3.connectionpool DEBUG: https://share2.dexcom.com:443 "POST /ShareWebServices/Services/Publisher/ReadPublisherLatestGlucoseValues HTTP/1.1" 429 18
+2026-05-11 09:53:01,252 [327.6863045692444] urllib3.connectionpool DEBUG: Starting new HTTPS connection (1): share2.dexcom.com:443
+2026-05-11 09:53:03,479 [329.91195487976074] urllib3.connectionpool DEBUG: https://share2.dexcom.com:443 "POST /ShareWebServices/Services/Publisher/ReadPublisherLatestGlucoseValues HTTP/1.1" 429 18
+2026-05-11 09:53:04,491 [330.9244463443756] urllib3.connectionpool DEBUG: Starting new HTTPS connection (1): share2.dexcom.com:443
+2026-05-11 09:53:04,596 [331.03004026412964] urllib3.connectionpool DEBUG: https://share2.dexcom.com:443 "POST /ShareWebServices/Services/Publisher/ReadPublisherLatestGlucoseValues HTTP/1.1" 429 18
+2026-05-11 09:53:05,608 [332.04064083099365] urllib3.connectionpool DEBUG: Starting new HTTPS connection (1): share2.dexcom.com:443
+2026-05-11 09:53:05,714 [332.1474814414978] urllib3.connectionpool DEBUG: https://share2.dexcom.com:443 "POST /ShareWebServices/Services/Publisher/ReadPublisherLatestGlucoseValues HTTP/1.1" 429 18
+2026-05-11 09:53:06,751 [333.1839256286621] urllib3.connectionpool DEBUG: Starting new HTTPS connection (1): share2.dexcom.com:443
+2026-05-11 09:53:07,865 [334.2983486652374] urllib3.connectionpool DEBUG: https://share2.dexcom.com:443 "POST /ShareWebServices/Services/Publisher/ReadPublisherLatestGlucoseValues HTTP/1.1" 429 18
+2026-05-11 09:53:08,468 [334.9013319015503] urllib3.connectionpool DEBUG: Starting new HTTPS connection (1): share2.dexcom.com:443
+2026-05-11 09:53:08,762 [335.19502091407776] urllib3.connectionpool DEBUG: https://share2.dexcom.com:443 "GET /ShareWebServices/Services/General/AuthenticatePublisherAccount HTTP/1.1" 405 176
+2026-05-11 09:53:08,881 [335.3137369155884] urllib3.connectionpool DEBUG: Starting new HTTPS connection (1): share2.dexcom.com:443
+2026-05-11 09:53:08,985 [335.4176609516144] urllib3.connectionpool DEBUG: https://share2.dexcom.com:443 "POST /ShareWebServices/Services/Publisher/ReadPublisherLatestGlucoseValues HTTP/1.1" 429 18
+2026-05-11 09:53:10,029 [336.46207904815674] urllib3.connectionpool DEBUG: Starting new HTTPS connection (1): share2.dexcom.com:443
+2026-05-11 09:53:10,141 [336.5741500854492] urllib3.connectionpool DEBUG: https://share2.dexcom.com:443 "POST /ShareWebServices/Services/Publisher/ReadPublisherLatestGlucoseValues HTTP/1.1" 429 18
+2026-05-11 09:53:11,172 [337.6052007675171] urllib3.connectionpool DEBUG: Starting new HTTPS connection (1): share2.dexcom.com:443
+2026-05-11 09:53:11,273 [337.70561170578003] urllib3.connectionpool DEBUG: https://share2.dexcom.com:443 "POST /ShareWebServices/Services/Publisher/ReadPublisherLatestGlucoseValues HTTP/1.1" 429 18
+2026-05-11 09:53:12,321 [338.75404500961304] urllib3.connectionpool DEBUG: Starting new HTTPS connection (1): share2.dexcom.com:443
+2026-05-11 09:53:12,430 [338.8629775047302] urllib3.connectionpool DEBUG: https://share2.dexcom.com:443 "POST /ShareWebServices/Services/Publisher/ReadPublisherLatestGlucoseValues HTTP/1.1" 429 18
+2026-05-11 09:53:13,469 [339.90183997154236] urllib3.connectionpool DEBUG: Starting new HTTPS connection (1): share2.dexcom.com:443
+2026-05-11 09:53:13,580 [340.01346492767334] urllib3.connectionpool DEBUG: https://share2.dexcom.com:443 "POST /ShareWebServices/Services/Publisher/ReadPublisherLatestGlucoseValues HTTP/1.1" 429 18
+2026-05-11 09:53:14,618 [341.05113220214844] urllib3.connectionpool DEBUG: Starting new HTTPS connection (1): share2.dexcom.com:443
+2026-05-11 09:53:14,714 [341.14749097824097] urllib3.connectionpool DEBUG: https://share2.dexcom.com:443 "POST /ShareWebServices/Services/Publisher/ReadPublisherLatestGlucoseValues HTTP/1.1" 429 18
+2026-05-11 09:53:15,776 [342.2085497379303] urllib3.connectionpool DEBUG: Starting new HTTPS connection (1): share2.dexcom.com:443
+2026-05-11 09:53:15,961 [342.3937637805939] urllib3.connectionpool DEBUG: https://share2.dexcom.com:443 "POST /ShareWebServices/Services/Publisher/ReadPublisherLatestGlucoseValues HTTP/1.1" 200 None
+2026-05-11 09:53:17,098 [343.53066396713257] urllib3.connectionpool DEBUG: Starting new HTTPS connection (1): share2.dexcom.com:443
+2026-05-11 09:53:19,041 [345.4739372730255] urllib3.connectionpool DEBUG: https://share2.dexcom.com:443 "POST /ShareWebServices/Services/Publisher/ReadPublisherLatestGlucoseValues HTTP/1.1" 200 None
+2026-05-11 09:53:20,447 [346.8799521923065] urllib3.connectionpool DEBUG: Starting new HTTPS connection (1): share2.dexcom.com:443
+2026-05-11 09:53:21,748 [348.18057465553284] urllib3.connectionpool DEBUG: https://share2.dexcom.com:443 "POST /ShareWebServices/Services/Publisher/ReadPublisherLatestGlucoseValues HTTP/1.1" 200 None
+2026-05-11 09:53:22,913 [349.34604573249817] urllib3.connectionpool DEBUG: Starting new HTTPS connection (1): share2.dexcom.com:443
+2026-05-11 09:53:23,074 [349.50688457489014] urllib3.connectionpool DEBUG: https://share2.dexcom.com:443 "POST /ShareWebServices/Services/Publisher/ReadPublisherLatestGlucoseValues HTTP/1.1" 200 None
+2026-05-11 09:53:24,200 [350.63288259506226] urllib3.connectionpool DEBUG: Starting new HTTPS connection (1): share2.dexcom.com:443
+2026-05-11 09:53:24,367 [350.80036973953247] urllib3.connectionpool DEBUG: https://share2.dexcom.com:443 "POST /ShareWebServices/Services/Publisher/ReadPublisherLatestGlucoseValues HTTP/1.1" 200 None
+2026-05-11 09:53:25,470 [351.9025824069977] urllib3.connectionpool DEBUG: Starting new HTTPS connection (1): share2.dexcom.com:443
+2026-05-11 09:53:25,646 [352.07893919944763] urllib3.connectionpool DEBUG: https://share2.dexcom.com:443 "POST /ShareWebServices/Services/Publisher/ReadPublisherLatestGlucoseValues HTTP/1.1" 200 None
+2026-05-11 09:53:26,742 [353.175169467926] urllib3.connectionpool DEBUG: Starting new HTTPS connection (1): share2.dexcom.com:443
+2026-05-11 09:53:26,853 [353.28580021858215] urllib3.connectionpool DEBUG: https://share2.dexcom.com:443 "POST /ShareWebServices/Services/Publisher/ReadPublisherLatestGlucoseValues HTTP/1.1" 429 18
+2026-05-11 09:53:27,883 [354.31588673591614] urllib3.connectionpool DEBUG: Starting new HTTPS connection (1): share2.dexcom.com:443
+2026-05-11 09:53:27,987 [354.4205253124237] urllib3.connectionpool DEBUG: https://share2.dexcom.com:443 "POST /ShareWebServices/Services/Publisher/ReadPublisherLatestGlucoseValues HTTP/1.1" 429 18
+2026-05-11 09:53:29,000 [355.4328169822693] urllib3.connectionpool DEBUG: Starting new HTTPS connection (1): share2.dexcom.com:443
+2026-05-11 09:53:29,455 [355.8883287906647] urllib3.connectionpool DEBUG: https://share2.dexcom.com:443 "POST /ShareWebServices/Services/Publisher/ReadPublisherLatestGlucoseValues HTTP/1.1" 429 18
+2026-05-11 09:53:30,516 [356.94932079315186] urllib3.connectionpool DEBUG: Starting new HTTPS connection (1): share2.dexcom.com:443
+2026-05-11 09:53:30,615 [357.0482885837555] urllib3.connectionpool DEBUG: https://share2.dexcom.com:443 "POST /ShareWebServices/Services/Publisher/ReadPublisherLatestGlucoseValues HTTP/1.1" 429 18
+2026-05-11 09:53:31,648 [358.08067989349365] urllib3.connectionpool DEBUG: Starting new HTTPS connection (1): share2.dexcom.com:443
+2026-05-11 09:53:31,759 [358.19209599494934] urllib3.connectionpool DEBUG: https://share2.dexcom.com:443 "POST /ShareWebServices/Services/Publisher/ReadPublisherLatestGlucoseValues HTTP/1.1" 429 18
+2026-05-11 09:53:32,783 [359.2174322605133] urllib3.connectionpool DEBUG: Starting new HTTPS connection (1): share2.dexcom.com:443
+2026-05-11 09:53:32,899 [359.33230662345886] urllib3.connectionpool DEBUG: https://share2.dexcom.com:443 "POST /ShareWebServices/Services/Publisher/ReadPublisherLatestGlucoseValues HTTP/1.1" 429 18
+2026-05-11 09:53:33,927 [360.35981583595276] urllib3.connectionpool DEBUG: Starting new HTTPS connection (1): share2.dexcom.com:443
+2026-05-11 09:53:34,029 [360.46233105659485] urllib3.connectionpool DEBUG: https://share2.dexcom.com:443 "POST /ShareWebServices/Services/Publisher/ReadPublisherLatestGlucoseValues HTTP/1.1" 429 18
+2026-05-11 09:53:35,044 [361.47684502601624] urllib3.connectionpool DEBUG: Starting new HTTPS connection (1): share2.dexcom.com:443
+2026-05-11 09:53:35,154 [361.5865902900696] urllib3.connectionpool DEBUG: https://share2.dexcom.com:443 "POST /ShareWebServices/Services/Publisher/ReadPublisherLatestGlucoseValues HTTP/1.1" 429 18
+2026-05-11 09:53:36,200 [362.63282656669617] urllib3.connectionpool DEBUG: Starting new HTTPS connection (1): share2.dexcom.com:443
+2026-05-11 09:53:36,643 [363.0756266117096] urllib3.connectionpool DEBUG: https://share2.dexcom.com:443 "POST /ShareWebServices/Services/Publisher/ReadPublisherLatestGlucoseValues HTTP/1.1" 429 18
+2026-05-11 09:53:37,681 [364.1143696308136] urllib3.connectionpool DEBUG: Starting new HTTPS connection (1): share2.dexcom.com:443
+2026-05-11 09:53:37,800 [364.23298811912537] urllib3.connectionpool DEBUG: https://share2.dexcom.com:443 "POST /ShareWebServices/Services/Publisher/ReadPublisherLatestGlucoseValues HTTP/1.1" 429 18
+2026-05-11 09:53:38,764 [365.1973295211792] urllib3.connectionpool DEBUG: Starting new HTTPS connection (1): share2.dexcom.com:443
+2026-05-11 09:53:38,826 [365.2592942714691] urllib3.connectionpool DEBUG: Starting new HTTPS connection (1): share2.dexcom.com:443
+2026-05-11 09:53:38,921 [365.3540244102478] urllib3.connectionpool DEBUG: https://share2.dexcom.com:443 "POST /ShareWebServices/Services/Publisher/ReadPublisherLatestGlucoseValues HTTP/1.1" 429 18
+2026-05-11 09:53:39,229 [365.66166138648987] urllib3.connectionpool DEBUG: https://share2.dexcom.com:443 "GET /ShareWebServices/Services/General/AuthenticatePublisherAccount HTTP/1.1" 405 176
+2026-05-11 09:53:39,969 [366.4015498161316] urllib3.connectionpool DEBUG: Starting new HTTPS connection (1): share2.dexcom.com:443
+2026-05-11 09:53:40,084 [366.51671838760376] urllib3.connectionpool DEBUG: https://share2.dexcom.com:443 "POST /ShareWebServices/Services/Publisher/ReadPublisherLatestGlucoseValues HTTP/1.1" 429 18
+2026-05-11 09:53:41,128 [367.56112337112427] urllib3.connectionpool DEBUG: Starting new HTTPS connection (1): share2.dexcom.com:443
+2026-05-11 09:53:41,241 [367.6743071079254] urllib3.connectionpool DEBUG: https://share2.dexcom.com:443 "POST /ShareWebServices/Services/Publisher/ReadPublisherLatestGlucoseValues HTTP/1.1" 429 18
+2026-05-11 09:53:42,274 [368.7071146965027] urllib3.connectionpool DEBUG: Starting new HTTPS connection (1): share2.dexcom.com:443
+2026-05-11 09:53:42,392 [368.82513427734375] urllib3.connectionpool DEBUG: https://share2.dexcom.com:443 "POST /ShareWebServices/Services/Publisher/ReadPublisherLatestGlucoseValues HTTP/1.1" 429 18
+2026-05-11 09:53:43,417 [369.84986543655396] urllib3.connectionpool DEBUG: Starting new HTTPS connection (1): share2.dexcom.com:443
+2026-05-11 09:53:43,529 [369.961838722229] urllib3.connectionpool DEBUG: https://share2.dexcom.com:443 "POST /ShareWebServices/Services/Publisher/ReadPublisherLatestGlucoseValues HTTP/1.1" 429 18
+2026-05-11 09:53:44,567 [371.0013220310211] urllib3.connectionpool DEBUG: Starting new HTTPS connection (1): share2.dexcom.com:443
+2026-05-11 09:53:45,683 [372.11636447906494] urllib3.connectionpool DEBUG: https://share2.dexcom.com:443 "POST /ShareWebServices/Services/Publisher/ReadPublisherLatestGlucoseValues HTTP/1.1" 429 18
+2026-05-11 09:53:46,731 [373.1636335849762] urllib3.connectionpool DEBUG: Starting new HTTPS connection (1): share2.dexcom.com:443
+2026-05-11 09:53:46,831 [373.26447582244873] urllib3.connectionpool DEBUG: https://share2.dexcom.com:443 "POST /ShareWebServices/Services/Publisher/ReadPublisherLatestGlucoseValues HTTP/1.1" 429 18
+2026-05-11 09:53:47,883 [374.3165376186371] urllib3.connectionpool DEBUG: Starting new HTTPS connection (1): share2.dexcom.com:443
+2026-05-11 09:53:47,990 [374.42283058166504] urllib3.connectionpool DEBUG: https://share2.dexcom.com:443 "POST /ShareWebServices/Services/Publisher/ReadPublisherLatestGlucoseValues HTTP/1.1" 429 18
+2026-05-11 09:53:49,036 [375.4694962501526] urllib3.connectionpool DEBUG: Starting new HTTPS connection (1): share2.dexcom.com:443
+2026-05-11 09:53:49,148 [375.5811576843262] urllib3.connectionpool DEBUG: https://share2.dexcom.com:443 "POST /ShareWebServices/Services/Publisher/ReadPublisherLatestGlucoseValues HTTP/1.1" 429 18
+2026-05-11 09:53:50,196 [376.62948966026306] urllib3.connectionpool DEBUG: Starting new HTTPS connection (1): share2.dexcom.com:443
+2026-05-11 09:53:50,301 [376.73363733291626] urllib3.connectionpool DEBUG: https://share2.dexcom.com:443 "POST /ShareWebServices/Services/Publisher/ReadPublisherLatestGlucoseValues HTTP/1.1" 429 18
+2026-05-11 09:53:51,355 [377.7877125740051] urllib3.connectionpool DEBUG: Starting new HTTPS connection (1): share2.dexcom.com:443
+2026-05-11 09:53:51,458 [377.89088916778564] urllib3.connectionpool DEBUG: https://share2.dexcom.com:443 "POST /ShareWebServices/Services/Publisher/ReadPublisherLatestGlucoseValues HTTP/1.1" 429 18
+2026-05-11 09:53:52,506 [378.9394795894623] urllib3.connectionpool DEBUG: Starting new HTTPS connection (1): share2.dexcom.com:443
+2026-05-11 09:53:52,665 [379.09853291511536] urllib3.connectionpool DEBUG: https://share2.dexcom.com:443 "POST /ShareWebServices/Services/Publisher/ReadPublisherLatestGlucoseValues HTTP/1.1" 429 18
+2026-05-11 09:53:53,698 [380.1310410499573] urllib3.connectionpool DEBUG: Starting new HTTPS connection (1): share2.dexcom.com:443
+2026-05-11 09:53:53,812 [380.24550700187683] urllib3.connectionpool DEBUG: https://share2.dexcom.com:443 "POST /ShareWebServices/Services/Publisher/ReadPublisherLatestGlucoseValues HTTP/1.1" 429 18
+2026-05-11 09:53:54,842 [381.2748739719391] urllib3.connectionpool DEBUG: Starting new HTTPS connection (1): share2.dexcom.com:443
+2026-05-11 09:53:54,938 [381.3715400695801] urllib3.connectionpool DEBUG: https://share2.dexcom.com:443 "POST /ShareWebServices/Services/Publisher/ReadPublisherLatestGlucoseValues HTTP/1.1" 429 18
+2026-05-11 09:53:55,984 [382.41706132888794] urllib3.connectionpool DEBUG: Starting new HTTPS connection (1): share2.dexcom.com:443
+2026-05-11 09:53:56,080 [382.51335525512695] urllib3.connectionpool DEBUG: https://share2.dexcom.com:443 "POST /ShareWebServices/Services/Publisher/ReadPublisherLatestGlucoseValues HTTP/1.1" 429 18
+2026-05-11 09:53:57,097 [383.5298206806183] urllib3.connectionpool DEBUG: Starting new HTTPS connection (1): share2.dexcom.com:443
+2026-05-11 09:53:57,191 [383.6241543292999] urllib3.connectionpool DEBUG: https://share2.dexcom.com:443 "POST /ShareWebServices/Services/Publisher/ReadPublisherLatestGlucoseValues HTTP/1.1" 429 18
+2026-05-11 09:53:58,219 [384.65194606781006] urllib3.connectionpool DEBUG: Starting new HTTPS connection (1): share2.dexcom.com:443
+2026-05-11 09:53:58,316 [384.7487335205078] urllib3.connectionpool DEBUG: https://share2.dexcom.com:443 "POST /ShareWebServices/Services/Publisher/ReadPublisherLatestGlucoseValues HTTP/1.1" 429 18
+2026-05-11 09:53:59,352 [385.7848553657532] urllib3.connectionpool DEBUG: Starting new HTTPS connection (1): share2.dexcom.com:443
+2026-05-11 09:53:59,462 [385.8949546813965] urllib3.connectionpool DEBUG: https://share2.dexcom.com:443 "POST /ShareWebServices/Services/Publisher/ReadPublisherLatestGlucoseValues HTTP/1.1" 429 18
+2026-05-11 09:54:00,521 [386.9545006752014] urllib3.connectionpool DEBUG: Starting new HTTPS connection (1): share2.dexcom.com:443
+2026-05-11 09:54:00,683 [387.1156373023987] urllib3.connectionpool DEBUG: https://share2.dexcom.com:443 "POST /ShareWebServices/Services/Publisher/ReadPublisherLatestGlucoseValues HTTP/1.1" 429 18
+2026-05-11 09:54:01,703 [388.13640308380127] urllib3.connectionpool DEBUG: Starting new HTTPS connection (1): share2.dexcom.com:443
+2026-05-11 09:54:01,849 [388.2820155620575] urllib3.connectionpool DEBUG: https://share2.dexcom.com:443 "POST /ShareWebServices/Services/Publisher/ReadPublisherLatestGlucoseValues HTTP/1.1" 429 18
+2026-05-11 09:54:02,883 [389.31599497795105] urllib3.connectionpool DEBUG: Starting new HTTPS connection (1): share2.dexcom.com:443
+2026-05-11 09:54:03,017 [389.4502854347229] urllib3.connectionpool DEBUG: https://share2.dexcom.com:443 "POST /ShareWebServices/Services/Publisher/ReadPublisherLatestGlucoseValues HTTP/1.1" 429 18
+2026-05-11 09:54:04,078 [390.5112943649292] urllib3.connectionpool DEBUG: Starting new HTTPS connection (1): share2.dexcom.com:443
+2026-05-11 09:54:04,180 [390.6128613948822] urllib3.connectionpool DEBUG: https://share2.dexcom.com:443 "POST /ShareWebServices/Services/Publisher/ReadPublisherLatestGlucoseValues HTTP/1.1" 429 18
+2026-05-11 09:54:05,217 [391.65043091773987] urllib3.connectionpool DEBUG: Starting new HTTPS connection (1): share2.dexcom.com:443
+2026-05-11 09:54:05,319 [391.75179505348206] urllib3.connectionpool DEBUG: https://share2.dexcom.com:443 "POST /ShareWebServices/Services/Publisher/ReadPublisherLatestGlucoseValues HTTP/1.1" 429 18
+2026-05-11 09:54:06,360 [392.7932336330414] urllib3.connectionpool DEBUG: Starting new HTTPS connection (1): share2.dexcom.com:443
+2026-05-11 09:54:06,470 [392.90324091911316] urllib3.connectionpool DEBUG: https://share2.dexcom.com:443 "POST /ShareWebServices/Services/Publisher/ReadPublisherLatestGlucoseValues HTTP/1.1" 429 18
+2026-05-11 09:54:07,512 [393.94507455825806] urllib3.connectionpool DEBUG: Starting new HTTPS connection (1): share2.dexcom.com:443
+2026-05-11 09:54:07,610 [394.0427095890045] urllib3.connectionpool DEBUG: https://share2.dexcom.com:443 "POST /ShareWebServices/Services/Publisher/ReadPublisherLatestGlucoseValues HTTP/1.1" 429 18
+2026-05-11 09:54:08,647 [395.07963943481445] urllib3.connectionpool DEBUG: Starting new HTTPS connection (1): share2.dexcom.com:443
+2026-05-11 09:54:08,781 [395.2142405509949] urllib3.connectionpool DEBUG: https://share2.dexcom.com:443 "POST /ShareWebServices/Services/Publisher/ReadPublisherLatestGlucoseValues HTTP/1.1" 429 18
+2026-05-11 09:54:09,231 [395.6641631126404] urllib3.connectionpool DEBUG: Starting new HTTPS connection (1): share2.dexcom.com:443
+2026-05-11 09:54:09,370 [395.80337929725647] urllib3.connectionpool DEBUG: https://share2.dexcom.com:443 "GET /ShareWebServices/Services/General/AuthenticatePublisherAccount HTTP/1.1" 405 176
+2026-05-11 09:54:09,817 [396.2501404285431] urllib3.connectionpool DEBUG: Starting new HTTPS connection (1): share2.dexcom.com:443
+2026-05-11 09:54:09,908 [396.34209871292114] urllib3.connectionpool DEBUG: https://share2.dexcom.com:443 "POST /ShareWebServices/Services/Publisher/ReadPublisherLatestGlucoseValues HTTP/1.1" 429 18
+2026-05-11 09:54:10,920 [397.3530960083008] urllib3.connectionpool DEBUG: Starting new HTTPS connection (1): share2.dexcom.com:443
+2026-05-11 09:54:11,027 [397.4597568511963] urllib3.connectionpool DEBUG: https://share2.dexcom.com:443 "POST /ShareWebServices/Services/Publisher/ReadPublisherLatestGlucoseValues HTTP/1.1" 429 18
+2026-05-11 09:54:12,067 [398.50053191185] urllib3.connectionpool DEBUG: Starting new HTTPS connection (1): share2.dexcom.com:443
+2026-05-11 09:54:12,185 [398.61927366256714] urllib3.connectionpool DEBUG: https://share2.dexcom.com:443 "POST /ShareWebServices/Services/Publisher/ReadPublisherLatestGlucoseValues HTTP/1.1" 429 18
+2026-05-11 09:54:13,234 [399.66678261756897] urllib3.connectionpool DEBUG: Starting new HTTPS connection (1): share2.dexcom.com:443
+2026-05-11 09:54:13,339 [399.7723398208618] urllib3.connectionpool DEBUG: https://share2.dexcom.com:443 "POST /ShareWebServices/Services/Publisher/ReadPublisherLatestGlucoseValues HTTP/1.1" 429 18
+2026-05-11 09:54:14,396 [400.82911443710327] urllib3.connectionpool DEBUG: Starting new HTTPS connection (1): share2.dexcom.com:443
+2026-05-11 09:54:14,506 [400.9389114379883] urllib3.connectionpool DEBUG: https://share2.dexcom.com:443 "POST /ShareWebServices/Services/Publisher/ReadPublisherLatestGlucoseValues HTTP/1.1" 429 18
+2026-05-11 09:54:15,546 [401.9785940647125] urllib3.connectionpool DEBUG: Starting new HTTPS connection (1): share2.dexcom.com:443
+2026-05-11 09:54:15,652 [402.08588314056396] urllib3.connectionpool DEBUG: https://share2.dexcom.com:443 "POST /ShareWebServices/Services/Publisher/ReadPublisherLatestGlucoseValues HTTP/1.1" 429 18
+2026-05-11 09:54:16,667 [403.10018658638] urllib3.connectionpool DEBUG: Starting new HTTPS connection (1): share2.dexcom.com:443
+2026-05-11 09:54:16,775 [403.208203792572] urllib3.connectionpool DEBUG: https://share2.dexcom.com:443 "POST /ShareWebServices/Services/Publisher/ReadPublisherLatestGlucoseValues HTTP/1.1" 429 18
+2026-05-11 09:54:17,810 [404.2433428764343] urllib3.connectionpool DEBUG: Starting new HTTPS connection (1): share2.dexcom.com:443
+2026-05-11 09:54:17,921 [404.354145526886] urllib3.connectionpool DEBUG: https://share2.dexcom.com:443 "POST /ShareWebServices/Services/Publisher/ReadPublisherLatestGlucoseValues HTTP/1.1" 429 18
+2026-05-11 09:54:18,953 [405.3864071369171] urllib3.connectionpool DEBUG: Starting new HTTPS connection (1): share2.dexcom.com:443
+2026-05-11 09:54:19,054 [405.48741817474365] urllib3.connectionpool DEBUG: https://share2.dexcom.com:443 "POST /ShareWebServices/Services/Publisher/ReadPublisherLatestGlucoseValues HTTP/1.1" 429 18
+2026-05-11 09:54:20,068 [406.50119185447693] urllib3.connectionpool DEBUG: Starting new HTTPS connection (1): share2.dexcom.com:443
+2026-05-11 09:54:20,165 [406.59847927093506] urllib3.connectionpool DEBUG: https://share2.dexcom.com:443 "POST /ShareWebServices/Services/Publisher/ReadPublisherLatestGlucoseValues HTTP/1.1" 429 18
+2026-05-11 09:54:21,218 [407.6510708332062] urllib3.connectionpool DEBUG: Starting new HTTPS connection (1): share2.dexcom.com:443
+2026-05-11 09:54:21,339 [407.77237915992737] urllib3.connectionpool DEBUG: https://share2.dexcom.com:443 "POST /ShareWebServices/Services/Publisher/ReadPublisherLatestGlucoseValues HTTP/1.1" 429 18
+2026-05-11 09:54:22,370 [408.80256175994873] urllib3.connectionpool DEBUG: Starting new HTTPS connection (1): share2.dexcom.com:443
+2026-05-11 09:54:22,480 [408.9128911495209] urllib3.connectionpool DEBUG: https://share2.dexcom.com:443 "POST /ShareWebServices/Services/Publisher/ReadPublisherLatestGlucoseValues HTTP/1.1" 429 18
+2026-05-11 09:54:23,495 [409.92787432670593] urllib3.connectionpool DEBUG: Starting new HTTPS connection (1): share2.dexcom.com:443
+2026-05-11 09:54:23,603 [410.03568053245544] urllib3.connectionpool DEBUG: https://share2.dexcom.com:443 "POST /ShareWebServices/Services/Publisher/ReadPublisherLatestGlucoseValues HTTP/1.1" 429 18
+2026-05-11 09:54:24,634 [411.06751704216003] urllib3.connectionpool DEBUG: Starting new HTTPS connection (1): share2.dexcom.com:443
+2026-05-11 09:54:24,742 [411.1754529476166] urllib3.connectionpool DEBUG: https://share2.dexcom.com:443 "POST /ShareWebServices/Services/Publisher/ReadPublisherLatestGlucoseValues HTTP/1.1" 429 18
+2026-05-11 09:54:25,793 [412.2263095378876] urllib3.connectionpool DEBUG: Starting new HTTPS connection (1): share2.dexcom.com:443
+2026-05-11 09:54:25,945 [412.3784689903259] urllib3.connectionpool DEBUG: https://share2.dexcom.com:443 "POST /ShareWebServices/Services/Publisher/ReadPublisherLatestGlucoseValues HTTP/1.1" 429 18
+2026-05-11 09:54:26,990 [413.42333602905273] urllib3.connectionpool DEBUG: Starting new HTTPS connection (1): share2.dexcom.com:443
+2026-05-11 09:54:27,170 [413.60349559783936] urllib3.connectionpool DEBUG: https://share2.dexcom.com:443 "POST /ShareWebServices/Services/Publisher/ReadPublisherLatestGlucoseValues HTTP/1.1" 200 None
+2026-05-11 09:54:28,282 [414.71536660194397] urllib3.connectionpool DEBUG: Starting new HTTPS connection (1): share2.dexcom.com:443
+2026-05-11 09:54:28,446 [414.87911462783813] urllib3.connectionpool DEBUG: https://share2.dexcom.com:443 "POST /ShareWebServices/Services/Publisher/ReadPublisherLatestGlucoseValues HTTP/1.1" 200 None
+2026-05-11 09:54:29,542 [415.9753050804138] urllib3.connectionpool DEBUG: Starting new HTTPS connection (1): share2.dexcom.com:443
+2026-05-11 09:54:29,717 [416.14998483657837] urllib3.connectionpool DEBUG: https://share2.dexcom.com:443 "POST /ShareWebServices/Services/Publisher/ReadPublisherLatestGlucoseValues HTTP/1.1" 200 None
+2026-05-11 09:54:30,817 [417.25044894218445] urllib3.connectionpool DEBUG: Starting new HTTPS connection (1): share2.dexcom.com:443
+2026-05-11 09:54:30,976 [417.4094605445862] urllib3.connectionpool DEBUG: https://share2.dexcom.com:443 "POST /ShareWebServices/Services/Publisher/ReadPublisherLatestGlucoseValues HTTP/1.1" 200 None
+2026-05-11 09:54:32,081 [418.51375222206116] urllib3.connectionpool DEBUG: Starting new HTTPS connection (1): share2.dexcom.com:443
+2026-05-11 09:54:32,250 [418.68260073661804] urllib3.connectionpool DEBUG: https://share2.dexcom.com:443 "POST /ShareWebServices/Services/Publisher/ReadPublisherLatestGlucoseValues HTTP/1.1" 200 None
+2026-05-11 09:54:33,355 [419.7884085178375] urllib3.connectionpool DEBUG: Starting new HTTPS connection (1): share2.dexcom.com:443
+2026-05-11 09:54:33,535 [419.9677505493164] urllib3.connectionpool DEBUG: https://share2.dexcom.com:443 "POST /ShareWebServices/Services/Publisher/ReadPublisherLatestGlucoseValues HTTP/1.1" 200 None
+2026-05-11 09:54:34,636 [421.0691876411438] urllib3.connectionpool DEBUG: Starting new HTTPS connection (1): share2.dexcom.com:443
+2026-05-11 09:54:34,806 [421.23885202407837] urllib3.connectionpool DEBUG: https://share2.dexcom.com:443 "POST /ShareWebServices/Services/Publisher/ReadPublisherLatestGlucoseValues HTTP/1.1" 200 None
+2026-05-11 09:54:35,896 [422.32866740226746] urllib3.connectionpool DEBUG: Starting new HTTPS connection (1): share2.dexcom.com:443
+2026-05-11 09:54:36,070 [422.5031535625458] urllib3.connectionpool DEBUG: https://share2.dexcom.com:443 "POST /ShareWebServices/Services/Publisher/ReadPublisherLatestGlucoseValues HTTP/1.1" 200 None
+2026-05-11 09:54:37,202 [423.63476037979126] urllib3.connectionpool DEBUG: Starting new HTTPS connection (1): share2.dexcom.com:443
+2026-05-11 09:54:37,317 [423.7497925758362] urllib3.connectionpool DEBUG: https://share2.dexcom.com:443 "POST /ShareWebServices/Services/Publisher/ReadPublisherLatestGlucoseValues HTTP/1.1" 429 18
+2026-05-11 09:54:38,332 [424.76473021507263] urllib3.connectionpool DEBUG: Starting new HTTPS connection (1): share2.dexcom.com:443
+2026-05-11 09:54:38,443 [424.8761398792267] urllib3.connectionpool DEBUG: https://share2.dexcom.com:443 "POST /ShareWebServices/Services/Publisher/ReadPublisherLatestGlucoseValues HTTP/1.1" 429 18
+2026-05-11 09:54:39,372 [425.8051793575287] urllib3.connectionpool DEBUG: Starting new HTTPS connection (1): share2.dexcom.com:443
+2026-05-11 09:54:39,473 [425.9061758518219] urllib3.connectionpool DEBUG: Starting new HTTPS connection (1): share2.dexcom.com:443
+2026-05-11 09:54:39,515 [425.94786405563354] urllib3.connectionpool DEBUG: https://share2.dexcom.com:443 "GET /ShareWebServices/Services/General/AuthenticatePublisherAccount HTTP/1.1" 405 176
+2026-05-11 09:54:39,574 [426.00742769241333] urllib3.connectionpool DEBUG: https://share2.dexcom.com:443 "POST /ShareWebServices/Services/Publisher/ReadPublisherLatestGlucoseValues HTTP/1.1" 429 18
+2026-05-11 09:54:40,608 [427.04094076156616] urllib3.connectionpool DEBUG: Starting new HTTPS connection (1): share2.dexcom.com:443
+2026-05-11 09:54:40,706 [427.1393675804138] urllib3.connectionpool DEBUG: https://share2.dexcom.com:443 "POST /ShareWebServices/Services/Publisher/ReadPublisherLatestGlucoseValues HTTP/1.1" 429 18
+2026-05-11 09:54:41,761 [428.19411730766296] urllib3.connectionpool DEBUG: Starting new HTTPS connection (1): share2.dexcom.com:443
+2026-05-11 09:54:41,876 [428.3088810443878] urllib3.connectionpool DEBUG: https://share2.dexcom.com:443 "POST /ShareWebServices/Services/Publisher/ReadPublisherLatestGlucoseValues HTTP/1.1" 429 18
+2026-05-11 09:54:42,901 [429.33402490615845] urllib3.connectionpool DEBUG: Starting new HTTPS connection (1): share2.dexcom.com:443
+2026-05-11 09:54:43,040 [429.4726483821869] urllib3.connectionpool DEBUG: https://share2.dexcom.com:443 "POST /ShareWebServices/Services/Publisher/ReadPublisherLatestGlucoseValues HTTP/1.1" 429 18
+2026-05-11 09:54:44,068 [430.5012526512146] urllib3.connectionpool DEBUG: Starting new HTTPS connection (1): share2.dexcom.com:443
+2026-05-11 09:54:44,182 [430.6149592399597] urllib3.connectionpool DEBUG: https://share2.dexcom.com:443 "POST /ShareWebServices/Services/Publisher/ReadPublisherLatestGlucoseValues HTTP/1.1" 429 18
+2026-05-11 09:54:45,211 [431.6440153121948] urllib3.connectionpool DEBUG: Starting new HTTPS connection (1): share2.dexcom.com:443
+2026-05-11 09:54:45,329 [431.7621202468872] urllib3.connectionpool DEBUG: https://share2.dexcom.com:443 "POST /ShareWebServices/Services/Publisher/ReadPublisherLatestGlucoseValues HTTP/1.1" 429 18
+2026-05-11 09:54:46,365 [432.7976894378662] urllib3.connectionpool DEBUG: Starting new HTTPS connection (1): share2.dexcom.com:443
+2026-05-11 09:54:46,485 [432.9182958602905] urllib3.connectionpool DEBUG: https://share2.dexcom.com:443 "POST /ShareWebServices/Services/Publisher/ReadPublisherLatestGlucoseValues HTTP/1.1" 429 18
+2026-05-11 09:54:47,524 [433.9572525024414] urllib3.connectionpool DEBUG: Starting new HTTPS connection (1): share2.dexcom.com:443
+2026-05-11 09:54:47,621 [434.0538520812988] urllib3.connectionpool DEBUG: https://share2.dexcom.com:443 "POST /ShareWebServices/Services/Publisher/ReadPublisherLatestGlucoseValues HTTP/1.1" 429 18
+2026-05-11 09:54:48,633 [435.06616044044495] urllib3.connectionpool DEBUG: Starting new HTTPS connection (1): share2.dexcom.com:443
+2026-05-11 09:54:48,732 [435.16476345062256] urllib3.connectionpool DEBUG: https://share2.dexcom.com:443 "POST /ShareWebServices/Services/Publisher/ReadPublisherLatestGlucoseValues HTTP/1.1" 429 18
+2026-05-11 09:54:49,779 [436.2117612361908] urllib3.connectionpool DEBUG: Starting new HTTPS connection (1): share2.dexcom.com:443
+2026-05-11 09:54:49,877 [436.31006598472595] urllib3.connectionpool DEBUG: https://share2.dexcom.com:443 "POST /ShareWebServices/Services/Publisher/ReadPublisherLatestGlucoseValues HTTP/1.1" 429 18
+2026-05-11 09:54:50,913 [437.34570932388306] urllib3.connectionpool DEBUG: Starting new HTTPS connection (1): share2.dexcom.com:443
+2026-05-11 09:54:51,015 [437.4478871822357] urllib3.connectionpool DEBUG: https://share2.dexcom.com:443 "POST /ShareWebServices/Services/Publisher/ReadPublisherLatestGlucoseValues HTTP/1.1" 429 18
+2026-05-11 09:54:52,073 [438.50626707077026] urllib3.connectionpool DEBUG: Starting new HTTPS connection (1): share2.dexcom.com:443
+2026-05-11 09:54:52,179 [438.6130123138428] urllib3.connectionpool DEBUG: https://share2.dexcom.com:443 "POST /ShareWebServices/Services/Publisher/ReadPublisherLatestGlucoseValues HTTP/1.1" 429 18
+2026-05-11 09:54:53,225 [439.658394575119] urllib3.connectionpool DEBUG: Starting new HTTPS connection (1): share2.dexcom.com:443
+2026-05-11 09:54:53,333 [439.7665448188782] urllib3.connectionpool DEBUG: https://share2.dexcom.com:443 "POST /ShareWebServices/Services/Publisher/ReadPublisherLatestGlucoseValues HTTP/1.1" 429 18
+2026-05-11 09:54:54,379 [440.8125238418579] urllib3.connectionpool DEBUG: Starting new HTTPS connection (1): share2.dexcom.com:443
+2026-05-11 09:54:54,504 [440.9366567134857] urllib3.connectionpool DEBUG: https://share2.dexcom.com:443 "POST /ShareWebServices/Services/Publisher/ReadPublisherLatestGlucoseValues HTTP/1.1" 429 18
+2026-05-11 09:54:55,571 [442.00366711616516] urllib3.connectionpool DEBUG: Starting new HTTPS connection (1): share2.dexcom.com:443
+2026-05-11 09:54:55,678 [442.11082696914673] urllib3.connectionpool DEBUG: https://share2.dexcom.com:443 "POST /ShareWebServices/Services/Publisher/ReadPublisherLatestGlucoseValues HTTP/1.1" 429 18
+2026-05-11 09:54:56,712 [443.14469027519226] urllib3.connectionpool DEBUG: Starting new HTTPS connection (1): share2.dexcom.com:443
+2026-05-11 09:54:56,816 [443.2493531703949] urllib3.connectionpool DEBUG: https://share2.dexcom.com:443 "POST /ShareWebServices/Services/Publisher/ReadPublisherLatestGlucoseValues HTTP/1.1" 429 18
+2026-05-11 09:54:57,844 [444.27733159065247] urllib3.connectionpool DEBUG: Starting new HTTPS connection (1): share2.dexcom.com:443
+2026-05-11 09:54:57,951 [444.3837661743164] urllib3.connectionpool DEBUG: https://share2.dexcom.com:443 "POST /ShareWebServices/Services/Publisher/ReadPublisherLatestGlucoseValues HTTP/1.1" 429 18
+2026-05-11 09:54:59,009 [445.4422948360443] urllib3.connectionpool DEBUG: Starting new HTTPS connection (1): share2.dexcom.com:443
+2026-05-11 09:54:59,119 [445.55240750312805] urllib3.connectionpool DEBUG: https://share2.dexcom.com:443 "POST /ShareWebServices/Services/Publisher/ReadPublisherLatestGlucoseValues HTTP/1.1" 429 18
+2026-05-11 09:55:00,134 [446.56663060188293] urllib3.connectionpool DEBUG: Starting new HTTPS connection (1): share2.dexcom.com:443
+2026-05-11 09:55:00,238 [446.67144799232483] urllib3.connectionpool DEBUG: https://share2.dexcom.com:443 "POST /ShareWebServices/Services/Publisher/ReadPublisherLatestGlucoseValues HTTP/1.1" 429 18
+2026-05-11 09:55:01,279 [447.7119824886322] urllib3.connectionpool DEBUG: Starting new HTTPS connection (1): share2.dexcom.com:443
+2026-05-11 09:55:01,386 [447.81947016716003] urllib3.connectionpool DEBUG: https://share2.dexcom.com:443 "POST /ShareWebServices/Services/Publisher/ReadPublisherLatestGlucoseValues HTTP/1.1" 429 18
+2026-05-11 09:55:02,400 [448.8325870037079] urllib3.connectionpool DEBUG: Starting new HTTPS connection (1): share2.dexcom.com:443
+2026-05-11 09:55:02,507 [448.9405446052551] urllib3.connectionpool DEBUG: https://share2.dexcom.com:443 "POST /ShareWebServices/Services/Publisher/ReadPublisherLatestGlucoseValues HTTP/1.1" 429 18
+2026-05-11 09:55:03,543 [449.9762108325958] urllib3.connectionpool DEBUG: Starting new HTTPS connection (1): share2.dexcom.com:443
+2026-05-11 09:55:03,648 [450.0811927318573] urllib3.connectionpool DEBUG: https://share2.dexcom.com:443 "POST /ShareWebServices/Services/Publisher/ReadPublisherLatestGlucoseValues HTTP/1.1" 429 18
+2026-05-11 09:55:04,664 [451.0970084667206] urllib3.connectionpool DEBUG: Starting new HTTPS connection (1): share2.dexcom.com:443
+2026-05-11 09:55:04,761 [451.1942071914673] urllib3.connectionpool DEBUG: https://share2.dexcom.com:443 "POST /ShareWebServices/Services/Publisher/ReadPublisherLatestGlucoseValues HTTP/1.1" 429 18
+2026-05-11 09:55:05,818 [452.25064063072205] urllib3.connectionpool DEBUG: Starting new HTTPS connection (1): share2.dexcom.com:443
+2026-05-11 09:55:05,922 [452.3552255630493] urllib3.connectionpool DEBUG: https://share2.dexcom.com:443 "POST /ShareWebServices/Services/Publisher/ReadPublisherLatestGlucoseValues HTTP/1.1" 429 18
+2026-05-11 09:55:06,950 [453.38334918022156] urllib3.connectionpool DEBUG: Starting new HTTPS connection (1): share2.dexcom.com:443
+2026-05-11 09:55:07,054 [453.4868767261505] urllib3.connectionpool DEBUG: https://share2.dexcom.com:443 "POST /ShareWebServices/Services/Publisher/ReadPublisherLatestGlucoseValues HTTP/1.1" 429 18
+2026-05-11 09:55:08,100 [454.53321599960327] urllib3.connectionpool DEBUG: Starting new HTTPS connection (1): share2.dexcom.com:443
+2026-05-11 09:55:08,277 [454.70985555648804] urllib3.connectionpool DEBUG: https://share2.dexcom.com:443 "POST /ShareWebServices/Services/Publisher/ReadPublisherLatestGlucoseValues HTTP/1.1" 429 18
+2026-05-11 09:55:09,334 [455.7674648761749] urllib3.connectionpool DEBUG: Starting new HTTPS connection (1): share2.dexcom.com:443
+2026-05-11 09:55:09,440 [455.8733513355255] urllib3.connectionpool DEBUG: https://share2.dexcom.com:443 "POST /ShareWebServices/Services/Publisher/ReadPublisherLatestGlucoseValues HTTP/1.1" 429 18
+2026-05-11 09:55:09,519 [455.9521253108978] urllib3.connectionpool DEBUG: Starting new HTTPS connection (1): share2.dexcom.com:443
+2026-05-11 09:55:09,669 [456.10221886634827] urllib3.connectionpool DEBUG: https://share2.dexcom.com:443 "GET /ShareWebServices/Services/General/AuthenticatePublisherAccount HTTP/1.1" 405 176
+2026-05-11 09:55:10,476 [456.9092586040497] urllib3.connectionpool DEBUG: Starting new HTTPS connection (1): share2.dexcom.com:443
+2026-05-11 09:55:10,584 [457.0169141292572] urllib3.connectionpool DEBUG: https://share2.dexcom.com:443 "POST /ShareWebServices/Services/Publisher/ReadPublisherLatestGlucoseValues HTTP/1.1" 429 18
+2026-05-11 09:55:11,633 [458.06558990478516] urllib3.connectionpool DEBUG: Starting new HTTPS connection (1): share2.dexcom.com:443
+2026-05-11 09:55:11,729 [458.16244435310364] urllib3.connectionpool DEBUG: https://share2.dexcom.com:443 "POST /ShareWebServices/Services/Publisher/ReadPublisherLatestGlucoseValues HTTP/1.1" 429 18
+2026-05-11 09:55:12,759 [459.1916723251343] urllib3.connectionpool DEBUG: Starting new HTTPS connection (1): share2.dexcom.com:443
+2026-05-11 09:55:12,862 [459.2949392795563] urllib3.connectionpool DEBUG: https://share2.dexcom.com:443 "POST /ShareWebServices/Services/Publisher/ReadPublisherLatestGlucoseValues HTTP/1.1" 429 18
+2026-05-11 09:55:13,878 [460.3109395503998] urllib3.connectionpool DEBUG: Starting new HTTPS connection (1): share2.dexcom.com:443
+2026-05-11 09:55:13,977 [460.41011118888855] urllib3.connectionpool DEBUG: https://share2.dexcom.com:443 "POST /ShareWebServices/Services/Publisher/ReadPublisherLatestGlucoseValues HTTP/1.1" 429 18
+2026-05-11 09:55:14,998 [461.43085265159607] urllib3.connectionpool DEBUG: Starting new HTTPS connection (1): share2.dexcom.com:443
+2026-05-11 09:55:15,112 [461.5450942516327] urllib3.connectionpool DEBUG: https://share2.dexcom.com:443 "POST /ShareWebServices/Services/Publisher/ReadPublisherLatestGlucoseValues HTTP/1.1" 429 18
+2026-05-11 09:55:16,154 [462.587521314621] urllib3.connectionpool DEBUG: Starting new HTTPS connection (1): share2.dexcom.com:443
+2026-05-11 09:55:16,261 [462.69371604919434] urllib3.connectionpool DEBUG: https://share2.dexcom.com:443 "POST /ShareWebServices/Services/Publisher/ReadPublisherLatestGlucoseValues HTTP/1.1" 429 18
+2026-05-11 09:55:17,289 [463.72241735458374] urllib3.connectionpool DEBUG: Starting new HTTPS connection (1): share2.dexcom.com:443
+2026-05-11 09:55:17,388 [463.8225042819977] urllib3.connectionpool DEBUG: https://share2.dexcom.com:443 "POST /ShareWebServices/Services/Publisher/ReadPublisherLatestGlucoseValues HTTP/1.1" 429 18
+2026-05-11 09:55:18,401 [464.8336524963379] urllib3.connectionpool DEBUG: Starting new HTTPS connection (1): share2.dexcom.com:443
+2026-05-11 09:55:18,496 [464.9294033050537] urllib3.connectionpool DEBUG: https://share2.dexcom.com:443 "POST /ShareWebServices/Services/Publisher/ReadPublisherLatestGlucoseValues HTTP/1.1" 429 18
+2026-05-11 09:55:19,528 [465.96100640296936] urllib3.connectionpool DEBUG: Starting new HTTPS connection (1): share2.dexcom.com:443
+2026-05-11 09:55:19,667 [466.09999108314514] urllib3.connectionpool DEBUG: https://share2.dexcom.com:443 "POST /ShareWebServices/Services/Publisher/ReadPublisherLatestGlucoseValues HTTP/1.1" 429 18
+2026-05-11 09:55:20,708 [467.14121317863464] urllib3.connectionpool DEBUG: Starting new HTTPS connection (1): share2.dexcom.com:443
+2026-05-11 09:55:20,811 [467.2439386844635] urllib3.connectionpool DEBUG: https://share2.dexcom.com:443 "POST /ShareWebServices/Services/Publisher/ReadPublisherLatestGlucoseValues HTTP/1.1" 429 18
