+2025-09-07 17:46:09,131 [0.008580684661865234] urllib3.connectionpool DEBUG: Starting new HTTP connection (1): 127.0.0.1:49152
+2025-09-07 17:46:11,176 [2.054036855697632] status INFO: Requesting url: https://share2.dexcom.com/ShareWebServices/Services/General/AuthenticatePublisherAccount
+2025-09-07 17:46:11,177 [2.0550434589385986] urllib3.connectionpool DEBUG: Starting new HTTPS connection (1): share2.dexcom.com:443
+2025-09-07 17:46:11,215 [2.092456340789795] PIL.PngImagePlugin DEBUG: STREAM b'IHDR' 16 13
+2025-09-07 17:46:11,215 [2.092456340789795] PIL.PngImagePlugin DEBUG: STREAM b'pHYs' 41 9
+2025-09-07 17:46:11,215 [2.092456340789795] PIL.PngImagePlugin DEBUG: STREAM b'IDAT' 62 8192
+2025-09-07 17:46:11,268 [2.1454405784606934] PIL.Image DEBUG: Importing BlpImagePlugin
+2025-09-07 17:46:11,268 [2.1454405784606934] PIL.Image DEBUG: Importing BmpImagePlugin
+2025-09-07 17:46:11,273 [2.150393009185791] PIL.Image DEBUG: Importing BufrStubImagePlugin
+2025-09-07 17:46:11,273 [2.150393009185791] PIL.Image DEBUG: Importing CurImagePlugin
+2025-09-07 17:46:11,273 [2.150393009185791] PIL.Image DEBUG: Importing DcxImagePlugin
+2025-09-07 17:46:11,273 [2.150393009185791] PIL.Image DEBUG: Importing DdsImagePlugin
+2025-09-07 17:46:11,273 [2.150393009185791] PIL.Image DEBUG: Importing EpsImagePlugin
+2025-09-07 17:46:11,273 [2.150393009185791] PIL.Image DEBUG: Importing FitsImagePlugin
+2025-09-07 17:46:11,273 [2.150393009185791] PIL.Image DEBUG: Importing FliImagePlugin
+2025-09-07 17:46:11,273 [2.150393009185791] PIL.Image DEBUG: Importing FpxImagePlugin
+2025-09-07 17:46:11,273 [2.150393009185791] PIL.Image DEBUG: Image: failed to import FpxImagePlugin: No module named 'olefile'
+2025-09-07 17:46:11,273 [2.150393009185791] PIL.Image DEBUG: Importing FtexImagePlugin
+2025-09-07 17:46:11,273 [2.150393009185791] PIL.Image DEBUG: Importing GbrImagePlugin
+2025-09-07 17:46:11,283 [2.1612322330474854] PIL.Image DEBUG: Importing GifImagePlugin
+2025-09-07 17:46:11,283 [2.1612322330474854] PIL.Image DEBUG: Importing GribStubImagePlugin
+2025-09-07 17:46:11,283 [2.1612322330474854] PIL.Image DEBUG: Importing Hdf5StubImagePlugin
+2025-09-07 17:46:11,283 [2.1612322330474854] PIL.Image DEBUG: Importing IcnsImagePlugin
+2025-09-07 17:46:11,283 [2.1612322330474854] PIL.Image DEBUG: Importing IcoImagePlugin
+2025-09-07 17:46:11,283 [2.1612322330474854] PIL.Image DEBUG: Importing ImImagePlugin
+2025-09-07 17:46:11,283 [2.1612322330474854] PIL.Image DEBUG: Importing ImtImagePlugin
+2025-09-07 17:46:11,283 [2.1612322330474854] PIL.Image DEBUG: Importing IptcImagePlugin
+2025-09-07 17:46:11,283 [2.1612322330474854] PIL.Image DEBUG: Importing JpegImagePlugin
+2025-09-07 17:46:11,283 [2.1612322330474854] PIL.Image DEBUG: Importing Jpeg2KImagePlugin
+2025-09-07 17:46:11,283 [2.1612322330474854] PIL.Image DEBUG: Importing McIdasImagePlugin
+2025-09-07 17:46:11,283 [2.1612322330474854] PIL.Image DEBUG: Importing MicImagePlugin
+2025-09-07 17:46:11,283 [2.1612322330474854] PIL.Image DEBUG: Image: failed to import MicImagePlugin: No module named 'olefile'
+2025-09-07 17:46:11,283 [2.1612322330474854] PIL.Image DEBUG: Importing MpegImagePlugin
+2025-09-07 17:46:11,283 [2.1612322330474854] PIL.Image DEBUG: Importing MpoImagePlugin
+2025-09-07 17:46:11,283 [2.1612322330474854] PIL.Image DEBUG: Importing MspImagePlugin
+2025-09-07 17:46:11,283 [2.1612322330474854] PIL.Image DEBUG: Importing PalmImagePlugin
+2025-09-07 17:46:11,283 [2.1612322330474854] PIL.Image DEBUG: Importing PcdImagePlugin
+2025-09-07 17:46:11,299 [2.177262783050537] PIL.Image DEBUG: Importing PcxImagePlugin
+2025-09-07 17:46:11,299 [2.177262783050537] PIL.Image DEBUG: Importing PdfImagePlugin
+2025-09-07 17:46:11,302 [2.180105686187744] PIL.Image DEBUG: Importing PixarImagePlugin
+2025-09-07 17:46:11,302 [2.180105686187744] PIL.Image DEBUG: Importing PngImagePlugin
+2025-09-07 17:46:11,302 [2.180105686187744] PIL.Image DEBUG: Importing PpmImagePlugin
+2025-09-07 17:46:11,302 [2.180105686187744] PIL.Image DEBUG: Importing PsdImagePlugin
+2025-09-07 17:46:11,302 [2.180105686187744] PIL.Image DEBUG: Importing QoiImagePlugin
+2025-09-07 17:46:11,302 [2.180105686187744] PIL.Image DEBUG: Importing SgiImagePlugin
+2025-09-07 17:46:11,302 [2.180105686187744] PIL.Image DEBUG: Importing SpiderImagePlugin
+2025-09-07 17:46:11,302 [2.180105686187744] PIL.Image DEBUG: Importing SunImagePlugin
+2025-09-07 17:46:11,302 [2.180105686187744] PIL.Image DEBUG: Importing TgaImagePlugin
+2025-09-07 17:46:11,302 [2.180105686187744] PIL.Image DEBUG: Importing TiffImagePlugin
+2025-09-07 17:46:11,302 [2.180105686187744] PIL.Image DEBUG: Importing WebPImagePlugin
+2025-09-07 17:46:11,302 [2.180105686187744] PIL.Image DEBUG: Importing WmfImagePlugin
+2025-09-07 17:46:11,302 [2.180105686187744] PIL.Image DEBUG: Importing XbmImagePlugin
+2025-09-07 17:46:11,302 [2.180105686187744] PIL.Image DEBUG: Importing XpmImagePlugin
+2025-09-07 17:46:11,302 [2.180105686187744] PIL.Image DEBUG: Importing XVThumbImagePlugin
+2025-09-07 17:46:11,468 [2.3461050987243652] urllib3.connectionpool DEBUG: https://share2.dexcom.com:443 "GET /ShareWebServices/Services/General/AuthenticatePublisherAccount HTTP/1.1" 405 176
+2025-09-07 17:46:12,471 [3.348646879196167] status INFO: Requesting url: https://share2.dexcom.com/ShareWebServices/Services/General/AuthenticatePublisherAccount
+2025-09-07 17:46:12,472 [3.3497447967529297] urllib3.connectionpool DEBUG: Starting new HTTPS connection (1): share2.dexcom.com:443
+2025-09-07 17:46:12,748 [3.6257495880126953] urllib3.connectionpool DEBUG: https://share2.dexcom.com:443 "GET /ShareWebServices/Services/General/AuthenticatePublisherAccount HTTP/1.1" 405 176
+2025-09-07 17:46:13,757 [4.634536504745483] status INFO: Requesting url: https://share2.dexcom.com/ShareWebServices/Services/General/AuthenticatePublisherAccount
+2025-09-07 17:46:13,759 [4.636319875717163] urllib3.connectionpool DEBUG: Starting new HTTPS connection (1): share2.dexcom.com:443
+2025-09-07 17:46:14,035 [4.913287878036499] urllib3.connectionpool DEBUG: https://share2.dexcom.com:443 "GET /ShareWebServices/Services/General/AuthenticatePublisherAccount HTTP/1.1" 405 176
+2025-09-07 17:46:15,044 [5.922152996063232] status INFO: Requesting url: https://share2.dexcom.com/ShareWebServices/Services/General/AuthenticatePublisherAccount
+2025-09-07 17:46:15,044 [5.922152996063232] urllib3.connectionpool DEBUG: Starting new HTTPS connection (1): share2.dexcom.com:443
+2025-09-07 17:46:15,320 [6.197555065155029] urllib3.connectionpool DEBUG: https://share2.dexcom.com:443 "GET /ShareWebServices/Services/General/AuthenticatePublisherAccount HTTP/1.1" 405 176
+2025-09-07 17:46:16,322 [7.199633836746216] status INFO: Requesting url: https://share2.dexcom.com/ShareWebServices/Services/General/AuthenticatePublisherAccount
+2025-09-07 17:46:16,322 [7.199633836746216] urllib3.connectionpool DEBUG: Starting new HTTPS connection (1): share2.dexcom.com:443
+2025-09-07 17:46:16,472 [7.349318742752075] urllib3.connectionpool DEBUG: Starting new HTTP connection (1): 127.0.0.1:49152
+2025-09-07 17:46:16,605 [7.482760667800903] urllib3.connectionpool DEBUG: https://share2.dexcom.com:443 "GET /ShareWebServices/Services/General/AuthenticatePublisherAccount HTTP/1.1" 405 176
+2025-09-07 17:46:17,528 [8.405848979949951] keyring.backend DEBUG: Loading KWallet
+2025-09-07 17:46:17,529 [8.406849384307861] keyring.backend DEBUG: Loading SecretService
+2025-09-07 17:46:17,530 [8.407849788665771] keyring.backend DEBUG: Loading Windows
+2025-09-07 17:46:17,537 [8.414404153823853] win32ctypes.core.cffi DEBUG: Loaded cffi backend
+2025-09-07 17:46:17,569 [8.446731090545654] keyring.backend DEBUG: Loading chainer
+2025-09-07 17:46:17,569 [8.446731090545654] keyring.backend DEBUG: Loading libsecret
+2025-09-07 17:46:17,569 [8.446731090545654] keyring.backend DEBUG: Loading macOS
+2025-09-07 17:46:17,587 [8.464995861053467] keyring.backend DEBUG: Loading Gnome
+2025-09-07 17:46:17,587 [8.464995861053467] keyring.backend DEBUG: Loading Google
+2025-09-07 17:46:17,587 [8.464995861053467] keyring.backend DEBUG: Loading Windows (alt)
+2025-09-07 17:46:17,592 [8.470168590545654] keyring.backend DEBUG: Loading file
+2025-09-07 17:46:17,594 [8.47217321395874] keyring.backend DEBUG: Loading keyczar
+2025-09-07 17:46:17,594 [8.47217321395874] keyring.backend DEBUG: Loading multi
+2025-09-07 17:46:17,597 [8.474910497665405] main INFO: Requesting url:General/AuthenticatePublisherAccount
+2025-09-07 17:46:17,597 [8.474910497665405] pydexcom DEBUG: Retrieve account ID from the authentication endpoint
+2025-09-07 17:46:17,597 [8.474910497665405] urllib3.connectionpool DEBUG: Starting new HTTPS connection (1): share2.dexcom.com:443
+2025-09-07 17:46:17,608 [8.48609972000122] status INFO: Requesting url: https://share2.dexcom.com/ShareWebServices/Services/General/AuthenticatePublisherAccount
+2025-09-07 17:46:17,608 [8.48609972000122] urllib3.connectionpool DEBUG: Starting new HTTPS connection (1): share2.dexcom.com:443
+2025-09-07 17:46:17,861 [8.73902940750122] urllib3.connectionpool DEBUG: https://share2.dexcom.com:443 "GET /ShareWebServices/Services/General/AuthenticatePublisherAccount HTTP/1.1" 405 176
+2025-09-07 17:46:18,120 [8.998154640197754] urllib3.connectionpool DEBUG: https://share2.dexcom.com:443 "POST /ShareWebServices/Services/General/AuthenticatePublisherAccount HTTP/1.1" 200 38
+2025-09-07 17:46:18,120 [8.998154640197754] pydexcom DEBUG: Retrieve session ID from the login endpoint
+2025-09-07 17:46:18,670 [9.547813415527344] urllib3.connectionpool DEBUG: https://share2.dexcom.com:443 "POST /ShareWebServices/Services/General/LoginPublisherAccountById HTTP/1.1" 200 38
+2025-09-07 17:46:18,687 [9.564658403396606] urllib3.connectionpool DEBUG: http://127.0.0.1:49152 "GET /authenticate HTTP/1.1" 200 16
+2025-09-07 17:46:18,687 [9.564658403396606] notifier INFO: Requesting url General/AuthenticatePublisherAccount
+2025-09-07 17:46:18,687 [9.564658403396606] pydexcom DEBUG: Retrieve account ID from the authentication endpoint
+2025-09-07 17:46:18,687 [9.564658403396606] urllib3.connectionpool DEBUG: Starting new HTTPS connection (1): share2.dexcom.com:443
+2025-09-07 17:46:18,869 [9.747111320495605] status INFO: Requesting url: https://share2.dexcom.com/ShareWebServices/Services/General/AuthenticatePublisherAccount
+2025-09-07 17:46:18,871 [9.748800277709961] urllib3.connectionpool DEBUG: Starting new HTTPS connection (1): share2.dexcom.com:443
+2025-09-07 17:46:19,145 [10.023124694824219] urllib3.connectionpool DEBUG: https://share2.dexcom.com:443 "POST /ShareWebServices/Services/General/AuthenticatePublisherAccount HTTP/1.1" 200 38
+2025-09-07 17:46:19,151 [10.028996706008911] pydexcom DEBUG: Retrieve session ID from the login endpoint
+2025-09-07 17:46:19,152 [10.030224800109863] urllib3.connectionpool DEBUG: https://share2.dexcom.com:443 "GET /ShareWebServices/Services/General/AuthenticatePublisherAccount HTTP/1.1" 405 176
+2025-09-07 17:46:19,180 [10.05768346786499] notifier INFO: Requesting url https://share2.dexcom.com/ShareWebServices/Services
+2025-09-07 17:46:19,180 [10.05768346786499] pydexcom DEBUG: Retrieve glucose readings from the glucose readings endpoint
+2025-09-07 17:46:19,323 [10.200567960739136] urllib3.connectionpool DEBUG: https://share2.dexcom.com:443 "POST /ShareWebServices/Services/Publisher/ReadPublisherLatestGlucoseValues?sessionId=73c6de80-b2d7-4d69-bed3-45082b80c3dc&minutes=1440&maxCount=1 HTTP/1.1" 200 None
+2025-09-07 17:46:19,326 [10.203456163406372] notifier INFO: Requesting url https://share2.dexcom.com/ShareWebServices/Services
+2025-09-07 17:46:19,326 [10.203456163406372] pydexcom DEBUG: Retrieve glucose readings from the glucose readings endpoint
+2025-09-07 17:46:19,456 [10.333434820175171] urllib3.connectionpool DEBUG: https://share2.dexcom.com:443 "POST /ShareWebServices/Services/Publisher/ReadPublisherLatestGlucoseValues?sessionId=73c6de80-b2d7-4d69-bed3-45082b80c3dc&minutes=1440&maxCount=1 HTTP/1.1" 200 None
+2025-09-07 17:46:19,617 [10.495044946670532] urllib3.connectionpool DEBUG: https://share2.dexcom.com:443 "POST /ShareWebServices/Services/General/LoginPublisherAccountById HTTP/1.1" 200 38
+2025-09-07 17:46:19,627 [10.505276441574097] pydexcom DEBUG: Retrieve glucose readings from the glucose readings endpoint
+2025-09-07 17:46:19,763 [10.640458345413208] urllib3.connectionpool DEBUG: https://share2.dexcom.com:443 "POST /ShareWebServices/Services/Publisher/ReadPublisherLatestGlucoseValues?sessionId=73c6de80-b2d7-4d69-bed3-45082b80c3dc&minutes=1440&maxCount=1 HTTP/1.1" 200 None
+2025-09-07 17:46:20,154 [11.03191590309143] status INFO: Requesting url: https://share2.dexcom.com/ShareWebServices/Services/General/AuthenticatePublisherAccount
+2025-09-07 17:46:20,154 [11.03191590309143] urllib3.connectionpool DEBUG: Starting new HTTPS connection (1): share2.dexcom.com:443
+2025-09-07 17:46:20,448 [11.3262300491333] urllib3.connectionpool DEBUG: https://share2.dexcom.com:443 "GET /ShareWebServices/Services/General/AuthenticatePublisherAccount HTTP/1.1" 405 176
+2025-09-07 17:46:20,464 [11.34198522567749] notifier INFO: Requesting url https://share2.dexcom.com/ShareWebServices/Services
+2025-09-07 17:46:20,464 [11.34198522567749] pydexcom DEBUG: Retrieve glucose readings from the glucose readings endpoint
+2025-09-07 17:46:20,606 [11.484294414520264] urllib3.connectionpool DEBUG: https://share2.dexcom.com:443 "POST /ShareWebServices/Services/Publisher/ReadPublisherLatestGlucoseValues?sessionId=73c6de80-b2d7-4d69-bed3-45082b80c3dc&minutes=1440&maxCount=1 HTTP/1.1" 200 None
+2025-09-07 17:46:20,606 [11.484294414520264] notifier INFO: Requesting url https://share2.dexcom.com/ShareWebServices/Services
+2025-09-07 17:46:20,606 [11.484294414520264] pydexcom DEBUG: Retrieve glucose readings from the glucose readings endpoint
+2025-09-07 17:46:20,749 [11.627079248428345] urllib3.connectionpool DEBUG: https://share2.dexcom.com:443 "POST /ShareWebServices/Services/Publisher/ReadPublisherLatestGlucoseValues?sessionId=73c6de80-b2d7-4d69-bed3-45082b80c3dc&minutes=1440&maxCount=1 HTTP/1.1" 200 None
+2025-09-07 17:46:21,199 [12.077255725860596] pydexcom DEBUG: Retrieve glucose readings from the glucose readings endpoint
+2025-09-07 17:46:21,352 [12.229466915130615] urllib3.connectionpool DEBUG: https://share2.dexcom.com:443 "POST /ShareWebServices/Services/Publisher/ReadPublisherLatestGlucoseValues?sessionId=73c6de80-b2d7-4d69-bed3-45082b80c3dc&minutes=1440&maxCount=1 HTTP/1.1" 200 None
+2025-09-07 17:46:21,450 [12.328274726867676] status INFO: Requesting url: https://share2.dexcom.com/ShareWebServices/Services/General/AuthenticatePublisherAccount
+2025-09-07 17:46:21,450 [12.328274726867676] urllib3.connectionpool DEBUG: Starting new HTTPS connection (1): share2.dexcom.com:443
+2025-09-07 17:46:21,752 [12.629447937011719] notifier INFO: Requesting url https://share2.dexcom.com/ShareWebServices/Services
+2025-09-07 17:46:21,752 [12.629447937011719] pydexcom DEBUG: Retrieve glucose readings from the glucose readings endpoint
+2025-09-07 17:46:21,786 [12.663812398910522] urllib3.connectionpool DEBUG: https://share2.dexcom.com:443 "GET /ShareWebServices/Services/General/AuthenticatePublisherAccount HTTP/1.1" 405 176
+2025-09-07 17:46:21,886 [12.763773441314697] urllib3.connectionpool DEBUG: https://share2.dexcom.com:443 "POST /ShareWebServices/Services/Publisher/ReadPublisherLatestGlucoseValues?sessionId=73c6de80-b2d7-4d69-bed3-45082b80c3dc&minutes=1440&maxCount=1 HTTP/1.1" 200 None
+2025-09-07 17:46:21,886 [12.763773441314697] notifier INFO: Requesting url https://share2.dexcom.com/ShareWebServices/Services
+2025-09-07 17:46:21,886 [12.763773441314697] pydexcom DEBUG: Retrieve glucose readings from the glucose readings endpoint
+2025-09-07 17:46:22,052 [12.930240631103516] urllib3.connectionpool DEBUG: https://share2.dexcom.com:443 "POST /ShareWebServices/Services/Publisher/ReadPublisherLatestGlucoseValues?sessionId=73c6de80-b2d7-4d69-bed3-45082b80c3dc&minutes=1440&maxCount=1 HTTP/1.1" 200 None
+2025-09-07 17:46:22,445 [13.322441816329956] urllib3.connectionpool DEBUG: Starting new HTTP connection (1): 127.0.0.1:49152
+2025-09-07 17:46:22,447 [13.324447870254517] main INFO: Requesting url:General/AuthenticatePublisherAccount
+2025-09-07 17:46:22,447 [13.324447870254517] pydexcom DEBUG: Retrieve account ID from the authentication endpoint
+2025-09-07 17:46:22,447 [13.324447870254517] urllib3.connectionpool DEBUG: Starting new HTTPS connection (1): share2.dexcom.com:443
+2025-09-07 17:46:22,798 [13.675640344619751] status INFO: Requesting url: https://share2.dexcom.com/ShareWebServices/Services/General/AuthenticatePublisherAccount
+2025-09-07 17:46:22,798 [13.675640344619751] urllib3.connectionpool DEBUG: Starting new HTTPS connection (1): share2.dexcom.com:443
+2025-09-07 17:46:22,980 [13.85780143737793] urllib3.connectionpool DEBUG: https://share2.dexcom.com:443 "POST /ShareWebServices/Services/General/AuthenticatePublisherAccount HTTP/1.1" 200 38
+2025-09-07 17:46:22,980 [13.85780143737793] pydexcom DEBUG: Retrieve session ID from the login endpoint
+2025-09-07 17:46:23,055 [13.93278980255127] notifier INFO: Requesting url https://share2.dexcom.com/ShareWebServices/Services
+2025-09-07 17:46:23,055 [13.93278980255127] pydexcom DEBUG: Retrieve glucose readings from the glucose readings endpoint
+2025-09-07 17:46:23,067 [13.944506883621216] urllib3.connectionpool DEBUG: https://share2.dexcom.com:443 "GET /ShareWebServices/Services/General/AuthenticatePublisherAccount HTTP/1.1" 405 176
+2025-09-07 17:46:23,193 [14.0712149143219] urllib3.connectionpool DEBUG: https://share2.dexcom.com:443 "POST /ShareWebServices/Services/Publisher/ReadPublisherLatestGlucoseValues?sessionId=73c6de80-b2d7-4d69-bed3-45082b80c3dc&minutes=1440&maxCount=1 HTTP/1.1" 200 None
+2025-09-07 17:46:23,193 [14.0712149143219] notifier INFO: Requesting url https://share2.dexcom.com/ShareWebServices/Services
+2025-09-07 17:46:23,193 [14.0712149143219] pydexcom DEBUG: Retrieve glucose readings from the glucose readings endpoint
+2025-09-07 17:46:23,385 [14.262588024139404] urllib3.connectionpool DEBUG: https://share2.dexcom.com:443 "POST /ShareWebServices/Services/Publisher/ReadPublisherLatestGlucoseValues?sessionId=73c6de80-b2d7-4d69-bed3-45082b80c3dc&minutes=1440&maxCount=1 HTTP/1.1" 200 None
+2025-09-07 17:46:23,463 [14.34046459197998] urllib3.connectionpool DEBUG: https://share2.dexcom.com:443 "POST /ShareWebServices/Services/General/LoginPublisherAccountById HTTP/1.1" 200 38
+2025-09-07 17:46:23,463 [14.34046459197998] urllib3.connectionpool DEBUG: http://127.0.0.1:49152 "GET /authenticate HTTP/1.1" 200 16
+2025-09-07 17:46:24,071 [14.94833493232727] status INFO: Requesting url: https://share2.dexcom.com/ShareWebServices/Services/General/AuthenticatePublisherAccount
+2025-09-07 17:46:24,071 [14.948722839355469] urllib3.connectionpool DEBUG: Starting new HTTPS connection (1): share2.dexcom.com:443
+2025-09-07 17:46:24,370 [15.247882604598999] urllib3.connectionpool DEBUG: https://share2.dexcom.com:443 "GET /ShareWebServices/Services/General/AuthenticatePublisherAccount HTTP/1.1" 405 176
+2025-09-07 17:46:24,390 [15.267847537994385] notifier INFO: Requesting url https://share2.dexcom.com/ShareWebServices/Services
+2025-09-07 17:46:24,390 [15.267847537994385] pydexcom DEBUG: Retrieve glucose readings from the glucose readings endpoint
+2025-09-07 17:46:24,522 [15.399338960647583] urllib3.connectionpool DEBUG: https://share2.dexcom.com:443 "POST /ShareWebServices/Services/Publisher/ReadPublisherLatestGlucoseValues?sessionId=db75fa9f-47b5-4f15-b62a-9eabd11c2782&minutes=1440&maxCount=1 HTTP/1.1" 200 None
+2025-09-07 17:46:24,522 [15.399338960647583] notifier INFO: Requesting url https://share2.dexcom.com/ShareWebServices/Services
+2025-09-07 17:46:24,522 [15.399338960647583] pydexcom DEBUG: Retrieve glucose readings from the glucose readings endpoint
+2025-09-07 17:46:24,689 [15.566978931427002] urllib3.connectionpool DEBUG: https://share2.dexcom.com:443 "POST /ShareWebServices/Services/Publisher/ReadPublisherLatestGlucoseValues?sessionId=db75fa9f-47b5-4f15-b62a-9eabd11c2782&minutes=1440&maxCount=1 HTTP/1.1" 200 None
+2025-09-07 17:46:24,767 [15.645173072814941] notifier INFO: Requesting url General/AuthenticatePublisherAccount
+2025-09-07 17:46:24,768 [15.646124601364136] pydexcom DEBUG: Retrieve account ID from the authentication endpoint
+2025-09-07 17:46:24,768 [15.646124601364136] urllib3.connectionpool DEBUG: Starting new HTTPS connection (1): share2.dexcom.com:443
+2025-09-07 17:46:25,383 [16.26064658164978] status INFO: Requesting url: https://share2.dexcom.com/ShareWebServices/Services/General/AuthenticatePublisherAccount
+2025-09-07 17:46:25,383 [16.26064658164978] urllib3.connectionpool DEBUG: Starting new HTTPS connection (1): share2.dexcom.com:443
+2025-09-07 17:46:25,389 [16.266313314437866] urllib3.connectionpool DEBUG: https://share2.dexcom.com:443 "POST /ShareWebServices/Services/General/AuthenticatePublisherAccount HTTP/1.1" 200 38
+2025-09-07 17:46:25,389 [16.266313314437866] pydexcom DEBUG: Retrieve session ID from the login endpoint
+2025-09-07 17:46:25,626 [16.503665447235107] urllib3.connectionpool DEBUG: https://share2.dexcom.com:443 "GET /ShareWebServices/Services/General/AuthenticatePublisherAccount HTTP/1.1" 405 176
+2025-09-07 17:46:25,693 [16.570441484451294] notifier INFO: Requesting url https://share2.dexcom.com/ShareWebServices/Services
+2025-09-07 17:46:25,693 [16.570441484451294] pydexcom DEBUG: Retrieve glucose readings from the glucose readings endpoint
+2025-09-07 17:46:25,823 [16.700595140457153] urllib3.connectionpool DEBUG: https://share2.dexcom.com:443 "POST /ShareWebServices/Services/Publisher/ReadPublisherLatestGlucoseValues?sessionId=db75fa9f-47b5-4f15-b62a-9eabd11c2782&minutes=1440&maxCount=1 HTTP/1.1" 200 None
+2025-09-07 17:46:25,823 [16.700595140457153] notifier INFO: Requesting url https://share2.dexcom.com/ShareWebServices/Services
+2025-09-07 17:46:25,823 [16.700595140457153] pydexcom DEBUG: Retrieve glucose readings from the glucose readings endpoint
+2025-09-07 17:46:25,895 [16.773147106170654] urllib3.connectionpool DEBUG: https://share2.dexcom.com:443 "POST /ShareWebServices/Services/General/LoginPublisherAccountById HTTP/1.1" 200 38
+2025-09-07 17:46:25,910 [16.78775668144226] pydexcom DEBUG: Retrieve glucose readings from the glucose readings endpoint
+2025-09-07 17:46:25,911 [16.789156436920166] urllib3.connectionpool DEBUG: Starting new HTTPS connection (2): share2.dexcom.com:443
+2025-09-07 17:46:25,958 [16.83540678024292] urllib3.connectionpool DEBUG: https://share2.dexcom.com:443 "POST /ShareWebServices/Services/Publisher/ReadPublisherLatestGlucoseValues?sessionId=db75fa9f-47b5-4f15-b62a-9eabd11c2782&minutes=1440&maxCount=1 HTTP/1.1" 200 None
+2025-09-07 17:46:26,202 [17.07947278022766] urllib3.connectionpool DEBUG: https://share2.dexcom.com:443 "POST /ShareWebServices/Services/Publisher/ReadPublisherLatestGlucoseValues?sessionId=db75fa9f-47b5-4f15-b62a-9eabd11c2782&minutes=1440&maxCount=1 HTTP/1.1" 200 None
+2025-09-07 17:46:26,360 [17.238080739974976] pydexcom DEBUG: Retrieve glucose readings from the glucose readings endpoint
+2025-09-07 17:46:26,522 [17.3993239402771] urllib3.connectionpool DEBUG: https://share2.dexcom.com:443 "POST /ShareWebServices/Services/Publisher/ReadPublisherLatestGlucoseValues?sessionId=db75fa9f-47b5-4f15-b62a-9eabd11c2782&minutes=1440&maxCount=1 HTTP/1.1" 200 None
+2025-09-07 17:46:26,632 [17.509920120239258] status INFO: Requesting url: https://share2.dexcom.com/ShareWebServices/Services/General/AuthenticatePublisherAccount
+2025-09-07 17:46:26,632 [17.509920120239258] urllib3.connectionpool DEBUG: Starting new HTTPS connection (1): share2.dexcom.com:443
+2025-09-07 17:46:26,930 [17.80812120437622] urllib3.connectionpool DEBUG: https://share2.dexcom.com:443 "GET /ShareWebServices/Services/General/AuthenticatePublisherAccount HTTP/1.1" 405 176
+2025-09-07 17:46:26,967 [17.844464540481567] notifier INFO: Requesting url https://share2.dexcom.com/ShareWebServices/Services
+2025-09-07 17:46:26,967 [17.844464540481567] pydexcom DEBUG: Retrieve glucose readings from the glucose readings endpoint
+2025-09-07 17:46:27,102 [17.979631900787354] urllib3.connectionpool DEBUG: https://share2.dexcom.com:443 "POST /ShareWebServices/Services/Publisher/ReadPublisherLatestGlucoseValues?sessionId=db75fa9f-47b5-4f15-b62a-9eabd11c2782&minutes=1440&maxCount=1 HTTP/1.1" 200 None
+2025-09-07 17:46:27,102 [17.979631900787354] notifier INFO: Requesting url https://share2.dexcom.com/ShareWebServices/Services
+2025-09-07 17:46:27,102 [17.979631900787354] pydexcom DEBUG: Retrieve glucose readings from the glucose readings endpoint
+2025-09-07 17:46:27,242 [18.11955213546753] urllib3.connectionpool DEBUG: https://share2.dexcom.com:443 "POST /ShareWebServices/Services/Publisher/ReadPublisherLatestGlucoseValues?sessionId=db75fa9f-47b5-4f15-b62a-9eabd11c2782&minutes=1440&maxCount=1 HTTP/1.1" 200 None
+2025-09-07 17:46:27,935 [18.812342405319214] status INFO: Requesting url: https://share2.dexcom.com/ShareWebServices/Services/General/AuthenticatePublisherAccount
+2025-09-07 17:46:27,935 [18.812342405319214] urllib3.connectionpool DEBUG: Starting new HTTPS connection (1): share2.dexcom.com:443
+2025-09-07 17:46:28,171 [19.049190998077393] urllib3.connectionpool DEBUG: https://share2.dexcom.com:443 "GET /ShareWebServices/Services/General/AuthenticatePublisherAccount HTTP/1.1" 405 176
+2025-09-07 17:46:28,247 [19.124409198760986] notifier INFO: Requesting url https://share2.dexcom.com/ShareWebServices/Services
+2025-09-07 17:46:28,247 [19.124409198760986] pydexcom DEBUG: Retrieve glucose readings from the glucose readings endpoint
+2025-09-07 17:46:28,369 [19.24688720703125] urllib3.connectionpool DEBUG: https://share2.dexcom.com:443 "POST /ShareWebServices/Services/Publisher/ReadPublisherLatestGlucoseValues?sessionId=db75fa9f-47b5-4f15-b62a-9eabd11c2782&minutes=1440&maxCount=1 HTTP/1.1" 200 None
+2025-09-07 17:46:28,369 [19.24688720703125] notifier INFO: Requesting url https://share2.dexcom.com/ShareWebServices/Services
+2025-09-07 17:46:28,369 [19.24688720703125] pydexcom DEBUG: Retrieve glucose readings from the glucose readings endpoint
+2025-09-07 17:46:28,551 [19.428714513778687] urllib3.connectionpool DEBUG: https://share2.dexcom.com:443 "POST /ShareWebServices/Services/Publisher/ReadPublisherLatestGlucoseValues?sessionId=db75fa9f-47b5-4f15-b62a-9eabd11c2782&minutes=1440&maxCount=1 HTTP/1.1" 200 None
+2025-09-07 17:46:29,182 [20.059316396713257] status INFO: Requesting url: https://share2.dexcom.com/ShareWebServices/Services/General/AuthenticatePublisherAccount
+2025-09-07 17:46:29,183 [20.060325860977173] urllib3.connectionpool DEBUG: Starting new HTTPS connection (1): share2.dexcom.com:443
+2025-09-07 17:46:29,432 [20.30963683128357] urllib3.connectionpool DEBUG: https://share2.dexcom.com:443 "GET /ShareWebServices/Services/General/AuthenticatePublisherAccount HTTP/1.1" 405 176
+2025-09-07 17:46:29,552 [20.42987871170044] notifier INFO: Requesting url https://share2.dexcom.com/ShareWebServices/Services
+2025-09-07 17:46:29,552 [20.42987871170044] pydexcom DEBUG: Retrieve glucose readings from the glucose readings endpoint
+2025-09-07 17:46:29,675 [20.552546739578247] urllib3.connectionpool DEBUG: https://share2.dexcom.com:443 "POST /ShareWebServices/Services/Publisher/ReadPublisherLatestGlucoseValues?sessionId=db75fa9f-47b5-4f15-b62a-9eabd11c2782&minutes=1440&maxCount=1 HTTP/1.1" 200 None
+2025-09-07 17:46:29,675 [20.552546739578247] notifier INFO: Requesting url https://share2.dexcom.com/ShareWebServices/Services
+2025-09-07 17:46:29,675 [20.552546739578247] pydexcom DEBUG: Retrieve glucose readings from the glucose readings endpoint
+2025-09-07 17:46:29,944 [20.82226586341858] urllib3.connectionpool DEBUG: https://share2.dexcom.com:443 "POST /ShareWebServices/Services/Publisher/ReadPublisherLatestGlucoseValues?sessionId=db75fa9f-47b5-4f15-b62a-9eabd11c2782&minutes=1440&maxCount=1 HTTP/1.1" 200 None
+2025-09-07 17:46:30,436 [21.313857555389404] status INFO: Requesting url: https://share2.dexcom.com/ShareWebServices/Services/General/AuthenticatePublisherAccount
+2025-09-07 17:46:30,436 [21.313857555389404] urllib3.connectionpool DEBUG: Starting new HTTPS connection (1): share2.dexcom.com:443
+2025-09-07 17:46:30,773 [21.650567293167114] urllib3.connectionpool DEBUG: https://share2.dexcom.com:443 "GET /ShareWebServices/Services/General/AuthenticatePublisherAccount HTTP/1.1" 405 176
+2025-09-07 17:46:30,950 [21.828062772750854] notifier INFO: Requesting url https://share2.dexcom.com/ShareWebServices/Services
+2025-09-07 17:46:30,950 [21.828062772750854] pydexcom DEBUG: Retrieve glucose readings from the glucose readings endpoint
+2025-09-07 17:46:31,087 [21.96465539932251] urllib3.connectionpool DEBUG: https://share2.dexcom.com:443 "POST /ShareWebServices/Services/Publisher/ReadPublisherLatestGlucoseValues?sessionId=db75fa9f-47b5-4f15-b62a-9eabd11c2782&minutes=1440&maxCount=1 HTTP/1.1" 200 None
+2025-09-07 17:46:31,087 [21.96465539932251] notifier INFO: Requesting url https://share2.dexcom.com/ShareWebServices/Services
+2025-09-07 17:46:31,087 [21.96465539932251] pydexcom DEBUG: Retrieve glucose readings from the glucose readings endpoint
+2025-09-07 17:46:31,203 [22.081189155578613] notifier INFO: Requesting url General/AuthenticatePublisherAccount
+2025-09-07 17:46:31,203 [22.081189155578613] pydexcom DEBUG: Retrieve account ID from the authentication endpoint
+2025-09-07 17:46:31,203 [22.081189155578613] urllib3.connectionpool DEBUG: Starting new HTTPS connection (1): share2.dexcom.com:443
+2025-09-07 17:46:31,229 [22.106574296951294] urllib3.connectionpool DEBUG: https://share2.dexcom.com:443 "POST /ShareWebServices/Services/Publisher/ReadPublisherLatestGlucoseValues?sessionId=db75fa9f-47b5-4f15-b62a-9eabd11c2782&minutes=1440&maxCount=1 HTTP/1.1" 200 None
+2025-09-07 17:46:31,527 [22.405100345611572] pydexcom DEBUG: Retrieve glucose readings from the glucose readings endpoint
+2025-09-07 17:46:31,652 [22.53005027770996] urllib3.connectionpool DEBUG: https://share2.dexcom.com:443 "POST /ShareWebServices/Services/Publisher/ReadPublisherLatestGlucoseValues?sessionId=db75fa9f-47b5-4f15-b62a-9eabd11c2782&minutes=1440&maxCount=1 HTTP/1.1" 200 None
+2025-09-07 17:46:31,679 [22.556602954864502] urllib3.connectionpool DEBUG: https://share2.dexcom.com:443 "POST /ShareWebServices/Services/General/AuthenticatePublisherAccount HTTP/1.1" 200 38
+2025-09-07 17:46:31,679 [22.556602954864502] pydexcom DEBUG: Retrieve session ID from the login endpoint
+2025-09-07 17:46:31,781 [22.65848159790039] status INFO: Requesting url: https://share2.dexcom.com/ShareWebServices/Services/General/AuthenticatePublisherAccount
+2025-09-07 17:46:31,782 [22.65950655937195] urllib3.connectionpool DEBUG: Starting new HTTPS connection (1): share2.dexcom.com:443
+2025-09-07 17:46:32,035 [22.912418842315674] urllib3.connectionpool DEBUG: https://share2.dexcom.com:443 "GET /ShareWebServices/Services/General/AuthenticatePublisherAccount HTTP/1.1" 405 176
+2025-09-07 17:46:32,053 [22.930697441101074] urllib3.connectionpool DEBUG: https://share2.dexcom.com:443 "POST /ShareWebServices/Services/General/LoginPublisherAccountById HTTP/1.1" 200 38
+2025-09-07 17:46:32,068 [22.94577646255493] pydexcom DEBUG: Retrieve glucose readings from the glucose readings endpoint
+2025-09-07 17:46:32,187 [23.064600944519043] urllib3.connectionpool DEBUG: https://share2.dexcom.com:443 "POST /ShareWebServices/Services/Publisher/ReadPublisherLatestGlucoseValues?sessionId=db75fa9f-47b5-4f15-b62a-9eabd11c2782&minutes=1440&maxCount=1 HTTP/1.1" 200 None
+2025-09-07 17:46:32,232 [23.11000657081604] notifier INFO: Requesting url https://share2.dexcom.com/ShareWebServices/Services
+2025-09-07 17:46:32,232 [23.11000657081604] pydexcom DEBUG: Retrieve glucose readings from the glucose readings endpoint
+2025-09-07 17:46:32,380 [23.2582106590271] urllib3.connectionpool DEBUG: https://share2.dexcom.com:443 "POST /ShareWebServices/Services/Publisher/ReadPublisherLatestGlucoseValues?sessionId=db75fa9f-47b5-4f15-b62a-9eabd11c2782&minutes=1440&maxCount=1 HTTP/1.1" 200 None
+2025-09-07 17:46:32,382 [23.25954842567444] notifier INFO: Requesting url https://share2.dexcom.com/ShareWebServices/Services
+2025-09-07 17:46:32,382 [23.25954842567444] pydexcom DEBUG: Retrieve glucose readings from the glucose readings endpoint
+2025-09-07 17:46:32,539 [23.4171462059021] urllib3.connectionpool DEBUG: https://share2.dexcom.com:443 "POST /ShareWebServices/Services/Publisher/ReadPublisherLatestGlucoseValues?sessionId=db75fa9f-47b5-4f15-b62a-9eabd11c2782&minutes=1440&maxCount=1 HTTP/1.1" 200 None
+2025-09-07 17:46:33,036 [23.914174795150757] status INFO: Requesting url: https://share2.dexcom.com/ShareWebServices/Services/General/AuthenticatePublisherAccount
+2025-09-07 17:46:33,037 [23.914687395095825] urllib3.connectionpool DEBUG: Starting new HTTPS connection (1): share2.dexcom.com:443
+2025-09-07 17:46:33,272 [24.14981985092163] urllib3.connectionpool DEBUG: https://share2.dexcom.com:443 "GET /ShareWebServices/Services/General/AuthenticatePublisherAccount HTTP/1.1" 405 176
+2025-09-07 17:46:33,543 [24.42104721069336] notifier INFO: Requesting url https://share2.dexcom.com/ShareWebServices/Services
+2025-09-07 17:46:33,543 [24.42104721069336] pydexcom DEBUG: Retrieve glucose readings from the glucose readings endpoint
+2025-09-07 17:46:33,658 [24.536208868026733] urllib3.connectionpool DEBUG: https://share2.dexcom.com:443 "POST /ShareWebServices/Services/Publisher/ReadPublisherLatestGlucoseValues?sessionId=db75fa9f-47b5-4f15-b62a-9eabd11c2782&minutes=1440&maxCount=1 HTTP/1.1" 200 None
+2025-09-07 17:46:33,659 [24.53721022605896] notifier INFO: Requesting url https://share2.dexcom.com/ShareWebServices/Services
+2025-09-07 17:46:33,659 [24.53721022605896] pydexcom DEBUG: Retrieve glucose readings from the glucose readings endpoint
+2025-09-07 17:46:33,811 [24.689059257507324] urllib3.connectionpool DEBUG: https://share2.dexcom.com:443 "POST /ShareWebServices/Services/Publisher/ReadPublisherLatestGlucoseValues?sessionId=db75fa9f-47b5-4f15-b62a-9eabd11c2782&minutes=1440&maxCount=1 HTTP/1.1" 200 None
+2025-09-07 17:46:34,277 [25.155001401901245] status INFO: Requesting url: https://share2.dexcom.com/ShareWebServices/Services/General/AuthenticatePublisherAccount
+2025-09-07 17:46:34,277 [25.155001401901245] urllib3.connectionpool DEBUG: Starting new HTTPS connection (1): share2.dexcom.com:443
+2025-09-07 17:46:34,608 [25.485965251922607] urllib3.connectionpool DEBUG: https://share2.dexcom.com:443 "GET /ShareWebServices/Services/General/AuthenticatePublisherAccount HTTP/1.1" 405 176
+2025-09-07 17:46:34,812 [25.690079927444458] notifier INFO: Requesting url https://share2.dexcom.com/ShareWebServices/Services
+2025-09-07 17:46:34,812 [25.690079927444458] pydexcom DEBUG: Retrieve glucose readings from the glucose readings endpoint
+2025-09-07 17:46:34,952 [25.829772233963013] urllib3.connectionpool DEBUG: https://share2.dexcom.com:443 "POST /ShareWebServices/Services/Publisher/ReadPublisherLatestGlucoseValues?sessionId=db75fa9f-47b5-4f15-b62a-9eabd11c2782&minutes=1440&maxCount=1 HTTP/1.1" 200 None
+2025-09-07 17:46:34,952 [25.829772233963013] notifier INFO: Requesting url https://share2.dexcom.com/ShareWebServices/Services
+2025-09-07 17:46:34,952 [25.829772233963013] pydexcom DEBUG: Retrieve glucose readings from the glucose readings endpoint
+2025-09-07 17:46:35,105 [25.982304573059082] urllib3.connectionpool DEBUG: https://share2.dexcom.com:443 "POST /ShareWebServices/Services/Publisher/ReadPublisherLatestGlucoseValues?sessionId=db75fa9f-47b5-4f15-b62a-9eabd11c2782&minutes=1440&maxCount=1 HTTP/1.1" 200 None
+2025-09-07 17:46:35,610 [26.487887144088745] status INFO: Requesting url: https://share2.dexcom.com/ShareWebServices/Services/General/AuthenticatePublisherAccount
+2025-09-07 17:46:35,610 [26.487887144088745] urllib3.connectionpool DEBUG: Starting new HTTPS connection (1): share2.dexcom.com:443
+2025-09-07 17:46:35,831 [26.708633184432983] urllib3.connectionpool DEBUG: https://share2.dexcom.com:443 "GET /ShareWebServices/Services/General/AuthenticatePublisherAccount HTTP/1.1" 405 176
+2025-09-07 17:46:36,109 [26.987146377563477] notifier INFO: Requesting url https://share2.dexcom.com/ShareWebServices/Services
+2025-09-07 17:46:36,109 [26.987146377563477] pydexcom DEBUG: Retrieve glucose readings from the glucose readings endpoint
+2025-09-07 17:46:36,286 [27.164137840270996] urllib3.connectionpool DEBUG: https://share2.dexcom.com:443 "POST /ShareWebServices/Services/Publisher/ReadPublisherLatestGlucoseValues?sessionId=db75fa9f-47b5-4f15-b62a-9eabd11c2782&minutes=1440&maxCount=1 HTTP/1.1" 200 None
+2025-09-07 17:46:36,286 [27.164137840270996] notifier INFO: Requesting url https://share2.dexcom.com/ShareWebServices/Services
+2025-09-07 17:46:36,286 [27.164137840270996] pydexcom DEBUG: Retrieve glucose readings from the glucose readings endpoint
+2025-09-07 17:46:36,430 [27.30790615081787] urllib3.connectionpool DEBUG: https://share2.dexcom.com:443 "POST /ShareWebServices/Services/Publisher/ReadPublisherLatestGlucoseValues?sessionId=db75fa9f-47b5-4f15-b62a-9eabd11c2782&minutes=1440&maxCount=1 HTTP/1.1" 200 None
+2025-09-07 17:46:36,654 [27.53132939338684] pydexcom DEBUG: Retrieve glucose readings from the glucose readings endpoint
+2025-09-07 17:46:36,837 [27.715187549591064] status INFO: Requesting url: https://share2.dexcom.com/ShareWebServices/Services/General/AuthenticatePublisherAccount
+2025-09-07 17:46:36,837 [27.715187549591064] urllib3.connectionpool DEBUG: Starting new HTTPS connection (1): share2.dexcom.com:443
+2025-09-07 17:46:36,858 [27.735618591308594] urllib3.connectionpool DEBUG: https://share2.dexcom.com:443 "POST /ShareWebServices/Services/Publisher/ReadPublisherLatestGlucoseValues?sessionId=db75fa9f-47b5-4f15-b62a-9eabd11c2782&minutes=1440&maxCount=1 HTTP/1.1" 200 None
+2025-09-07 17:46:37,023 [27.9012770652771] notifier INFO: Requesting url General/AuthenticatePublisherAccount
+2025-09-07 17:46:37,023 [27.9012770652771] pydexcom DEBUG: Retrieve account ID from the authentication endpoint
+2025-09-07 17:46:37,024 [27.902281045913696] urllib3.connectionpool DEBUG: Starting new HTTPS connection (1): share2.dexcom.com:443
+2025-09-07 17:46:37,088 [27.965528964996338] urllib3.connectionpool DEBUG: https://share2.dexcom.com:443 "GET /ShareWebServices/Services/General/AuthenticatePublisherAccount HTTP/1.1" 405 176
+2025-09-07 17:46:37,439 [28.31657600402832] notifier INFO: Requesting url https://share2.dexcom.com/ShareWebServices/Services
+2025-09-07 17:46:37,439 [28.31657600402832] pydexcom DEBUG: Retrieve glucose readings from the glucose readings endpoint
+2025-09-07 17:46:37,610 [28.48818063735962] urllib3.connectionpool DEBUG: https://share2.dexcom.com:443 "POST /ShareWebServices/Services/General/AuthenticatePublisherAccount HTTP/1.1" 200 38
+2025-09-07 17:46:37,622 [28.499563694000244] pydexcom DEBUG: Retrieve session ID from the login endpoint
+2025-09-07 17:46:37,622 [28.499563694000244] urllib3.connectionpool DEBUG: https://share2.dexcom.com:443 "POST /ShareWebServices/Services/Publisher/ReadPublisherLatestGlucoseValues?sessionId=db75fa9f-47b5-4f15-b62a-9eabd11c2782&minutes=1440&maxCount=1 HTTP/1.1" 200 None
+2025-09-07 17:46:37,622 [28.499563694000244] notifier INFO: Requesting url https://share2.dexcom.com/ShareWebServices/Services
+2025-09-07 17:46:37,622 [28.499563694000244] pydexcom DEBUG: Retrieve glucose readings from the glucose readings endpoint
+2025-09-07 17:46:37,796 [28.67401933670044] urllib3.connectionpool DEBUG: https://share2.dexcom.com:443 "POST /ShareWebServices/Services/Publisher/ReadPublisherLatestGlucoseValues?sessionId=db75fa9f-47b5-4f15-b62a-9eabd11c2782&minutes=1440&maxCount=1 HTTP/1.1" 200 None
+2025-09-07 17:46:38,094 [28.971614599227905] status INFO: Requesting url: https://share2.dexcom.com/ShareWebServices/Services/General/AuthenticatePublisherAccount
+2025-09-07 17:46:38,096 [28.97366166114807] urllib3.connectionpool DEBUG: Starting new HTTPS connection (1): share2.dexcom.com:443
+2025-09-07 17:46:38,199 [29.07727074623108] urllib3.connectionpool DEBUG: https://share2.dexcom.com:443 "POST /ShareWebServices/Services/General/LoginPublisherAccountById HTTP/1.1" 200 38
+2025-09-07 17:46:38,208 [29.086002349853516] notifier INFO: Requesting url General/AuthenticatePublisherAccount
+2025-09-07 17:46:38,208 [29.086002349853516] pydexcom DEBUG: Retrieve account ID from the authentication endpoint
+2025-09-07 17:46:38,208 [29.086002349853516] urllib3.connectionpool DEBUG: Starting new HTTPS connection (1): share2.dexcom.com:443
+2025-09-07 17:46:38,355 [29.233161449432373] urllib3.connectionpool DEBUG: https://share2.dexcom.com:443 "GET /ShareWebServices/Services/General/AuthenticatePublisherAccount HTTP/1.1" 405 176
+2025-09-07 17:46:38,800 [29.6774001121521] notifier INFO: Requesting url https://share2.dexcom.com/ShareWebServices/Services
+2025-09-07 17:46:38,800 [29.6774001121521] pydexcom DEBUG: Retrieve glucose readings from the glucose readings endpoint
+2025-09-07 17:46:38,827 [29.70483899116516] urllib3.connectionpool DEBUG: https://share2.dexcom.com:443 "POST /ShareWebServices/Services/General/AuthenticatePublisherAccount HTTP/1.1" 200 38
+2025-09-07 17:46:38,827 [29.70483899116516] pydexcom DEBUG: Retrieve session ID from the login endpoint
+2025-09-07 17:46:38,944 [29.821386098861694] urllib3.connectionpool DEBUG: https://share2.dexcom.com:443 "POST /ShareWebServices/Services/Publisher/ReadPublisherLatestGlucoseValues?sessionId=db75fa9f-47b5-4f15-b62a-9eabd11c2782&minutes=1440&maxCount=1 HTTP/1.1" 200 None
+2025-09-07 17:46:38,944 [29.821386098861694] notifier INFO: Requesting url https://share2.dexcom.com/ShareWebServices/Services
+2025-09-07 17:46:38,944 [29.821386098861694] pydexcom DEBUG: Retrieve glucose readings from the glucose readings endpoint
+2025-09-07 17:46:39,072 [29.950167179107666] urllib3.connectionpool DEBUG: https://share2.dexcom.com:443 "POST /ShareWebServices/Services/Publisher/ReadPublisherLatestGlucoseValues?sessionId=db75fa9f-47b5-4f15-b62a-9eabd11c2782&minutes=1440&maxCount=1 HTTP/1.1" 200 None
+2025-09-07 17:46:39,266 [30.143943786621094] urllib3.connectionpool DEBUG: https://share2.dexcom.com:443 "POST /ShareWebServices/Services/General/LoginPublisherAccountById HTTP/1.1" 200 38
+2025-09-07 17:46:39,299 [30.176653623580933] notifier INFO: Requesting url General/AuthenticatePublisherAccount
+2025-09-07 17:46:39,299 [30.176653623580933] pydexcom DEBUG: Retrieve account ID from the authentication endpoint
+2025-09-07 17:46:39,300 [30.17801260948181] urllib3.connectionpool DEBUG: Starting new HTTPS connection (1): share2.dexcom.com:443
+2025-09-07 17:46:39,363 [30.240917682647705] status INFO: Requesting url: https://share2.dexcom.com/ShareWebServices/Services/General/AuthenticatePublisherAccount
+2025-09-07 17:46:39,363 [30.240917682647705] urllib3.connectionpool DEBUG: Starting new HTTPS connection (1): share2.dexcom.com:443
+2025-09-07 17:46:39,644 [30.521509408950806] urllib3.connectionpool DEBUG: https://share2.dexcom.com:443 "GET /ShareWebServices/Services/General/AuthenticatePublisherAccount HTTP/1.1" 405 176
+2025-09-07 17:46:39,810 [30.68803882598877] urllib3.connectionpool DEBUG: https://share2.dexcom.com:443 "POST /ShareWebServices/Services/General/AuthenticatePublisherAccount HTTP/1.1" 200 38
+2025-09-07 17:46:39,810 [30.68803882598877] pydexcom DEBUG: Retrieve session ID from the login endpoint
+2025-09-07 17:46:40,077 [30.955133199691772] notifier INFO: Requesting url https://share2.dexcom.com/ShareWebServices/Services
+2025-09-07 17:46:40,077 [30.955133199691772] pydexcom DEBUG: Retrieve glucose readings from the glucose readings endpoint
+2025-09-07 17:46:40,223 [31.10041069984436] urllib3.connectionpool DEBUG: https://share2.dexcom.com:443 "POST /ShareWebServices/Services/Publisher/ReadPublisherLatestGlucoseValues?sessionId=db75fa9f-47b5-4f15-b62a-9eabd11c2782&minutes=1440&maxCount=1 HTTP/1.1" 200 None
+2025-09-07 17:46:40,223 [31.10041069984436] notifier INFO: Requesting url https://share2.dexcom.com/ShareWebServices/Services
+2025-09-07 17:46:40,223 [31.10041069984436] pydexcom DEBUG: Retrieve glucose readings from the glucose readings endpoint
+2025-09-07 17:46:40,270 [31.14782738685608] urllib3.connectionpool DEBUG: https://share2.dexcom.com:443 "POST /ShareWebServices/Services/General/LoginPublisherAccountById HTTP/1.1" 200 38
+2025-09-07 17:46:40,286 [31.163769245147705] pydexcom DEBUG: Retrieve glucose readings from the glucose readings endpoint
+2025-09-07 17:46:40,358 [31.236279010772705] urllib3.connectionpool DEBUG: https://share2.dexcom.com:443 "POST /ShareWebServices/Services/Publisher/ReadPublisherLatestGlucoseValues?sessionId=db75fa9f-47b5-4f15-b62a-9eabd11c2782&minutes=1440&maxCount=1 HTTP/1.1" 200 None
+2025-09-07 17:46:40,452 [31.329967498779297] urllib3.connectionpool DEBUG: https://share2.dexcom.com:443 "POST /ShareWebServices/Services/Publisher/ReadPublisherLatestGlucoseValues?sessionId=db75fa9f-47b5-4f15-b62a-9eabd11c2782&minutes=1440&maxCount=1 HTTP/1.1" 200 None
+2025-09-07 17:46:40,646 [31.523511171340942] status INFO: Requesting url: https://share2.dexcom.com/ShareWebServices/Services/General/AuthenticatePublisherAccount
+2025-09-07 17:46:40,646 [31.523511171340942] urllib3.connectionpool DEBUG: Starting new HTTPS connection (1): share2.dexcom.com:443
+2025-09-07 17:46:40,913 [31.79041838645935] urllib3.connectionpool DEBUG: https://share2.dexcom.com:443 "GET /ShareWebServices/Services/General/AuthenticatePublisherAccount HTTP/1.1" 405 176
+2025-09-07 17:46:41,364 [32.24132442474365] notifier INFO: Requesting url https://share2.dexcom.com/ShareWebServices/Services
+2025-09-07 17:46:41,364 [32.24132442474365] pydexcom DEBUG: Retrieve glucose readings from the glucose readings endpoint
+2025-09-07 17:46:41,501 [32.37907266616821] urllib3.connectionpool DEBUG: https://share2.dexcom.com:443 "POST /ShareWebServices/Services/Publisher/ReadPublisherLatestGlucoseValues?sessionId=db75fa9f-47b5-4f15-b62a-9eabd11c2782&minutes=1440&maxCount=1 HTTP/1.1" 200 None
+2025-09-07 17:46:41,501 [32.37907266616821] notifier INFO: Requesting url https://share2.dexcom.com/ShareWebServices/Services
+2025-09-07 17:46:41,501 [32.37907266616821] pydexcom DEBUG: Retrieve glucose readings from the glucose readings endpoint
+2025-09-07 17:46:41,637 [32.515225887298584] urllib3.connectionpool DEBUG: https://share2.dexcom.com:443 "POST /ShareWebServices/Services/Publisher/ReadPublisherLatestGlucoseValues?sessionId=db75fa9f-47b5-4f15-b62a-9eabd11c2782&minutes=1440&maxCount=1 HTTP/1.1" 200 None
+2025-09-07 17:46:41,865 [32.74316096305847] pydexcom DEBUG: Retrieve glucose readings from the glucose readings endpoint
+2025-09-07 17:46:41,922 [32.799437284469604] status INFO: Requesting url: https://share2.dexcom.com/ShareWebServices/Services/General/AuthenticatePublisherAccount
+2025-09-07 17:46:41,922 [32.799437284469604] urllib3.connectionpool DEBUG: Starting new HTTPS connection (1): share2.dexcom.com:443
+2025-09-07 17:46:42,026 [32.903616428375244] urllib3.connectionpool DEBUG: https://share2.dexcom.com:443 "POST /ShareWebServices/Services/Publisher/ReadPublisherLatestGlucoseValues?sessionId=db75fa9f-47b5-4f15-b62a-9eabd11c2782&minutes=1440&maxCount=1 HTTP/1.1" 200 None
+2025-09-07 17:46:42,190 [33.06866002082825] urllib3.connectionpool DEBUG: https://share2.dexcom.com:443 "GET /ShareWebServices/Services/General/AuthenticatePublisherAccount HTTP/1.1" 405 176
+2025-09-07 17:46:42,643 [33.520628690719604] notifier INFO: Requesting url https://share2.dexcom.com/ShareWebServices/Services
+2025-09-07 17:46:42,643 [33.520628690719604] pydexcom DEBUG: Retrieve glucose readings from the glucose readings endpoint
+2025-09-07 17:46:42,804 [33.681679248809814] urllib3.connectionpool DEBUG: https://share2.dexcom.com:443 "POST /ShareWebServices/Services/Publisher/ReadPublisherLatestGlucoseValues?sessionId=db75fa9f-47b5-4f15-b62a-9eabd11c2782&minutes=1440&maxCount=1 HTTP/1.1" 200 None
+2025-09-07 17:46:42,804 [33.681679248809814] notifier INFO: Requesting url https://share2.dexcom.com/ShareWebServices/Services
+2025-09-07 17:46:42,804 [33.681679248809814] pydexcom DEBUG: Retrieve glucose readings from the glucose readings endpoint
+2025-09-07 17:46:42,942 [33.81994390487671] urllib3.connectionpool DEBUG: https://share2.dexcom.com:443 "POST /ShareWebServices/Services/Publisher/ReadPublisherLatestGlucoseValues?sessionId=db75fa9f-47b5-4f15-b62a-9eabd11c2782&minutes=1440&maxCount=1 HTTP/1.1" 200 None
+2025-09-07 17:46:43,192 [34.069687604904175] status INFO: Requesting url: https://share2.dexcom.com/ShareWebServices/Services/General/AuthenticatePublisherAccount
+2025-09-07 17:46:43,192 [34.069687604904175] urllib3.connectionpool DEBUG: Starting new HTTPS connection (1): share2.dexcom.com:443
+2025-09-07 17:46:43,474 [34.35216784477234] urllib3.connectionpool DEBUG: https://share2.dexcom.com:443 "GET /ShareWebServices/Services/General/AuthenticatePublisherAccount HTTP/1.1" 405 176
+2025-09-07 17:46:43,944 [34.82227325439453] notifier INFO: Requesting url https://share2.dexcom.com/ShareWebServices/Services
+2025-09-07 17:46:43,944 [34.82227325439453] pydexcom DEBUG: Retrieve glucose readings from the glucose readings endpoint
+2025-09-07 17:46:44,066 [34.94369149208069] urllib3.connectionpool DEBUG: https://share2.dexcom.com:443 "POST /ShareWebServices/Services/Publisher/ReadPublisherLatestGlucoseValues?sessionId=db75fa9f-47b5-4f15-b62a-9eabd11c2782&minutes=1440&maxCount=1 HTTP/1.1" 200 None
+2025-09-07 17:46:44,077 [34.95520734786987] notifier INFO: Requesting url https://share2.dexcom.com/ShareWebServices/Services
+2025-09-07 17:46:44,077 [34.95520734786987] pydexcom DEBUG: Retrieve glucose readings from the glucose readings endpoint
+2025-09-07 17:46:44,211 [35.08868384361267] urllib3.connectionpool DEBUG: https://share2.dexcom.com:443 "POST /ShareWebServices/Services/Publisher/ReadPublisherLatestGlucoseValues?sessionId=db75fa9f-47b5-4f15-b62a-9eabd11c2782&minutes=1440&maxCount=1 HTTP/1.1" 200 None
+2025-09-07 17:46:44,481 [35.35841965675354] status INFO: Requesting url: https://share2.dexcom.com/ShareWebServices/Services/General/AuthenticatePublisherAccount
+2025-09-07 17:46:44,481 [35.35841965675354] urllib3.connectionpool DEBUG: Starting new HTTPS connection (1): share2.dexcom.com:443
+2025-09-07 17:46:44,753 [35.630836963653564] urllib3.connectionpool DEBUG: https://share2.dexcom.com:443 "GET /ShareWebServices/Services/General/AuthenticatePublisherAccount HTTP/1.1" 405 176
+2025-09-07 17:46:45,221 [36.09833025932312] notifier INFO: Requesting url https://share2.dexcom.com/ShareWebServices/Services
+2025-09-07 17:46:45,221 [36.09833025932312] pydexcom DEBUG: Retrieve glucose readings from the glucose readings endpoint
+2025-09-07 17:46:45,349 [36.22646164894104] urllib3.connectionpool DEBUG: https://share2.dexcom.com:443 "POST /ShareWebServices/Services/Publisher/ReadPublisherLatestGlucoseValues?sessionId=db75fa9f-47b5-4f15-b62a-9eabd11c2782&minutes=1440&maxCount=1 HTTP/1.1" 200 None
+2025-09-07 17:46:45,349 [36.22646164894104] notifier INFO: Requesting url https://share2.dexcom.com/ShareWebServices/Services
+2025-09-07 17:46:45,349 [36.22646164894104] pydexcom DEBUG: Retrieve glucose readings from the glucose readings endpoint
+2025-09-07 17:46:45,474 [36.35137915611267] notifier INFO: Requesting url General/AuthenticatePublisherAccount
+2025-09-07 17:46:45,474 [36.35137915611267] pydexcom DEBUG: Retrieve account ID from the authentication endpoint
+2025-09-07 17:46:45,474 [36.35137915611267] urllib3.connectionpool DEBUG: Starting new HTTPS connection (1): share2.dexcom.com:443
+2025-09-07 17:46:45,489 [36.36644673347473] urllib3.connectionpool DEBUG: https://share2.dexcom.com:443 "POST /ShareWebServices/Services/Publisher/ReadPublisherLatestGlucoseValues?sessionId=db75fa9f-47b5-4f15-b62a-9eabd11c2782&minutes=1440&maxCount=1 HTTP/1.1" 200 None
+2025-09-07 17:46:45,757 [36.63478088378906] status INFO: Requesting url: https://share2.dexcom.com/ShareWebServices/Services/General/AuthenticatePublisherAccount
+2025-09-07 17:46:45,757 [36.63478088378906] urllib3.connectionpool DEBUG: Starting new HTTPS connection (1): share2.dexcom.com:443
+2025-09-07 17:46:46,016 [36.89368534088135] urllib3.connectionpool DEBUG: https://share2.dexcom.com:443 "POST /ShareWebServices/Services/General/AuthenticatePublisherAccount HTTP/1.1" 200 38
+2025-09-07 17:46:46,016 [36.89368534088135] pydexcom DEBUG: Retrieve session ID from the login endpoint
+2025-09-07 17:46:46,048 [36.9257493019104] urllib3.connectionpool DEBUG: https://share2.dexcom.com:443 "GET /ShareWebServices/Services/General/AuthenticatePublisherAccount HTTP/1.1" 405 176
+2025-09-07 17:46:46,443 [37.320762157440186] urllib3.connectionpool DEBUG: https://share2.dexcom.com:443 "POST /ShareWebServices/Services/General/LoginPublisherAccountById HTTP/1.1" 200 38
+2025-09-07 17:46:46,476 [37.354517459869385] pydexcom DEBUG: Retrieve glucose readings from the glucose readings endpoint
+2025-09-07 17:46:46,490 [37.36810779571533] notifier INFO: Requesting url https://share2.dexcom.com/ShareWebServices/Services
+2025-09-07 17:46:46,490 [37.36810779571533] pydexcom DEBUG: Retrieve glucose readings from the glucose readings endpoint
+2025-09-07 17:46:46,605 [37.4827721118927] urllib3.connectionpool DEBUG: https://share2.dexcom.com:443 "POST /ShareWebServices/Services/Publisher/ReadPublisherLatestGlucoseValues?sessionId=db75fa9f-47b5-4f15-b62a-9eabd11c2782&minutes=1440&maxCount=1 HTTP/1.1" 200 None
+2025-09-07 17:46:46,605 [37.4827721118927] notifier INFO: Requesting url https://share2.dexcom.com/ShareWebServices/Services
+2025-09-07 17:46:46,605 [37.4827721118927] pydexcom DEBUG: Retrieve glucose readings from the glucose readings endpoint
+2025-09-07 17:46:46,621 [37.499001264572144] urllib3.connectionpool DEBUG: https://share2.dexcom.com:443 "POST /ShareWebServices/Services/Publisher/ReadPublisherLatestGlucoseValues?sessionId=db75fa9f-47b5-4f15-b62a-9eabd11c2782&minutes=1440&maxCount=1 HTTP/1.1" 200 None
+2025-09-07 17:46:46,777 [37.65508723258972] urllib3.connectionpool DEBUG: https://share2.dexcom.com:443 "POST /ShareWebServices/Services/Publisher/ReadPublisherLatestGlucoseValues?sessionId=db75fa9f-47b5-4f15-b62a-9eabd11c2782&minutes=1440&maxCount=1 HTTP/1.1" 200 None
+2025-09-07 17:46:47,031 [37.90898370742798] pydexcom DEBUG: Retrieve glucose readings from the glucose readings endpoint
+2025-09-07 17:46:47,051 [37.928836822509766] status INFO: Requesting url: https://share2.dexcom.com/ShareWebServices/Services/General/AuthenticatePublisherAccount
+2025-09-07 17:46:47,052 [37.92984747886658] urllib3.connectionpool DEBUG: Starting new HTTPS connection (1): share2.dexcom.com:443
+2025-09-07 17:46:47,192 [38.069363594055176] urllib3.connectionpool DEBUG: https://share2.dexcom.com:443 "POST /ShareWebServices/Services/Publisher/ReadPublisherLatestGlucoseValues?sessionId=db75fa9f-47b5-4f15-b62a-9eabd11c2782&minutes=1440&maxCount=1 HTTP/1.1" 200 None
+2025-09-07 17:46:47,338 [38.2155876159668] urllib3.connectionpool DEBUG: https://share2.dexcom.com:443 "GET /ShareWebServices/Services/General/AuthenticatePublisherAccount HTTP/1.1" 405 176
+2025-09-07 17:46:47,784 [38.66144847869873] notifier INFO: Requesting url https://share2.dexcom.com/ShareWebServices/Services
+2025-09-07 17:46:47,784 [38.66144847869873] pydexcom DEBUG: Retrieve glucose readings from the glucose readings endpoint
+2025-09-07 17:46:47,917 [38.79502773284912] urllib3.connectionpool DEBUG: https://share2.dexcom.com:443 "POST /ShareWebServices/Services/Publisher/ReadPublisherLatestGlucoseValues?sessionId=db75fa9f-47b5-4f15-b62a-9eabd11c2782&minutes=1440&maxCount=1 HTTP/1.1" 200 None
+2025-09-07 17:46:47,917 [38.79502773284912] notifier INFO: Requesting url https://share2.dexcom.com/ShareWebServices/Services
+2025-09-07 17:46:47,917 [38.79502773284912] pydexcom DEBUG: Retrieve glucose readings from the glucose readings endpoint
+2025-09-07 17:46:48,028 [38.90566921234131] urllib3.connectionpool DEBUG: https://share2.dexcom.com:443 "POST /ShareWebServices/Services/Publisher/ReadPublisherLatestGlucoseValues?sessionId=db75fa9f-47b5-4f15-b62a-9eabd11c2782&minutes=1440&maxCount=1 HTTP/1.1" 200 None
+2025-09-07 17:46:48,346 [39.2235426902771] status INFO: Requesting url: https://share2.dexcom.com/ShareWebServices/Services/General/AuthenticatePublisherAccount
+2025-09-07 17:46:48,346 [39.2235426902771] urllib3.connectionpool DEBUG: Starting new HTTPS connection (1): share2.dexcom.com:443
+2025-09-07 17:46:48,703 [39.58053922653198] urllib3.connectionpool DEBUG: https://share2.dexcom.com:443 "GET /ShareWebServices/Services/General/AuthenticatePublisherAccount HTTP/1.1" 405 176
+2025-09-07 17:46:49,034 [39.91183137893677] notifier INFO: Requesting url https://share2.dexcom.com/ShareWebServices/Services
+2025-09-07 17:46:49,034 [39.91183137893677] pydexcom DEBUG: Retrieve glucose readings from the glucose readings endpoint
+2025-09-07 17:46:49,153 [40.030731201171875] urllib3.connectionpool DEBUG: https://share2.dexcom.com:443 "POST /ShareWebServices/Services/Publisher/ReadPublisherLatestGlucoseValues?sessionId=db75fa9f-47b5-4f15-b62a-9eabd11c2782&minutes=1440&maxCount=1 HTTP/1.1" 200 None
+2025-09-07 17:46:49,153 [40.030731201171875] notifier INFO: Requesting url https://share2.dexcom.com/ShareWebServices/Services
+2025-09-07 17:46:49,153 [40.030731201171875] pydexcom DEBUG: Retrieve glucose readings from the glucose readings endpoint
+2025-09-07 17:46:49,325 [40.2029709815979] urllib3.connectionpool DEBUG: https://share2.dexcom.com:443 "POST /ShareWebServices/Services/Publisher/ReadPublisherLatestGlucoseValues?sessionId=db75fa9f-47b5-4f15-b62a-9eabd11c2782&minutes=1440&maxCount=1 HTTP/1.1" 200 None
+2025-09-07 17:46:49,710 [40.58766055107117] status INFO: Requesting url: https://share2.dexcom.com/ShareWebServices/Services/General/AuthenticatePublisherAccount
+2025-09-07 17:46:49,710 [40.58766055107117] urllib3.connectionpool DEBUG: Starting new HTTPS connection (1): share2.dexcom.com:443
+2025-09-07 17:46:50,068 [40.94545078277588] urllib3.connectionpool DEBUG: https://share2.dexcom.com:443 "GET /ShareWebServices/Services/General/AuthenticatePublisherAccount HTTP/1.1" 405 176
+2025-09-07 17:46:50,328 [41.205708265304565] notifier INFO: Requesting url https://share2.dexcom.com/ShareWebServices/Services
+2025-09-07 17:46:50,328 [41.205708265304565] pydexcom DEBUG: Retrieve glucose readings from the glucose readings endpoint
+2025-09-07 17:46:50,454 [41.331995248794556] urllib3.connectionpool DEBUG: https://share2.dexcom.com:443 "POST /ShareWebServices/Services/Publisher/ReadPublisherLatestGlucoseValues?sessionId=db75fa9f-47b5-4f15-b62a-9eabd11c2782&minutes=1440&maxCount=1 HTTP/1.1" 200 None
+2025-09-07 17:46:50,454 [41.331995248794556] notifier INFO: Requesting url https://share2.dexcom.com/ShareWebServices/Services
+2025-09-07 17:46:50,454 [41.331995248794556] pydexcom DEBUG: Retrieve glucose readings from the glucose readings endpoint
+2025-09-07 17:46:50,586 [41.46394729614258] urllib3.connectionpool DEBUG: https://share2.dexcom.com:443 "POST /ShareWebServices/Services/Publisher/ReadPublisherLatestGlucoseValues?sessionId=db75fa9f-47b5-4f15-b62a-9eabd11c2782&minutes=1440&maxCount=1 HTTP/1.1" 200 None
+2025-09-07 17:46:51,071 [41.948790073394775] status INFO: Requesting url: https://share2.dexcom.com/ShareWebServices/Services/General/AuthenticatePublisherAccount
+2025-09-07 17:46:51,071 [41.948790073394775] urllib3.connectionpool DEBUG: Starting new HTTPS connection (1): share2.dexcom.com:443
+2025-09-07 17:46:51,416 [42.29364228248596] urllib3.connectionpool DEBUG: https://share2.dexcom.com:443 "GET /ShareWebServices/Services/General/AuthenticatePublisherAccount HTTP/1.1" 405 176
+2025-09-07 17:46:51,588 [42.46591591835022] notifier INFO: Requesting url https://share2.dexcom.com/ShareWebServices/Services
+2025-09-07 17:46:51,588 [42.46591591835022] pydexcom DEBUG: Retrieve glucose readings from the glucose readings endpoint
+2025-09-07 17:46:51,657 [42.53498983383179] notifier INFO: Requesting url General/AuthenticatePublisherAccount
+2025-09-07 17:46:51,657 [42.53498983383179] pydexcom DEBUG: Retrieve account ID from the authentication endpoint
+2025-09-07 17:46:51,657 [42.53498983383179] urllib3.connectionpool DEBUG: Starting new HTTPS connection (1): share2.dexcom.com:443
+2025-09-07 17:46:51,721 [42.59861612319946] urllib3.connectionpool DEBUG: https://share2.dexcom.com:443 "POST /ShareWebServices/Services/Publisher/ReadPublisherLatestGlucoseValues?sessionId=db75fa9f-47b5-4f15-b62a-9eabd11c2782&minutes=1440&maxCount=1 HTTP/1.1" 200 None
+2025-09-07 17:46:51,737 [42.61451959609985] notifier INFO: Requesting url https://share2.dexcom.com/ShareWebServices/Services
+2025-09-07 17:46:51,737 [42.61451959609985] pydexcom DEBUG: Retrieve glucose readings from the glucose readings endpoint
+2025-09-07 17:46:51,849 [42.72640538215637] urllib3.connectionpool DEBUG: https://share2.dexcom.com:443 "POST /ShareWebServices/Services/Publisher/ReadPublisherLatestGlucoseValues?sessionId=db75fa9f-47b5-4f15-b62a-9eabd11c2782&minutes=1440&maxCount=1 HTTP/1.1" 200 None
+2025-09-07 17:46:52,059 [42.93667197227478] urllib3.connectionpool DEBUG: https://share2.dexcom.com:443 "POST /ShareWebServices/Services/General/AuthenticatePublisherAccount HTTP/1.1" 200 38
+2025-09-07 17:46:52,059 [42.93667197227478] pydexcom DEBUG: Retrieve session ID from the login endpoint
+2025-09-07 17:46:52,196 [43.07646441459656] pydexcom DEBUG: Retrieve glucose readings from the glucose readings endpoint
+2025-09-07 17:46:52,322 [43.20026969909668] urllib3.connectionpool DEBUG: https://share2.dexcom.com:443 "POST /ShareWebServices/Services/Publisher/ReadPublisherLatestGlucoseValues?sessionId=db75fa9f-47b5-4f15-b62a-9eabd11c2782&minutes=1440&maxCount=1 HTTP/1.1" 200 None
+2025-09-07 17:46:52,421 [43.29881739616394] status INFO: Requesting url: https://share2.dexcom.com/ShareWebServices/Services/General/AuthenticatePublisherAccount
+2025-09-07 17:46:52,421 [43.29881739616394] urllib3.connectionpool DEBUG: Starting new HTTPS connection (1): share2.dexcom.com:443
+2025-09-07 17:46:52,620 [43.49780821800232] urllib3.connectionpool DEBUG: https://share2.dexcom.com:443 "POST /ShareWebServices/Services/General/LoginPublisherAccountById HTTP/1.1" 200 38
+2025-09-07 17:46:52,636 [43.51414251327515] pydexcom DEBUG: Retrieve glucose readings from the glucose readings endpoint
+2025-09-07 17:46:52,675 [43.5528039932251] urllib3.connectionpool DEBUG: https://share2.dexcom.com:443 "GET /ShareWebServices/Services/General/AuthenticatePublisherAccount HTTP/1.1" 405 176
+2025-09-07 17:46:52,757 [43.63471221923828] urllib3.connectionpool DEBUG: https://share2.dexcom.com:443 "POST /ShareWebServices/Services/Publisher/ReadPublisherLatestGlucoseValues?sessionId=db75fa9f-47b5-4f15-b62a-9eabd11c2782&minutes=1440&maxCount=1 HTTP/1.1" 200 None
+2025-09-07 17:46:52,862 [43.73989772796631] notifier INFO: Requesting url https://share2.dexcom.com/ShareWebServices/Services
+2025-09-07 17:46:52,862 [43.73989772796631] pydexcom DEBUG: Retrieve glucose readings from the glucose readings endpoint
+2025-09-07 17:46:52,986 [43.864083766937256] urllib3.connectionpool DEBUG: https://share2.dexcom.com:443 "POST /ShareWebServices/Services/Publisher/ReadPublisherLatestGlucoseValues?sessionId=db75fa9f-47b5-4f15-b62a-9eabd11c2782&minutes=1440&maxCount=1 HTTP/1.1" 200 None
+2025-09-07 17:46:52,986 [43.864083766937256] notifier INFO: Requesting url https://share2.dexcom.com/ShareWebServices/Services
+2025-09-07 17:46:52,986 [43.864083766937256] pydexcom DEBUG: Retrieve glucose readings from the glucose readings endpoint
+2025-09-07 17:46:53,118 [43.996291399002075] urllib3.connectionpool DEBUG: https://share2.dexcom.com:443 "POST /ShareWebServices/Services/Publisher/ReadPublisherLatestGlucoseValues?sessionId=db75fa9f-47b5-4f15-b62a-9eabd11c2782&minutes=1440&maxCount=1 HTTP/1.1" 200 None
+2025-09-07 17:46:53,677 [44.555182218551636] status INFO: Requesting url: https://share2.dexcom.com/ShareWebServices/Services/General/AuthenticatePublisherAccount
+2025-09-07 17:46:53,677 [44.557260036468506] urllib3.connectionpool DEBUG: Starting new HTTPS connection (1): share2.dexcom.com:443
+2025-09-07 17:46:53,887 [44.76436924934387] urllib3.connectionpool DEBUG: https://share2.dexcom.com:443 "GET /ShareWebServices/Services/General/AuthenticatePublisherAccount HTTP/1.1" 405 176
+2025-09-07 17:46:54,120 [44.99777555465698] notifier INFO: Requesting url https://share2.dexcom.com/ShareWebServices/Services
+2025-09-07 17:46:54,120 [44.99777555465698] pydexcom DEBUG: Retrieve glucose readings from the glucose readings endpoint
+2025-09-07 17:46:54,240 [45.117501735687256] urllib3.connectionpool DEBUG: https://share2.dexcom.com:443 "POST /ShareWebServices/Services/Publisher/ReadPublisherLatestGlucoseValues?sessionId=db75fa9f-47b5-4f15-b62a-9eabd11c2782&minutes=1440&maxCount=1 HTTP/1.1" 200 None
+2025-09-07 17:46:54,240 [45.117501735687256] notifier INFO: Requesting url https://share2.dexcom.com/ShareWebServices/Services
+2025-09-07 17:46:54,240 [45.117501735687256] pydexcom DEBUG: Retrieve glucose readings from the glucose readings endpoint
+2025-09-07 17:46:54,368 [45.24610757827759] urllib3.connectionpool DEBUG: https://share2.dexcom.com:443 "POST /ShareWebServices/Services/Publisher/ReadPublisherLatestGlucoseValues?sessionId=db75fa9f-47b5-4f15-b62a-9eabd11c2782&minutes=1440&maxCount=1 HTTP/1.1" 200 None
+2025-09-07 17:46:54,892 [45.7695517539978] status INFO: Requesting url: https://share2.dexcom.com/ShareWebServices/Services/General/AuthenticatePublisherAccount
+2025-09-07 17:46:54,892 [45.7695517539978] urllib3.connectionpool DEBUG: Starting new HTTPS connection (1): share2.dexcom.com:443
+2025-09-07 17:46:55,140 [46.018176317214966] urllib3.connectionpool DEBUG: https://share2.dexcom.com:443 "GET /ShareWebServices/Services/General/AuthenticatePublisherAccount HTTP/1.1" 405 176
+2025-09-07 17:46:55,395 [46.27248501777649] notifier INFO: Requesting url https://share2.dexcom.com/ShareWebServices/Services
+2025-09-07 17:46:55,395 [46.27248501777649] pydexcom DEBUG: Retrieve glucose readings from the glucose readings endpoint
+2025-09-07 17:46:55,525 [46.402395248413086] urllib3.connectionpool DEBUG: https://share2.dexcom.com:443 "POST /ShareWebServices/Services/Publisher/ReadPublisherLatestGlucoseValues?sessionId=db75fa9f-47b5-4f15-b62a-9eabd11c2782&minutes=1440&maxCount=1 HTTP/1.1" 200 None
+2025-09-07 17:46:55,525 [46.402395248413086] notifier INFO: Requesting url https://share2.dexcom.com/ShareWebServices/Services
+2025-09-07 17:46:55,525 [46.402395248413086] pydexcom DEBUG: Retrieve glucose readings from the glucose readings endpoint
+2025-09-07 17:46:55,653 [46.53059720993042] urllib3.connectionpool DEBUG: https://share2.dexcom.com:443 "POST /ShareWebServices/Services/Publisher/ReadPublisherLatestGlucoseValues?sessionId=db75fa9f-47b5-4f15-b62a-9eabd11c2782&minutes=1440&maxCount=1 HTTP/1.1" 200 None
+2025-09-07 17:46:56,146 [47.023850202560425] status INFO: Requesting url: https://share2.dexcom.com/ShareWebServices/Services/General/AuthenticatePublisherAccount
+2025-09-07 17:46:56,146 [47.023850202560425] urllib3.connectionpool DEBUG: Starting new HTTPS connection (1): share2.dexcom.com:443
+2025-09-07 17:46:56,375 [47.25289058685303] urllib3.connectionpool DEBUG: https://share2.dexcom.com:443 "GET /ShareWebServices/Services/General/AuthenticatePublisherAccount HTTP/1.1" 405 176
+2025-09-07 17:46:56,657 [47.534626483917236] notifier INFO: Requesting url https://share2.dexcom.com/ShareWebServices/Services
+2025-09-07 17:46:56,657 [47.534626483917236] pydexcom DEBUG: Retrieve glucose readings from the glucose readings endpoint
+2025-09-07 17:46:56,777 [47.65453839302063] urllib3.connectionpool DEBUG: https://share2.dexcom.com:443 "POST /ShareWebServices/Services/Publisher/ReadPublisherLatestGlucoseValues?sessionId=db75fa9f-47b5-4f15-b62a-9eabd11c2782&minutes=1440&maxCount=1 HTTP/1.1" 200 None
+2025-09-07 17:46:56,792 [47.67025089263916] notifier INFO: Requesting url https://share2.dexcom.com/ShareWebServices/Services
+2025-09-07 17:46:56,792 [47.67025089263916] pydexcom DEBUG: Retrieve glucose readings from the glucose readings endpoint
+2025-09-07 17:46:56,905 [47.782657623291016] urllib3.connectionpool DEBUG: https://share2.dexcom.com:443 "POST /ShareWebServices/Services/Publisher/ReadPublisherLatestGlucoseValues?sessionId=db75fa9f-47b5-4f15-b62a-9eabd11c2782&minutes=1440&maxCount=1 HTTP/1.1" 200 None
+2025-09-07 17:46:57,336 [48.214046001434326] pydexcom DEBUG: Retrieve glucose readings from the glucose readings endpoint
+2025-09-07 17:46:57,382 [48.25976276397705] status INFO: Requesting url: https://share2.dexcom.com/ShareWebServices/Services/General/AuthenticatePublisherAccount
+2025-09-07 17:46:57,383 [48.26086378097534] urllib3.connectionpool DEBUG: Starting new HTTPS connection (1): share2.dexcom.com:443
+2025-09-07 17:46:57,505 [48.382718324661255] urllib3.connectionpool DEBUG: https://share2.dexcom.com:443 "POST /ShareWebServices/Services/Publisher/ReadPublisherLatestGlucoseValues?sessionId=db75fa9f-47b5-4f15-b62a-9eabd11c2782&minutes=1440&maxCount=1 HTTP/1.1" 200 None
+2025-09-07 17:46:57,624 [48.50197744369507] urllib3.connectionpool DEBUG: https://share2.dexcom.com:443 "GET /ShareWebServices/Services/General/AuthenticatePublisherAccount HTTP/1.1" 405 176
+2025-09-07 17:46:57,784 [48.66138052940369] notifier INFO: Requesting url General/AuthenticatePublisherAccount
+2025-09-07 17:46:57,784 [48.66138052940369] pydexcom DEBUG: Retrieve account ID from the authentication endpoint
+2025-09-07 17:46:57,784 [48.66138052940369] urllib3.connectionpool DEBUG: Starting new HTTPS connection (1): share2.dexcom.com:443
+2025-09-07 17:46:57,915 [48.792818784713745] notifier INFO: Requesting url https://share2.dexcom.com/ShareWebServices/Services
+2025-09-07 17:46:57,915 [48.792818784713745] pydexcom DEBUG: Retrieve glucose readings from the glucose readings endpoint
+2025-09-07 17:46:58,027 [48.905290842056274] urllib3.connectionpool DEBUG: https://share2.dexcom.com:443 "POST /ShareWebServices/Services/Publisher/ReadPublisherLatestGlucoseValues?sessionId=db75fa9f-47b5-4f15-b62a-9eabd11c2782&minutes=1440&maxCount=1 HTTP/1.1" 200 None
+2025-09-07 17:46:58,027 [48.905290842056274] notifier INFO: Requesting url https://share2.dexcom.com/ShareWebServices/Services
+2025-09-07 17:46:58,027 [48.905290842056274] pydexcom DEBUG: Retrieve glucose readings from the glucose readings endpoint
+2025-09-07 17:46:58,154 [49.031596660614014] urllib3.connectionpool DEBUG: https://share2.dexcom.com:443 "POST /ShareWebServices/Services/Publisher/ReadPublisherLatestGlucoseValues?sessionId=db75fa9f-47b5-4f15-b62a-9eabd11c2782&minutes=1440&maxCount=1 HTTP/1.1" 200 None
+2025-09-07 17:46:58,266 [49.14413595199585] urllib3.connectionpool DEBUG: https://share2.dexcom.com:443 "POST /ShareWebServices/Services/General/AuthenticatePublisherAccount HTTP/1.1" 200 38
+2025-09-07 17:46:58,266 [49.14413595199585] pydexcom DEBUG: Retrieve session ID from the login endpoint
+2025-09-07 17:46:58,626 [49.50415849685669] status INFO: Requesting url: https://share2.dexcom.com/ShareWebServices/Services/General/AuthenticatePublisherAccount
+2025-09-07 17:46:58,626 [49.50415849685669] urllib3.connectionpool DEBUG: Starting new HTTPS connection (1): share2.dexcom.com:443
+2025-09-07 17:46:58,667 [49.544862508773804] urllib3.connectionpool DEBUG: https://share2.dexcom.com:443 "POST /ShareWebServices/Services/General/LoginPublisherAccountById HTTP/1.1" 200 38
+2025-09-07 17:46:58,698 [49.5761182308197] pydexcom DEBUG: Retrieve glucose readings from the glucose readings endpoint
+2025-09-07 17:46:58,804 [49.68198609352112] urllib3.connectionpool DEBUG: https://share2.dexcom.com:443 "POST /ShareWebServices/Services/Publisher/ReadPublisherLatestGlucoseValues?sessionId=db75fa9f-47b5-4f15-b62a-9eabd11c2782&minutes=1440&maxCount=1 HTTP/1.1" 200 None
+2025-09-07 17:46:58,875 [49.75237464904785] urllib3.connectionpool DEBUG: https://share2.dexcom.com:443 "GET /ShareWebServices/Services/General/AuthenticatePublisherAccount HTTP/1.1" 405 176
+2025-09-07 17:46:59,159 [50.036407709121704] notifier INFO: Requesting url https://share2.dexcom.com/ShareWebServices/Services
+2025-09-07 17:46:59,159 [50.036407709121704] pydexcom DEBUG: Retrieve glucose readings from the glucose readings endpoint
+2025-09-07 17:46:59,290 [50.16814112663269] urllib3.connectionpool DEBUG: https://share2.dexcom.com:443 "POST /ShareWebServices/Services/Publisher/ReadPublisherLatestGlucoseValues?sessionId=db75fa9f-47b5-4f15-b62a-9eabd11c2782&minutes=1440&maxCount=1 HTTP/1.1" 200 None
+2025-09-07 17:46:59,290 [50.16814112663269] notifier INFO: Requesting url https://share2.dexcom.com/ShareWebServices/Services
+2025-09-07 17:46:59,290 [50.16814112663269] pydexcom DEBUG: Retrieve glucose readings from the glucose readings endpoint
+2025-09-07 17:46:59,428 [50.30550932884216] urllib3.connectionpool DEBUG: https://share2.dexcom.com:443 "POST /ShareWebServices/Services/Publisher/ReadPublisherLatestGlucoseValues?sessionId=db75fa9f-47b5-4f15-b62a-9eabd11c2782&minutes=1440&maxCount=1 HTTP/1.1" 200 None
+2025-09-07 17:46:59,882 [50.759583711624146] status INFO: Requesting url: https://share2.dexcom.com/ShareWebServices/Services/General/AuthenticatePublisherAccount
+2025-09-07 17:46:59,882 [50.759583711624146] urllib3.connectionpool DEBUG: Starting new HTTPS connection (1): share2.dexcom.com:443
+2025-09-07 17:47:00,173 [51.05110812187195] urllib3.connectionpool DEBUG: https://share2.dexcom.com:443 "GET /ShareWebServices/Services/General/AuthenticatePublisherAccount HTTP/1.1" 405 176
+2025-09-07 17:47:00,432 [51.30972218513489] notifier INFO: Requesting url https://share2.dexcom.com/ShareWebServices/Services
+2025-09-07 17:47:00,432 [51.30972218513489] pydexcom DEBUG: Retrieve glucose readings from the glucose readings endpoint
+2025-09-07 17:47:00,558 [51.4359016418457] urllib3.connectionpool DEBUG: https://share2.dexcom.com:443 "POST /ShareWebServices/Services/Publisher/ReadPublisherLatestGlucoseValues?sessionId=db75fa9f-47b5-4f15-b62a-9eabd11c2782&minutes=1440&maxCount=1 HTTP/1.1" 200 None
+2025-09-07 17:47:00,558 [51.4359016418457] notifier INFO: Requesting url https://share2.dexcom.com/ShareWebServices/Services
+2025-09-07 17:47:00,558 [51.4359016418457] pydexcom DEBUG: Retrieve glucose readings from the glucose readings endpoint
+2025-09-07 17:47:00,688 [51.56566548347473] urllib3.connectionpool DEBUG: https://share2.dexcom.com:443 "POST /ShareWebServices/Services/Publisher/ReadPublisherLatestGlucoseValues?sessionId=db75fa9f-47b5-4f15-b62a-9eabd11c2782&minutes=1440&maxCount=1 HTTP/1.1" 200 None
+2025-09-07 17:47:01,176 [52.05353593826294] status INFO: Requesting url: https://share2.dexcom.com/ShareWebServices/Services/General/AuthenticatePublisherAccount
+2025-09-07 17:47:01,176 [52.05353593826294] urllib3.connectionpool DEBUG: Starting new HTTPS connection (1): share2.dexcom.com:443
+2025-09-07 17:47:01,394 [52.27195119857788] urllib3.connectionpool DEBUG: https://share2.dexcom.com:443 "GET /ShareWebServices/Services/General/AuthenticatePublisherAccount HTTP/1.1" 405 176
+2025-09-07 17:47:01,694 [52.57180047035217] notifier INFO: Requesting url https://share2.dexcom.com/ShareWebServices/Services
+2025-09-07 17:47:01,694 [52.57180047035217] pydexcom DEBUG: Retrieve glucose readings from the glucose readings endpoint
+2025-09-07 17:47:01,852 [52.72955346107483] urllib3.connectionpool DEBUG: https://share2.dexcom.com:443 "POST /ShareWebServices/Services/Publisher/ReadPublisherLatestGlucoseValues?sessionId=db75fa9f-47b5-4f15-b62a-9eabd11c2782&minutes=1440&maxCount=1 HTTP/1.1" 200 None
+2025-09-07 17:47:01,852 [52.72955346107483] notifier INFO: Requesting url https://share2.dexcom.com/ShareWebServices/Services
+2025-09-07 17:47:01,852 [52.72955346107483] pydexcom DEBUG: Retrieve glucose readings from the glucose readings endpoint
+2025-09-07 17:47:02,002 [52.88011026382446] urllib3.connectionpool DEBUG: https://share2.dexcom.com:443 "POST /ShareWebServices/Services/Publisher/ReadPublisherLatestGlucoseValues?sessionId=db75fa9f-47b5-4f15-b62a-9eabd11c2782&minutes=1440&maxCount=1 HTTP/1.1" 200 None
+2025-09-07 17:47:02,401 [53.27838969230652] status INFO: Requesting url: https://share2.dexcom.com/ShareWebServices/Services/General/AuthenticatePublisherAccount
+2025-09-07 17:47:02,401 [53.27838969230652] urllib3.connectionpool DEBUG: Starting new HTTPS connection (1): share2.dexcom.com:443
+2025-09-07 17:47:02,507 [53.38527274131775] pydexcom DEBUG: Retrieve glucose readings from the glucose readings endpoint
+2025-09-07 17:47:02,622 [53.49946689605713] urllib3.connectionpool DEBUG: https://share2.dexcom.com:443 "POST /ShareWebServices/Services/Publisher/ReadPublisherLatestGlucoseValues?sessionId=db75fa9f-47b5-4f15-b62a-9eabd11c2782&minutes=1440&maxCount=1 HTTP/1.1" 200 None
+2025-09-07 17:47:02,707 [53.58514404296875] urllib3.connectionpool DEBUG: https://share2.dexcom.com:443 "GET /ShareWebServices/Services/General/AuthenticatePublisherAccount HTTP/1.1" 405 176
+2025-09-07 17:47:03,004 [53.88159441947937] notifier INFO: Requesting url https://share2.dexcom.com/ShareWebServices/Services
+2025-09-07 17:47:03,004 [53.88159441947937] pydexcom DEBUG: Retrieve glucose readings from the glucose readings endpoint
+2025-09-07 17:47:03,189 [54.066892862319946] urllib3.connectionpool DEBUG: https://share2.dexcom.com:443 "POST /ShareWebServices/Services/Publisher/ReadPublisherLatestGlucoseValues?sessionId=db75fa9f-47b5-4f15-b62a-9eabd11c2782&minutes=1440&maxCount=1 HTTP/1.1" 200 None
+2025-09-07 17:47:03,189 [54.066892862319946] notifier INFO: Requesting url https://share2.dexcom.com/ShareWebServices/Services
+2025-09-07 17:47:03,189 [54.066892862319946] pydexcom DEBUG: Retrieve glucose readings from the glucose readings endpoint
+2025-09-07 17:47:03,317 [54.195106983184814] urllib3.connectionpool DEBUG: https://share2.dexcom.com:443 "POST /ShareWebServices/Services/Publisher/ReadPublisherLatestGlucoseValues?sessionId=db75fa9f-47b5-4f15-b62a-9eabd11c2782&minutes=1440&maxCount=1 HTTP/1.1" 200 None
+2025-09-07 17:47:03,709 [54.5873007774353] status INFO: Requesting url: https://share2.dexcom.com/ShareWebServices/Services/General/AuthenticatePublisherAccount
+2025-09-07 17:47:03,709 [54.5873007774353] urllib3.connectionpool DEBUG: Starting new HTTPS connection (1): share2.dexcom.com:443
+2025-09-07 17:47:03,849 [54.726516246795654] notifier INFO: Requesting url General/AuthenticatePublisherAccount
+2025-09-07 17:47:03,849 [54.726516246795654] pydexcom DEBUG: Retrieve account ID from the authentication endpoint
+2025-09-07 17:47:03,849 [54.726516246795654] urllib3.connectionpool DEBUG: Starting new HTTPS connection (1): share2.dexcom.com:443
+2025-09-07 17:47:03,992 [54.86954045295715] urllib3.connectionpool DEBUG: https://share2.dexcom.com:443 "GET /ShareWebServices/Services/General/AuthenticatePublisherAccount HTTP/1.1" 405 176
+2025-09-07 17:47:04,323 [55.20092225074768] notifier INFO: Requesting url https://share2.dexcom.com/ShareWebServices/Services
+2025-09-07 17:47:04,323 [55.20092225074768] pydexcom DEBUG: Retrieve glucose readings from the glucose readings endpoint
+2025-09-07 17:47:04,398 [55.2758252620697] urllib3.connectionpool DEBUG: https://share2.dexcom.com:443 "POST /ShareWebServices/Services/General/AuthenticatePublisherAccount HTTP/1.1" 200 38
+2025-09-07 17:47:04,398 [55.2758252620697] pydexcom DEBUG: Retrieve session ID from the login endpoint
+2025-09-07 17:47:04,510 [55.387882709503174] urllib3.connectionpool DEBUG: https://share2.dexcom.com:443 "POST /ShareWebServices/Services/Publisher/ReadPublisherLatestGlucoseValues?sessionId=db75fa9f-47b5-4f15-b62a-9eabd11c2782&minutes=1440&maxCount=1 HTTP/1.1" 200 None
+2025-09-07 17:47:04,510 [55.387882709503174] notifier INFO: Requesting url https://share2.dexcom.com/ShareWebServices/Services
+2025-09-07 17:47:04,510 [55.387882709503174] pydexcom DEBUG: Retrieve glucose readings from the glucose readings endpoint
+2025-09-07 17:47:04,635 [55.51310396194458] urllib3.connectionpool DEBUG: https://share2.dexcom.com:443 "POST /ShareWebServices/Services/Publisher/ReadPublisherLatestGlucoseValues?sessionId=db75fa9f-47b5-4f15-b62a-9eabd11c2782&minutes=1440&maxCount=1 HTTP/1.1" 200 None
+2025-09-07 17:47:04,810 [55.6878445148468] urllib3.connectionpool DEBUG: https://share2.dexcom.com:443 "POST /ShareWebServices/Services/General/LoginPublisherAccountById HTTP/1.1" 200 38
+2025-09-07 17:47:04,825 [55.70242977142334] pydexcom DEBUG: Retrieve glucose readings from the glucose readings endpoint
+2025-09-07 17:47:04,961 [55.839184284210205] urllib3.connectionpool DEBUG: https://share2.dexcom.com:443 "POST /ShareWebServices/Services/Publisher/ReadPublisherLatestGlucoseValues?sessionId=db75fa9f-47b5-4f15-b62a-9eabd11c2782&minutes=1440&maxCount=1 HTTP/1.1" 200 None
+2025-09-07 17:47:04,996 [55.87343978881836] status INFO: Requesting url: https://share2.dexcom.com/ShareWebServices/Services/General/AuthenticatePublisherAccount
+2025-09-07 17:47:04,996 [55.87343978881836] urllib3.connectionpool DEBUG: Starting new HTTPS connection (1): share2.dexcom.com:443
+2025-09-07 17:47:05,202 [56.079490423202515] urllib3.connectionpool DEBUG: https://share2.dexcom.com:443 "GET /ShareWebServices/Services/General/AuthenticatePublisherAccount HTTP/1.1" 405 176
+2025-09-07 17:47:05,654 [56.53202939033508] notifier INFO: Requesting url https://share2.dexcom.com/ShareWebServices/Services
+2025-09-07 17:47:05,654 [56.53202939033508] pydexcom DEBUG: Retrieve glucose readings from the glucose readings endpoint
+2025-09-07 17:47:05,799 [56.676605224609375] urllib3.connectionpool DEBUG: https://share2.dexcom.com:443 "POST /ShareWebServices/Services/Publisher/ReadPublisherLatestGlucoseValues?sessionId=db75fa9f-47b5-4f15-b62a-9eabd11c2782&minutes=1440&maxCount=1 HTTP/1.1" 200 None
+2025-09-07 17:47:05,799 [56.676605224609375] notifier INFO: Requesting url https://share2.dexcom.com/ShareWebServices/Services
+2025-09-07 17:47:05,799 [56.676605224609375] pydexcom DEBUG: Retrieve glucose readings from the glucose readings endpoint
+2025-09-07 17:47:05,941 [56.818368673324585] urllib3.connectionpool DEBUG: https://share2.dexcom.com:443 "POST /ShareWebServices/Services/Publisher/ReadPublisherLatestGlucoseValues?sessionId=db75fa9f-47b5-4f15-b62a-9eabd11c2782&minutes=1440&maxCount=1 HTTP/1.1" 200 None
+2025-09-07 17:47:06,215 [57.09286189079285] status INFO: Requesting url: https://share2.dexcom.com/ShareWebServices/Services/General/AuthenticatePublisherAccount
+2025-09-07 17:47:06,215 [57.09286189079285] urllib3.connectionpool DEBUG: Starting new HTTPS connection (1): share2.dexcom.com:443
+2025-09-07 17:47:06,505 [57.38324522972107] urllib3.connectionpool DEBUG: https://share2.dexcom.com:443 "GET /ShareWebServices/Services/General/AuthenticatePublisherAccount HTTP/1.1" 405 176
+2025-09-07 17:47:06,943 [57.82117486000061] notifier INFO: Requesting url https://share2.dexcom.com/ShareWebServices/Services
+2025-09-07 17:47:06,943 [57.82117486000061] pydexcom DEBUG: Retrieve glucose readings from the glucose readings endpoint
+2025-09-07 17:47:07,095 [57.9732460975647] urllib3.connectionpool DEBUG: https://share2.dexcom.com:443 "POST /ShareWebServices/Services/Publisher/ReadPublisherLatestGlucoseValues?sessionId=db75fa9f-47b5-4f15-b62a-9eabd11c2782&minutes=1440&maxCount=1 HTTP/1.1" 200 None
+2025-09-07 17:47:07,095 [57.9732460975647] notifier INFO: Requesting url https://share2.dexcom.com/ShareWebServices/Services
+2025-09-07 17:47:07,095 [57.9732460975647] pydexcom DEBUG: Retrieve glucose readings from the glucose readings endpoint
+2025-09-07 17:47:07,224 [58.10193753242493] urllib3.connectionpool DEBUG: https://share2.dexcom.com:443 "POST /ShareWebServices/Services/Publisher/ReadPublisherLatestGlucoseValues?sessionId=db75fa9f-47b5-4f15-b62a-9eabd11c2782&minutes=1440&maxCount=1 HTTP/1.1" 200 None
+2025-09-07 17:47:07,511 [58.388503551483154] status INFO: Requesting url: https://share2.dexcom.com/ShareWebServices/Services/General/AuthenticatePublisherAccount
+2025-09-07 17:47:07,511 [58.388503551483154] urllib3.connectionpool DEBUG: Starting new HTTPS connection (1): share2.dexcom.com:443
+2025-09-07 17:47:07,629 [58.50676393508911] pydexcom DEBUG: Retrieve glucose readings from the glucose readings endpoint
+2025-09-07 17:47:07,756 [58.63363575935364] urllib3.connectionpool DEBUG: https://share2.dexcom.com:443 "POST /ShareWebServices/Services/Publisher/ReadPublisherLatestGlucoseValues?sessionId=db75fa9f-47b5-4f15-b62a-9eabd11c2782&minutes=1440&maxCount=1 HTTP/1.1" 200 None
+2025-09-07 17:47:07,756 [58.63363575935364] urllib3.connectionpool DEBUG: https://share2.dexcom.com:443 "GET /ShareWebServices/Services/General/AuthenticatePublisherAccount HTTP/1.1" 405 176
+2025-09-07 17:47:08,239 [59.116379737854004] notifier INFO: Requesting url https://share2.dexcom.com/ShareWebServices/Services
+2025-09-07 17:47:08,239 [59.116379737854004] pydexcom DEBUG: Retrieve glucose readings from the glucose readings endpoint
+2025-09-07 17:47:08,384 [59.261656761169434] urllib3.connectionpool DEBUG: https://share2.dexcom.com:443 "POST /ShareWebServices/Services/Publisher/ReadPublisherLatestGlucoseValues?sessionId=db75fa9f-47b5-4f15-b62a-9eabd11c2782&minutes=1440&maxCount=1 HTTP/1.1" 200 None
+2025-09-07 17:47:08,384 [59.261656761169434] notifier INFO: Requesting url https://share2.dexcom.com/ShareWebServices/Services
+2025-09-07 17:47:08,384 [59.261656761169434] pydexcom DEBUG: Retrieve glucose readings from the glucose readings endpoint
+2025-09-07 17:47:08,527 [59.40436601638794] urllib3.connectionpool DEBUG: https://share2.dexcom.com:443 "POST /ShareWebServices/Services/Publisher/ReadPublisherLatestGlucoseValues?sessionId=db75fa9f-47b5-4f15-b62a-9eabd11c2782&minutes=1440&maxCount=1 HTTP/1.1" 200 None
+2025-09-07 17:47:08,770 [59.64777898788452] status INFO: Requesting url: https://share2.dexcom.com/ShareWebServices/Services/General/AuthenticatePublisherAccount
+2025-09-07 17:47:08,770 [59.64777898788452] urllib3.connectionpool DEBUG: Starting new HTTPS connection (1): share2.dexcom.com:443
+2025-09-07 17:47:09,097 [59.97498297691345] urllib3.connectionpool DEBUG: https://share2.dexcom.com:443 "GET /ShareWebServices/Services/General/AuthenticatePublisherAccount HTTP/1.1" 405 176
+2025-09-07 17:47:09,535 [60.41330170631409] notifier INFO: Requesting url https://share2.dexcom.com/ShareWebServices/Services
+2025-09-07 17:47:09,535 [60.41330170631409] pydexcom DEBUG: Retrieve glucose readings from the glucose readings endpoint
+2025-09-07 17:47:09,681 [60.55857968330383] urllib3.connectionpool DEBUG: https://share2.dexcom.com:443 "POST /ShareWebServices/Services/Publisher/ReadPublisherLatestGlucoseValues?sessionId=db75fa9f-47b5-4f15-b62a-9eabd11c2782&minutes=1440&maxCount=1 HTTP/1.1" 200 None
+2025-09-07 17:47:09,681 [60.55857968330383] notifier INFO: Requesting url https://share2.dexcom.com/ShareWebServices/Services
+2025-09-07 17:47:09,681 [60.55857968330383] pydexcom DEBUG: Retrieve glucose readings from the glucose readings endpoint
+2025-09-07 17:47:09,823 [60.70112347602844] urllib3.connectionpool DEBUG: https://share2.dexcom.com:443 "POST /ShareWebServices/Services/Publisher/ReadPublisherLatestGlucoseValues?sessionId=db75fa9f-47b5-4f15-b62a-9eabd11c2782&minutes=1440&maxCount=1 HTTP/1.1" 200 None
+2025-09-07 17:47:09,967 [60.844563722610474] notifier INFO: Requesting url General/AuthenticatePublisherAccount
+2025-09-07 17:47:09,967 [60.844563722610474] pydexcom DEBUG: Retrieve account ID from the authentication endpoint
+2025-09-07 17:47:09,971 [60.84872221946716] urllib3.connectionpool DEBUG: Starting new HTTPS connection (1): share2.dexcom.com:443
+2025-09-07 17:47:10,100 [60.97740697860718] status INFO: Requesting url: https://share2.dexcom.com/ShareWebServices/Services/General/AuthenticatePublisherAccount
+2025-09-07 17:47:10,100 [60.97740697860718] urllib3.connectionpool DEBUG: Starting new HTTPS connection (1): share2.dexcom.com:443
+2025-09-07 17:47:10,276 [61.1539363861084] urllib3.connectionpool DEBUG: https://share2.dexcom.com:443 "GET /ShareWebServices/Services/General/AuthenticatePublisherAccount HTTP/1.1" 405 176
+2025-09-07 17:47:10,423 [61.300796031951904] urllib3.connectionpool DEBUG: https://share2.dexcom.com:443 "POST /ShareWebServices/Services/General/AuthenticatePublisherAccount HTTP/1.1" 200 38
+2025-09-07 17:47:10,423 [61.300796031951904] pydexcom DEBUG: Retrieve session ID from the login endpoint
+2025-09-07 17:47:10,839 [61.71670842170715] notifier INFO: Requesting url https://share2.dexcom.com/ShareWebServices/Services
+2025-09-07 17:47:10,839 [61.71670842170715] pydexcom DEBUG: Retrieve glucose readings from the glucose readings endpoint
+2025-09-07 17:47:10,962 [61.83960962295532] urllib3.connectionpool DEBUG: https://share2.dexcom.com:443 "POST /ShareWebServices/Services/General/LoginPublisherAccountById HTTP/1.1" 200 38
+2025-09-07 17:47:10,977 [61.8548469543457] urllib3.connectionpool DEBUG: https://share2.dexcom.com:443 "POST /ShareWebServices/Services/Publisher/ReadPublisherLatestGlucoseValues?sessionId=db75fa9f-47b5-4f15-b62a-9eabd11c2782&minutes=1440&maxCount=1 HTTP/1.1" 200 None
+2025-09-07 17:47:10,977 [61.8548469543457] pydexcom DEBUG: Retrieve glucose readings from the glucose readings endpoint
+2025-09-07 17:47:10,977 [61.8548469543457] notifier INFO: Requesting url https://share2.dexcom.com/ShareWebServices/Services
+2025-09-07 17:47:10,977 [61.8548469543457] pydexcom DEBUG: Retrieve glucose readings from the glucose readings endpoint
+2025-09-07 17:47:11,110 [61.98760390281677] urllib3.connectionpool DEBUG: https://share2.dexcom.com:443 "POST /ShareWebServices/Services/Publisher/ReadPublisherLatestGlucoseValues?sessionId=db75fa9f-47b5-4f15-b62a-9eabd11c2782&minutes=1440&maxCount=1 HTTP/1.1" 200 None
+2025-09-07 17:47:11,110 [61.98760390281677] urllib3.connectionpool DEBUG: https://share2.dexcom.com:443 "POST /ShareWebServices/Services/Publisher/ReadPublisherLatestGlucoseValues?sessionId=db75fa9f-47b5-4f15-b62a-9eabd11c2782&minutes=1440&maxCount=1 HTTP/1.1" 200 None
+2025-09-07 17:47:11,282 [62.16000699996948] status INFO: Requesting url: https://share2.dexcom.com/ShareWebServices/Services/General/AuthenticatePublisherAccount
+2025-09-07 17:47:11,282 [62.16000699996948] urllib3.connectionpool DEBUG: Starting new HTTPS connection (1): share2.dexcom.com:443
+2025-09-07 17:47:11,578 [62.456093072891235] urllib3.connectionpool DEBUG: https://share2.dexcom.com:443 "GET /ShareWebServices/Services/General/AuthenticatePublisherAccount HTTP/1.1" 405 176
+2025-09-07 17:47:12,117 [62.99449825286865] notifier INFO: Requesting url https://share2.dexcom.com/ShareWebServices/Services
+2025-09-07 17:47:12,117 [62.99449825286865] pydexcom DEBUG: Retrieve glucose readings from the glucose readings endpoint
+2025-09-07 17:47:12,257 [63.1345591545105] urllib3.connectionpool DEBUG: https://share2.dexcom.com:443 "POST /ShareWebServices/Services/Publisher/ReadPublisherLatestGlucoseValues?sessionId=db75fa9f-47b5-4f15-b62a-9eabd11c2782&minutes=1440&maxCount=1 HTTP/1.1" 200 None
+2025-09-07 17:47:12,257 [63.1345591545105] notifier INFO: Requesting url https://share2.dexcom.com/ShareWebServices/Services
+2025-09-07 17:47:12,257 [63.1345591545105] pydexcom DEBUG: Retrieve glucose readings from the glucose readings endpoint
+2025-09-07 17:47:12,382 [63.2593412399292] urllib3.connectionpool DEBUG: https://share2.dexcom.com:443 "POST /ShareWebServices/Services/Publisher/ReadPublisherLatestGlucoseValues?sessionId=db75fa9f-47b5-4f15-b62a-9eabd11c2782&minutes=1440&maxCount=1 HTTP/1.1" 200 None
+2025-09-07 17:47:12,582 [63.460023641586304] status INFO: Requesting url: https://share2.dexcom.com/ShareWebServices/Services/General/AuthenticatePublisherAccount
+2025-09-07 17:47:12,582 [63.460023641586304] urllib3.connectionpool DEBUG: Starting new HTTPS connection (1): share2.dexcom.com:443
+2025-09-07 17:47:12,760 [63.63801383972168] pydexcom DEBUG: Retrieve glucose readings from the glucose readings endpoint
+2025-09-07 17:47:12,920 [63.797768115997314] urllib3.connectionpool DEBUG: https://share2.dexcom.com:443 "POST /ShareWebServices/Services/Publisher/ReadPublisherLatestGlucoseValues?sessionId=db75fa9f-47b5-4f15-b62a-9eabd11c2782&minutes=1440&maxCount=1 HTTP/1.1" 200 None
+2025-09-07 17:47:13,111 [63.988466024398804] urllib3.connectionpool DEBUG: https://share2.dexcom.com:443 "GET /ShareWebServices/Services/General/AuthenticatePublisherAccount HTTP/1.1" 405 176
+2025-09-07 17:47:13,389 [64.26727056503296] notifier INFO: Requesting url https://share2.dexcom.com/ShareWebServices/Services
+2025-09-07 17:47:13,389 [64.26727056503296] pydexcom DEBUG: Retrieve glucose readings from the glucose readings endpoint
+2025-09-07 17:47:13,531 [64.40857434272766] urllib3.connectionpool DEBUG: https://share2.dexcom.com:443 "POST /ShareWebServices/Services/Publisher/ReadPublisherLatestGlucoseValues?sessionId=db75fa9f-47b5-4f15-b62a-9eabd11c2782&minutes=1440&maxCount=1 HTTP/1.1" 200 None
+2025-09-07 17:47:13,531 [64.40857434272766] notifier INFO: Requesting url https://share2.dexcom.com/ShareWebServices/Services
+2025-09-07 17:47:13,531 [64.40857434272766] pydexcom DEBUG: Retrieve glucose readings from the glucose readings endpoint
+2025-09-07 17:47:13,659 [64.53677248954773] urllib3.connectionpool DEBUG: https://share2.dexcom.com:443 "POST /ShareWebServices/Services/Publisher/ReadPublisherLatestGlucoseValues?sessionId=db75fa9f-47b5-4f15-b62a-9eabd11c2782&minutes=1440&maxCount=1 HTTP/1.1" 200 None
+2025-09-07 17:47:14,118 [64.99546909332275] status INFO: Requesting url: https://share2.dexcom.com/ShareWebServices/Services/General/AuthenticatePublisherAccount
+2025-09-07 17:47:14,118 [64.99546909332275] urllib3.connectionpool DEBUG: Starting new HTTPS connection (1): share2.dexcom.com:443
+2025-09-07 17:47:14,358 [65.23590803146362] urllib3.connectionpool DEBUG: https://share2.dexcom.com:443 "GET /ShareWebServices/Services/General/AuthenticatePublisherAccount HTTP/1.1" 405 176
+2025-09-07 17:47:14,661 [65.53845930099487] notifier INFO: Requesting url https://share2.dexcom.com/ShareWebServices/Services
+2025-09-07 17:47:14,661 [65.53845930099487] pydexcom DEBUG: Retrieve glucose readings from the glucose readings endpoint
+2025-09-07 17:47:14,792 [65.66936564445496] urllib3.connectionpool DEBUG: https://share2.dexcom.com:443 "POST /ShareWebServices/Services/Publisher/ReadPublisherLatestGlucoseValues?sessionId=db75fa9f-47b5-4f15-b62a-9eabd11c2782&minutes=1440&maxCount=1 HTTP/1.1" 200 None
+2025-09-07 17:47:14,792 [65.6700086593628] notifier INFO: Requesting url https://share2.dexcom.com/ShareWebServices/Services
+2025-09-07 17:47:14,792 [65.6700086593628] pydexcom DEBUG: Retrieve glucose readings from the glucose readings endpoint
+2025-09-07 17:47:14,913 [65.79036021232605] urllib3.connectionpool DEBUG: https://share2.dexcom.com:443 "POST /ShareWebServices/Services/Publisher/ReadPublisherLatestGlucoseValues?sessionId=db75fa9f-47b5-4f15-b62a-9eabd11c2782&minutes=1440&maxCount=1 HTTP/1.1" 200 None
+2025-09-07 17:47:15,365 [66.24260473251343] status INFO: Requesting url: https://share2.dexcom.com/ShareWebServices/Services/General/AuthenticatePublisherAccount
+2025-09-07 17:47:15,365 [66.24260473251343] urllib3.connectionpool DEBUG: Starting new HTTPS connection (1): share2.dexcom.com:443
+2025-09-07 17:47:15,624 [66.50185513496399] urllib3.connectionpool DEBUG: https://share2.dexcom.com:443 "GET /ShareWebServices/Services/General/AuthenticatePublisherAccount HTTP/1.1" 405 176
+2025-09-07 17:47:15,920 [66.7976062297821] notifier INFO: Requesting url https://share2.dexcom.com/ShareWebServices/Services
+2025-09-07 17:47:15,920 [66.7976062297821] pydexcom DEBUG: Retrieve glucose readings from the glucose readings endpoint
+2025-09-07 17:47:16,047 [66.92521619796753] urllib3.connectionpool DEBUG: https://share2.dexcom.com:443 "POST /ShareWebServices/Services/Publisher/ReadPublisherLatestGlucoseValues?sessionId=db75fa9f-47b5-4f15-b62a-9eabd11c2782&minutes=1440&maxCount=1 HTTP/1.1" 200 None
+2025-09-07 17:47:16,047 [66.92521619796753] notifier INFO: Requesting url https://share2.dexcom.com/ShareWebServices/Services
+2025-09-07 17:47:16,047 [66.92521619796753] pydexcom DEBUG: Retrieve glucose readings from the glucose readings endpoint
+2025-09-07 17:47:16,117 [66.99513483047485] notifier INFO: Requesting url General/AuthenticatePublisherAccount
+2025-09-07 17:47:16,117 [66.99513483047485] pydexcom DEBUG: Retrieve account ID from the authentication endpoint
+2025-09-07 17:47:16,117 [66.99513483047485] urllib3.connectionpool DEBUG: Starting new HTTPS connection (1): share2.dexcom.com:443
+2025-09-07 17:47:16,160 [67.03811931610107] urllib3.connectionpool DEBUG: https://share2.dexcom.com:443 "POST /ShareWebServices/Services/Publisher/ReadPublisherLatestGlucoseValues?sessionId=db75fa9f-47b5-4f15-b62a-9eabd11c2782&minutes=1440&maxCount=1 HTTP/1.1" 200 None
+2025-09-07 17:47:16,608 [67.48533868789673] urllib3.connectionpool DEBUG: https://share2.dexcom.com:443 "POST /ShareWebServices/Services/General/AuthenticatePublisherAccount HTTP/1.1" 200 38
+2025-09-07 17:47:16,608 [67.48533868789673] pydexcom DEBUG: Retrieve session ID from the login endpoint
+2025-09-07 17:47:16,634 [67.51174330711365] status INFO: Requesting url: https://share2.dexcom.com/ShareWebServices/Services/General/AuthenticatePublisherAccount
+2025-09-07 17:47:16,634 [67.51174330711365] urllib3.connectionpool DEBUG: Starting new HTTPS connection (1): share2.dexcom.com:443
+2025-09-07 17:47:16,912 [67.78966665267944] urllib3.connectionpool DEBUG: https://share2.dexcom.com:443 "GET /ShareWebServices/Services/General/AuthenticatePublisherAccount HTTP/1.1" 405 176
+2025-09-07 17:47:17,070 [67.94747686386108] urllib3.connectionpool DEBUG: https://share2.dexcom.com:443 "POST /ShareWebServices/Services/General/LoginPublisherAccountById HTTP/1.1" 200 38
+2025-09-07 17:47:17,086 [67.96339416503906] pydexcom DEBUG: Retrieve glucose readings from the glucose readings endpoint
+2025-09-07 17:47:17,162 [68.03953051567078] notifier INFO: Requesting url https://share2.dexcom.com/ShareWebServices/Services
+2025-09-07 17:47:17,162 [68.03953051567078] pydexcom DEBUG: Retrieve glucose readings from the glucose readings endpoint
+2025-09-07 17:47:17,236 [68.11394190788269] urllib3.connectionpool DEBUG: https://share2.dexcom.com:443 "POST /ShareWebServices/Services/Publisher/ReadPublisherLatestGlucoseValues?sessionId=db75fa9f-47b5-4f15-b62a-9eabd11c2782&minutes=1440&maxCount=1 HTTP/1.1" 200 None
+2025-09-07 17:47:17,292 [68.16937708854675] urllib3.connectionpool DEBUG: https://share2.dexcom.com:443 "POST /ShareWebServices/Services/Publisher/ReadPublisherLatestGlucoseValues?sessionId=db75fa9f-47b5-4f15-b62a-9eabd11c2782&minutes=1440&maxCount=1 HTTP/1.1" 200 None
+2025-09-07 17:47:17,292 [68.16937708854675] notifier INFO: Requesting url https://share2.dexcom.com/ShareWebServices/Services
+2025-09-07 17:47:17,292 [68.16937708854675] pydexcom DEBUG: Retrieve glucose readings from the glucose readings endpoint
+2025-09-07 17:47:17,418 [68.29600286483765] urllib3.connectionpool DEBUG: https://share2.dexcom.com:443 "POST /ShareWebServices/Services/Publisher/ReadPublisherLatestGlucoseValues?sessionId=db75fa9f-47b5-4f15-b62a-9eabd11c2782&minutes=1440&maxCount=1 HTTP/1.1" 200 None
+2025-09-07 17:47:17,914 [68.79184174537659] status INFO: Requesting url: https://share2.dexcom.com/ShareWebServices/Services/General/AuthenticatePublisherAccount
+2025-09-07 17:47:17,914 [68.79184174537659] urllib3.connectionpool DEBUG: Starting new HTTPS connection (1): share2.dexcom.com:443
+2025-09-07 17:47:17,928 [68.8060941696167] pydexcom DEBUG: Retrieve glucose readings from the glucose readings endpoint
+2025-09-07 17:47:18,093 [68.9710841178894] urllib3.connectionpool DEBUG: https://share2.dexcom.com:443 "POST /ShareWebServices/Services/Publisher/ReadPublisherLatestGlucoseValues?sessionId=db75fa9f-47b5-4f15-b62a-9eabd11c2782&minutes=1440&maxCount=1 HTTP/1.1" 200 None
+2025-09-07 17:47:18,169 [69.0469560623169] urllib3.connectionpool DEBUG: https://share2.dexcom.com:443 "GET /ShareWebServices/Services/General/AuthenticatePublisherAccount HTTP/1.1" 405 176
+2025-09-07 17:47:18,429 [69.30642628669739] notifier INFO: Requesting url https://share2.dexcom.com/ShareWebServices/Services
+2025-09-07 17:47:18,429 [69.30642628669739] pydexcom DEBUG: Retrieve glucose readings from the glucose readings endpoint
+2025-09-07 17:47:18,554 [69.43173694610596] urllib3.connectionpool DEBUG: https://share2.dexcom.com:443 "POST /ShareWebServices/Services/Publisher/ReadPublisherLatestGlucoseValues?sessionId=db75fa9f-47b5-4f15-b62a-9eabd11c2782&minutes=1440&maxCount=1 HTTP/1.1" 200 None
+2025-09-07 17:47:18,554 [69.43173694610596] notifier INFO: Requesting url https://share2.dexcom.com/ShareWebServices/Services
+2025-09-07 17:47:18,554 [69.43173694610596] pydexcom DEBUG: Retrieve glucose readings from the glucose readings endpoint
+2025-09-07 17:47:18,680 [69.55802583694458] urllib3.connectionpool DEBUG: https://share2.dexcom.com:443 "POST /ShareWebServices/Services/Publisher/ReadPublisherLatestGlucoseValues?sessionId=db75fa9f-47b5-4f15-b62a-9eabd11c2782&minutes=1440&maxCount=1 HTTP/1.1" 200 None
+2025-09-07 17:47:19,171 [70.04873180389404] status INFO: Requesting url: https://share2.dexcom.com/ShareWebServices/Services/General/AuthenticatePublisherAccount
+2025-09-07 17:47:19,171 [70.04873180389404] urllib3.connectionpool DEBUG: Starting new HTTPS connection (1): share2.dexcom.com:443
+2025-09-07 17:47:19,441 [70.31843614578247] urllib3.connectionpool DEBUG: https://share2.dexcom.com:443 "GET /ShareWebServices/Services/General/AuthenticatePublisherAccount HTTP/1.1" 405 176
+2025-09-07 17:47:19,684 [70.56223464012146] notifier INFO: Requesting url https://share2.dexcom.com/ShareWebServices/Services
+2025-09-07 17:47:19,684 [70.56223464012146] pydexcom DEBUG: Retrieve glucose readings from the glucose readings endpoint
+2025-09-07 17:47:19,820 [70.69790840148926] urllib3.connectionpool DEBUG: https://share2.dexcom.com:443 "POST /ShareWebServices/Services/Publisher/ReadPublisherLatestGlucoseValues?sessionId=db75fa9f-47b5-4f15-b62a-9eabd11c2782&minutes=1440&maxCount=1 HTTP/1.1" 200 None
+2025-09-07 17:47:19,820 [70.69790840148926] notifier INFO: Requesting url https://share2.dexcom.com/ShareWebServices/Services
+2025-09-07 17:47:19,820 [70.69790840148926] pydexcom DEBUG: Retrieve glucose readings from the glucose readings endpoint
+2025-09-07 17:47:19,947 [70.8249442577362] urllib3.connectionpool DEBUG: https://share2.dexcom.com:443 "POST /ShareWebServices/Services/Publisher/ReadPublisherLatestGlucoseValues?sessionId=db75fa9f-47b5-4f15-b62a-9eabd11c2782&minutes=1440&maxCount=1 HTTP/1.1" 200 None
+2025-09-07 17:47:20,448 [71.3253242969513] status INFO: Requesting url: https://share2.dexcom.com/ShareWebServices/Services/General/AuthenticatePublisherAccount
+2025-09-07 17:47:20,449 [71.32652449607849] urllib3.connectionpool DEBUG: Starting new HTTPS connection (1): share2.dexcom.com:443
+2025-09-07 17:47:20,701 [71.57844710350037] urllib3.connectionpool DEBUG: https://share2.dexcom.com:443 "GET /ShareWebServices/Services/General/AuthenticatePublisherAccount HTTP/1.1" 405 176
+2025-09-07 17:47:21,007 [71.88453364372253] notifier INFO: Requesting url https://share2.dexcom.com/ShareWebServices/Services
+2025-09-07 17:47:21,007 [71.88453364372253] pydexcom DEBUG: Retrieve glucose readings from the glucose readings endpoint
+2025-09-07 17:47:21,139 [72.01656913757324] urllib3.connectionpool DEBUG: https://share2.dexcom.com:443 "POST /ShareWebServices/Services/Publisher/ReadPublisherLatestGlucoseValues?sessionId=db75fa9f-47b5-4f15-b62a-9eabd11c2782&minutes=1440&maxCount=1 HTTP/1.1" 200 None
+2025-09-07 17:47:21,139 [72.01656913757324] notifier INFO: Requesting url https://share2.dexcom.com/ShareWebServices/Services
+2025-09-07 17:47:21,139 [72.01656913757324] pydexcom DEBUG: Retrieve glucose readings from the glucose readings endpoint
+2025-09-07 17:47:21,281 [72.15832185745239] urllib3.connectionpool DEBUG: https://share2.dexcom.com:443 "POST /ShareWebServices/Services/Publisher/ReadPublisherLatestGlucoseValues?sessionId=db75fa9f-47b5-4f15-b62a-9eabd11c2782&minutes=1440&maxCount=1 HTTP/1.1" 200 None
+2025-09-07 17:47:21,708 [72.58575534820557] status INFO: Requesting url: https://share2.dexcom.com/ShareWebServices/Services/General/AuthenticatePublisherAccount
+2025-09-07 17:47:21,708 [72.58575534820557] urllib3.connectionpool DEBUG: Starting new HTTPS connection (1): share2.dexcom.com:443
+2025-09-07 17:47:21,965 [72.8424129486084] urllib3.connectionpool DEBUG: https://share2.dexcom.com:443 "GET /ShareWebServices/Services/General/AuthenticatePublisherAccount HTTP/1.1" 405 176
+2025-09-07 17:47:22,266 [73.14376950263977] notifier INFO: Requesting url General/AuthenticatePublisherAccount
+2025-09-07 17:47:22,266 [73.14376950263977] pydexcom DEBUG: Retrieve account ID from the authentication endpoint
+2025-09-07 17:47:22,266 [73.14376950263977] urllib3.connectionpool DEBUG: Starting new HTTPS connection (1): share2.dexcom.com:443
+2025-09-07 17:47:22,294 [73.17175316810608] notifier INFO: Requesting url https://share2.dexcom.com/ShareWebServices/Services
+2025-09-07 17:47:22,294 [73.17175316810608] pydexcom DEBUG: Retrieve glucose readings from the glucose readings endpoint
+2025-09-07 17:47:22,408 [73.28583407402039] urllib3.connectionpool DEBUG: https://share2.dexcom.com:443 "POST /ShareWebServices/Services/Publisher/ReadPublisherLatestGlucoseValues?sessionId=db75fa9f-47b5-4f15-b62a-9eabd11c2782&minutes=1440&maxCount=1 HTTP/1.1" 200 None
+2025-09-07 17:47:22,408 [73.28583407402039] notifier INFO: Requesting url https://share2.dexcom.com/ShareWebServices/Services
+2025-09-07 17:47:22,408 [73.28583407402039] pydexcom DEBUG: Retrieve glucose readings from the glucose readings endpoint
+2025-09-07 17:47:22,519 [73.3964991569519] urllib3.connectionpool DEBUG: https://share2.dexcom.com:443 "POST /ShareWebServices/Services/Publisher/ReadPublisherLatestGlucoseValues?sessionId=db75fa9f-47b5-4f15-b62a-9eabd11c2782&minutes=1440&maxCount=1 HTTP/1.1" 200 None
+2025-09-07 17:47:22,741 [73.61899495124817] urllib3.connectionpool DEBUG: https://share2.dexcom.com:443 "POST /ShareWebServices/Services/General/AuthenticatePublisherAccount HTTP/1.1" 200 38
+2025-09-07 17:47:22,741 [73.61899495124817] pydexcom DEBUG: Retrieve session ID from the login endpoint
+2025-09-07 17:47:22,968 [73.84556603431702] status INFO: Requesting url: https://share2.dexcom.com/ShareWebServices/Services/General/AuthenticatePublisherAccount
+2025-09-07 17:47:22,968 [73.84556603431702] urllib3.connectionpool DEBUG: Starting new HTTPS connection (1): share2.dexcom.com:443
+2025-09-07 17:47:23,098 [73.97628426551819] pydexcom DEBUG: Retrieve glucose readings from the glucose readings endpoint
+2025-09-07 17:47:23,199 [74.07642602920532] urllib3.connectionpool DEBUG: https://share2.dexcom.com:443 "GET /ShareWebServices/Services/General/AuthenticatePublisherAccount HTTP/1.1" 405 176
+2025-09-07 17:47:23,222 [74.10012125968933] urllib3.connectionpool DEBUG: https://share2.dexcom.com:443 "POST /ShareWebServices/Services/Publisher/ReadPublisherLatestGlucoseValues?sessionId=db75fa9f-47b5-4f15-b62a-9eabd11c2782&minutes=1440&maxCount=1 HTTP/1.1" 200 None
+2025-09-07 17:47:23,370 [74.24737477302551] urllib3.connectionpool DEBUG: https://share2.dexcom.com:443 "POST /ShareWebServices/Services/General/LoginPublisherAccountById HTTP/1.1" 200 38
+2025-09-07 17:47:23,379 [74.25674986839294] pydexcom DEBUG: Retrieve glucose readings from the glucose readings endpoint
+2025-09-07 17:47:23,496 [74.37352538108826] urllib3.connectionpool DEBUG: https://share2.dexcom.com:443 "POST /ShareWebServices/Services/Publisher/ReadPublisherLatestGlucoseValues?sessionId=db75fa9f-47b5-4f15-b62a-9eabd11c2782&minutes=1440&maxCount=1 HTTP/1.1" 200 None
+2025-09-07 17:47:23,526 [74.40420293807983] notifier INFO: Requesting url https://share2.dexcom.com/ShareWebServices/Services
+2025-09-07 17:47:23,526 [74.40420293807983] pydexcom DEBUG: Retrieve glucose readings from the glucose readings endpoint
+2025-09-07 17:47:23,650 [74.5276210308075] urllib3.connectionpool DEBUG: https://share2.dexcom.com:443 "POST /ShareWebServices/Services/Publisher/ReadPublisherLatestGlucoseValues?sessionId=db75fa9f-47b5-4f15-b62a-9eabd11c2782&minutes=1440&maxCount=1 HTTP/1.1" 200 None
+2025-09-07 17:47:23,650 [74.5276210308075] notifier INFO: Requesting url https://share2.dexcom.com/ShareWebServices/Services
+2025-09-07 17:47:23,650 [74.5276210308075] pydexcom DEBUG: Retrieve glucose readings from the glucose readings endpoint
+2025-09-07 17:47:23,776 [74.65393614768982] urllib3.connectionpool DEBUG: https://share2.dexcom.com:443 "POST /ShareWebServices/Services/Publisher/ReadPublisherLatestGlucoseValues?sessionId=db75fa9f-47b5-4f15-b62a-9eabd11c2782&minutes=1440&maxCount=1 HTTP/1.1" 200 None
+2025-09-07 17:47:24,203 [75.08123731613159] status INFO: Requesting url: https://share2.dexcom.com/ShareWebServices/Services/General/AuthenticatePublisherAccount
+2025-09-07 17:47:24,203 [75.08123731613159] urllib3.connectionpool DEBUG: Starting new HTTPS connection (1): share2.dexcom.com:443
+2025-09-07 17:47:24,457 [75.33463430404663] urllib3.connectionpool DEBUG: https://share2.dexcom.com:443 "GET /ShareWebServices/Services/General/AuthenticatePublisherAccount HTTP/1.1" 405 176
+2025-09-07 17:47:24,791 [75.6691792011261] notifier INFO: Requesting url https://share2.dexcom.com/ShareWebServices/Services
+2025-09-07 17:47:24,791 [75.6691792011261] pydexcom DEBUG: Retrieve glucose readings from the glucose readings endpoint
+2025-09-07 17:47:24,950 [75.82787084579468] urllib3.connectionpool DEBUG: https://share2.dexcom.com:443 "POST /ShareWebServices/Services/Publisher/ReadPublisherLatestGlucoseValues?sessionId=db75fa9f-47b5-4f15-b62a-9eabd11c2782&minutes=1440&maxCount=1 HTTP/1.1" 200 None
+2025-09-07 17:47:24,950 [75.82787084579468] notifier INFO: Requesting url https://share2.dexcom.com/ShareWebServices/Services
+2025-09-07 17:47:24,950 [75.82787084579468] pydexcom DEBUG: Retrieve glucose readings from the glucose readings endpoint
+2025-09-07 17:47:25,068 [75.94579887390137] urllib3.connectionpool DEBUG: https://share2.dexcom.com:443 "POST /ShareWebServices/Services/Publisher/ReadPublisherLatestGlucoseValues?sessionId=db75fa9f-47b5-4f15-b62a-9eabd11c2782&minutes=1440&maxCount=1 HTTP/1.1" 200 None
+2025-09-07 17:47:25,463 [76.3411180973053] status INFO: Requesting url: https://share2.dexcom.com/ShareWebServices/Services/General/AuthenticatePublisherAccount
+2025-09-07 17:47:25,463 [76.3411180973053] urllib3.connectionpool DEBUG: Starting new HTTPS connection (1): share2.dexcom.com:443
+2025-09-07 17:47:25,702 [76.58013916015625] urllib3.connectionpool DEBUG: https://share2.dexcom.com:443 "GET /ShareWebServices/Services/General/AuthenticatePublisherAccount HTTP/1.1" 405 176
+2025-09-07 17:47:26,071 [76.94887328147888] notifier INFO: Requesting url https://share2.dexcom.com/ShareWebServices/Services
+2025-09-07 17:47:26,071 [76.94887328147888] pydexcom DEBUG: Retrieve glucose readings from the glucose readings endpoint
+2025-09-07 17:47:26,216 [77.09348845481873] urllib3.connectionpool DEBUG: https://share2.dexcom.com:443 "POST /ShareWebServices/Services/Publisher/ReadPublisherLatestGlucoseValues?sessionId=db75fa9f-47b5-4f15-b62a-9eabd11c2782&minutes=1440&maxCount=1 HTTP/1.1" 200 None
+2025-09-07 17:47:26,216 [77.09348845481873] notifier INFO: Requesting url https://share2.dexcom.com/ShareWebServices/Services
+2025-09-07 17:47:26,216 [77.09348845481873] pydexcom DEBUG: Retrieve glucose readings from the glucose readings endpoint
+2025-09-07 17:47:26,344 [77.22151231765747] urllib3.connectionpool DEBUG: https://share2.dexcom.com:443 "POST /ShareWebServices/Services/Publisher/ReadPublisherLatestGlucoseValues?sessionId=db75fa9f-47b5-4f15-b62a-9eabd11c2782&minutes=1440&maxCount=1 HTTP/1.1" 200 None
+2025-09-07 17:47:26,709 [77.58656978607178] status INFO: Requesting url: https://share2.dexcom.com/ShareWebServices/Services/General/AuthenticatePublisherAccount
+2025-09-07 17:47:26,709 [77.58656978607178] urllib3.connectionpool DEBUG: Starting new HTTPS connection (1): share2.dexcom.com:443
+2025-09-07 17:47:26,966 [77.84362459182739] urllib3.connectionpool DEBUG: https://share2.dexcom.com:443 "GET /ShareWebServices/Services/General/AuthenticatePublisherAccount HTTP/1.1" 405 176
+2025-09-07 17:47:27,359 [78.2371563911438] notifier INFO: Requesting url https://share2.dexcom.com/ShareWebServices/Services
+2025-09-07 17:47:27,359 [78.2371563911438] pydexcom DEBUG: Retrieve glucose readings from the glucose readings endpoint
+2025-09-07 17:47:27,532 [78.41007423400879] urllib3.connectionpool DEBUG: https://share2.dexcom.com:443 "POST /ShareWebServices/Services/Publisher/ReadPublisherLatestGlucoseValues?sessionId=db75fa9f-47b5-4f15-b62a-9eabd11c2782&minutes=1440&maxCount=1 HTTP/1.1" 200 None
+2025-09-07 17:47:27,532 [78.41007423400879] notifier INFO: Requesting url https://share2.dexcom.com/ShareWebServices/Services
+2025-09-07 17:47:27,532 [78.41007423400879] pydexcom DEBUG: Retrieve glucose readings from the glucose readings endpoint
+2025-09-07 17:47:27,674 [78.55165648460388] urllib3.connectionpool DEBUG: https://share2.dexcom.com:443 "POST /ShareWebServices/Services/Publisher/ReadPublisherLatestGlucoseValues?sessionId=db75fa9f-47b5-4f15-b62a-9eabd11c2782&minutes=1440&maxCount=1 HTTP/1.1" 200 None
+2025-09-07 17:47:27,971 [78.84910583496094] status INFO: Requesting url: https://share2.dexcom.com/ShareWebServices/Services/General/AuthenticatePublisherAccount
+2025-09-07 17:47:27,971 [78.84910583496094] urllib3.connectionpool DEBUG: Starting new HTTPS connection (1): share2.dexcom.com:443
+2025-09-07 17:47:28,226 [79.10375475883484] pydexcom DEBUG: Retrieve glucose readings from the glucose readings endpoint
+2025-09-07 17:47:28,232 [79.10977625846863] urllib3.connectionpool DEBUG: https://share2.dexcom.com:443 "GET /ShareWebServices/Services/General/AuthenticatePublisherAccount HTTP/1.1" 405 176
+2025-09-07 17:47:28,362 [79.23957395553589] urllib3.connectionpool DEBUG: https://share2.dexcom.com:443 "POST /ShareWebServices/Services/Publisher/ReadPublisherLatestGlucoseValues?sessionId=db75fa9f-47b5-4f15-b62a-9eabd11c2782&minutes=1440&maxCount=1 HTTP/1.1" 200 None
+2025-09-07 17:47:28,512 [79.38934063911438] notifier INFO: Requesting url General/AuthenticatePublisherAccount
+2025-09-07 17:47:28,512 [79.38934063911438] pydexcom DEBUG: Retrieve account ID from the authentication endpoint
+2025-09-07 17:47:28,512 [79.38934063911438] urllib3.connectionpool DEBUG: Starting new HTTPS connection (1): share2.dexcom.com:443
+2025-09-07 17:47:28,675 [79.55311155319214] notifier INFO: Requesting url https://share2.dexcom.com/ShareWebServices/Services
+2025-09-07 17:47:28,675 [79.55311155319214] pydexcom DEBUG: Retrieve glucose readings from the glucose readings endpoint
+2025-09-07 17:47:28,813 [79.6903223991394] urllib3.connectionpool DEBUG: https://share2.dexcom.com:443 "POST /ShareWebServices/Services/Publisher/ReadPublisherLatestGlucoseValues?sessionId=db75fa9f-47b5-4f15-b62a-9eabd11c2782&minutes=1440&maxCount=1 HTTP/1.1" 200 None
+2025-09-07 17:47:28,816 [79.69406771659851] notifier INFO: Requesting url https://share2.dexcom.com/ShareWebServices/Services
+2025-09-07 17:47:28,816 [79.69406771659851] pydexcom DEBUG: Retrieve glucose readings from the glucose readings endpoint
+2025-09-07 17:47:28,922 [79.79977202415466] urllib3.connectionpool DEBUG: https://share2.dexcom.com:443 "POST /ShareWebServices/Services/Publisher/ReadPublisherLatestGlucoseValues?sessionId=db75fa9f-47b5-4f15-b62a-9eabd11c2782&minutes=1440&maxCount=1 HTTP/1.1" 200 None
+2025-09-07 17:47:28,971 [79.84833860397339] urllib3.connectionpool DEBUG: https://share2.dexcom.com:443 "POST /ShareWebServices/Services/General/AuthenticatePublisherAccount HTTP/1.1" 200 38
+2025-09-07 17:47:28,971 [79.84833860397339] pydexcom DEBUG: Retrieve session ID from the login endpoint
+2025-09-07 17:47:29,234 [80.11194920539856] status INFO: Requesting url: https://share2.dexcom.com/ShareWebServices/Services/General/AuthenticatePublisherAccount
+2025-09-07 17:47:29,235 [80.11246299743652] urllib3.connectionpool DEBUG: Starting new HTTPS connection (1): share2.dexcom.com:443
+2025-09-07 17:47:29,461 [80.3388557434082] urllib3.connectionpool DEBUG: https://share2.dexcom.com:443 "GET /ShareWebServices/Services/General/AuthenticatePublisherAccount HTTP/1.1" 405 176
+2025-09-07 17:47:29,461 [80.3388557434082] urllib3.connectionpool DEBUG: https://share2.dexcom.com:443 "POST /ShareWebServices/Services/General/LoginPublisherAccountById HTTP/1.1" 200 38
+2025-09-07 17:47:29,477 [80.3549473285675] pydexcom DEBUG: Retrieve glucose readings from the glucose readings endpoint
+2025-09-07 17:47:29,584 [80.4614508152008] urllib3.connectionpool DEBUG: https://share2.dexcom.com:443 "POST /ShareWebServices/Services/Publisher/ReadPublisherLatestGlucoseValues?sessionId=db75fa9f-47b5-4f15-b62a-9eabd11c2782&minutes=1440&maxCount=1 HTTP/1.1" 200 None
+2025-09-07 17:47:29,932 [80.80984020233154] notifier INFO: Requesting url https://share2.dexcom.com/ShareWebServices/Services
+2025-09-07 17:47:29,932 [80.80984020233154] pydexcom DEBUG: Retrieve glucose readings from the glucose readings endpoint
+2025-09-07 17:47:30,125 [81.00295734405518] urllib3.connectionpool DEBUG: https://share2.dexcom.com:443 "POST /ShareWebServices/Services/Publisher/ReadPublisherLatestGlucoseValues?sessionId=db75fa9f-47b5-4f15-b62a-9eabd11c2782&minutes=1440&maxCount=1 HTTP/1.1" 200 None
+2025-09-07 17:47:30,125 [81.00295734405518] notifier INFO: Requesting url https://share2.dexcom.com/ShareWebServices/Services
+2025-09-07 17:47:30,125 [81.00295734405518] pydexcom DEBUG: Retrieve glucose readings from the glucose readings endpoint
+2025-09-07 17:47:30,252 [81.12938475608826] urllib3.connectionpool DEBUG: https://share2.dexcom.com:443 "POST /ShareWebServices/Services/Publisher/ReadPublisherLatestGlucoseValues?sessionId=db75fa9f-47b5-4f15-b62a-9eabd11c2782&minutes=1440&maxCount=1 HTTP/1.1" 200 None
+2025-09-07 17:47:30,468 [81.3462028503418] status INFO: Requesting url: https://share2.dexcom.com/ShareWebServices/Services/General/AuthenticatePublisherAccount
+2025-09-07 17:47:30,468 [81.3462028503418] urllib3.connectionpool DEBUG: Starting new HTTPS connection (1): share2.dexcom.com:443
+2025-09-07 17:47:30,679 [81.55688953399658] urllib3.connectionpool DEBUG: https://share2.dexcom.com:443 "GET /ShareWebServices/Services/General/AuthenticatePublisherAccount HTTP/1.1" 405 176
+2025-09-07 17:47:31,253 [82.13109636306763] notifier INFO: Requesting url https://share2.dexcom.com/ShareWebServices/Services
+2025-09-07 17:47:31,253 [82.13109636306763] pydexcom DEBUG: Retrieve glucose readings from the glucose readings endpoint
+2025-09-07 17:47:31,377 [82.25452756881714] urllib3.connectionpool DEBUG: https://share2.dexcom.com:443 "POST /ShareWebServices/Services/Publisher/ReadPublisherLatestGlucoseValues?sessionId=db75fa9f-47b5-4f15-b62a-9eabd11c2782&minutes=1440&maxCount=1 HTTP/1.1" 200 None
+2025-09-07 17:47:31,377 [82.25452756881714] notifier INFO: Requesting url https://share2.dexcom.com/ShareWebServices/Services
+2025-09-07 17:47:31,377 [82.25452756881714] pydexcom DEBUG: Retrieve glucose readings from the glucose readings endpoint
+2025-09-07 17:47:31,519 [82.39663648605347] urllib3.connectionpool DEBUG: https://share2.dexcom.com:443 "POST /ShareWebServices/Services/Publisher/ReadPublisherLatestGlucoseValues?sessionId=db75fa9f-47b5-4f15-b62a-9eabd11c2782&minutes=1440&maxCount=1 HTTP/1.1" 200 None
+2025-09-07 17:47:31,687 [82.56454682350159] status INFO: Requesting url: https://share2.dexcom.com/ShareWebServices/Services/General/AuthenticatePublisherAccount
+2025-09-07 17:47:31,687 [82.56454682350159] urllib3.connectionpool DEBUG: Starting new HTTPS connection (1): share2.dexcom.com:443
+2025-09-07 17:47:31,884 [82.7621111869812] urllib3.connectionpool DEBUG: https://share2.dexcom.com:443 "GET /ShareWebServices/Services/General/AuthenticatePublisherAccount HTTP/1.1" 405 176
+2025-09-07 17:47:32,522 [83.39983749389648] notifier INFO: Requesting url https://share2.dexcom.com/ShareWebServices/Services
+2025-09-07 17:47:32,522 [83.39983749389648] pydexcom DEBUG: Retrieve glucose readings from the glucose readings endpoint
+2025-09-07 17:47:32,663 [83.54070949554443] urllib3.connectionpool DEBUG: https://share2.dexcom.com:443 "POST /ShareWebServices/Services/Publisher/ReadPublisherLatestGlucoseValues?sessionId=db75fa9f-47b5-4f15-b62a-9eabd11c2782&minutes=1440&maxCount=1 HTTP/1.1" 200 None
+2025-09-07 17:47:32,676 [83.55380058288574] notifier INFO: Requesting url https://share2.dexcom.com/ShareWebServices/Services
+2025-09-07 17:47:32,676 [83.55380058288574] pydexcom DEBUG: Retrieve glucose readings from the glucose readings endpoint
+2025-09-07 17:47:32,802 [83.67990851402283] urllib3.connectionpool DEBUG: https://share2.dexcom.com:443 "POST /ShareWebServices/Services/Publisher/ReadPublisherLatestGlucoseValues?sessionId=db75fa9f-47b5-4f15-b62a-9eabd11c2782&minutes=1440&maxCount=1 HTTP/1.1" 200 None
+2025-09-07 17:47:32,890 [83.768230676651] status INFO: Requesting url: https://share2.dexcom.com/ShareWebServices/Services/General/AuthenticatePublisherAccount
+2025-09-07 17:47:32,890 [83.768230676651] urllib3.connectionpool DEBUG: Starting new HTTPS connection (1): share2.dexcom.com:443
+2025-09-07 17:47:33,119 [83.99694085121155] urllib3.connectionpool DEBUG: https://share2.dexcom.com:443 "GET /ShareWebServices/Services/General/AuthenticatePublisherAccount HTTP/1.1" 405 176
+2025-09-07 17:47:33,364 [84.2415611743927] pydexcom DEBUG: Retrieve glucose readings from the glucose readings endpoint
+2025-09-07 17:47:33,500 [84.37787318229675] urllib3.connectionpool DEBUG: https://share2.dexcom.com:443 "POST /ShareWebServices/Services/Publisher/ReadPublisherLatestGlucoseValues?sessionId=db75fa9f-47b5-4f15-b62a-9eabd11c2782&minutes=1440&maxCount=1 HTTP/1.1" 200 None
+2025-09-07 17:47:33,812 [84.68970394134521] notifier INFO: Requesting url https://share2.dexcom.com/ShareWebServices/Services
+2025-09-07 17:47:33,812 [84.68970394134521] pydexcom DEBUG: Retrieve glucose readings from the glucose readings endpoint
+2025-09-07 17:47:33,956 [84.833669424057] urllib3.connectionpool DEBUG: https://share2.dexcom.com:443 "POST /ShareWebServices/Services/Publisher/ReadPublisherLatestGlucoseValues?sessionId=db75fa9f-47b5-4f15-b62a-9eabd11c2782&minutes=1440&maxCount=1 HTTP/1.1" 200 None
+2025-09-07 17:47:33,956 [84.833669424057] notifier INFO: Requesting url https://share2.dexcom.com/ShareWebServices/Services
+2025-09-07 17:47:33,956 [84.833669424057] pydexcom DEBUG: Retrieve glucose readings from the glucose readings endpoint
+2025-09-07 17:47:34,083 [84.96043992042542] urllib3.connectionpool DEBUG: https://share2.dexcom.com:443 "POST /ShareWebServices/Services/Publisher/ReadPublisherLatestGlucoseValues?sessionId=db75fa9f-47b5-4f15-b62a-9eabd11c2782&minutes=1440&maxCount=1 HTTP/1.1" 200 None
+2025-09-07 17:47:34,133 [85.01108908653259] status INFO: Requesting url: https://share2.dexcom.com/ShareWebServices/Services/General/AuthenticatePublisherAccount
+2025-09-07 17:47:34,133 [85.01108908653259] urllib3.connectionpool DEBUG: Starting new HTTPS connection (1): share2.dexcom.com:443
+2025-09-07 17:47:34,333 [85.21051692962646] urllib3.connectionpool DEBUG: https://share2.dexcom.com:443 "GET /ShareWebServices/Services/General/AuthenticatePublisherAccount HTTP/1.1" 405 176
+2025-09-07 17:47:34,592 [85.4700939655304] notifier INFO: Requesting url General/AuthenticatePublisherAccount
+2025-09-07 17:47:34,592 [85.4700939655304] pydexcom DEBUG: Retrieve account ID from the authentication endpoint
+2025-09-07 17:47:34,592 [85.4700939655304] urllib3.connectionpool DEBUG: Starting new HTTPS connection (1): share2.dexcom.com:443
+2025-09-07 17:47:35,090 [85.96755337715149] notifier INFO: Requesting url https://share2.dexcom.com/ShareWebServices/Services
+2025-09-07 17:47:35,090 [85.96755337715149] pydexcom DEBUG: Retrieve glucose readings from the glucose readings endpoint
+2025-09-07 17:47:35,141 [86.01843595504761] urllib3.connectionpool DEBUG: https://share2.dexcom.com:443 "POST /ShareWebServices/Services/General/AuthenticatePublisherAccount HTTP/1.1" 200 38
+2025-09-07 17:47:35,141 [86.01843595504761] pydexcom DEBUG: Retrieve session ID from the login endpoint
+2025-09-07 17:47:35,251 [86.12879776954651] urllib3.connectionpool DEBUG: https://share2.dexcom.com:443 "POST /ShareWebServices/Services/Publisher/ReadPublisherLatestGlucoseValues?sessionId=db75fa9f-47b5-4f15-b62a-9eabd11c2782&minutes=1440&maxCount=1 HTTP/1.1" 200 None
+2025-09-07 17:47:35,267 [86.14481806755066] notifier INFO: Requesting url https://share2.dexcom.com/ShareWebServices/Services
+2025-09-07 17:47:35,267 [86.14481806755066] pydexcom DEBUG: Retrieve glucose readings from the glucose readings endpoint
+2025-09-07 17:47:35,343 [86.22059488296509] status INFO: Requesting url: https://share2.dexcom.com/ShareWebServices/Services/General/AuthenticatePublisherAccount
+2025-09-07 17:47:35,343 [86.22059488296509] urllib3.connectionpool DEBUG: Starting new HTTPS connection (1): share2.dexcom.com:443
+2025-09-07 17:47:35,384 [86.26172089576721] urllib3.connectionpool DEBUG: https://share2.dexcom.com:443 "POST /ShareWebServices/Services/Publisher/ReadPublisherLatestGlucoseValues?sessionId=db75fa9f-47b5-4f15-b62a-9eabd11c2782&minutes=1440&maxCount=1 HTTP/1.1" 200 None
+2025-09-07 17:47:35,531 [86.40875625610352] urllib3.connectionpool DEBUG: https://share2.dexcom.com:443 "GET /ShareWebServices/Services/General/AuthenticatePublisherAccount HTTP/1.1" 405 176
+2025-09-07 17:47:35,560 [86.43760251998901] urllib3.connectionpool DEBUG: https://share2.dexcom.com:443 "POST /ShareWebServices/Services/General/LoginPublisherAccountById HTTP/1.1" 200 38
+2025-09-07 17:47:35,560 [86.43760251998901] pydexcom DEBUG: Retrieve glucose readings from the glucose readings endpoint
+2025-09-07 17:47:35,694 [86.57132649421692] urllib3.connectionpool DEBUG: https://share2.dexcom.com:443 "POST /ShareWebServices/Services/Publisher/ReadPublisherLatestGlucoseValues?sessionId=db75fa9f-47b5-4f15-b62a-9eabd11c2782&minutes=1440&maxCount=1 HTTP/1.1" 200 None
+2025-09-07 17:47:36,394 [87.27217364311218] notifier INFO: Requesting url https://share2.dexcom.com/ShareWebServices/Services
+2025-09-07 17:47:36,394 [87.27217364311218] pydexcom DEBUG: Retrieve glucose readings from the glucose readings endpoint
+2025-09-07 17:47:36,514 [87.39175772666931] urllib3.connectionpool DEBUG: https://share2.dexcom.com:443 "POST /ShareWebServices/Services/Publisher/ReadPublisherLatestGlucoseValues?sessionId=db75fa9f-47b5-4f15-b62a-9eabd11c2782&minutes=1440&maxCount=1 HTTP/1.1" 200 None
+2025-09-07 17:47:36,515 [87.39309668540955] notifier INFO: Requesting url https://share2.dexcom.com/ShareWebServices/Services
+2025-09-07 17:47:36,515 [87.39309668540955] pydexcom DEBUG: Retrieve glucose readings from the glucose readings endpoint
+2025-09-07 17:47:36,543 [87.42067074775696] status INFO: Requesting url: https://share2.dexcom.com/ShareWebServices/Services/General/AuthenticatePublisherAccount
+2025-09-07 17:47:36,543 [87.42067074775696] urllib3.connectionpool DEBUG: Starting new HTTPS connection (1): share2.dexcom.com:443
+2025-09-07 17:47:36,636 [87.51407885551453] urllib3.connectionpool DEBUG: https://share2.dexcom.com:443 "POST /ShareWebServices/Services/Publisher/ReadPublisherLatestGlucoseValues?sessionId=db75fa9f-47b5-4f15-b62a-9eabd11c2782&minutes=1440&maxCount=1 HTTP/1.1" 200 None
+2025-09-07 17:47:36,777 [87.65514874458313] urllib3.connectionpool DEBUG: https://share2.dexcom.com:443 "GET /ShareWebServices/Services/General/AuthenticatePublisherAccount HTTP/1.1" 405 176
+2025-09-07 17:47:37,637 [88.51507997512817] notifier INFO: Requesting url https://share2.dexcom.com/ShareWebServices/Services
+2025-09-07 17:47:37,637 [88.51507997512817] pydexcom DEBUG: Retrieve glucose readings from the glucose readings endpoint
+2025-09-07 17:47:37,779 [88.6566870212555] status INFO: Requesting url: https://share2.dexcom.com/ShareWebServices/Services/General/AuthenticatePublisherAccount
+2025-09-07 17:47:37,779 [88.6566870212555] urllib3.connectionpool DEBUG: Starting new HTTPS connection (1): share2.dexcom.com:443
+2025-09-07 17:47:37,779 [88.6566870212555] urllib3.connectionpool DEBUG: https://share2.dexcom.com:443 "POST /ShareWebServices/Services/Publisher/ReadPublisherLatestGlucoseValues?sessionId=db75fa9f-47b5-4f15-b62a-9eabd11c2782&minutes=1440&maxCount=1 HTTP/1.1" 200 None
+2025-09-07 17:47:37,779 [88.6566870212555] notifier INFO: Requesting url https://share2.dexcom.com/ShareWebServices/Services
+2025-09-07 17:47:37,779 [88.6566870212555] pydexcom DEBUG: Retrieve glucose readings from the glucose readings endpoint
+2025-09-07 17:47:37,938 [88.81622743606567] urllib3.connectionpool DEBUG: https://share2.dexcom.com:443 "POST /ShareWebServices/Services/Publisher/ReadPublisherLatestGlucoseValues?sessionId=db75fa9f-47b5-4f15-b62a-9eabd11c2782&minutes=1440&maxCount=1 HTTP/1.1" 200 None
+2025-09-07 17:47:38,022 [88.90014839172363] urllib3.connectionpool DEBUG: https://share2.dexcom.com:443 "GET /ShareWebServices/Services/General/AuthenticatePublisherAccount HTTP/1.1" 405 176
+2025-09-07 17:47:38,511 [89.3890163898468] pydexcom DEBUG: Retrieve glucose readings from the glucose readings endpoint
+2025-09-07 17:47:38,686 [89.56374788284302] urllib3.connectionpool DEBUG: https://share2.dexcom.com:443 "POST /ShareWebServices/Services/Publisher/ReadPublisherLatestGlucoseValues?sessionId=db75fa9f-47b5-4f15-b62a-9eabd11c2782&minutes=1440&maxCount=1 HTTP/1.1" 200 None
+2025-09-07 17:47:38,940 [89.81761884689331] notifier INFO: Requesting url https://share2.dexcom.com/ShareWebServices/Services
+2025-09-07 17:47:38,940 [89.81761884689331] pydexcom DEBUG: Retrieve glucose readings from the glucose readings endpoint
+2025-09-07 17:47:39,025 [89.90253758430481] status INFO: Requesting url: https://share2.dexcom.com/ShareWebServices/Services/General/AuthenticatePublisherAccount
+2025-09-07 17:47:39,025 [89.90253758430481] urllib3.connectionpool DEBUG: Starting new HTTPS connection (1): share2.dexcom.com:443
+2025-09-07 17:47:39,099 [89.97647404670715] urllib3.connectionpool DEBUG: https://share2.dexcom.com:443 "POST /ShareWebServices/Services/Publisher/ReadPublisherLatestGlucoseValues?sessionId=db75fa9f-47b5-4f15-b62a-9eabd11c2782&minutes=1440&maxCount=1 HTTP/1.1" 200 None
+2025-09-07 17:47:39,099 [89.97647404670715] notifier INFO: Requesting url https://share2.dexcom.com/ShareWebServices/Services
+2025-09-07 17:47:39,099 [89.97647404670715] pydexcom DEBUG: Retrieve glucose readings from the glucose readings endpoint
+2025-09-07 17:47:39,231 [90.10865545272827] urllib3.connectionpool DEBUG: https://share2.dexcom.com:443 "POST /ShareWebServices/Services/Publisher/ReadPublisherLatestGlucoseValues?sessionId=db75fa9f-47b5-4f15-b62a-9eabd11c2782&minutes=1440&maxCount=1 HTTP/1.1" 200 None
+2025-09-07 17:47:39,299 [90.17670059204102] urllib3.connectionpool DEBUG: https://share2.dexcom.com:443 "GET /ShareWebServices/Services/General/AuthenticatePublisherAccount HTTP/1.1" 405 176
+2025-09-07 17:47:40,232 [91.10959577560425] notifier INFO: Requesting url https://share2.dexcom.com/ShareWebServices/Services
+2025-09-07 17:47:40,232 [91.10959577560425] pydexcom DEBUG: Retrieve glucose readings from the glucose readings endpoint
+2025-09-07 17:47:40,306 [91.18415594100952] status INFO: Requesting url: https://share2.dexcom.com/ShareWebServices/Services/General/AuthenticatePublisherAccount
+2025-09-07 17:47:40,306 [91.18415594100952] urllib3.connectionpool DEBUG: Starting new HTTPS connection (1): share2.dexcom.com:443
+2025-09-07 17:47:40,376 [91.25378441810608] urllib3.connectionpool DEBUG: https://share2.dexcom.com:443 "POST /ShareWebServices/Services/Publisher/ReadPublisherLatestGlucoseValues?sessionId=db75fa9f-47b5-4f15-b62a-9eabd11c2782&minutes=1440&maxCount=1 HTTP/1.1" 200 None
+2025-09-07 17:47:40,376 [91.25378441810608] notifier INFO: Requesting url https://share2.dexcom.com/ShareWebServices/Services
+2025-09-07 17:47:40,376 [91.25378441810608] pydexcom DEBUG: Retrieve glucose readings from the glucose readings endpoint
+2025-09-07 17:47:40,487 [91.36437463760376] urllib3.connectionpool DEBUG: https://share2.dexcom.com:443 "POST /ShareWebServices/Services/Publisher/ReadPublisherLatestGlucoseValues?sessionId=db75fa9f-47b5-4f15-b62a-9eabd11c2782&minutes=1440&maxCount=1 HTTP/1.1" 200 None
+2025-09-07 17:47:40,523 [91.40097308158875] urllib3.connectionpool DEBUG: https://share2.dexcom.com:443 "GET /ShareWebServices/Services/General/AuthenticatePublisherAccount HTTP/1.1" 405 176
+2025-09-07 17:47:40,724 [91.60156393051147] notifier INFO: Requesting url General/AuthenticatePublisherAccount
+2025-09-07 17:47:40,724 [91.60156393051147] pydexcom DEBUG: Retrieve account ID from the authentication endpoint
+2025-09-07 17:47:40,724 [91.60156393051147] urllib3.connectionpool DEBUG: Starting new HTTPS connection (1): share2.dexcom.com:443
+2025-09-07 17:47:41,231 [92.10921359062195] urllib3.connectionpool DEBUG: https://share2.dexcom.com:443 "POST /ShareWebServices/Services/General/AuthenticatePublisherAccount HTTP/1.1" 200 38
+2025-09-07 17:47:41,231 [92.10921359062195] pydexcom DEBUG: Retrieve session ID from the login endpoint
+2025-09-07 17:47:41,498 [92.37617182731628] notifier INFO: Requesting url https://share2.dexcom.com/ShareWebServices/Services
+2025-09-07 17:47:41,498 [92.37617182731628] pydexcom DEBUG: Retrieve glucose readings from the glucose readings endpoint
+2025-09-07 17:47:41,533 [92.41082692146301] status INFO: Requesting url: https://share2.dexcom.com/ShareWebServices/Services/General/AuthenticatePublisherAccount
+2025-09-07 17:47:41,533 [92.41082692146301] urllib3.connectionpool DEBUG: Starting new HTTPS connection (1): share2.dexcom.com:443
+2025-09-07 17:47:41,641 [92.51869583129883] urllib3.connectionpool DEBUG: https://share2.dexcom.com:443 "POST /ShareWebServices/Services/Publisher/ReadPublisherLatestGlucoseValues?sessionId=db75fa9f-47b5-4f15-b62a-9eabd11c2782&minutes=1440&maxCount=1 HTTP/1.1" 200 None
+2025-09-07 17:47:41,641 [92.51869583129883] notifier INFO: Requesting url https://share2.dexcom.com/ShareWebServices/Services
+2025-09-07 17:47:41,641 [92.51869583129883] pydexcom DEBUG: Retrieve glucose readings from the glucose readings endpoint
+2025-09-07 17:47:41,752 [92.63029265403748] urllib3.connectionpool DEBUG: https://share2.dexcom.com:443 "POST /ShareWebServices/Services/Publisher/ReadPublisherLatestGlucoseValues?sessionId=db75fa9f-47b5-4f15-b62a-9eabd11c2782&minutes=1440&maxCount=1 HTTP/1.1" 200 None
+2025-09-07 17:47:41,772 [92.64960885047913] urllib3.connectionpool DEBUG: https://share2.dexcom.com:443 "POST /ShareWebServices/Services/General/LoginPublisherAccountById HTTP/1.1" 200 38
+2025-09-07 17:47:41,782 [92.65978717803955] pydexcom DEBUG: Retrieve glucose readings from the glucose readings endpoint
+2025-09-07 17:47:41,823 [92.70115733146667] urllib3.connectionpool DEBUG: https://share2.dexcom.com:443 "GET /ShareWebServices/Services/General/AuthenticatePublisherAccount HTTP/1.1" 405 176
+2025-09-07 17:47:41,883 [92.7603657245636] urllib3.connectionpool DEBUG: https://share2.dexcom.com:443 "POST /ShareWebServices/Services/Publisher/ReadPublisherLatestGlucoseValues?sessionId=db75fa9f-47b5-4f15-b62a-9eabd11c2782&minutes=1440&maxCount=1 HTTP/1.1" 200 None
+2025-09-07 17:47:42,758 [93.63620162010193] notifier INFO: Requesting url https://share2.dexcom.com/ShareWebServices/Services
+2025-09-07 17:47:42,758 [93.63620162010193] pydexcom DEBUG: Retrieve glucose readings from the glucose readings endpoint
+2025-09-07 17:47:42,827 [93.70441150665283] status INFO: Requesting url: https://share2.dexcom.com/ShareWebServices/Services/General/AuthenticatePublisherAccount
+2025-09-07 17:47:42,827 [93.70441150665283] urllib3.connectionpool DEBUG: Starting new HTTPS connection (1): share2.dexcom.com:443
+2025-09-07 17:47:42,900 [93.77734160423279] urllib3.connectionpool DEBUG: https://share2.dexcom.com:443 "POST /ShareWebServices/Services/Publisher/ReadPublisherLatestGlucoseValues?sessionId=db75fa9f-47b5-4f15-b62a-9eabd11c2782&minutes=1440&maxCount=1 HTTP/1.1" 200 None
+2025-09-07 17:47:42,900 [93.77734160423279] notifier INFO: Requesting url https://share2.dexcom.com/ShareWebServices/Services
+2025-09-07 17:47:42,900 [93.77734160423279] pydexcom DEBUG: Retrieve glucose readings from the glucose readings endpoint
+2025-09-07 17:47:43,026 [93.90379476547241] urllib3.connectionpool DEBUG: https://share2.dexcom.com:443 "GET /ShareWebServices/Services/General/AuthenticatePublisherAccount HTTP/1.1" 405 176
+2025-09-07 17:47:43,043 [93.92078518867493] urllib3.connectionpool DEBUG: https://share2.dexcom.com:443 "POST /ShareWebServices/Services/Publisher/ReadPublisherLatestGlucoseValues?sessionId=db75fa9f-47b5-4f15-b62a-9eabd11c2782&minutes=1440&maxCount=1 HTTP/1.1" 200 None
+2025-09-07 17:47:43,689 [94.56729078292847] pydexcom DEBUG: Retrieve glucose readings from the glucose readings endpoint
+2025-09-07 17:47:43,882 [94.76011824607849] urllib3.connectionpool DEBUG: https://share2.dexcom.com:443 "POST /ShareWebServices/Services/Publisher/ReadPublisherLatestGlucoseValues?sessionId=db75fa9f-47b5-4f15-b62a-9eabd11c2782&minutes=1440&maxCount=1 HTTP/1.1" 200 None
+2025-09-07 17:47:44,041 [94.91831612586975] status INFO: Requesting url: https://share2.dexcom.com/ShareWebServices/Services/General/AuthenticatePublisherAccount
+2025-09-07 17:47:44,042 [94.91937613487244] urllib3.connectionpool DEBUG: Starting new HTTPS connection (1): share2.dexcom.com:443
+2025-09-07 17:47:44,044 [94.92228960990906] notifier INFO: Requesting url https://share2.dexcom.com/ShareWebServices/Services
+2025-09-07 17:47:44,044 [94.92228960990906] pydexcom DEBUG: Retrieve glucose readings from the glucose readings endpoint
+2025-09-07 17:47:44,165 [95.04308319091797] urllib3.connectionpool DEBUG: https://share2.dexcom.com:443 "POST /ShareWebServices/Services/Publisher/ReadPublisherLatestGlucoseValues?sessionId=db75fa9f-47b5-4f15-b62a-9eabd11c2782&minutes=1440&maxCount=1 HTTP/1.1" 200 None
+2025-09-07 17:47:44,165 [95.04308319091797] notifier INFO: Requesting url https://share2.dexcom.com/ShareWebServices/Services
+2025-09-07 17:47:44,165 [95.04308319091797] pydexcom DEBUG: Retrieve glucose readings from the glucose readings endpoint
+2025-09-07 17:47:44,285 [95.16318774223328] urllib3.connectionpool DEBUG: https://share2.dexcom.com:443 "GET /ShareWebServices/Services/General/AuthenticatePublisherAccount HTTP/1.1" 405 176
+2025-09-07 17:47:44,299 [95.17654848098755] urllib3.connectionpool DEBUG: https://share2.dexcom.com:443 "POST /ShareWebServices/Services/Publisher/ReadPublisherLatestGlucoseValues?sessionId=db75fa9f-47b5-4f15-b62a-9eabd11c2782&minutes=1440&maxCount=1 HTTP/1.1" 200 None
+2025-09-07 17:47:45,295 [96.1731858253479] status INFO: Requesting url: https://share2.dexcom.com/ShareWebServices/Services/General/AuthenticatePublisherAccount
+2025-09-07 17:47:45,297 [96.17521572113037] urllib3.connectionpool DEBUG: Starting new HTTPS connection (1): share2.dexcom.com:443
+2025-09-07 17:47:45,310 [96.18789720535278] notifier INFO: Requesting url https://share2.dexcom.com/ShareWebServices/Services
+2025-09-07 17:47:45,310 [96.18789720535278] pydexcom DEBUG: Retrieve glucose readings from the glucose readings endpoint
+2025-09-07 17:47:45,429 [96.30669784545898] urllib3.connectionpool DEBUG: https://share2.dexcom.com:443 "POST /ShareWebServices/Services/Publisher/ReadPublisherLatestGlucoseValues?sessionId=db75fa9f-47b5-4f15-b62a-9eabd11c2782&minutes=1440&maxCount=1 HTTP/1.1" 200 None
+2025-09-07 17:47:45,429 [96.30669784545898] notifier INFO: Requesting url https://share2.dexcom.com/ShareWebServices/Services
+2025-09-07 17:47:45,429 [96.30669784545898] pydexcom DEBUG: Retrieve glucose readings from the glucose readings endpoint
+2025-09-07 17:47:45,555 [96.43325090408325] urllib3.connectionpool DEBUG: https://share2.dexcom.com:443 "GET /ShareWebServices/Services/General/AuthenticatePublisherAccount HTTP/1.1" 405 176
+2025-09-07 17:47:45,571 [96.44926834106445] urllib3.connectionpool DEBUG: https://share2.dexcom.com:443 "POST /ShareWebServices/Services/Publisher/ReadPublisherLatestGlucoseValues?sessionId=db75fa9f-47b5-4f15-b62a-9eabd11c2782&minutes=1440&maxCount=1 HTTP/1.1" 200 None
+2025-09-07 17:47:46,558 [97.43587517738342] status INFO: Requesting url: https://share2.dexcom.com/ShareWebServices/Services/General/AuthenticatePublisherAccount
+2025-09-07 17:47:46,558 [97.43587517738342] urllib3.connectionpool DEBUG: Starting new HTTPS connection (1): share2.dexcom.com:443
+2025-09-07 17:47:46,588 [97.46566414833069] notifier INFO: Requesting url https://share2.dexcom.com/ShareWebServices/Services
+2025-09-07 17:47:46,588 [97.46566414833069] pydexcom DEBUG: Retrieve glucose readings from the glucose readings endpoint
+2025-09-07 17:47:46,815 [97.69306659698486] urllib3.connectionpool DEBUG: https://share2.dexcom.com:443 "GET /ShareWebServices/Services/General/AuthenticatePublisherAccount HTTP/1.1" 405 176
+2025-09-07 17:47:46,867 [97.74500226974487] urllib3.connectionpool DEBUG: https://share2.dexcom.com:443 "POST /ShareWebServices/Services/Publisher/ReadPublisherLatestGlucoseValues?sessionId=db75fa9f-47b5-4f15-b62a-9eabd11c2782&minutes=1440&maxCount=1 HTTP/1.1" 200 None
+2025-09-07 17:47:46,867 [97.74500226974487] notifier INFO: Requesting url https://share2.dexcom.com/ShareWebServices/Services
+2025-09-07 17:47:46,867 [97.74500226974487] pydexcom DEBUG: Retrieve glucose readings from the glucose readings endpoint
+2025-09-07 17:47:46,915 [97.79236364364624] notifier INFO: Requesting url General/AuthenticatePublisherAccount
+2025-09-07 17:47:46,915 [97.79236364364624] pydexcom DEBUG: Retrieve account ID from the authentication endpoint
+2025-09-07 17:47:46,915 [97.79236364364624] urllib3.connectionpool DEBUG: Starting new HTTPS connection (1): share2.dexcom.com:443
+2025-09-07 17:47:46,996 [97.87390637397766] urllib3.connectionpool DEBUG: https://share2.dexcom.com:443 "POST /ShareWebServices/Services/Publisher/ReadPublisherLatestGlucoseValues?sessionId=db75fa9f-47b5-4f15-b62a-9eabd11c2782&minutes=1440&maxCount=1 HTTP/1.1" 200 None
+2025-09-07 17:47:47,316 [98.19399547576904] urllib3.connectionpool DEBUG: https://share2.dexcom.com:443 "POST /ShareWebServices/Services/General/AuthenticatePublisherAccount HTTP/1.1" 200 38
+2025-09-07 17:47:47,316 [98.19399547576904] pydexcom DEBUG: Retrieve session ID from the login endpoint
+2025-09-07 17:47:47,820 [98.69747591018677] status INFO: Requesting url: https://share2.dexcom.com/ShareWebServices/Services/General/AuthenticatePublisherAccount
+2025-09-07 17:47:47,820 [98.69747591018677] urllib3.connectionpool DEBUG: Starting new HTTPS connection (1): share2.dexcom.com:443
+2025-09-07 17:47:47,876 [98.75385355949402] urllib3.connectionpool DEBUG: https://share2.dexcom.com:443 "POST /ShareWebServices/Services/General/LoginPublisherAccountById HTTP/1.1" 200 38
+2025-09-07 17:47:47,896 [98.77408385276794] pydexcom DEBUG: Retrieve glucose readings from the glucose readings endpoint
+2025-09-07 17:47:48,006 [98.88408827781677] notifier INFO: Requesting url https://share2.dexcom.com/ShareWebServices/Services
+2025-09-07 17:47:48,006 [98.88408827781677] pydexcom DEBUG: Retrieve glucose readings from the glucose readings endpoint
+2025-09-07 17:47:48,038 [98.9160635471344] urllib3.connectionpool DEBUG: https://share2.dexcom.com:443 "POST /ShareWebServices/Services/Publisher/ReadPublisherLatestGlucoseValues?sessionId=db75fa9f-47b5-4f15-b62a-9eabd11c2782&minutes=1440&maxCount=1 HTTP/1.1" 200 None
+2025-09-07 17:47:48,081 [98.95918011665344] urllib3.connectionpool DEBUG: https://share2.dexcom.com:443 "GET /ShareWebServices/Services/General/AuthenticatePublisherAccount HTTP/1.1" 405 176
+2025-09-07 17:47:48,129 [99.00670385360718] urllib3.connectionpool DEBUG: https://share2.dexcom.com:443 "POST /ShareWebServices/Services/Publisher/ReadPublisherLatestGlucoseValues?sessionId=db75fa9f-47b5-4f15-b62a-9eabd11c2782&minutes=1440&maxCount=1 HTTP/1.1" 200 None
+2025-09-07 17:47:48,129 [99.00670385360718] notifier INFO: Requesting url https://share2.dexcom.com/ShareWebServices/Services
+2025-09-07 17:47:48,129 [99.00670385360718] pydexcom DEBUG: Retrieve glucose readings from the glucose readings endpoint
+2025-09-07 17:47:48,265 [99.14306139945984] urllib3.connectionpool DEBUG: https://share2.dexcom.com:443 "POST /ShareWebServices/Services/Publisher/ReadPublisherLatestGlucoseValues?sessionId=db75fa9f-47b5-4f15-b62a-9eabd11c2782&minutes=1440&maxCount=1 HTTP/1.1" 200 None
+2025-09-07 17:47:48,894 [99.77159929275513] pydexcom DEBUG: Retrieve glucose readings from the glucose readings endpoint
+2025-09-07 17:47:49,048 [99.92572379112244] urllib3.connectionpool DEBUG: https://share2.dexcom.com:443 "POST /ShareWebServices/Services/Publisher/ReadPublisherLatestGlucoseValues?sessionId=db75fa9f-47b5-4f15-b62a-9eabd11c2782&minutes=1440&maxCount=1 HTTP/1.1" 200 None
+2025-09-07 17:47:49,093 [99.97087097167969] status INFO: Requesting url: https://share2.dexcom.com/ShareWebServices/Services/General/AuthenticatePublisherAccount
+2025-09-07 17:47:49,093 [99.97087097167969] urllib3.connectionpool DEBUG: Starting new HTTPS connection (1): share2.dexcom.com:443
+2025-09-07 17:47:49,270 [100.14765930175781] notifier INFO: Requesting url https://share2.dexcom.com/ShareWebServices/Services
+2025-09-07 17:47:49,270 [100.14765930175781] pydexcom DEBUG: Retrieve glucose readings from the glucose readings endpoint
+2025-09-07 17:47:49,297 [100.17485189437866] urllib3.connectionpool DEBUG: https://share2.dexcom.com:443 "GET /ShareWebServices/Services/General/AuthenticatePublisherAccount HTTP/1.1" 405 176
+2025-09-07 17:47:49,398 [100.27597165107727] urllib3.connectionpool DEBUG: https://share2.dexcom.com:443 "POST /ShareWebServices/Services/Publisher/ReadPublisherLatestGlucoseValues?sessionId=db75fa9f-47b5-4f15-b62a-9eabd11c2782&minutes=1440&maxCount=1 HTTP/1.1" 200 None
+2025-09-07 17:47:49,398 [100.27597165107727] notifier INFO: Requesting url https://share2.dexcom.com/ShareWebServices/Services
+2025-09-07 17:47:49,398 [100.27597165107727] pydexcom DEBUG: Retrieve glucose readings from the glucose readings endpoint
+2025-09-07 17:47:49,537 [100.41494226455688] urllib3.connectionpool DEBUG: https://share2.dexcom.com:443 "POST /ShareWebServices/Services/Publisher/ReadPublisherLatestGlucoseValues?sessionId=db75fa9f-47b5-4f15-b62a-9eabd11c2782&minutes=1440&maxCount=1 HTTP/1.1" 200 None
+2025-09-07 17:47:50,299 [101.17654252052307] status INFO: Requesting url: https://share2.dexcom.com/ShareWebServices/Services/General/AuthenticatePublisherAccount
+2025-09-07 17:47:50,299 [101.17704796791077] urllib3.connectionpool DEBUG: Starting new HTTPS connection (1): share2.dexcom.com:443
+2025-09-07 17:47:50,541 [101.41923236846924] notifier INFO: Requesting url https://share2.dexcom.com/ShareWebServices/Services
+2025-09-07 17:47:50,541 [101.41923236846924] pydexcom DEBUG: Retrieve glucose readings from the glucose readings endpoint
+2025-09-07 17:47:50,584 [101.46142315864563] urllib3.connectionpool DEBUG: https://share2.dexcom.com:443 "GET /ShareWebServices/Services/General/AuthenticatePublisherAccount HTTP/1.1" 405 176
+2025-09-07 17:47:50,671 [101.54861283302307] urllib3.connectionpool DEBUG: https://share2.dexcom.com:443 "POST /ShareWebServices/Services/Publisher/ReadPublisherLatestGlucoseValues?sessionId=db75fa9f-47b5-4f15-b62a-9eabd11c2782&minutes=1440&maxCount=1 HTTP/1.1" 200 None
+2025-09-07 17:47:50,671 [101.54962110519409] notifier INFO: Requesting url https://share2.dexcom.com/ShareWebServices/Services
+2025-09-07 17:47:50,672 [101.54962110519409] pydexcom DEBUG: Retrieve glucose readings from the glucose readings endpoint
+2025-09-07 17:47:50,805 [101.68286061286926] urllib3.connectionpool DEBUG: https://share2.dexcom.com:443 "POST /ShareWebServices/Services/Publisher/ReadPublisherLatestGlucoseValues?sessionId=db75fa9f-47b5-4f15-b62a-9eabd11c2782&minutes=1440&maxCount=1 HTTP/1.1" 200 None
+2025-09-07 17:47:51,589 [102.46657204627991] status INFO: Requesting url: https://share2.dexcom.com/ShareWebServices/Services/General/AuthenticatePublisherAccount
+2025-09-07 17:47:51,589 [102.46657204627991] urllib3.connectionpool DEBUG: Starting new HTTPS connection (1): share2.dexcom.com:443
+2025-09-07 17:47:51,806 [102.68374228477478] urllib3.connectionpool DEBUG: https://share2.dexcom.com:443 "GET /ShareWebServices/Services/General/AuthenticatePublisherAccount HTTP/1.1" 405 176
+2025-09-07 17:47:51,806 [102.68374228477478] notifier INFO: Requesting url https://share2.dexcom.com/ShareWebServices/Services
+2025-09-07 17:47:51,806 [102.68374228477478] pydexcom DEBUG: Retrieve glucose readings from the glucose readings endpoint
+2025-09-07 17:47:51,936 [102.81414294242859] urllib3.connectionpool DEBUG: https://share2.dexcom.com:443 "POST /ShareWebServices/Services/Publisher/ReadPublisherLatestGlucoseValues?sessionId=db75fa9f-47b5-4f15-b62a-9eabd11c2782&minutes=1440&maxCount=1 HTTP/1.1" 200 None
+2025-09-07 17:47:51,936 [102.81414294242859] notifier INFO: Requesting url https://share2.dexcom.com/ShareWebServices/Services
+2025-09-07 17:47:51,936 [102.81414294242859] pydexcom DEBUG: Retrieve glucose readings from the glucose readings endpoint
+2025-09-07 17:47:52,063 [102.94065046310425] urllib3.connectionpool DEBUG: https://share2.dexcom.com:443 "POST /ShareWebServices/Services/Publisher/ReadPublisherLatestGlucoseValues?sessionId=db75fa9f-47b5-4f15-b62a-9eabd11c2782&minutes=1440&maxCount=1 HTTP/1.1" 200 None
+2025-09-07 17:47:52,808 [103.68563628196716] status INFO: Requesting url: https://share2.dexcom.com/ShareWebServices/Services/General/AuthenticatePublisherAccount
+2025-09-07 17:47:52,809 [103.68665170669556] urllib3.connectionpool DEBUG: Starting new HTTPS connection (1): share2.dexcom.com:443
+2025-09-07 17:47:53,053 [103.93096280097961] notifier INFO: Requesting url General/AuthenticatePublisherAccount
+2025-09-07 17:47:53,053 [103.93096280097961] pydexcom DEBUG: Retrieve account ID from the authentication endpoint
+2025-09-07 17:47:53,053 [103.93096280097961] urllib3.connectionpool DEBUG: Starting new HTTPS connection (1): share2.dexcom.com:443
+2025-09-07 17:47:53,064 [103.9422869682312] notifier INFO: Requesting url https://share2.dexcom.com/ShareWebServices/Services
+2025-09-07 17:47:53,064 [103.9422869682312] pydexcom DEBUG: Retrieve glucose readings from the glucose readings endpoint
+2025-09-07 17:47:53,073 [103.95094156265259] urllib3.connectionpool DEBUG: https://share2.dexcom.com:443 "GET /ShareWebServices/Services/General/AuthenticatePublisherAccount HTTP/1.1" 405 176
+2025-09-07 17:47:53,202 [104.07941460609436] urllib3.connectionpool DEBUG: https://share2.dexcom.com:443 "POST /ShareWebServices/Services/Publisher/ReadPublisherLatestGlucoseValues?sessionId=db75fa9f-47b5-4f15-b62a-9eabd11c2782&minutes=1440&maxCount=1 HTTP/1.1" 200 None
+2025-09-07 17:47:53,202 [104.07941460609436] notifier INFO: Requesting url https://share2.dexcom.com/ShareWebServices/Services
+2025-09-07 17:47:53,202 [104.07941460609436] pydexcom DEBUG: Retrieve glucose readings from the glucose readings endpoint
+2025-09-07 17:47:53,319 [104.19681763648987] urllib3.connectionpool DEBUG: https://share2.dexcom.com:443 "POST /ShareWebServices/Services/Publisher/ReadPublisherLatestGlucoseValues?sessionId=db75fa9f-47b5-4f15-b62a-9eabd11c2782&minutes=1440&maxCount=1 HTTP/1.1" 200 None
+2025-09-07 17:47:53,550 [104.42800855636597] urllib3.connectionpool DEBUG: https://share2.dexcom.com:443 "POST /ShareWebServices/Services/General/AuthenticatePublisherAccount HTTP/1.1" 200 38
+2025-09-07 17:47:53,550 [104.42800855636597] pydexcom DEBUG: Retrieve session ID from the login endpoint
+2025-09-07 17:47:54,033 [104.91041851043701] urllib3.connectionpool DEBUG: https://share2.dexcom.com:443 "POST /ShareWebServices/Services/General/LoginPublisherAccountById HTTP/1.1" 200 38
+2025-09-07 17:47:54,048 [104.92563056945801] pydexcom DEBUG: Retrieve glucose readings from the glucose readings endpoint
+2025-09-07 17:47:54,051 [104.92845153808594] pydexcom DEBUG: Retrieve glucose readings from the glucose readings endpoint
+2025-09-07 17:47:54,075 [104.95266604423523] status INFO: Requesting url: https://share2.dexcom.com/ShareWebServices/Services/General/AuthenticatePublisherAccount
+2025-09-07 17:47:54,075 [104.95266604423523] urllib3.connectionpool DEBUG: Starting new HTTPS connection (1): share2.dexcom.com:443
+2025-09-07 17:47:54,166 [105.0436658859253] urllib3.connectionpool DEBUG: https://share2.dexcom.com:443 "POST /ShareWebServices/Services/Publisher/ReadPublisherLatestGlucoseValues?sessionId=db75fa9f-47b5-4f15-b62a-9eabd11c2782&minutes=1440&maxCount=1 HTTP/1.1" 200 None
+2025-09-07 17:47:54,166 [105.0436658859253] urllib3.connectionpool DEBUG: https://share2.dexcom.com:443 "POST /ShareWebServices/Services/Publisher/ReadPublisherLatestGlucoseValues?sessionId=db75fa9f-47b5-4f15-b62a-9eabd11c2782&minutes=1440&maxCount=1 HTTP/1.1" 200 None
+2025-09-07 17:47:54,297 [105.17524576187134] urllib3.connectionpool DEBUG: https://share2.dexcom.com:443 "GET /ShareWebServices/Services/General/AuthenticatePublisherAccount HTTP/1.1" 405 176
+2025-09-07 17:47:54,328 [105.20573401451111] notifier INFO: Requesting url https://share2.dexcom.com/ShareWebServices/Services
+2025-09-07 17:47:54,328 [105.20573401451111] pydexcom DEBUG: Retrieve glucose readings from the glucose readings endpoint
+2025-09-07 17:47:54,439 [105.31657123565674] urllib3.connectionpool DEBUG: https://share2.dexcom.com:443 "POST /ShareWebServices/Services/Publisher/ReadPublisherLatestGlucoseValues?sessionId=db75fa9f-47b5-4f15-b62a-9eabd11c2782&minutes=1440&maxCount=1 HTTP/1.1" 200 None
+2025-09-07 17:47:54,439 [105.31657123565674] notifier INFO: Requesting url https://share2.dexcom.com/ShareWebServices/Services
+2025-09-07 17:47:54,439 [105.31657123565674] pydexcom DEBUG: Retrieve glucose readings from the glucose readings endpoint
+2025-09-07 17:47:54,566 [105.44386386871338] urllib3.connectionpool DEBUG: https://share2.dexcom.com:443 "POST /ShareWebServices/Services/Publisher/ReadPublisherLatestGlucoseValues?sessionId=db75fa9f-47b5-4f15-b62a-9eabd11c2782&minutes=1440&maxCount=1 HTTP/1.1" 200 None
+2025-09-07 17:47:55,310 [106.1875970363617] status INFO: Requesting url: https://share2.dexcom.com/ShareWebServices/Services/General/AuthenticatePublisherAccount
+2025-09-07 17:47:55,311 [106.18836879730225] urllib3.connectionpool DEBUG: Starting new HTTPS connection (1): share2.dexcom.com:443
+2025-09-07 17:47:55,500 [106.37767171859741] urllib3.connectionpool DEBUG: https://share2.dexcom.com:443 "GET /ShareWebServices/Services/General/AuthenticatePublisherAccount HTTP/1.1" 405 176
+2025-09-07 17:47:55,576 [106.45411920547485] notifier INFO: Requesting url https://share2.dexcom.com/ShareWebServices/Services
+2025-09-07 17:47:55,576 [106.45411920547485] pydexcom DEBUG: Retrieve glucose readings from the glucose readings endpoint
+2025-09-07 17:47:55,700 [106.57805395126343] urllib3.connectionpool DEBUG: https://share2.dexcom.com:443 "POST /ShareWebServices/Services/Publisher/ReadPublisherLatestGlucoseValues?sessionId=db75fa9f-47b5-4f15-b62a-9eabd11c2782&minutes=1440&maxCount=1 HTTP/1.1" 200 None
+2025-09-07 17:47:55,700 [106.57805395126343] notifier INFO: Requesting url https://share2.dexcom.com/ShareWebServices/Services
+2025-09-07 17:47:55,700 [106.57805395126343] pydexcom DEBUG: Retrieve glucose readings from the glucose readings endpoint
+2025-09-07 17:47:55,817 [106.69508099555969] urllib3.connectionpool DEBUG: https://share2.dexcom.com:443 "POST /ShareWebServices/Services/Publisher/ReadPublisherLatestGlucoseValues?sessionId=db75fa9f-47b5-4f15-b62a-9eabd11c2782&minutes=1440&maxCount=1 HTTP/1.1" 200 None
+2025-09-07 17:47:56,510 [107.38818168640137] status INFO: Requesting url: https://share2.dexcom.com/ShareWebServices/Services/General/AuthenticatePublisherAccount
+2025-09-07 17:47:56,510 [107.38818168640137] urllib3.connectionpool DEBUG: Starting new HTTPS connection (1): share2.dexcom.com:443
+2025-09-07 17:47:56,747 [107.62470865249634] urllib3.connectionpool DEBUG: https://share2.dexcom.com:443 "GET /ShareWebServices/Services/General/AuthenticatePublisherAccount HTTP/1.1" 405 176
+2025-09-07 17:47:56,821 [107.69882249832153] notifier INFO: Requesting url https://share2.dexcom.com/ShareWebServices/Services
+2025-09-07 17:47:56,821 [107.69882249832153] pydexcom DEBUG: Retrieve glucose readings from the glucose readings endpoint
+2025-09-07 17:47:56,929 [107.80678367614746] urllib3.connectionpool DEBUG: https://share2.dexcom.com:443 "POST /ShareWebServices/Services/Publisher/ReadPublisherLatestGlucoseValues?sessionId=db75fa9f-47b5-4f15-b62a-9eabd11c2782&minutes=1440&maxCount=1 HTTP/1.1" 200 None
+2025-09-07 17:47:56,929 [107.80678367614746] notifier INFO: Requesting url https://share2.dexcom.com/ShareWebServices/Services
+2025-09-07 17:47:56,929 [107.80678367614746] pydexcom DEBUG: Retrieve glucose readings from the glucose readings endpoint
+2025-09-07 17:47:57,049 [107.92711281776428] urllib3.connectionpool DEBUG: https://share2.dexcom.com:443 "POST /ShareWebServices/Services/Publisher/ReadPublisherLatestGlucoseValues?sessionId=db75fa9f-47b5-4f15-b62a-9eabd11c2782&minutes=1440&maxCount=1 HTTP/1.1" 200 None
+2025-09-07 17:47:57,755 [108.63247776031494] status INFO: Requesting url: https://share2.dexcom.com/ShareWebServices/Services/General/AuthenticatePublisherAccount
+2025-09-07 17:47:57,755 [108.63247776031494] urllib3.connectionpool DEBUG: Starting new HTTPS connection (1): share2.dexcom.com:443
+2025-09-07 17:47:57,985 [108.86247086524963] urllib3.connectionpool DEBUG: https://share2.dexcom.com:443 "GET /ShareWebServices/Services/General/AuthenticatePublisherAccount HTTP/1.1" 405 176
+2025-09-07 17:47:58,062 [108.9397964477539] notifier INFO: Requesting url https://share2.dexcom.com/ShareWebServices/Services
+2025-09-07 17:47:58,062 [108.9397964477539] pydexcom DEBUG: Retrieve glucose readings from the glucose readings endpoint
+2025-09-07 17:47:58,190 [109.06773900985718] urllib3.connectionpool DEBUG: https://share2.dexcom.com:443 "POST /ShareWebServices/Services/Publisher/ReadPublisherLatestGlucoseValues?sessionId=db75fa9f-47b5-4f15-b62a-9eabd11c2782&minutes=1440&maxCount=1 HTTP/1.1" 200 None
+2025-09-07 17:47:58,190 [109.06773900985718] notifier INFO: Requesting url https://share2.dexcom.com/ShareWebServices/Services
+2025-09-07 17:47:58,190 [109.06773900985718] pydexcom DEBUG: Retrieve glucose readings from the glucose readings endpoint
+2025-09-07 17:47:58,323 [109.2006447315216] urllib3.connectionpool DEBUG: https://share2.dexcom.com:443 "POST /ShareWebServices/Services/Publisher/ReadPublisherLatestGlucoseValues?sessionId=db75fa9f-47b5-4f15-b62a-9eabd11c2782&minutes=1440&maxCount=1 HTTP/1.1" 200 None
+2025-09-07 17:47:58,987 [109.86476945877075] status INFO: Requesting url: https://share2.dexcom.com/ShareWebServices/Services/General/AuthenticatePublisherAccount
+2025-09-07 17:47:58,987 [109.86476945877075] urllib3.connectionpool DEBUG: Starting new HTTPS connection (1): share2.dexcom.com:443
+2025-09-07 17:47:59,180 [110.05808401107788] pydexcom DEBUG: Retrieve glucose readings from the glucose readings endpoint
+2025-09-07 17:47:59,188 [110.06558895111084] notifier INFO: Requesting url General/AuthenticatePublisherAccount
+2025-09-07 17:47:59,189 [110.06701564788818] pydexcom DEBUG: Retrieve account ID from the authentication endpoint
+2025-09-07 17:47:59,189 [110.06701564788818] urllib3.connectionpool DEBUG: Starting new HTTPS connection (1): share2.dexcom.com:443
+2025-09-07 17:47:59,207 [110.08523035049438] urllib3.connectionpool DEBUG: https://share2.dexcom.com:443 "GET /ShareWebServices/Services/General/AuthenticatePublisherAccount HTTP/1.1" 405 176
+2025-09-07 17:47:59,308 [110.18618559837341] urllib3.connectionpool DEBUG: https://share2.dexcom.com:443 "POST /ShareWebServices/Services/Publisher/ReadPublisherLatestGlucoseValues?sessionId=db75fa9f-47b5-4f15-b62a-9eabd11c2782&minutes=1440&maxCount=1 HTTP/1.1" 200 None
+2025-09-07 17:47:59,324 [110.20175170898438] notifier INFO: Requesting url https://share2.dexcom.com/ShareWebServices/Services
+2025-09-07 17:47:59,324 [110.20175170898438] pydexcom DEBUG: Retrieve glucose readings from the glucose readings endpoint
+2025-09-07 17:47:59,446 [110.32379269599915] urllib3.connectionpool DEBUG: https://share2.dexcom.com:443 "POST /ShareWebServices/Services/Publisher/ReadPublisherLatestGlucoseValues?sessionId=db75fa9f-47b5-4f15-b62a-9eabd11c2782&minutes=1440&maxCount=1 HTTP/1.1" 200 None
+2025-09-07 17:47:59,446 [110.32379269599915] notifier INFO: Requesting url https://share2.dexcom.com/ShareWebServices/Services
+2025-09-07 17:47:59,446 [110.32379269599915] pydexcom DEBUG: Retrieve glucose readings from the glucose readings endpoint
+2025-09-07 17:47:59,574 [110.45221161842346] urllib3.connectionpool DEBUG: https://share2.dexcom.com:443 "POST /ShareWebServices/Services/Publisher/ReadPublisherLatestGlucoseValues?sessionId=db75fa9f-47b5-4f15-b62a-9eabd11c2782&minutes=1440&maxCount=1 HTTP/1.1" 200 None
+2025-09-07 17:47:59,650 [110.52775144577026] urllib3.connectionpool DEBUG: https://share2.dexcom.com:443 "POST /ShareWebServices/Services/General/AuthenticatePublisherAccount HTTP/1.1" 200 38
+2025-09-07 17:47:59,650 [110.52775144577026] pydexcom DEBUG: Retrieve session ID from the login endpoint
+2025-09-07 17:48:00,112 [110.99019145965576] urllib3.connectionpool DEBUG: https://share2.dexcom.com:443 "POST /ShareWebServices/Services/General/LoginPublisherAccountById HTTP/1.1" 200 38
+2025-09-07 17:48:00,128 [111.00623440742493] pydexcom DEBUG: Retrieve glucose readings from the glucose readings endpoint
+2025-09-07 17:48:00,209 [111.08632898330688] status INFO: Requesting url: https://share2.dexcom.com/ShareWebServices/Services/General/AuthenticatePublisherAccount
+2025-09-07 17:48:00,209 [111.08632898330688] urllib3.connectionpool DEBUG: Starting new HTTPS connection (1): share2.dexcom.com:443
+2025-09-07 17:48:00,256 [111.13411092758179] urllib3.connectionpool DEBUG: https://share2.dexcom.com:443 "POST /ShareWebServices/Services/Publisher/ReadPublisherLatestGlucoseValues?sessionId=db75fa9f-47b5-4f15-b62a-9eabd11c2782&minutes=1440&maxCount=1 HTTP/1.1" 200 None
+2025-09-07 17:48:00,442 [111.31966185569763] urllib3.connectionpool DEBUG: https://share2.dexcom.com:443 "GET /ShareWebServices/Services/General/AuthenticatePublisherAccount HTTP/1.1" 405 176
+2025-09-07 17:48:00,577 [111.45498824119568] notifier INFO: Requesting url https://share2.dexcom.com/ShareWebServices/Services
+2025-09-07 17:48:00,577 [111.45498824119568] pydexcom DEBUG: Retrieve glucose readings from the glucose readings endpoint
+2025-09-07 17:48:00,707 [111.58462238311768] urllib3.connectionpool DEBUG: https://share2.dexcom.com:443 "POST /ShareWebServices/Services/Publisher/ReadPublisherLatestGlucoseValues?sessionId=db75fa9f-47b5-4f15-b62a-9eabd11c2782&minutes=1440&maxCount=1 HTTP/1.1" 200 None
+2025-09-07 17:48:00,707 [111.58462238311768] notifier INFO: Requesting url https://share2.dexcom.com/ShareWebServices/Services
+2025-09-07 17:48:00,707 [111.58462238311768] pydexcom DEBUG: Retrieve glucose readings from the glucose readings endpoint
+2025-09-07 17:48:00,897 [111.77496528625488] urllib3.connectionpool DEBUG: https://share2.dexcom.com:443 "POST /ShareWebServices/Services/Publisher/ReadPublisherLatestGlucoseValues?sessionId=db75fa9f-47b5-4f15-b62a-9eabd11c2782&minutes=1440&maxCount=1 HTTP/1.1" 200 None
+2025-09-07 17:48:01,448 [112.32575941085815] status INFO: Requesting url: https://share2.dexcom.com/ShareWebServices/Services/General/AuthenticatePublisherAccount
+2025-09-07 17:48:01,449 [112.3268358707428] urllib3.connectionpool DEBUG: Starting new HTTPS connection (1): share2.dexcom.com:443
+2025-09-07 17:48:01,705 [112.58312559127808] urllib3.connectionpool DEBUG: https://share2.dexcom.com:443 "GET /ShareWebServices/Services/General/AuthenticatePublisherAccount HTTP/1.1" 405 176
+2025-09-07 17:48:01,899 [112.77684617042542] notifier INFO: Requesting url https://share2.dexcom.com/ShareWebServices/Services
+2025-09-07 17:48:01,899 [112.77684617042542] pydexcom DEBUG: Retrieve glucose readings from the glucose readings endpoint
+2025-09-07 17:48:02,020 [112.89761281013489] urllib3.connectionpool DEBUG: https://share2.dexcom.com:443 "POST /ShareWebServices/Services/Publisher/ReadPublisherLatestGlucoseValues?sessionId=db75fa9f-47b5-4f15-b62a-9eabd11c2782&minutes=1440&maxCount=1 HTTP/1.1" 200 None
+2025-09-07 17:48:02,020 [112.89761281013489] notifier INFO: Requesting url https://share2.dexcom.com/ShareWebServices/Services
+2025-09-07 17:48:02,020 [112.89761281013489] pydexcom DEBUG: Retrieve glucose readings from the glucose readings endpoint
+2025-09-07 17:48:02,147 [113.02496266365051] urllib3.connectionpool DEBUG: https://share2.dexcom.com:443 "POST /ShareWebServices/Services/Publisher/ReadPublisherLatestGlucoseValues?sessionId=db75fa9f-47b5-4f15-b62a-9eabd11c2782&minutes=1440&maxCount=1 HTTP/1.1" 200 None
+2025-09-07 17:48:02,707 [113.584787607193] status INFO: Requesting url: https://share2.dexcom.com/ShareWebServices/Services/General/AuthenticatePublisherAccount
+2025-09-07 17:48:02,707 [113.584787607193] urllib3.connectionpool DEBUG: Starting new HTTPS connection (1): share2.dexcom.com:443
+2025-09-07 17:48:02,988 [113.86531138420105] urllib3.connectionpool DEBUG: https://share2.dexcom.com:443 "GET /ShareWebServices/Services/General/AuthenticatePublisherAccount HTTP/1.1" 405 176
+2025-09-07 17:48:03,150 [114.02735543251038] notifier INFO: Requesting url https://share2.dexcom.com/ShareWebServices/Services
+2025-09-07 17:48:03,150 [114.02735543251038] pydexcom DEBUG: Retrieve glucose readings from the glucose readings endpoint
+2025-09-07 17:48:03,288 [114.16593670845032] urllib3.connectionpool DEBUG: https://share2.dexcom.com:443 "POST /ShareWebServices/Services/Publisher/ReadPublisherLatestGlucoseValues?sessionId=db75fa9f-47b5-4f15-b62a-9eabd11c2782&minutes=1440&maxCount=1 HTTP/1.1" 200 None
+2025-09-07 17:48:03,288 [114.16593670845032] notifier INFO: Requesting url https://share2.dexcom.com/ShareWebServices/Services
+2025-09-07 17:48:03,288 [114.16593670845032] pydexcom DEBUG: Retrieve glucose readings from the glucose readings endpoint
+2025-09-07 17:48:03,415 [114.29244375228882] urllib3.connectionpool DEBUG: https://share2.dexcom.com:443 "POST /ShareWebServices/Services/Publisher/ReadPublisherLatestGlucoseValues?sessionId=db75fa9f-47b5-4f15-b62a-9eabd11c2782&minutes=1440&maxCount=1 HTTP/1.1" 200 None
+2025-09-07 17:48:03,998 [114.87559723854065] status INFO: Requesting url: https://share2.dexcom.com/ShareWebServices/Services/General/AuthenticatePublisherAccount
+2025-09-07 17:48:03,999 [114.87660574913025] urllib3.connectionpool DEBUG: Starting new HTTPS connection (1): share2.dexcom.com:443
+2025-09-07 17:48:04,206 [115.08361220359802] urllib3.connectionpool DEBUG: https://share2.dexcom.com:443 "GET /ShareWebServices/Services/General/AuthenticatePublisherAccount HTTP/1.1" 405 176
+2025-09-07 17:48:04,311 [115.18832087516785] pydexcom DEBUG: Retrieve glucose readings from the glucose readings endpoint
+2025-09-07 17:48:04,417 [115.29478573799133] notifier INFO: Requesting url https://share2.dexcom.com/ShareWebServices/Services
+2025-09-07 17:48:04,417 [115.29478573799133] pydexcom DEBUG: Retrieve glucose readings from the glucose readings endpoint
+2025-09-07 17:48:04,429 [115.30655336380005] urllib3.connectionpool DEBUG: https://share2.dexcom.com:443 "POST /ShareWebServices/Services/Publisher/ReadPublisherLatestGlucoseValues?sessionId=db75fa9f-47b5-4f15-b62a-9eabd11c2782&minutes=1440&maxCount=1 HTTP/1.1" 200 None
+2025-09-07 17:48:04,561 [115.438547372818] urllib3.connectionpool DEBUG: https://share2.dexcom.com:443 "POST /ShareWebServices/Services/Publisher/ReadPublisherLatestGlucoseValues?sessionId=db75fa9f-47b5-4f15-b62a-9eabd11c2782&minutes=1440&maxCount=1 HTTP/1.1" 200 None
+2025-09-07 17:48:04,561 [115.438547372818] notifier INFO: Requesting url https://share2.dexcom.com/ShareWebServices/Services
+2025-09-07 17:48:04,561 [115.438547372818] pydexcom DEBUG: Retrieve glucose readings from the glucose readings endpoint
+2025-09-07 17:48:04,717 [115.59460473060608] urllib3.connectionpool DEBUG: https://share2.dexcom.com:443 "POST /ShareWebServices/Services/Publisher/ReadPublisherLatestGlucoseValues?sessionId=db75fa9f-47b5-4f15-b62a-9eabd11c2782&minutes=1440&maxCount=1 HTTP/1.1" 200 None
+2025-09-07 17:48:05,219 [116.09685778617859] status INFO: Requesting url: https://share2.dexcom.com/ShareWebServices/Services/General/AuthenticatePublisherAccount
+2025-09-07 17:48:05,219 [116.09685778617859] urllib3.connectionpool DEBUG: Starting new HTTPS connection (1): share2.dexcom.com:443
+2025-09-07 17:48:05,281 [116.1583399772644] notifier INFO: Requesting url General/AuthenticatePublisherAccount
+2025-09-07 17:48:05,281 [116.1583399772644] pydexcom DEBUG: Retrieve account ID from the authentication endpoint
+2025-09-07 17:48:05,281 [116.1583399772644] urllib3.connectionpool DEBUG: Starting new HTTPS connection (1): share2.dexcom.com:443
+2025-09-07 17:48:05,438 [116.31569385528564] urllib3.connectionpool DEBUG: https://share2.dexcom.com:443 "GET /ShareWebServices/Services/General/AuthenticatePublisherAccount HTTP/1.1" 405 176
+2025-09-07 17:48:05,729 [116.6072587966919] notifier INFO: Requesting url https://share2.dexcom.com/ShareWebServices/Services
+2025-09-07 17:48:05,729 [116.6072587966919] pydexcom DEBUG: Retrieve glucose readings from the glucose readings endpoint
+2025-09-07 17:48:05,786 [116.66378211975098] urllib3.connectionpool DEBUG: https://share2.dexcom.com:443 "POST /ShareWebServices/Services/General/AuthenticatePublisherAccount HTTP/1.1" 200 38
+2025-09-07 17:48:05,786 [116.66378211975098] pydexcom DEBUG: Retrieve session ID from the login endpoint
+2025-09-07 17:48:05,870 [116.74732089042664] urllib3.connectionpool DEBUG: https://share2.dexcom.com:443 "POST /ShareWebServices/Services/Publisher/ReadPublisherLatestGlucoseValues?sessionId=db75fa9f-47b5-4f15-b62a-9eabd11c2782&minutes=1440&maxCount=1 HTTP/1.1" 200 None
+2025-09-07 17:48:05,870 [116.74732089042664] notifier INFO: Requesting url https://share2.dexcom.com/ShareWebServices/Services
+2025-09-07 17:48:05,870 [116.74732089042664] pydexcom DEBUG: Retrieve glucose readings from the glucose readings endpoint
+2025-09-07 17:48:06,023 [116.90111064910889] urllib3.connectionpool DEBUG: https://share2.dexcom.com:443 "POST /ShareWebServices/Services/Publisher/ReadPublisherLatestGlucoseValues?sessionId=db75fa9f-47b5-4f15-b62a-9eabd11c2782&minutes=1440&maxCount=1 HTTP/1.1" 200 None
+2025-09-07 17:48:06,151 [117.02834272384644] urllib3.connectionpool DEBUG: https://share2.dexcom.com:443 "POST /ShareWebServices/Services/General/LoginPublisherAccountById HTTP/1.1" 200 38
+2025-09-07 17:48:06,167 [117.04435849189758] pydexcom DEBUG: Retrieve glucose readings from the glucose readings endpoint
+2025-09-07 17:48:06,292 [117.16967797279358] urllib3.connectionpool DEBUG: https://share2.dexcom.com:443 "POST /ShareWebServices/Services/Publisher/ReadPublisherLatestGlucoseValues?sessionId=db75fa9f-47b5-4f15-b62a-9eabd11c2782&minutes=1440&maxCount=1 HTTP/1.1" 200 None
+2025-09-07 17:48:06,452 [117.33019375801086] status INFO: Requesting url: https://share2.dexcom.com/ShareWebServices/Services/General/AuthenticatePublisherAccount
+2025-09-07 17:48:06,452 [117.33019375801086] urllib3.connectionpool DEBUG: Starting new HTTPS connection (1): share2.dexcom.com:443
+2025-09-07 17:48:06,679 [117.55660915374756] urllib3.connectionpool DEBUG: https://share2.dexcom.com:443 "GET /ShareWebServices/Services/General/AuthenticatePublisherAccount HTTP/1.1" 405 176
+2025-09-07 17:48:07,040 [117.91788506507874] notifier INFO: Requesting url https://share2.dexcom.com/ShareWebServices/Services
+2025-09-07 17:48:07,040 [117.91788506507874] pydexcom DEBUG: Retrieve glucose readings from the glucose readings endpoint
+2025-09-07 17:48:07,171 [118.04879951477051] urllib3.connectionpool DEBUG: https://share2.dexcom.com:443 "POST /ShareWebServices/Services/Publisher/ReadPublisherLatestGlucoseValues?sessionId=db75fa9f-47b5-4f15-b62a-9eabd11c2782&minutes=1440&maxCount=1 HTTP/1.1" 200 None
+2025-09-07 17:48:07,171 [118.04879951477051] notifier INFO: Requesting url https://share2.dexcom.com/ShareWebServices/Services
+2025-09-07 17:48:07,171 [118.04879951477051] pydexcom DEBUG: Retrieve glucose readings from the glucose readings endpoint
+2025-09-07 17:48:07,314 [118.19166016578674] urllib3.connectionpool DEBUG: https://share2.dexcom.com:443 "POST /ShareWebServices/Services/Publisher/ReadPublisherLatestGlucoseValues?sessionId=db75fa9f-47b5-4f15-b62a-9eabd11c2782&minutes=1440&maxCount=1 HTTP/1.1" 200 None
+2025-09-07 17:48:07,684 [118.56172895431519] status INFO: Requesting url: https://share2.dexcom.com/ShareWebServices/Services/General/AuthenticatePublisherAccount
+2025-09-07 17:48:07,684 [118.56172895431519] urllib3.connectionpool DEBUG: Starting new HTTPS connection (1): share2.dexcom.com:443
+2025-09-07 17:48:07,890 [118.76820468902588] urllib3.connectionpool DEBUG: https://share2.dexcom.com:443 "GET /ShareWebServices/Services/General/AuthenticatePublisherAccount HTTP/1.1" 405 176
+2025-09-07 17:48:08,321 [119.19832253456116] notifier INFO: Requesting url https://share2.dexcom.com/ShareWebServices/Services
+2025-09-07 17:48:08,321 [119.19832253456116] pydexcom DEBUG: Retrieve glucose readings from the glucose readings endpoint
+2025-09-07 17:48:08,490 [119.36791467666626] urllib3.connectionpool DEBUG: https://share2.dexcom.com:443 "POST /ShareWebServices/Services/Publisher/ReadPublisherLatestGlucoseValues?sessionId=db75fa9f-47b5-4f15-b62a-9eabd11c2782&minutes=1440&maxCount=1 HTTP/1.1" 200 None
+2025-09-07 17:48:08,490 [119.36791467666626] notifier INFO: Requesting url https://share2.dexcom.com/ShareWebServices/Services
+2025-09-07 17:48:08,490 [119.36791467666626] pydexcom DEBUG: Retrieve glucose readings from the glucose readings endpoint
+2025-09-07 17:48:08,617 [119.49496245384216] urllib3.connectionpool DEBUG: https://share2.dexcom.com:443 "POST /ShareWebServices/Services/Publisher/ReadPublisherLatestGlucoseValues?sessionId=db75fa9f-47b5-4f15-b62a-9eabd11c2782&minutes=1440&maxCount=1 HTTP/1.1" 200 None
+2025-09-07 17:48:08,903 [119.78090500831604] status INFO: Requesting url: https://share2.dexcom.com/ShareWebServices/Services/General/AuthenticatePublisherAccount
+2025-09-07 17:48:08,903 [119.78090500831604] urllib3.connectionpool DEBUG: Starting new HTTPS connection (1): share2.dexcom.com:443
+2025-09-07 17:48:09,172 [120.05012536048889] urllib3.connectionpool DEBUG: https://share2.dexcom.com:443 "GET /ShareWebServices/Services/General/AuthenticatePublisherAccount HTTP/1.1" 405 176
+2025-09-07 17:48:09,443 [120.32068920135498] pydexcom DEBUG: Retrieve glucose readings from the glucose readings endpoint
+2025-09-07 17:48:09,596 [120.47409796714783] urllib3.connectionpool DEBUG: https://share2.dexcom.com:443 "POST /ShareWebServices/Services/Publisher/ReadPublisherLatestGlucoseValues?sessionId=db75fa9f-47b5-4f15-b62a-9eabd11c2782&minutes=1440&maxCount=1 HTTP/1.1" 200 None
+2025-09-07 17:48:09,619 [120.49714922904968] notifier INFO: Requesting url https://share2.dexcom.com/ShareWebServices/Services
+2025-09-07 17:48:09,619 [120.49714922904968] pydexcom DEBUG: Retrieve glucose readings from the glucose readings endpoint
+2025-09-07 17:48:09,744 [120.62220859527588] urllib3.connectionpool DEBUG: https://share2.dexcom.com:443 "POST /ShareWebServices/Services/Publisher/ReadPublisherLatestGlucoseValues?sessionId=db75fa9f-47b5-4f15-b62a-9eabd11c2782&minutes=1440&maxCount=1 HTTP/1.1" 200 None
+2025-09-07 17:48:09,744 [120.62220859527588] notifier INFO: Requesting url https://share2.dexcom.com/ShareWebServices/Services
+2025-09-07 17:48:09,744 [120.62220859527588] pydexcom DEBUG: Retrieve glucose readings from the glucose readings endpoint
+2025-09-07 17:48:09,876 [120.75393271446228] urllib3.connectionpool DEBUG: https://share2.dexcom.com:443 "POST /ShareWebServices/Services/Publisher/ReadPublisherLatestGlucoseValues?sessionId=db75fa9f-47b5-4f15-b62a-9eabd11c2782&minutes=1440&maxCount=1 HTTP/1.1" 200 None
+2025-09-07 17:48:10,175 [121.0532717704773] status INFO: Requesting url: https://share2.dexcom.com/ShareWebServices/Services/General/AuthenticatePublisherAccount
+2025-09-07 17:48:10,175 [121.0532717704773] urllib3.connectionpool DEBUG: Starting new HTTPS connection (1): share2.dexcom.com:443
+2025-09-07 17:48:10,431 [121.30860590934753] urllib3.connectionpool DEBUG: https://share2.dexcom.com:443 "GET /ShareWebServices/Services/General/AuthenticatePublisherAccount HTTP/1.1" 405 176
+2025-09-07 17:48:10,887 [121.76430296897888] notifier INFO: Requesting url https://share2.dexcom.com/ShareWebServices/Services
+2025-09-07 17:48:10,887 [121.76430296897888] pydexcom DEBUG: Retrieve glucose readings from the glucose readings endpoint
+2025-09-07 17:48:11,047 [121.92459321022034] urllib3.connectionpool DEBUG: https://share2.dexcom.com:443 "POST /ShareWebServices/Services/Publisher/ReadPublisherLatestGlucoseValues?sessionId=db75fa9f-47b5-4f15-b62a-9eabd11c2782&minutes=1440&maxCount=1 HTTP/1.1" 200 None
+2025-09-07 17:48:11,047 [121.92459321022034] notifier INFO: Requesting url https://share2.dexcom.com/ShareWebServices/Services
+2025-09-07 17:48:11,047 [121.92459321022034] pydexcom DEBUG: Retrieve glucose readings from the glucose readings endpoint
+2025-09-07 17:48:11,173 [122.05119061470032] urllib3.connectionpool DEBUG: https://share2.dexcom.com:443 "POST /ShareWebServices/Services/Publisher/ReadPublisherLatestGlucoseValues?sessionId=db75fa9f-47b5-4f15-b62a-9eabd11c2782&minutes=1440&maxCount=1 HTTP/1.1" 200 None
+2025-09-07 17:48:11,317 [122.19460988044739] notifier INFO: Requesting url General/AuthenticatePublisherAccount
+2025-09-07 17:48:11,317 [122.19460988044739] pydexcom DEBUG: Retrieve account ID from the authentication endpoint
+2025-09-07 17:48:11,319 [122.19686698913574] urllib3.connectionpool DEBUG: Starting new HTTPS connection (1): share2.dexcom.com:443
+2025-09-07 17:48:11,446 [122.3234691619873] status INFO: Requesting url: https://share2.dexcom.com/ShareWebServices/Services/General/AuthenticatePublisherAccount
+2025-09-07 17:48:11,446 [122.32398009300232] urllib3.connectionpool DEBUG: Starting new HTTPS connection (1): share2.dexcom.com:443
+2025-09-07 17:48:11,663 [122.5412209033966] urllib3.connectionpool DEBUG: https://share2.dexcom.com:443 "GET /ShareWebServices/Services/General/AuthenticatePublisherAccount HTTP/1.1" 405 176
+2025-09-07 17:48:11,738 [122.61535382270813] urllib3.connectionpool DEBUG: https://share2.dexcom.com:443 "POST /ShareWebServices/Services/General/AuthenticatePublisherAccount HTTP/1.1" 200 38
+2025-09-07 17:48:11,739 [122.61635375022888] pydexcom DEBUG: Retrieve session ID from the login endpoint
+2025-09-07 17:48:12,175 [123.0532021522522] notifier INFO: Requesting url https://share2.dexcom.com/ShareWebServices/Services
+2025-09-07 17:48:12,175 [123.0532021522522] pydexcom DEBUG: Retrieve glucose readings from the glucose readings endpoint
+2025-09-07 17:48:12,227 [123.10454964637756] urllib3.connectionpool DEBUG: https://share2.dexcom.com:443 "POST /ShareWebServices/Services/General/LoginPublisherAccountById HTTP/1.1" 200 38
+2025-09-07 17:48:12,230 [123.10786890983582] pydexcom DEBUG: Retrieve glucose readings from the glucose readings endpoint
+2025-09-07 17:48:12,322 [123.19955492019653] urllib3.connectionpool DEBUG: https://share2.dexcom.com:443 "POST /ShareWebServices/Services/Publisher/ReadPublisherLatestGlucoseValues?sessionId=db75fa9f-47b5-4f15-b62a-9eabd11c2782&minutes=1440&maxCount=1 HTTP/1.1" 200 None
+2025-09-07 17:48:12,322 [123.19955492019653] notifier INFO: Requesting url https://share2.dexcom.com/ShareWebServices/Services
+2025-09-07 17:48:12,322 [123.19955492019653] pydexcom DEBUG: Retrieve glucose readings from the glucose readings endpoint
+2025-09-07 17:48:12,353 [123.23059034347534] urllib3.connectionpool DEBUG: https://share2.dexcom.com:443 "POST /ShareWebServices/Services/Publisher/ReadPublisherLatestGlucoseValues?sessionId=db75fa9f-47b5-4f15-b62a-9eabd11c2782&minutes=1440&maxCount=1 HTTP/1.1" 200 None
+2025-09-07 17:48:12,443 [123.32042288780212] urllib3.connectionpool DEBUG: https://share2.dexcom.com:443 "POST /ShareWebServices/Services/Publisher/ReadPublisherLatestGlucoseValues?sessionId=db75fa9f-47b5-4f15-b62a-9eabd11c2782&minutes=1440&maxCount=1 HTTP/1.1" 200 None
+2025-09-07 17:48:12,665 [123.54243421554565] status INFO: Requesting url: https://share2.dexcom.com/ShareWebServices/Services/General/AuthenticatePublisherAccount
+2025-09-07 17:48:12,666 [123.54356122016907] urllib3.connectionpool DEBUG: Starting new HTTPS connection (1): share2.dexcom.com:443
+2025-09-07 17:48:12,909 [123.786381483078] urllib3.connectionpool DEBUG: https://share2.dexcom.com:443 "GET /ShareWebServices/Services/General/AuthenticatePublisherAccount HTTP/1.1" 405 176
+2025-09-07 17:48:13,444 [124.3221275806427] notifier INFO: Requesting url https://share2.dexcom.com/ShareWebServices/Services
+2025-09-07 17:48:13,444 [124.3221275806427] pydexcom DEBUG: Retrieve glucose readings from the glucose readings endpoint
+2025-09-07 17:48:13,597 [124.47487950325012] urllib3.connectionpool DEBUG: https://share2.dexcom.com:443 "POST /ShareWebServices/Services/Publisher/ReadPublisherLatestGlucoseValues?sessionId=db75fa9f-47b5-4f15-b62a-9eabd11c2782&minutes=1440&maxCount=1 HTTP/1.1" 200 None
+2025-09-07 17:48:13,597 [124.47487950325012] notifier INFO: Requesting url https://share2.dexcom.com/ShareWebServices/Services
+2025-09-07 17:48:13,597 [124.47487950325012] pydexcom DEBUG: Retrieve glucose readings from the glucose readings endpoint
+2025-09-07 17:48:13,807 [124.68483376502991] urllib3.connectionpool DEBUG: https://share2.dexcom.com:443 "POST /ShareWebServices/Services/Publisher/ReadPublisherLatestGlucoseValues?sessionId=db75fa9f-47b5-4f15-b62a-9eabd11c2782&minutes=1440&maxCount=1 HTTP/1.1" 200 None
+2025-09-07 17:48:13,912 [124.78954601287842] status INFO: Requesting url: https://share2.dexcom.com/ShareWebServices/Services/General/AuthenticatePublisherAccount
+2025-09-07 17:48:13,912 [124.78954601287842] urllib3.connectionpool DEBUG: Starting new HTTPS connection (1): share2.dexcom.com:443
+2025-09-07 17:48:14,131 [125.0087776184082] urllib3.connectionpool DEBUG: https://share2.dexcom.com:443 "GET /ShareWebServices/Services/General/AuthenticatePublisherAccount HTTP/1.1" 405 176
+2025-09-07 17:48:14,606 [125.483478307724] pydexcom DEBUG: Retrieve glucose readings from the glucose readings endpoint
+2025-09-07 17:48:14,762 [125.64029955863953] urllib3.connectionpool DEBUG: https://share2.dexcom.com:443 "POST /ShareWebServices/Services/Publisher/ReadPublisherLatestGlucoseValues?sessionId=db75fa9f-47b5-4f15-b62a-9eabd11c2782&minutes=1440&maxCount=1 HTTP/1.1" 200 None
+2025-09-07 17:48:14,816 [125.69429898262024] notifier INFO: Requesting url https://share2.dexcom.com/ShareWebServices/Services
+2025-09-07 17:48:14,816 [125.69429898262024] pydexcom DEBUG: Retrieve glucose readings from the glucose readings endpoint
+2025-09-07 17:48:14,972 [125.84970760345459] urllib3.connectionpool DEBUG: https://share2.dexcom.com:443 "POST /ShareWebServices/Services/Publisher/ReadPublisherLatestGlucoseValues?sessionId=db75fa9f-47b5-4f15-b62a-9eabd11c2782&minutes=1440&maxCount=1 HTTP/1.1" 200 None
+2025-09-07 17:48:14,972 [125.84970760345459] notifier INFO: Requesting url https://share2.dexcom.com/ShareWebServices/Services
+2025-09-07 17:48:14,972 [125.84970760345459] pydexcom DEBUG: Retrieve glucose readings from the glucose readings endpoint
+2025-09-07 17:48:15,080 [125.95793533325195] urllib3.connectionpool DEBUG: https://share2.dexcom.com:443 "POST /ShareWebServices/Services/Publisher/ReadPublisherLatestGlucoseValues?sessionId=db75fa9f-47b5-4f15-b62a-9eabd11c2782&minutes=1440&maxCount=1 HTTP/1.1" 200 None
+2025-09-07 17:48:15,146 [126.02429914474487] status INFO: Requesting url: https://share2.dexcom.com/ShareWebServices/Services/General/AuthenticatePublisherAccount
+2025-09-07 17:48:15,146 [126.02429914474487] urllib3.connectionpool DEBUG: Starting new HTTPS connection (1): share2.dexcom.com:443
+2025-09-07 17:48:15,358 [126.23589992523193] urllib3.connectionpool DEBUG: https://share2.dexcom.com:443 "GET /ShareWebServices/Services/General/AuthenticatePublisherAccount HTTP/1.1" 405 176
+2025-09-07 17:48:16,088 [126.9657871723175] notifier INFO: Requesting url https://share2.dexcom.com/ShareWebServices/Services
+2025-09-07 17:48:16,088 [126.9657871723175] pydexcom DEBUG: Retrieve glucose readings from the glucose readings endpoint
+2025-09-07 17:48:16,206 [127.08416628837585] urllib3.connectionpool DEBUG: https://share2.dexcom.com:443 "POST /ShareWebServices/Services/Publisher/ReadPublisherLatestGlucoseValues?sessionId=db75fa9f-47b5-4f15-b62a-9eabd11c2782&minutes=1440&maxCount=1 HTTP/1.1" 200 None
+2025-09-07 17:48:16,206 [127.08416628837585] notifier INFO: Requesting url https://share2.dexcom.com/ShareWebServices/Services
+2025-09-07 17:48:16,206 [127.08416628837585] pydexcom DEBUG: Retrieve glucose readings from the glucose readings endpoint
+2025-09-07 17:48:16,353 [127.23119020462036] urllib3.connectionpool DEBUG: https://share2.dexcom.com:443 "POST /ShareWebServices/Services/Publisher/ReadPublisherLatestGlucoseValues?sessionId=db75fa9f-47b5-4f15-b62a-9eabd11c2782&minutes=1440&maxCount=1 HTTP/1.1" 200 None
+2025-09-07 17:48:16,365 [127.2427875995636] status INFO: Requesting url: https://share2.dexcom.com/ShareWebServices/Services/General/AuthenticatePublisherAccount
+2025-09-07 17:48:16,365 [127.2427875995636] urllib3.connectionpool DEBUG: Starting new HTTPS connection (1): share2.dexcom.com:443
+2025-09-07 17:48:16,572 [127.4500093460083] urllib3.connectionpool DEBUG: https://share2.dexcom.com:443 "GET /ShareWebServices/Services/General/AuthenticatePublisherAccount HTTP/1.1" 405 176
+2025-09-07 17:48:17,354 [128.23222374916077] notifier INFO: Requesting url https://share2.dexcom.com/ShareWebServices/Services
+2025-09-07 17:48:17,355 [128.23273539543152] pydexcom DEBUG: Retrieve glucose readings from the glucose readings endpoint
+2025-09-07 17:48:17,357 [128.23473978042603] notifier INFO: Requesting url General/AuthenticatePublisherAccount
+2025-09-07 17:48:17,357 [128.23473978042603] pydexcom DEBUG: Retrieve account ID from the authentication endpoint
+2025-09-07 17:48:17,357 [128.23473978042603] urllib3.connectionpool DEBUG: Starting new HTTPS connection (1): share2.dexcom.com:443
+2025-09-07 17:48:17,484 [128.36142325401306] urllib3.connectionpool DEBUG: https://share2.dexcom.com:443 "POST /ShareWebServices/Services/Publisher/ReadPublisherLatestGlucoseValues?sessionId=db75fa9f-47b5-4f15-b62a-9eabd11c2782&minutes=1440&maxCount=1 HTTP/1.1" 200 None
+2025-09-07 17:48:17,485 [128.36250185966492] notifier INFO: Requesting url https://share2.dexcom.com/ShareWebServices/Services
+2025-09-07 17:48:17,485 [128.36250185966492] pydexcom DEBUG: Retrieve glucose readings from the glucose readings endpoint
+2025-09-07 17:48:17,574 [128.45133256912231] status INFO: Requesting url: https://share2.dexcom.com/ShareWebServices/Services/General/AuthenticatePublisherAccount
+2025-09-07 17:48:17,574 [128.45133256912231] urllib3.connectionpool DEBUG: Starting new HTTPS connection (1): share2.dexcom.com:443
+2025-09-07 17:48:17,608 [128.48600029945374] urllib3.connectionpool DEBUG: https://share2.dexcom.com:443 "POST /ShareWebServices/Services/Publisher/ReadPublisherLatestGlucoseValues?sessionId=db75fa9f-47b5-4f15-b62a-9eabd11c2782&minutes=1440&maxCount=1 HTTP/1.1" 200 None
+2025-09-07 17:48:17,792 [128.66961979866028] urllib3.connectionpool DEBUG: https://share2.dexcom.com:443 "GET /ShareWebServices/Services/General/AuthenticatePublisherAccount HTTP/1.1" 405 176
+2025-09-07 17:48:17,841 [128.71836137771606] urllib3.connectionpool DEBUG: https://share2.dexcom.com:443 "POST /ShareWebServices/Services/General/AuthenticatePublisherAccount HTTP/1.1" 200 38
+2025-09-07 17:48:17,842 [128.71935725212097] pydexcom DEBUG: Retrieve session ID from the login endpoint
+2025-09-07 17:48:18,379 [129.2567217350006] urllib3.connectionpool DEBUG: https://share2.dexcom.com:443 "POST /ShareWebServices/Services/General/LoginPublisherAccountById HTTP/1.1" 200 38
+2025-09-07 17:48:18,395 [129.27247071266174] pydexcom DEBUG: Retrieve glucose readings from the glucose readings endpoint
+2025-09-07 17:48:18,520 [129.39760851860046] urllib3.connectionpool DEBUG: https://share2.dexcom.com:443 "POST /ShareWebServices/Services/Publisher/ReadPublisherLatestGlucoseValues?sessionId=db75fa9f-47b5-4f15-b62a-9eabd11c2782&minutes=1440&maxCount=1 HTTP/1.1" 200 None
+2025-09-07 17:48:18,610 [129.48749804496765] notifier INFO: Requesting url https://share2.dexcom.com/ShareWebServices/Services
+2025-09-07 17:48:18,610 [129.48749804496765] pydexcom DEBUG: Retrieve glucose readings from the glucose readings endpoint
+2025-09-07 17:48:18,750 [129.6282196044922] urllib3.connectionpool DEBUG: https://share2.dexcom.com:443 "POST /ShareWebServices/Services/Publisher/ReadPublisherLatestGlucoseValues?sessionId=db75fa9f-47b5-4f15-b62a-9eabd11c2782&minutes=1440&maxCount=1 HTTP/1.1" 200 None
+2025-09-07 17:48:18,750 [129.6282196044922] notifier INFO: Requesting url https://share2.dexcom.com/ShareWebServices/Services
+2025-09-07 17:48:18,750 [129.6282196044922] pydexcom DEBUG: Retrieve glucose readings from the glucose readings endpoint
+2025-09-07 17:48:18,793 [129.67086625099182] status INFO: Requesting url: https://share2.dexcom.com/ShareWebServices/Services/General/AuthenticatePublisherAccount
+2025-09-07 17:48:18,794 [129.6713728904724] urllib3.connectionpool DEBUG: Starting new HTTPS connection (1): share2.dexcom.com:443
+2025-09-07 17:48:18,870 [129.7479989528656] urllib3.connectionpool DEBUG: https://share2.dexcom.com:443 "POST /ShareWebServices/Services/Publisher/ReadPublisherLatestGlucoseValues?sessionId=db75fa9f-47b5-4f15-b62a-9eabd11c2782&minutes=1440&maxCount=1 HTTP/1.1" 200 None
+2025-09-07 17:48:18,997 [129.87461829185486] urllib3.connectionpool DEBUG: https://share2.dexcom.com:443 "GET /ShareWebServices/Services/General/AuthenticatePublisherAccount HTTP/1.1" 405 176
+2025-09-07 17:48:19,767 [130.64448237419128] pydexcom DEBUG: Retrieve glucose readings from the glucose readings endpoint
+2025-09-07 17:48:19,872 [130.74944353103638] notifier INFO: Requesting url https://share2.dexcom.com/ShareWebServices/Services
+2025-09-07 17:48:19,872 [130.74944353103638] pydexcom DEBUG: Retrieve glucose readings from the glucose readings endpoint
+2025-09-07 17:48:19,909 [130.78705072402954] urllib3.connectionpool DEBUG: https://share2.dexcom.com:443 "POST /ShareWebServices/Services/Publisher/ReadPublisherLatestGlucoseValues?sessionId=db75fa9f-47b5-4f15-b62a-9eabd11c2782&minutes=1440&maxCount=1 HTTP/1.1" 200 None
+2025-09-07 17:48:19,999 [130.87651538848877] status INFO: Requesting url: https://share2.dexcom.com/ShareWebServices/Services/General/AuthenticatePublisherAccount
+2025-09-07 17:48:19,999 [130.87651538848877] urllib3.connectionpool DEBUG: Starting new HTTPS connection (1): share2.dexcom.com:443
+2025-09-07 17:48:20,022 [130.89995336532593] urllib3.connectionpool DEBUG: https://share2.dexcom.com:443 "POST /ShareWebServices/Services/Publisher/ReadPublisherLatestGlucoseValues?sessionId=db75fa9f-47b5-4f15-b62a-9eabd11c2782&minutes=1440&maxCount=1 HTTP/1.1" 200 None
+2025-09-07 17:48:20,023 [130.90095353126526] notifier INFO: Requesting url https://share2.dexcom.com/ShareWebServices/Services
+2025-09-07 17:48:20,023 [130.90095353126526] pydexcom DEBUG: Retrieve glucose readings from the glucose readings endpoint
+2025-09-07 17:48:20,148 [131.02558970451355] urllib3.connectionpool DEBUG: https://share2.dexcom.com:443 "POST /ShareWebServices/Services/Publisher/ReadPublisherLatestGlucoseValues?sessionId=db75fa9f-47b5-4f15-b62a-9eabd11c2782&minutes=1440&maxCount=1 HTTP/1.1" 200 None
+2025-09-07 17:48:20,220 [131.09794449806213] urllib3.connectionpool DEBUG: https://share2.dexcom.com:443 "GET /ShareWebServices/Services/General/AuthenticatePublisherAccount HTTP/1.1" 405 176
+2025-09-07 17:48:21,150 [132.0274772644043] notifier INFO: Requesting url https://share2.dexcom.com/ShareWebServices/Services
+2025-09-07 17:48:21,150 [132.0274772644043] pydexcom DEBUG: Retrieve glucose readings from the glucose readings endpoint
+2025-09-07 17:48:21,228 [132.10562825202942] status INFO: Requesting url: https://share2.dexcom.com/ShareWebServices/Services/General/AuthenticatePublisherAccount
+2025-09-07 17:48:21,229 [132.10680150985718] urllib3.connectionpool DEBUG: Starting new HTTPS connection (1): share2.dexcom.com:443
+2025-09-07 17:48:21,264 [132.14133667945862] urllib3.connectionpool DEBUG: https://share2.dexcom.com:443 "POST /ShareWebServices/Services/Publisher/ReadPublisherLatestGlucoseValues?sessionId=db75fa9f-47b5-4f15-b62a-9eabd11c2782&minutes=1440&maxCount=1 HTTP/1.1" 200 None
+2025-09-07 17:48:21,264 [132.14133667945862] notifier INFO: Requesting url https://share2.dexcom.com/ShareWebServices/Services
+2025-09-07 17:48:21,264 [132.14133667945862] pydexcom DEBUG: Retrieve glucose readings from the glucose readings endpoint
+2025-09-07 17:48:21,397 [132.27491998672485] urllib3.connectionpool DEBUG: https://share2.dexcom.com:443 "POST /ShareWebServices/Services/Publisher/ReadPublisherLatestGlucoseValues?sessionId=db75fa9f-47b5-4f15-b62a-9eabd11c2782&minutes=1440&maxCount=1 HTTP/1.1" 200 None
+2025-09-07 17:48:21,447 [132.3249545097351] urllib3.connectionpool DEBUG: https://share2.dexcom.com:443 "GET /ShareWebServices/Services/General/AuthenticatePublisherAccount HTTP/1.1" 405 176
+2025-09-07 17:48:22,401 [133.27872896194458] notifier INFO: Requesting url https://share2.dexcom.com/ShareWebServices/Services
+2025-09-07 17:48:22,401 [133.27872896194458] pydexcom DEBUG: Retrieve glucose readings from the glucose readings endpoint
+2025-09-07 17:48:22,457 [133.33514165878296] status INFO: Requesting url: https://share2.dexcom.com/ShareWebServices/Services/General/AuthenticatePublisherAccount
+2025-09-07 17:48:22,457 [133.33514165878296] urllib3.connectionpool DEBUG: Starting new HTTPS connection (1): share2.dexcom.com:443
+2025-09-07 17:48:22,498 [133.37577438354492] urllib3.connectionpool DEBUG: https://share2.dexcom.com:443 "POST /ShareWebServices/Services/Publisher/ReadPublisherLatestGlucoseValues?sessionId=db75fa9f-47b5-4f15-b62a-9eabd11c2782&minutes=1440&maxCount=1 HTTP/1.1" 200 None
+2025-09-07 17:48:22,498 [133.37577438354492] notifier INFO: Requesting url https://share2.dexcom.com/ShareWebServices/Services
+2025-09-07 17:48:22,498 [133.37577438354492] pydexcom DEBUG: Retrieve glucose readings from the glucose readings endpoint
+2025-09-07 17:48:22,667 [133.54444694519043] urllib3.connectionpool DEBUG: https://share2.dexcom.com:443 "GET /ShareWebServices/Services/General/AuthenticatePublisherAccount HTTP/1.1" 405 176
+2025-09-07 17:48:22,683 [133.56044149398804] urllib3.connectionpool DEBUG: https://share2.dexcom.com:443 "POST /ShareWebServices/Services/Publisher/ReadPublisherLatestGlucoseValues?sessionId=db75fa9f-47b5-4f15-b62a-9eabd11c2782&minutes=1440&maxCount=1 HTTP/1.1" 200 None
+2025-09-07 17:48:23,543 [134.42087149620056] notifier INFO: Requesting url General/AuthenticatePublisherAccount
+2025-09-07 17:48:23,543 [134.42087149620056] pydexcom DEBUG: Retrieve account ID from the authentication endpoint
+2025-09-07 17:48:23,543 [134.42087149620056] urllib3.connectionpool DEBUG: Starting new HTTPS connection (1): share2.dexcom.com:443
+2025-09-07 17:48:23,671 [134.54882216453552] status INFO: Requesting url: https://share2.dexcom.com/ShareWebServices/Services/General/AuthenticatePublisherAccount
+2025-09-07 17:48:23,671 [134.54882216453552] urllib3.connectionpool DEBUG: Starting new HTTPS connection (1): share2.dexcom.com:443
+2025-09-07 17:48:23,691 [134.56838011741638] notifier INFO: Requesting url https://share2.dexcom.com/ShareWebServices/Services
+2025-09-07 17:48:23,691 [134.56838011741638] pydexcom DEBUG: Retrieve glucose readings from the glucose readings endpoint
+2025-09-07 17:48:23,797 [134.674471616745] urllib3.connectionpool DEBUG: https://share2.dexcom.com:443 "POST /ShareWebServices/Services/Publisher/ReadPublisherLatestGlucoseValues?sessionId=db75fa9f-47b5-4f15-b62a-9eabd11c2782&minutes=1440&maxCount=1 HTTP/1.1" 200 None
+2025-09-07 17:48:23,797 [134.674471616745] notifier INFO: Requesting url https://share2.dexcom.com/ShareWebServices/Services
+2025-09-07 17:48:23,797 [134.674471616745] pydexcom DEBUG: Retrieve glucose readings from the glucose readings endpoint
+2025-09-07 17:48:23,876 [134.75351452827454] urllib3.connectionpool DEBUG: https://share2.dexcom.com:443 "GET /ShareWebServices/Services/General/AuthenticatePublisherAccount HTTP/1.1" 405 176
+2025-09-07 17:48:23,891 [134.76917147636414] urllib3.connectionpool DEBUG: https://share2.dexcom.com:443 "POST /ShareWebServices/Services/Publisher/ReadPublisherLatestGlucoseValues?sessionId=db75fa9f-47b5-4f15-b62a-9eabd11c2782&minutes=1440&maxCount=1 HTTP/1.1" 200 None
+2025-09-07 17:48:24,035 [134.9125440120697] urllib3.connectionpool DEBUG: https://share2.dexcom.com:443 "POST /ShareWebServices/Services/General/AuthenticatePublisherAccount HTTP/1.1" 200 38
+2025-09-07 17:48:24,035 [134.9125440120697] pydexcom DEBUG: Retrieve session ID from the login endpoint
+2025-09-07 17:48:24,731 [135.60926032066345] urllib3.connectionpool DEBUG: https://share2.dexcom.com:443 "POST /ShareWebServices/Services/General/LoginPublisherAccountById HTTP/1.1" 200 38
+2025-09-07 17:48:24,747 [135.62495374679565] pydexcom DEBUG: Retrieve glucose readings from the glucose readings endpoint
+2025-09-07 17:48:24,892 [135.76952171325684] status INFO: Requesting url: https://share2.dexcom.com/ShareWebServices/Services/General/AuthenticatePublisherAccount
+2025-09-07 17:48:24,892 [135.76952171325684] urllib3.connectionpool DEBUG: Starting new HTTPS connection (1): share2.dexcom.com:443
+2025-09-07 17:48:24,907 [135.78476190567017] notifier INFO: Requesting url https://share2.dexcom.com/ShareWebServices/Services
+2025-09-07 17:48:24,907 [135.78476190567017] pydexcom DEBUG: Retrieve glucose readings from the glucose readings endpoint
+2025-09-07 17:48:24,907 [135.78476190567017] urllib3.connectionpool DEBUG: https://share2.dexcom.com:443 "POST /ShareWebServices/Services/Publisher/ReadPublisherLatestGlucoseValues?sessionId=db75fa9f-47b5-4f15-b62a-9eabd11c2782&minutes=1440&maxCount=1 HTTP/1.1" 200 None
+2025-09-07 17:48:24,915 [135.7924497127533] pydexcom DEBUG: Retrieve glucose readings from the glucose readings endpoint
+2025-09-07 17:48:25,027 [135.90456771850586] urllib3.connectionpool DEBUG: https://share2.dexcom.com:443 "POST /ShareWebServices/Services/Publisher/ReadPublisherLatestGlucoseValues?sessionId=db75fa9f-47b5-4f15-b62a-9eabd11c2782&minutes=1440&maxCount=1 HTTP/1.1" 200 None
+2025-09-07 17:48:25,027 [135.90456771850586] notifier INFO: Requesting url https://share2.dexcom.com/ShareWebServices/Services
+2025-09-07 17:48:25,027 [135.90456771850586] pydexcom DEBUG: Retrieve glucose readings from the glucose readings endpoint
+2025-09-07 17:48:25,027 [135.90456771850586] urllib3.connectionpool DEBUG: https://share2.dexcom.com:443 "POST /ShareWebServices/Services/Publisher/ReadPublisherLatestGlucoseValues?sessionId=db75fa9f-47b5-4f15-b62a-9eabd11c2782&minutes=1440&maxCount=1 HTTP/1.1" 200 None
+2025-09-07 17:48:25,127 [136.0048804283142] urllib3.connectionpool DEBUG: https://share2.dexcom.com:443 "GET /ShareWebServices/Services/General/AuthenticatePublisherAccount HTTP/1.1" 405 176
+2025-09-07 17:48:25,160 [136.0377552509308] urllib3.connectionpool DEBUG: https://share2.dexcom.com:443 "POST /ShareWebServices/Services/Publisher/ReadPublisherLatestGlucoseValues?sessionId=db75fa9f-47b5-4f15-b62a-9eabd11c2782&minutes=1440&maxCount=1 HTTP/1.1" 200 None
+2025-09-07 17:48:26,129 [137.0066785812378] status INFO: Requesting url: https://share2.dexcom.com/ShareWebServices/Services/General/AuthenticatePublisherAccount
+2025-09-07 17:48:26,129 [137.0066785812378] urllib3.connectionpool DEBUG: Starting new HTTPS connection (1): share2.dexcom.com:443
+2025-09-07 17:48:26,163 [137.04112339019775] notifier INFO: Requesting url https://share2.dexcom.com/ShareWebServices/Services
+2025-09-07 17:48:26,163 [137.04112339019775] pydexcom DEBUG: Retrieve glucose readings from the glucose readings endpoint
+2025-09-07 17:48:26,298 [137.1753807067871] urllib3.connectionpool DEBUG: https://share2.dexcom.com:443 "POST /ShareWebServices/Services/Publisher/ReadPublisherLatestGlucoseValues?sessionId=db75fa9f-47b5-4f15-b62a-9eabd11c2782&minutes=1440&maxCount=1 HTTP/1.1" 200 None
+2025-09-07 17:48:26,298 [137.1753807067871] notifier INFO: Requesting url https://share2.dexcom.com/ShareWebServices/Services
+2025-09-07 17:48:26,298 [137.1753807067871] pydexcom DEBUG: Retrieve glucose readings from the glucose readings endpoint
+2025-09-07 17:48:26,360 [137.23810696601868] urllib3.connectionpool DEBUG: https://share2.dexcom.com:443 "GET /ShareWebServices/Services/General/AuthenticatePublisherAccount HTTP/1.1" 405 176
+2025-09-07 17:48:26,429 [137.30671167373657] urllib3.connectionpool DEBUG: https://share2.dexcom.com:443 "POST /ShareWebServices/Services/Publisher/ReadPublisherLatestGlucoseValues?sessionId=db75fa9f-47b5-4f15-b62a-9eabd11c2782&minutes=1440&maxCount=1 HTTP/1.1" 200 None
+2025-09-07 17:48:27,368 [138.24595880508423] status INFO: Requesting url: https://share2.dexcom.com/ShareWebServices/Services/General/AuthenticatePublisherAccount
+2025-09-07 17:48:27,368 [138.24595880508423] urllib3.connectionpool DEBUG: Starting new HTTPS connection (1): share2.dexcom.com:443
+2025-09-07 17:48:27,440 [138.3178391456604] notifier INFO: Requesting url https://share2.dexcom.com/ShareWebServices/Services
+2025-09-07 17:48:27,440 [138.3178391456604] pydexcom DEBUG: Retrieve glucose readings from the glucose readings endpoint
+2025-09-07 17:48:27,598 [138.47558879852295] urllib3.connectionpool DEBUG: https://share2.dexcom.com:443 "POST /ShareWebServices/Services/Publisher/ReadPublisherLatestGlucoseValues?sessionId=db75fa9f-47b5-4f15-b62a-9eabd11c2782&minutes=1440&maxCount=1 HTTP/1.1" 200 None
+2025-09-07 17:48:27,598 [138.47558879852295] notifier INFO: Requesting url https://share2.dexcom.com/ShareWebServices/Services
+2025-09-07 17:48:27,598 [138.47558879852295] pydexcom DEBUG: Retrieve glucose readings from the glucose readings endpoint
+2025-09-07 17:48:27,598 [138.47558879852295] urllib3.connectionpool DEBUG: https://share2.dexcom.com:443 "GET /ShareWebServices/Services/General/AuthenticatePublisherAccount HTTP/1.1" 405 176
+2025-09-07 17:48:27,726 [138.60420870780945] urllib3.connectionpool DEBUG: https://share2.dexcom.com:443 "POST /ShareWebServices/Services/Publisher/ReadPublisherLatestGlucoseValues?sessionId=db75fa9f-47b5-4f15-b62a-9eabd11c2782&minutes=1440&maxCount=1 HTTP/1.1" 200 None
+2025-09-07 17:48:28,599 [139.47722053527832] status INFO: Requesting url: https://share2.dexcom.com/ShareWebServices/Services/General/AuthenticatePublisherAccount
+2025-09-07 17:48:28,599 [139.47722053527832] urllib3.connectionpool DEBUG: Starting new HTTPS connection (1): share2.dexcom.com:443
+2025-09-07 17:48:28,730 [139.60821962356567] notifier INFO: Requesting url https://share2.dexcom.com/ShareWebServices/Services
+2025-09-07 17:48:28,730 [139.60821962356567] pydexcom DEBUG: Retrieve glucose readings from the glucose readings endpoint
+2025-09-07 17:48:28,848 [139.72554445266724] urllib3.connectionpool DEBUG: https://share2.dexcom.com:443 "GET /ShareWebServices/Services/General/AuthenticatePublisherAccount HTTP/1.1" 405 176
+2025-09-07 17:48:28,848 [139.72554445266724] urllib3.connectionpool DEBUG: https://share2.dexcom.com:443 "POST /ShareWebServices/Services/Publisher/ReadPublisherLatestGlucoseValues?sessionId=db75fa9f-47b5-4f15-b62a-9eabd11c2782&minutes=1440&maxCount=1 HTTP/1.1" 200 None
+2025-09-07 17:48:28,848 [139.72554445266724] notifier INFO: Requesting url https://share2.dexcom.com/ShareWebServices/Services
+2025-09-07 17:48:28,848 [139.72554445266724] pydexcom DEBUG: Retrieve glucose readings from the glucose readings endpoint
+2025-09-07 17:48:28,989 [139.86650204658508] urllib3.connectionpool DEBUG: https://share2.dexcom.com:443 "POST /ShareWebServices/Services/Publisher/ReadPublisherLatestGlucoseValues?sessionId=db75fa9f-47b5-4f15-b62a-9eabd11c2782&minutes=1440&maxCount=1 HTTP/1.1" 200 None
+2025-09-07 17:48:29,853 [140.73104643821716] status INFO: Requesting url: https://share2.dexcom.com/ShareWebServices/Services/General/AuthenticatePublisherAccount
+2025-09-07 17:48:29,853 [140.73104643821716] urllib3.connectionpool DEBUG: Starting new HTTPS connection (1): share2.dexcom.com:443
+2025-09-07 17:48:29,925 [140.80246591567993] notifier INFO: Requesting url General/AuthenticatePublisherAccount
+2025-09-07 17:48:29,925 [140.80246591567993] pydexcom DEBUG: Retrieve account ID from the authentication endpoint
+2025-09-07 17:48:29,925 [140.80246591567993] urllib3.connectionpool DEBUG: Starting new HTTPS connection (1): share2.dexcom.com:443
+2025-09-07 17:48:29,991 [140.86881017684937] notifier INFO: Requesting url https://share2.dexcom.com/ShareWebServices/Services
+2025-09-07 17:48:29,991 [140.86881017684937] pydexcom DEBUG: Retrieve glucose readings from the glucose readings endpoint
+2025-09-07 17:48:30,037 [140.91446185112] pydexcom DEBUG: Retrieve glucose readings from the glucose readings endpoint
+2025-09-07 17:48:30,088 [140.96601939201355] urllib3.connectionpool DEBUG: https://share2.dexcom.com:443 "GET /ShareWebServices/Services/General/AuthenticatePublisherAccount HTTP/1.1" 405 176
+2025-09-07 17:48:30,111 [140.98883390426636] urllib3.connectionpool DEBUG: https://share2.dexcom.com:443 "POST /ShareWebServices/Services/Publisher/ReadPublisherLatestGlucoseValues?sessionId=db75fa9f-47b5-4f15-b62a-9eabd11c2782&minutes=1440&maxCount=1 HTTP/1.1" 200 None
+2025-09-07 17:48:30,111 [140.98883390426636] notifier INFO: Requesting url https://share2.dexcom.com/ShareWebServices/Services
+2025-09-07 17:48:30,111 [140.98883390426636] pydexcom DEBUG: Retrieve glucose readings from the glucose readings endpoint
+2025-09-07 17:48:30,142 [141.020259141922] urllib3.connectionpool DEBUG: https://share2.dexcom.com:443 "POST /ShareWebServices/Services/Publisher/ReadPublisherLatestGlucoseValues?sessionId=db75fa9f-47b5-4f15-b62a-9eabd11c2782&minutes=1440&maxCount=1 HTTP/1.1" 200 None
+2025-09-07 17:48:30,233 [141.11057448387146] urllib3.connectionpool DEBUG: https://share2.dexcom.com:443 "POST /ShareWebServices/Services/Publisher/ReadPublisherLatestGlucoseValues?sessionId=db75fa9f-47b5-4f15-b62a-9eabd11c2782&minutes=1440&maxCount=1 HTTP/1.1" 200 None
+2025-09-07 17:48:30,465 [141.34238648414612] urllib3.connectionpool DEBUG: https://share2.dexcom.com:443 "POST /ShareWebServices/Services/General/AuthenticatePublisherAccount HTTP/1.1" 200 38
+2025-09-07 17:48:30,465 [141.34238648414612] pydexcom DEBUG: Retrieve session ID from the login endpoint
+2025-09-07 17:48:30,942 [141.81981205940247] urllib3.connectionpool DEBUG: https://share2.dexcom.com:443 "POST /ShareWebServices/Services/General/LoginPublisherAccountById HTTP/1.1" 200 38
+2025-09-07 17:48:30,956 [141.83375334739685] pydexcom DEBUG: Retrieve glucose readings from the glucose readings endpoint
+2025-09-07 17:48:31,090 [141.96788787841797] status INFO: Requesting url: https://share2.dexcom.com/ShareWebServices/Services/General/AuthenticatePublisherAccount
+2025-09-07 17:48:31,090 [141.96788787841797] urllib3.connectionpool DEBUG: Starting new HTTPS connection (1): share2.dexcom.com:443
+2025-09-07 17:48:31,122 [141.99932432174683] urllib3.connectionpool DEBUG: https://share2.dexcom.com:443 "POST /ShareWebServices/Services/Publisher/ReadPublisherLatestGlucoseValues?sessionId=db75fa9f-47b5-4f15-b62a-9eabd11c2782&minutes=1440&maxCount=1 HTTP/1.1" 200 None
+2025-09-07 17:48:31,241 [142.1184160709381] notifier INFO: Requesting url https://share2.dexcom.com/ShareWebServices/Services
+2025-09-07 17:48:31,241 [142.1184160709381] pydexcom DEBUG: Retrieve glucose readings from the glucose readings endpoint
+2025-09-07 17:48:31,305 [142.1824848651886] urllib3.connectionpool DEBUG: https://share2.dexcom.com:443 "GET /ShareWebServices/Services/General/AuthenticatePublisherAccount HTTP/1.1" 405 176
+2025-09-07 17:48:31,367 [142.24476218223572] urllib3.connectionpool DEBUG: https://share2.dexcom.com:443 "POST /ShareWebServices/Services/Publisher/ReadPublisherLatestGlucoseValues?sessionId=db75fa9f-47b5-4f15-b62a-9eabd11c2782&minutes=1440&maxCount=1 HTTP/1.1" 200 None
+2025-09-07 17:48:31,367 [142.24476218223572] notifier INFO: Requesting url https://share2.dexcom.com/ShareWebServices/Services
+2025-09-07 17:48:31,367 [142.24476218223572] pydexcom DEBUG: Retrieve glucose readings from the glucose readings endpoint
+2025-09-07 17:48:31,494 [142.371479511261] urllib3.connectionpool DEBUG: https://share2.dexcom.com:443 "POST /ShareWebServices/Services/Publisher/ReadPublisherLatestGlucoseValues?sessionId=db75fa9f-47b5-4f15-b62a-9eabd11c2782&minutes=1440&maxCount=1 HTTP/1.1" 200 None
+2025-09-07 17:48:32,311 [143.1886339187622] status INFO: Requesting url: https://share2.dexcom.com/ShareWebServices/Services/General/AuthenticatePublisherAccount
+2025-09-07 17:48:32,311 [143.1886339187622] urllib3.connectionpool DEBUG: Starting new HTTPS connection (1): share2.dexcom.com:443
+2025-09-07 17:48:32,496 [143.37428855895996] notifier INFO: Requesting url https://share2.dexcom.com/ShareWebServices/Services
+2025-09-07 17:48:32,496 [143.37428855895996] pydexcom DEBUG: Retrieve glucose readings from the glucose readings endpoint
+2025-09-07 17:48:32,547 [143.42443132400513] urllib3.connectionpool DEBUG: https://share2.dexcom.com:443 "GET /ShareWebServices/Services/General/AuthenticatePublisherAccount HTTP/1.1" 405 176
+2025-09-07 17:48:32,630 [143.5080738067627] urllib3.connectionpool DEBUG: https://share2.dexcom.com:443 "POST /ShareWebServices/Services/Publisher/ReadPublisherLatestGlucoseValues?sessionId=db75fa9f-47b5-4f15-b62a-9eabd11c2782&minutes=1440&maxCount=1 HTTP/1.1" 200 None
+2025-09-07 17:48:32,630 [143.5080738067627] notifier INFO: Requesting url https://share2.dexcom.com/ShareWebServices/Services
+2025-09-07 17:48:32,630 [143.5080738067627] pydexcom DEBUG: Retrieve glucose readings from the glucose readings endpoint
+2025-09-07 17:48:32,831 [143.70925092697144] urllib3.connectionpool DEBUG: https://share2.dexcom.com:443 "POST /ShareWebServices/Services/Publisher/ReadPublisherLatestGlucoseValues?sessionId=db75fa9f-47b5-4f15-b62a-9eabd11c2782&minutes=1440&maxCount=1 HTTP/1.1" 200 None
+2025-09-07 17:48:33,556 [144.43410539627075] status INFO: Requesting url: https://share2.dexcom.com/ShareWebServices/Services/General/AuthenticatePublisherAccount
+2025-09-07 17:48:33,556 [144.43410539627075] urllib3.connectionpool DEBUG: Starting new HTTPS connection (1): share2.dexcom.com:443
+2025-09-07 17:48:33,807 [144.68450808525085] urllib3.connectionpool DEBUG: https://share2.dexcom.com:443 "GET /ShareWebServices/Services/General/AuthenticatePublisherAccount HTTP/1.1" 405 176
+2025-09-07 17:48:33,834 [144.71162343025208] notifier INFO: Requesting url https://share2.dexcom.com/ShareWebServices/Services
+2025-09-07 17:48:33,834 [144.71162343025208] pydexcom DEBUG: Retrieve glucose readings from the glucose readings endpoint
+2025-09-07 17:48:34,001 [144.87849259376526] urllib3.connectionpool DEBUG: https://share2.dexcom.com:443 "POST /ShareWebServices/Services/Publisher/ReadPublisherLatestGlucoseValues?sessionId=db75fa9f-47b5-4f15-b62a-9eabd11c2782&minutes=1440&maxCount=1 HTTP/1.1" 200 None
+2025-09-07 17:48:34,002 [144.87949419021606] notifier INFO: Requesting url https://share2.dexcom.com/ShareWebServices/Services
+2025-09-07 17:48:34,002 [144.87949419021606] pydexcom DEBUG: Retrieve glucose readings from the glucose readings endpoint
+2025-09-07 17:48:34,131 [145.00839185714722] urllib3.connectionpool DEBUG: https://share2.dexcom.com:443 "POST /ShareWebServices/Services/Publisher/ReadPublisherLatestGlucoseValues?sessionId=db75fa9f-47b5-4f15-b62a-9eabd11c2782&minutes=1440&maxCount=1 HTTP/1.1" 200 None
+2025-09-07 17:48:34,814 [145.69218373298645] status INFO: Requesting url: https://share2.dexcom.com/ShareWebServices/Services/General/AuthenticatePublisherAccount
+2025-09-07 17:48:34,814 [145.69218373298645] urllib3.connectionpool DEBUG: Starting new HTTPS connection (1): share2.dexcom.com:443
+2025-09-07 17:48:35,025 [145.9026324748993] urllib3.connectionpool DEBUG: https://share2.dexcom.com:443 "GET /ShareWebServices/Services/General/AuthenticatePublisherAccount HTTP/1.1" 405 176
+2025-09-07 17:48:35,137 [146.01491594314575] notifier INFO: Requesting url https://share2.dexcom.com/ShareWebServices/Services
+2025-09-07 17:48:35,137 [146.01491594314575] pydexcom DEBUG: Retrieve glucose readings from the glucose readings endpoint
+2025-09-07 17:48:35,150 [146.02821612358093] pydexcom DEBUG: Retrieve glucose readings from the glucose readings endpoint
+2025-09-07 17:48:35,296 [146.17412614822388] urllib3.connectionpool DEBUG: https://share2.dexcom.com:443 "POST /ShareWebServices/Services/Publisher/ReadPublisherLatestGlucoseValues?sessionId=db75fa9f-47b5-4f15-b62a-9eabd11c2782&minutes=1440&maxCount=1 HTTP/1.1" 200 None
+2025-09-07 17:48:35,296 [146.17412614822388] urllib3.connectionpool DEBUG: https://share2.dexcom.com:443 "POST /ShareWebServices/Services/Publisher/ReadPublisherLatestGlucoseValues?sessionId=db75fa9f-47b5-4f15-b62a-9eabd11c2782&minutes=1440&maxCount=1 HTTP/1.1" 200 None
+2025-09-07 17:48:35,296 [146.17412614822388] notifier INFO: Requesting url https://share2.dexcom.com/ShareWebServices/Services
+2025-09-07 17:48:35,296 [146.17412614822388] pydexcom DEBUG: Retrieve glucose readings from the glucose readings endpoint
+2025-09-07 17:48:35,425 [146.30278182029724] urllib3.connectionpool DEBUG: https://share2.dexcom.com:443 "POST /ShareWebServices/Services/Publisher/ReadPublisherLatestGlucoseValues?sessionId=db75fa9f-47b5-4f15-b62a-9eabd11c2782&minutes=1440&maxCount=1 HTTP/1.1" 200 None
+2025-09-07 17:48:36,033 [146.91047930717468] status INFO: Requesting url: https://share2.dexcom.com/ShareWebServices/Services/General/AuthenticatePublisherAccount
+2025-09-07 17:48:36,033 [146.91047930717468] urllib3.connectionpool DEBUG: Starting new HTTPS connection (1): share2.dexcom.com:443
+2025-09-07 17:48:36,130 [147.00778603553772] notifier INFO: Requesting url General/AuthenticatePublisherAccount
+2025-09-07 17:48:36,130 [147.00778603553772] pydexcom DEBUG: Retrieve account ID from the authentication endpoint
+2025-09-07 17:48:36,130 [147.00778603553772] urllib3.connectionpool DEBUG: Starting new HTTPS connection (1): share2.dexcom.com:443
+2025-09-07 17:48:36,300 [147.17795968055725] urllib3.connectionpool DEBUG: https://share2.dexcom.com:443 "GET /ShareWebServices/Services/General/AuthenticatePublisherAccount HTTP/1.1" 405 176
+2025-09-07 17:48:36,426 [147.30407571792603] notifier INFO: Requesting url https://share2.dexcom.com/ShareWebServices/Services
+2025-09-07 17:48:36,426 [147.30407571792603] pydexcom DEBUG: Retrieve glucose readings from the glucose readings endpoint
+2025-09-07 17:48:36,569 [147.4466359615326] urllib3.connectionpool DEBUG: https://share2.dexcom.com:443 "POST /ShareWebServices/Services/Publisher/ReadPublisherLatestGlucoseValues?sessionId=db75fa9f-47b5-4f15-b62a-9eabd11c2782&minutes=1440&maxCount=1 HTTP/1.1" 200 None
+2025-09-07 17:48:36,584 [147.46229338645935] notifier INFO: Requesting url https://share2.dexcom.com/ShareWebServices/Services
+2025-09-07 17:48:36,584 [147.46229338645935] pydexcom DEBUG: Retrieve glucose readings from the glucose readings endpoint
+2025-09-07 17:48:36,648 [147.52578806877136] urllib3.connectionpool DEBUG: https://share2.dexcom.com:443 "POST /ShareWebServices/Services/General/AuthenticatePublisherAccount HTTP/1.1" 200 38
+2025-09-07 17:48:36,648 [147.52578806877136] pydexcom DEBUG: Retrieve session ID from the login endpoint
+2025-09-07 17:48:36,728 [147.60552382469177] urllib3.connectionpool DEBUG: https://share2.dexcom.com:443 "POST /ShareWebServices/Services/Publisher/ReadPublisherLatestGlucoseValues?sessionId=db75fa9f-47b5-4f15-b62a-9eabd11c2782&minutes=1440&maxCount=1 HTTP/1.1" 200 None
+2025-09-07 17:48:37,087 [147.96503114700317] urllib3.connectionpool DEBUG: https://share2.dexcom.com:443 "POST /ShareWebServices/Services/General/LoginPublisherAccountById HTTP/1.1" 200 38
+2025-09-07 17:48:37,108 [147.9855523109436] pydexcom DEBUG: Retrieve glucose readings from the glucose readings endpoint
+2025-09-07 17:48:37,227 [148.10523796081543] urllib3.connectionpool DEBUG: https://share2.dexcom.com:443 "POST /ShareWebServices/Services/Publisher/ReadPublisherLatestGlucoseValues?sessionId=db75fa9f-47b5-4f15-b62a-9eabd11c2782&minutes=1440&maxCount=1 HTTP/1.1" 200 None
+2025-09-07 17:48:37,309 [148.18696808815002] status INFO: Requesting url: https://share2.dexcom.com/ShareWebServices/Services/General/AuthenticatePublisherAccount
+2025-09-07 17:48:37,309 [148.18696808815002] urllib3.connectionpool DEBUG: Starting new HTTPS connection (1): share2.dexcom.com:443
+2025-09-07 17:48:37,531 [148.40893983840942] urllib3.connectionpool DEBUG: https://share2.dexcom.com:443 "GET /ShareWebServices/Services/General/AuthenticatePublisherAccount HTTP/1.1" 405 176
+2025-09-07 17:48:37,730 [148.60745429992676] notifier INFO: Requesting url https://share2.dexcom.com/ShareWebServices/Services
+2025-09-07 17:48:37,730 [148.60745429992676] pydexcom DEBUG: Retrieve glucose readings from the glucose readings endpoint
+2025-09-07 17:48:37,864 [148.74207305908203] urllib3.connectionpool DEBUG: https://share2.dexcom.com:443 "POST /ShareWebServices/Services/Publisher/ReadPublisherLatestGlucoseValues?sessionId=db75fa9f-47b5-4f15-b62a-9eabd11c2782&minutes=1440&maxCount=1 HTTP/1.1" 200 None
+2025-09-07 17:48:37,864 [148.74207305908203] notifier INFO: Requesting url https://share2.dexcom.com/ShareWebServices/Services
+2025-09-07 17:48:37,864 [148.74207305908203] pydexcom DEBUG: Retrieve glucose readings from the glucose readings endpoint
+2025-09-07 17:48:37,999 [148.87699556350708] urllib3.connectionpool DEBUG: https://share2.dexcom.com:443 "POST /ShareWebServices/Services/Publisher/ReadPublisherLatestGlucoseValues?sessionId=db75fa9f-47b5-4f15-b62a-9eabd11c2782&minutes=1440&maxCount=1 HTTP/1.1" 200 None
+2025-09-07 17:48:38,542 [149.42000007629395] status INFO: Requesting url: https://share2.dexcom.com/ShareWebServices/Services/General/AuthenticatePublisherAccount
+2025-09-07 17:48:38,542 [149.42000007629395] urllib3.connectionpool DEBUG: Starting new HTTPS connection (1): share2.dexcom.com:443
+2025-09-07 17:48:38,816 [149.6936957836151] urllib3.connectionpool DEBUG: https://share2.dexcom.com:443 "GET /ShareWebServices/Services/General/AuthenticatePublisherAccount HTTP/1.1" 405 176
+2025-09-07 17:48:39,000 [149.87799644470215] notifier INFO: Requesting url https://share2.dexcom.com/ShareWebServices/Services
+2025-09-07 17:48:39,000 [149.87799644470215] pydexcom DEBUG: Retrieve glucose readings from the glucose readings endpoint
+2025-09-07 17:48:39,132 [150.00957560539246] urllib3.connectionpool DEBUG: https://share2.dexcom.com:443 "POST /ShareWebServices/Services/Publisher/ReadPublisherLatestGlucoseValues?sessionId=db75fa9f-47b5-4f15-b62a-9eabd11c2782&minutes=1440&maxCount=1 HTTP/1.1" 200 None
+2025-09-07 17:48:39,132 [150.00957560539246] notifier INFO: Requesting url https://share2.dexcom.com/ShareWebServices/Services
+2025-09-07 17:48:39,132 [150.00957560539246] pydexcom DEBUG: Retrieve glucose readings from the glucose readings endpoint
+2025-09-07 17:48:39,264 [150.1418023109436] urllib3.connectionpool DEBUG: https://share2.dexcom.com:443 "POST /ShareWebServices/Services/Publisher/ReadPublisherLatestGlucoseValues?sessionId=db75fa9f-47b5-4f15-b62a-9eabd11c2782&minutes=1440&maxCount=1 HTTP/1.1" 200 None
+2025-09-07 17:48:39,819 [150.69665718078613] status INFO: Requesting url: https://share2.dexcom.com/ShareWebServices/Services/General/AuthenticatePublisherAccount
+2025-09-07 17:48:39,819 [150.69665718078613] urllib3.connectionpool DEBUG: Starting new HTTPS connection (1): share2.dexcom.com:443
+2025-09-07 17:48:40,117 [150.99461102485657] urllib3.connectionpool DEBUG: https://share2.dexcom.com:443 "GET /ShareWebServices/Services/General/AuthenticatePublisherAccount HTTP/1.1" 405 176
+2025-09-07 17:48:40,279 [151.1567804813385] notifier INFO: Requesting url https://share2.dexcom.com/ShareWebServices/Services
+2025-09-07 17:48:40,279 [151.1567804813385] pydexcom DEBUG: Retrieve glucose readings from the glucose readings endpoint
+2025-09-07 17:48:40,303 [151.18055748939514] pydexcom DEBUG: Retrieve glucose readings from the glucose readings endpoint
+2025-09-07 17:48:40,393 [151.27098631858826] urllib3.connectionpool DEBUG: https://share2.dexcom.com:443 "POST /ShareWebServices/Services/Publisher/ReadPublisherLatestGlucoseValues?sessionId=db75fa9f-47b5-4f15-b62a-9eabd11c2782&minutes=1440&maxCount=1 HTTP/1.1" 200 None
+2025-09-07 17:48:40,393 [151.27098631858826] notifier INFO: Requesting url https://share2.dexcom.com/ShareWebServices/Services
+2025-09-07 17:48:40,393 [151.27098631858826] pydexcom DEBUG: Retrieve glucose readings from the glucose readings endpoint
+2025-09-07 17:48:40,446 [151.32365155220032] urllib3.connectionpool DEBUG: https://share2.dexcom.com:443 "POST /ShareWebServices/Services/Publisher/ReadPublisherLatestGlucoseValues?sessionId=db75fa9f-47b5-4f15-b62a-9eabd11c2782&minutes=1440&maxCount=1 HTTP/1.1" 200 None
+2025-09-07 17:48:40,513 [151.39111018180847] urllib3.connectionpool DEBUG: https://share2.dexcom.com:443 "POST /ShareWebServices/Services/Publisher/ReadPublisherLatestGlucoseValues?sessionId=db75fa9f-47b5-4f15-b62a-9eabd11c2782&minutes=1440&maxCount=1 HTTP/1.1" 200 None
+2025-09-07 17:48:41,120 [151.99821877479553] status INFO: Requesting url: https://share2.dexcom.com/ShareWebServices/Services/General/AuthenticatePublisherAccount
+2025-09-07 17:48:41,121 [151.9987256526947] urllib3.connectionpool DEBUG: Starting new HTTPS connection (1): share2.dexcom.com:443
+2025-09-07 17:48:41,353 [152.23069667816162] urllib3.connectionpool DEBUG: https://share2.dexcom.com:443 "GET /ShareWebServices/Services/General/AuthenticatePublisherAccount HTTP/1.1" 405 176
+2025-09-07 17:48:41,525 [152.40270471572876] notifier INFO: Requesting url https://share2.dexcom.com/ShareWebServices/Services
+2025-09-07 17:48:41,525 [152.40270471572876] pydexcom DEBUG: Retrieve glucose readings from the glucose readings endpoint
+2025-09-07 17:48:41,646 [152.52423477172852] urllib3.connectionpool DEBUG: https://share2.dexcom.com:443 "POST /ShareWebServices/Services/Publisher/ReadPublisherLatestGlucoseValues?sessionId=db75fa9f-47b5-4f15-b62a-9eabd11c2782&minutes=1440&maxCount=1 HTTP/1.1" 200 None
+2025-09-07 17:48:41,658 [152.5362265110016] notifier INFO: Requesting url https://share2.dexcom.com/ShareWebServices/Services
+2025-09-07 17:48:41,658 [152.5362265110016] pydexcom DEBUG: Retrieve glucose readings from the glucose readings endpoint
+2025-09-07 17:48:41,789 [152.66652989387512] urllib3.connectionpool DEBUG: https://share2.dexcom.com:443 "POST /ShareWebServices/Services/Publisher/ReadPublisherLatestGlucoseValues?sessionId=db75fa9f-47b5-4f15-b62a-9eabd11c2782&minutes=1440&maxCount=1 HTTP/1.1" 200 None
+2025-09-07 17:48:42,255 [153.13255953788757] notifier INFO: Requesting url General/AuthenticatePublisherAccount
+2025-09-07 17:48:42,255 [153.13255953788757] pydexcom DEBUG: Retrieve account ID from the authentication endpoint
+2025-09-07 17:48:42,255 [153.13255953788757] urllib3.connectionpool DEBUG: Starting new HTTPS connection (1): share2.dexcom.com:443
+2025-09-07 17:48:42,360 [153.23781442642212] status INFO: Requesting url: https://share2.dexcom.com/ShareWebServices/Services/General/AuthenticatePublisherAccount
+2025-09-07 17:48:42,360 [153.23781442642212] urllib3.connectionpool DEBUG: Starting new HTTPS connection (1): share2.dexcom.com:443
+2025-09-07 17:48:42,581 [153.4586992263794] urllib3.connectionpool DEBUG: https://share2.dexcom.com:443 "GET /ShareWebServices/Services/General/AuthenticatePublisherAccount HTTP/1.1" 405 176
+2025-09-07 17:48:42,795 [153.672682762146] notifier INFO: Requesting url https://share2.dexcom.com/ShareWebServices/Services
+2025-09-07 17:48:42,795 [153.672682762146] pydexcom DEBUG: Retrieve glucose readings from the glucose readings endpoint
+2025-09-07 17:48:42,812 [153.68993258476257] urllib3.connectionpool DEBUG: https://share2.dexcom.com:443 "POST /ShareWebServices/Services/General/AuthenticatePublisherAccount HTTP/1.1" 200 38
+2025-09-07 17:48:42,812 [153.68993258476257] pydexcom DEBUG: Retrieve session ID from the login endpoint
+2025-09-07 17:48:42,925 [153.80260062217712] urllib3.connectionpool DEBUG: https://share2.dexcom.com:443 "POST /ShareWebServices/Services/Publisher/ReadPublisherLatestGlucoseValues?sessionId=db75fa9f-47b5-4f15-b62a-9eabd11c2782&minutes=1440&maxCount=1 HTTP/1.1" 200 None
+2025-09-07 17:48:42,925 [153.80260062217712] notifier INFO: Requesting url https://share2.dexcom.com/ShareWebServices/Services
+2025-09-07 17:48:42,925 [153.80260062217712] pydexcom DEBUG: Retrieve glucose readings from the glucose readings endpoint
+2025-09-07 17:48:43,054 [153.93203687667847] urllib3.connectionpool DEBUG: https://share2.dexcom.com:443 "POST /ShareWebServices/Services/Publisher/ReadPublisherLatestGlucoseValues?sessionId=db75fa9f-47b5-4f15-b62a-9eabd11c2782&minutes=1440&maxCount=1 HTTP/1.1" 200 None
+2025-09-07 17:48:43,251 [154.12911367416382] urllib3.connectionpool DEBUG: https://share2.dexcom.com:443 "POST /ShareWebServices/Services/General/LoginPublisherAccountById HTTP/1.1" 200 38
+2025-09-07 17:48:43,256 [154.1334569454193] pydexcom DEBUG: Retrieve glucose readings from the glucose readings endpoint
+2025-09-07 17:48:43,383 [154.26032733917236] urllib3.connectionpool DEBUG: https://share2.dexcom.com:443 "POST /ShareWebServices/Services/Publisher/ReadPublisherLatestGlucoseValues?sessionId=db75fa9f-47b5-4f15-b62a-9eabd11c2782&minutes=1440&maxCount=1 HTTP/1.1" 200 None
+2025-09-07 17:48:43,589 [154.4668574333191] status INFO: Requesting url: https://share2.dexcom.com/ShareWebServices/Services/General/AuthenticatePublisherAccount
+2025-09-07 17:48:43,589 [154.4668574333191] urllib3.connectionpool DEBUG: Starting new HTTPS connection (1): share2.dexcom.com:443
+2025-09-07 17:48:43,843 [154.72035717964172] urllib3.connectionpool DEBUG: https://share2.dexcom.com:443 "GET /ShareWebServices/Services/General/AuthenticatePublisherAccount HTTP/1.1" 405 176
+2025-09-07 17:48:44,064 [154.94182991981506] notifier INFO: Requesting url https://share2.dexcom.com/ShareWebServices/Services
+2025-09-07 17:48:44,064 [154.94182991981506] pydexcom DEBUG: Retrieve glucose readings from the glucose readings endpoint
+2025-09-07 17:48:44,201 [155.07890057563782] urllib3.connectionpool DEBUG: https://share2.dexcom.com:443 "POST /ShareWebServices/Services/Publisher/ReadPublisherLatestGlucoseValues?sessionId=db75fa9f-47b5-4f15-b62a-9eabd11c2782&minutes=1440&maxCount=1 HTTP/1.1" 200 None
+2025-09-07 17:48:44,203 [155.08064889907837] notifier INFO: Requesting url https://share2.dexcom.com/ShareWebServices/Services
+2025-09-07 17:48:44,203 [155.08064889907837] pydexcom DEBUG: Retrieve glucose readings from the glucose readings endpoint
+2025-09-07 17:48:44,308 [155.18571424484253] urllib3.connectionpool DEBUG: https://share2.dexcom.com:443 "POST /ShareWebServices/Services/Publisher/ReadPublisherLatestGlucoseValues?sessionId=db75fa9f-47b5-4f15-b62a-9eabd11c2782&minutes=1440&maxCount=1 HTTP/1.1" 200 None
+2025-09-07 17:48:44,847 [155.724862575531] status INFO: Requesting url: https://share2.dexcom.com/ShareWebServices/Services/General/AuthenticatePublisherAccount
+2025-09-07 17:48:44,848 [155.72587394714355] urllib3.connectionpool DEBUG: Starting new HTTPS connection (1): share2.dexcom.com:443
+2025-09-07 17:48:45,044 [155.9218454360962] urllib3.connectionpool DEBUG: https://share2.dexcom.com:443 "GET /ShareWebServices/Services/General/AuthenticatePublisherAccount HTTP/1.1" 405 176
+2025-09-07 17:48:45,318 [156.19565963745117] notifier INFO: Requesting url https://share2.dexcom.com/ShareWebServices/Services
+2025-09-07 17:48:45,318 [156.19565963745117] pydexcom DEBUG: Retrieve glucose readings from the glucose readings endpoint
+2025-09-07 17:48:45,434 [156.31152176856995] urllib3.connectionpool DEBUG: https://share2.dexcom.com:443 "POST /ShareWebServices/Services/Publisher/ReadPublisherLatestGlucoseValues?sessionId=db75fa9f-47b5-4f15-b62a-9eabd11c2782&minutes=1440&maxCount=1 HTTP/1.1" 200 None
+2025-09-07 17:48:45,434 [156.31152176856995] notifier INFO: Requesting url https://share2.dexcom.com/ShareWebServices/Services
+2025-09-07 17:48:45,434 [156.31152176856995] pydexcom DEBUG: Retrieve glucose readings from the glucose readings endpoint
+2025-09-07 17:48:45,459 [156.33670473098755] pydexcom DEBUG: Retrieve glucose readings from the glucose readings endpoint
+2025-09-07 17:48:45,580 [156.45783376693726] urllib3.connectionpool DEBUG: https://share2.dexcom.com:443 "POST /ShareWebServices/Services/Publisher/ReadPublisherLatestGlucoseValues?sessionId=db75fa9f-47b5-4f15-b62a-9eabd11c2782&minutes=1440&maxCount=1 HTTP/1.1" 200 None
+2025-09-07 17:48:45,596 [156.47375464439392] urllib3.connectionpool DEBUG: https://share2.dexcom.com:443 "POST /ShareWebServices/Services/Publisher/ReadPublisherLatestGlucoseValues?sessionId=db75fa9f-47b5-4f15-b62a-9eabd11c2782&minutes=1440&maxCount=1 HTTP/1.1" 200 None
+2025-09-07 17:48:46,049 [156.9263551235199] status INFO: Requesting url: https://share2.dexcom.com/ShareWebServices/Services/General/AuthenticatePublisherAccount
+2025-09-07 17:48:46,049 [156.9263551235199] urllib3.connectionpool DEBUG: Starting new HTTPS connection (1): share2.dexcom.com:443
+2025-09-07 17:48:46,279 [157.15679049491882] urllib3.connectionpool DEBUG: https://share2.dexcom.com:443 "GET /ShareWebServices/Services/General/AuthenticatePublisherAccount HTTP/1.1" 405 176
+2025-09-07 17:48:46,585 [157.46239113807678] notifier INFO: Requesting url https://share2.dexcom.com/ShareWebServices/Services
+2025-09-07 17:48:46,585 [157.46239113807678] pydexcom DEBUG: Retrieve glucose readings from the glucose readings endpoint
+2025-09-07 17:48:46,705 [157.58311772346497] urllib3.connectionpool DEBUG: https://share2.dexcom.com:443 "POST /ShareWebServices/Services/Publisher/ReadPublisherLatestGlucoseValues?sessionId=db75fa9f-47b5-4f15-b62a-9eabd11c2782&minutes=1440&maxCount=1 HTTP/1.1" 200 None
+2025-09-07 17:48:46,705 [157.58311772346497] notifier INFO: Requesting url https://share2.dexcom.com/ShareWebServices/Services
+2025-09-07 17:48:46,705 [157.58311772346497] pydexcom DEBUG: Retrieve glucose readings from the glucose readings endpoint
+2025-09-07 17:48:46,841 [157.7188160419464] urllib3.connectionpool DEBUG: https://share2.dexcom.com:443 "POST /ShareWebServices/Services/Publisher/ReadPublisherLatestGlucoseValues?sessionId=db75fa9f-47b5-4f15-b62a-9eabd11c2782&minutes=1440&maxCount=1 HTTP/1.1" 200 None
+2025-09-07 17:48:47,282 [158.15972304344177] status INFO: Requesting url: https://share2.dexcom.com/ShareWebServices/Services/General/AuthenticatePublisherAccount
+2025-09-07 17:48:47,282 [158.15972304344177] urllib3.connectionpool DEBUG: Starting new HTTPS connection (1): share2.dexcom.com:443
+2025-09-07 17:48:47,490 [158.3678286075592] urllib3.connectionpool DEBUG: https://share2.dexcom.com:443 "GET /ShareWebServices/Services/General/AuthenticatePublisherAccount HTTP/1.1" 405 176
+2025-09-07 17:48:47,845 [158.7225742340088] notifier INFO: Requesting url https://share2.dexcom.com/ShareWebServices/Services
+2025-09-07 17:48:47,845 [158.7225742340088] pydexcom DEBUG: Retrieve glucose readings from the glucose readings endpoint
+2025-09-07 17:48:47,971 [158.84840774536133] urllib3.connectionpool DEBUG: https://share2.dexcom.com:443 "POST /ShareWebServices/Services/Publisher/ReadPublisherLatestGlucoseValues?sessionId=db75fa9f-47b5-4f15-b62a-9eabd11c2782&minutes=1440&maxCount=1 HTTP/1.1" 200 None
+2025-09-07 17:48:47,971 [158.84840774536133] notifier INFO: Requesting url https://share2.dexcom.com/ShareWebServices/Services
+2025-09-07 17:48:47,971 [158.84840774536133] pydexcom DEBUG: Retrieve glucose readings from the glucose readings endpoint
+2025-09-07 17:48:48,102 [158.97986555099487] urllib3.connectionpool DEBUG: https://share2.dexcom.com:443 "POST /ShareWebServices/Services/Publisher/ReadPublisherLatestGlucoseValues?sessionId=db75fa9f-47b5-4f15-b62a-9eabd11c2782&minutes=1440&maxCount=1 HTTP/1.1" 200 None
+2025-09-07 17:48:48,404 [159.28213787078857] notifier INFO: Requesting url General/AuthenticatePublisherAccount
+2025-09-07 17:48:48,404 [159.28213787078857] pydexcom DEBUG: Retrieve account ID from the authentication endpoint
+2025-09-07 17:48:48,404 [159.28213787078857] urllib3.connectionpool DEBUG: Starting new HTTPS connection (1): share2.dexcom.com:443
+2025-09-07 17:48:48,503 [159.380597114563] status INFO: Requesting url: https://share2.dexcom.com/ShareWebServices/Services/General/AuthenticatePublisherAccount
+2025-09-07 17:48:48,504 [159.3817024230957] urllib3.connectionpool DEBUG: Starting new HTTPS connection (1): share2.dexcom.com:443
+2025-09-07 17:48:48,716 [159.59358286857605] urllib3.connectionpool DEBUG: https://share2.dexcom.com:443 "GET /ShareWebServices/Services/General/AuthenticatePublisherAccount HTTP/1.1" 405 176
+2025-09-07 17:48:48,843 [159.72105956077576] urllib3.connectionpool DEBUG: https://share2.dexcom.com:443 "POST /ShareWebServices/Services/General/AuthenticatePublisherAccount HTTP/1.1" 200 38
+2025-09-07 17:48:48,843 [159.72105956077576] pydexcom DEBUG: Retrieve session ID from the login endpoint
+2025-09-07 17:48:49,103 [159.98087620735168] notifier INFO: Requesting url https://share2.dexcom.com/ShareWebServices/Services
+2025-09-07 17:48:49,103 [159.98087620735168] pydexcom DEBUG: Retrieve glucose readings from the glucose readings endpoint
+2025-09-07 17:48:49,239 [160.11636590957642] urllib3.connectionpool DEBUG: https://share2.dexcom.com:443 "POST /ShareWebServices/Services/Publisher/ReadPublisherLatestGlucoseValues?sessionId=db75fa9f-47b5-4f15-b62a-9eabd11c2782&minutes=1440&maxCount=1 HTTP/1.1" 200 None
+2025-09-07 17:48:49,239 [160.11636590957642] notifier INFO: Requesting url https://share2.dexcom.com/ShareWebServices/Services
+2025-09-07 17:48:49,239 [160.11636590957642] pydexcom DEBUG: Retrieve glucose readings from the glucose readings endpoint
+2025-09-07 17:48:49,320 [160.19760751724243] urllib3.connectionpool DEBUG: https://share2.dexcom.com:443 "POST /ShareWebServices/Services/General/LoginPublisherAccountById HTTP/1.1" 200 38
+2025-09-07 17:48:49,320 [160.19760751724243] pydexcom DEBUG: Retrieve glucose readings from the glucose readings endpoint
+2025-09-07 17:48:49,388 [160.26602005958557] urllib3.connectionpool DEBUG: https://share2.dexcom.com:443 "POST /ShareWebServices/Services/Publisher/ReadPublisherLatestGlucoseValues?sessionId=db75fa9f-47b5-4f15-b62a-9eabd11c2782&minutes=1440&maxCount=1 HTTP/1.1" 200 None
+2025-09-07 17:48:49,450 [160.32749795913696] urllib3.connectionpool DEBUG: https://share2.dexcom.com:443 "POST /ShareWebServices/Services/Publisher/ReadPublisherLatestGlucoseValues?sessionId=db75fa9f-47b5-4f15-b62a-9eabd11c2782&minutes=1440&maxCount=1 HTTP/1.1" 200 None
+2025-09-07 17:48:49,719 [160.59633374214172] status INFO: Requesting url: https://share2.dexcom.com/ShareWebServices/Services/General/AuthenticatePublisherAccount
+2025-09-07 17:48:49,719 [160.59633374214172] urllib3.connectionpool DEBUG: Starting new HTTPS connection (1): share2.dexcom.com:443
+2025-09-07 17:48:49,932 [160.8098840713501] urllib3.connectionpool DEBUG: https://share2.dexcom.com:443 "GET /ShareWebServices/Services/General/AuthenticatePublisherAccount HTTP/1.1" 405 176
+2025-09-07 17:48:50,392 [161.2698528766632] notifier INFO: Requesting url https://share2.dexcom.com/ShareWebServices/Services
+2025-09-07 17:48:50,392 [161.2698528766632] pydexcom DEBUG: Retrieve glucose readings from the glucose readings endpoint
+2025-09-07 17:48:50,532 [161.40994548797607] urllib3.connectionpool DEBUG: https://share2.dexcom.com:443 "POST /ShareWebServices/Services/Publisher/ReadPublisherLatestGlucoseValues?sessionId=db75fa9f-47b5-4f15-b62a-9eabd11c2782&minutes=1440&maxCount=1 HTTP/1.1" 200 None
+2025-09-07 17:48:50,532 [161.40994548797607] notifier INFO: Requesting url https://share2.dexcom.com/ShareWebServices/Services
+2025-09-07 17:48:50,532 [161.40994548797607] pydexcom DEBUG: Retrieve glucose readings from the glucose readings endpoint
+2025-09-07 17:48:50,608 [161.48591804504395] pydexcom DEBUG: Retrieve glucose readings from the glucose readings endpoint
+2025-09-07 17:48:50,653 [161.53031849861145] urllib3.connectionpool DEBUG: https://share2.dexcom.com:443 "POST /ShareWebServices/Services/Publisher/ReadPublisherLatestGlucoseValues?sessionId=db75fa9f-47b5-4f15-b62a-9eabd11c2782&minutes=1440&maxCount=1 HTTP/1.1" 200 None
+2025-09-07 17:48:50,748 [161.62592887878418] urllib3.connectionpool DEBUG: https://share2.dexcom.com:443 "POST /ShareWebServices/Services/Publisher/ReadPublisherLatestGlucoseValues?sessionId=db75fa9f-47b5-4f15-b62a-9eabd11c2782&minutes=1440&maxCount=1 HTTP/1.1" 200 None
+2025-09-07 17:48:50,939 [161.81665062904358] status INFO: Requesting url: https://share2.dexcom.com/ShareWebServices/Services/General/AuthenticatePublisherAccount
+2025-09-07 17:48:50,939 [161.81665062904358] urllib3.connectionpool DEBUG: Starting new HTTPS connection (1): share2.dexcom.com:443
+2025-09-07 17:48:51,149 [162.0268576145172] urllib3.connectionpool DEBUG: https://share2.dexcom.com:443 "GET /ShareWebServices/Services/General/AuthenticatePublisherAccount HTTP/1.1" 405 176
+2025-09-07 17:48:51,658 [162.5358169078827] notifier INFO: Requesting url https://share2.dexcom.com/ShareWebServices/Services
+2025-09-07 17:48:51,658 [162.5358169078827] pydexcom DEBUG: Retrieve glucose readings from the glucose readings endpoint
+2025-09-07 17:48:51,797 [162.67481327056885] urllib3.connectionpool DEBUG: https://share2.dexcom.com:443 "POST /ShareWebServices/Services/Publisher/ReadPublisherLatestGlucoseValues?sessionId=db75fa9f-47b5-4f15-b62a-9eabd11c2782&minutes=1440&maxCount=1 HTTP/1.1" 200 None
+2025-09-07 17:48:51,797 [162.67481327056885] notifier INFO: Requesting url https://share2.dexcom.com/ShareWebServices/Services
+2025-09-07 17:48:51,797 [162.67481327056885] pydexcom DEBUG: Retrieve glucose readings from the glucose readings endpoint
+2025-09-07 17:48:51,926 [162.80333423614502] urllib3.connectionpool DEBUG: https://share2.dexcom.com:443 "POST /ShareWebServices/Services/Publisher/ReadPublisherLatestGlucoseValues?sessionId=db75fa9f-47b5-4f15-b62a-9eabd11c2782&minutes=1440&maxCount=1 HTTP/1.1" 200 None
+2025-09-07 17:48:52,150 [163.02803540229797] status INFO: Requesting url: https://share2.dexcom.com/ShareWebServices/Services/General/AuthenticatePublisherAccount
+2025-09-07 17:48:52,150 [163.02803540229797] urllib3.connectionpool DEBUG: Starting new HTTPS connection (1): share2.dexcom.com:443
+2025-09-07 17:48:52,385 [163.2623951435089] urllib3.connectionpool DEBUG: https://share2.dexcom.com:443 "GET /ShareWebServices/Services/General/AuthenticatePublisherAccount HTTP/1.1" 405 176
+2025-09-07 17:48:52,940 [163.8178174495697] notifier INFO: Requesting url https://share2.dexcom.com/ShareWebServices/Services
+2025-09-07 17:48:52,940 [163.8178174495697] pydexcom DEBUG: Retrieve glucose readings from the glucose readings endpoint
+2025-09-07 17:48:53,047 [163.9252691268921] urllib3.connectionpool DEBUG: https://share2.dexcom.com:443 "POST /ShareWebServices/Services/Publisher/ReadPublisherLatestGlucoseValues?sessionId=db75fa9f-47b5-4f15-b62a-9eabd11c2782&minutes=1440&maxCount=1 HTTP/1.1" 200 None
+2025-09-07 17:48:53,047 [163.9252691268921] notifier INFO: Requesting url https://share2.dexcom.com/ShareWebServices/Services
+2025-09-07 17:48:53,047 [163.9252691268921] pydexcom DEBUG: Retrieve glucose readings from the glucose readings endpoint
+2025-09-07 17:48:53,178 [164.05604243278503] urllib3.connectionpool DEBUG: https://share2.dexcom.com:443 "POST /ShareWebServices/Services/Publisher/ReadPublisherLatestGlucoseValues?sessionId=db75fa9f-47b5-4f15-b62a-9eabd11c2782&minutes=1440&maxCount=1 HTTP/1.1" 200 None
+2025-09-07 17:48:53,386 [164.2636330127716] status INFO: Requesting url: https://share2.dexcom.com/ShareWebServices/Services/General/AuthenticatePublisherAccount
+2025-09-07 17:48:53,386 [164.2636330127716] urllib3.connectionpool DEBUG: Starting new HTTPS connection (1): share2.dexcom.com:443
+2025-09-07 17:48:53,620 [164.49740362167358] urllib3.connectionpool DEBUG: https://share2.dexcom.com:443 "GET /ShareWebServices/Services/General/AuthenticatePublisherAccount HTTP/1.1" 405 176
+2025-09-07 17:48:54,183 [165.06115198135376] notifier INFO: Requesting url https://share2.dexcom.com/ShareWebServices/Services
+2025-09-07 17:48:54,183 [165.06115198135376] pydexcom DEBUG: Retrieve glucose readings from the glucose readings endpoint
+2025-09-07 17:48:54,315 [165.19322657585144] urllib3.connectionpool DEBUG: https://share2.dexcom.com:443 "POST /ShareWebServices/Services/Publisher/ReadPublisherLatestGlucoseValues?sessionId=db75fa9f-47b5-4f15-b62a-9eabd11c2782&minutes=1440&maxCount=1 HTTP/1.1" 200 None
+2025-09-07 17:48:54,315 [165.19322657585144] notifier INFO: Requesting url https://share2.dexcom.com/ShareWebServices/Services
+2025-09-07 17:48:54,315 [165.19322657585144] pydexcom DEBUG: Retrieve glucose readings from the glucose readings endpoint
+2025-09-07 17:48:54,432 [165.31013083457947] urllib3.connectionpool DEBUG: https://share2.dexcom.com:443 "POST /ShareWebServices/Services/Publisher/ReadPublisherLatestGlucoseValues?sessionId=db75fa9f-47b5-4f15-b62a-9eabd11c2782&minutes=1440&maxCount=1 HTTP/1.1" 200 None
+2025-09-07 17:48:54,476 [165.35335159301758] notifier INFO: Requesting url General/AuthenticatePublisherAccount
+2025-09-07 17:48:54,476 [165.35335159301758] pydexcom DEBUG: Retrieve account ID from the authentication endpoint
+2025-09-07 17:48:54,476 [165.35335159301758] urllib3.connectionpool DEBUG: Starting new HTTPS connection (1): share2.dexcom.com:443
+2025-09-07 17:48:54,632 [165.5094451904297] status INFO: Requesting url: https://share2.dexcom.com/ShareWebServices/Services/General/AuthenticatePublisherAccount
+2025-09-07 17:48:54,632 [165.5094451904297] urllib3.connectionpool DEBUG: Starting new HTTPS connection (1): share2.dexcom.com:443
+2025-09-07 17:48:54,866 [165.7438542842865] urllib3.connectionpool DEBUG: https://share2.dexcom.com:443 "GET /ShareWebServices/Services/General/AuthenticatePublisherAccount HTTP/1.1" 405 176
+2025-09-07 17:48:54,892 [165.77021384239197] urllib3.connectionpool DEBUG: https://share2.dexcom.com:443 "POST /ShareWebServices/Services/General/AuthenticatePublisherAccount HTTP/1.1" 200 38
+2025-09-07 17:48:54,908 [165.7859182357788] pydexcom DEBUG: Retrieve session ID from the login endpoint
+2025-09-07 17:48:55,436 [166.31387209892273] urllib3.connectionpool DEBUG: https://share2.dexcom.com:443 "POST /ShareWebServices/Services/General/LoginPublisherAccountById HTTP/1.1" 200 38
+2025-09-07 17:48:55,444 [166.32185077667236] notifier INFO: Requesting url https://share2.dexcom.com/ShareWebServices/Services
+2025-09-07 17:48:55,444 [166.32185077667236] pydexcom DEBUG: Retrieve glucose readings from the glucose readings endpoint
+2025-09-07 17:48:55,452 [166.32980275154114] pydexcom DEBUG: Retrieve glucose readings from the glucose readings endpoint
+2025-09-07 17:48:55,566 [166.44383907318115] urllib3.connectionpool DEBUG: https://share2.dexcom.com:443 "POST /ShareWebServices/Services/Publisher/ReadPublisherLatestGlucoseValues?sessionId=db75fa9f-47b5-4f15-b62a-9eabd11c2782&minutes=1440&maxCount=1 HTTP/1.1" 200 None
+2025-09-07 17:48:55,568 [166.44603443145752] notifier INFO: Requesting url https://share2.dexcom.com/ShareWebServices/Services
+2025-09-07 17:48:55,568 [166.44603443145752] pydexcom DEBUG: Retrieve glucose readings from the glucose readings endpoint
+2025-09-07 17:48:55,582 [166.4595766067505] urllib3.connectionpool DEBUG: https://share2.dexcom.com:443 "POST /ShareWebServices/Services/Publisher/ReadPublisherLatestGlucoseValues?sessionId=db75fa9f-47b5-4f15-b62a-9eabd11c2782&minutes=1440&maxCount=1 HTTP/1.1" 200 None
+2025-09-07 17:48:55,699 [166.57663655281067] urllib3.connectionpool DEBUG: https://share2.dexcom.com:443 "POST /ShareWebServices/Services/Publisher/ReadPublisherLatestGlucoseValues?sessionId=db75fa9f-47b5-4f15-b62a-9eabd11c2782&minutes=1440&maxCount=1 HTTP/1.1" 200 None
+2025-09-07 17:48:55,754 [166.63174843788147] pydexcom DEBUG: Retrieve glucose readings from the glucose readings endpoint
+2025-09-07 17:48:55,867 [166.74506497383118] status INFO: Requesting url: https://share2.dexcom.com/ShareWebServices/Services/General/AuthenticatePublisherAccount
+2025-09-07 17:48:55,867 [166.74506497383118] urllib3.connectionpool DEBUG: Starting new HTTPS connection (1): share2.dexcom.com:443
+2025-09-07 17:48:55,867 [166.74506497383118] urllib3.connectionpool DEBUG: https://share2.dexcom.com:443 "POST /ShareWebServices/Services/Publisher/ReadPublisherLatestGlucoseValues?sessionId=db75fa9f-47b5-4f15-b62a-9eabd11c2782&minutes=1440&maxCount=1 HTTP/1.1" 200 None
+2025-09-07 17:48:56,095 [166.97315073013306] urllib3.connectionpool DEBUG: https://share2.dexcom.com:443 "GET /ShareWebServices/Services/General/AuthenticatePublisherAccount HTTP/1.1" 405 176
+2025-09-07 17:48:56,706 [167.58419942855835] notifier INFO: Requesting url https://share2.dexcom.com/ShareWebServices/Services
+2025-09-07 17:48:56,706 [167.58419942855835] pydexcom DEBUG: Retrieve glucose readings from the glucose readings endpoint
+2025-09-07 17:48:56,838 [167.71535277366638] urllib3.connectionpool DEBUG: https://share2.dexcom.com:443 "POST /ShareWebServices/Services/Publisher/ReadPublisherLatestGlucoseValues?sessionId=db75fa9f-47b5-4f15-b62a-9eabd11c2782&minutes=1440&maxCount=1 HTTP/1.1" 200 None
+2025-09-07 17:48:56,838 [167.71535277366638] notifier INFO: Requesting url https://share2.dexcom.com/ShareWebServices/Services
+2025-09-07 17:48:56,839 [167.7171516418457] pydexcom DEBUG: Retrieve glucose readings from the glucose readings endpoint
+2025-09-07 17:48:56,949 [167.82649660110474] urllib3.connectionpool DEBUG: https://share2.dexcom.com:443 "POST /ShareWebServices/Services/Publisher/ReadPublisherLatestGlucoseValues?sessionId=db75fa9f-47b5-4f15-b62a-9eabd11c2782&minutes=1440&maxCount=1 HTTP/1.1" 200 None
+2025-09-07 17:48:57,098 [167.97610473632812] status INFO: Requesting url: https://share2.dexcom.com/ShareWebServices/Services/General/AuthenticatePublisherAccount
+2025-09-07 17:48:57,098 [167.97610473632812] urllib3.connectionpool DEBUG: Starting new HTTPS connection (1): share2.dexcom.com:443
+2025-09-07 17:48:57,319 [168.19699716567993] urllib3.connectionpool DEBUG: https://share2.dexcom.com:443 "GET /ShareWebServices/Services/General/AuthenticatePublisherAccount HTTP/1.1" 405 176
+2025-09-07 17:48:57,966 [168.84420251846313] notifier INFO: Requesting url https://share2.dexcom.com/ShareWebServices/Services
+2025-09-07 17:48:57,966 [168.84420251846313] pydexcom DEBUG: Retrieve glucose readings from the glucose readings endpoint
+2025-09-07 17:48:58,121 [168.99902367591858] urllib3.connectionpool DEBUG: https://share2.dexcom.com:443 "POST /ShareWebServices/Services/Publisher/ReadPublisherLatestGlucoseValues?sessionId=db75fa9f-47b5-4f15-b62a-9eabd11c2782&minutes=1440&maxCount=1 HTTP/1.1" 200 None
+2025-09-07 17:48:58,121 [168.99902367591858] notifier INFO: Requesting url https://share2.dexcom.com/ShareWebServices/Services
+2025-09-07 17:48:58,121 [168.99902367591858] pydexcom DEBUG: Retrieve glucose readings from the glucose readings endpoint
+2025-09-07 17:48:58,238 [169.11572337150574] urllib3.connectionpool DEBUG: https://share2.dexcom.com:443 "POST /ShareWebServices/Services/Publisher/ReadPublisherLatestGlucoseValues?sessionId=db75fa9f-47b5-4f15-b62a-9eabd11c2782&minutes=1440&maxCount=1 HTTP/1.1" 200 None
+2025-09-07 17:48:58,321 [169.1990954875946] status INFO: Requesting url: https://share2.dexcom.com/ShareWebServices/Services/General/AuthenticatePublisherAccount
+2025-09-07 17:48:58,321 [169.1990954875946] urllib3.connectionpool DEBUG: Starting new HTTPS connection (1): share2.dexcom.com:443
+2025-09-07 17:48:58,588 [169.46535801887512] urllib3.connectionpool DEBUG: https://share2.dexcom.com:443 "GET /ShareWebServices/Services/General/AuthenticatePublisherAccount HTTP/1.1" 405 176
+2025-09-07 17:48:59,253 [170.130384683609] notifier INFO: Requesting url https://share2.dexcom.com/ShareWebServices/Services
+2025-09-07 17:48:59,253 [170.130384683609] pydexcom DEBUG: Retrieve glucose readings from the glucose readings endpoint
+2025-09-07 17:48:59,362 [170.23995208740234] urllib3.connectionpool DEBUG: https://share2.dexcom.com:443 "POST /ShareWebServices/Services/Publisher/ReadPublisherLatestGlucoseValues?sessionId=db75fa9f-47b5-4f15-b62a-9eabd11c2782&minutes=1440&maxCount=1 HTTP/1.1" 200 None
+2025-09-07 17:48:59,371 [170.2489893436432] notifier INFO: Requesting url https://share2.dexcom.com/ShareWebServices/Services
+2025-09-07 17:48:59,371 [170.2489893436432] pydexcom DEBUG: Retrieve glucose readings from the glucose readings endpoint
+2025-09-07 17:48:59,498 [170.37610244750977] urllib3.connectionpool DEBUG: https://share2.dexcom.com:443 "POST /ShareWebServices/Services/Publisher/ReadPublisherLatestGlucoseValues?sessionId=db75fa9f-47b5-4f15-b62a-9eabd11c2782&minutes=1440&maxCount=1 HTTP/1.1" 200 None
+2025-09-07 17:48:59,599 [170.4772264957428] status INFO: Requesting url: https://share2.dexcom.com/ShareWebServices/Services/General/AuthenticatePublisherAccount
+2025-09-07 17:48:59,599 [170.4772264957428] urllib3.connectionpool DEBUG: Starting new HTTPS connection (1): share2.dexcom.com:443
+2025-09-07 17:48:59,799 [170.67711567878723] urllib3.connectionpool DEBUG: https://share2.dexcom.com:443 "GET /ShareWebServices/Services/General/AuthenticatePublisherAccount HTTP/1.1" 405 176
+2025-09-07 17:49:00,513 [171.39109086990356] notifier INFO: Requesting url https://share2.dexcom.com/ShareWebServices/Services
+2025-09-07 17:49:00,513 [171.39109086990356] pydexcom DEBUG: Retrieve glucose readings from the glucose readings endpoint
+2025-09-07 17:49:00,583 [171.46078276634216] notifier INFO: Requesting url General/AuthenticatePublisherAccount
+2025-09-07 17:49:00,583 [171.46078276634216] pydexcom DEBUG: Retrieve account ID from the authentication endpoint
+2025-09-07 17:49:00,583 [171.46078276634216] urllib3.connectionpool DEBUG: Starting new HTTPS connection (1): share2.dexcom.com:443
+2025-09-07 17:49:00,687 [171.56503057479858] urllib3.connectionpool DEBUG: https://share2.dexcom.com:443 "POST /ShareWebServices/Services/Publisher/ReadPublisherLatestGlucoseValues?sessionId=db75fa9f-47b5-4f15-b62a-9eabd11c2782&minutes=1440&maxCount=1 HTTP/1.1" 200 None
+2025-09-07 17:49:00,687 [171.56503057479858] notifier INFO: Requesting url https://share2.dexcom.com/ShareWebServices/Services
+2025-09-07 17:49:00,687 [171.56503057479858] pydexcom DEBUG: Retrieve glucose readings from the glucose readings endpoint
+2025-09-07 17:49:00,798 [171.67541885375977] urllib3.connectionpool DEBUG: https://share2.dexcom.com:443 "POST /ShareWebServices/Services/Publisher/ReadPublisherLatestGlucoseValues?sessionId=db75fa9f-47b5-4f15-b62a-9eabd11c2782&minutes=1440&maxCount=1 HTTP/1.1" 200 None
+2025-09-07 17:49:00,809 [171.68719387054443] status INFO: Requesting url: https://share2.dexcom.com/ShareWebServices/Services/General/AuthenticatePublisherAccount
+2025-09-07 17:49:00,809 [171.68719387054443] urllib3.connectionpool DEBUG: Starting new HTTPS connection (1): share2.dexcom.com:443
+2025-09-07 17:49:00,871 [171.74877166748047] pydexcom DEBUG: Retrieve glucose readings from the glucose readings endpoint
+2025-09-07 17:49:00,985 [171.8630919456482] urllib3.connectionpool DEBUG: https://share2.dexcom.com:443 "POST /ShareWebServices/Services/Publisher/ReadPublisherLatestGlucoseValues?sessionId=db75fa9f-47b5-4f15-b62a-9eabd11c2782&minutes=1440&maxCount=1 HTTP/1.1" 200 None
+2025-09-07 17:49:01,020 [171.89737153053284] urllib3.connectionpool DEBUG: https://share2.dexcom.com:443 "GET /ShareWebServices/Services/General/AuthenticatePublisherAccount HTTP/1.1" 405 176
+2025-09-07 17:49:01,051 [171.9286904335022] urllib3.connectionpool DEBUG: https://share2.dexcom.com:443 "POST /ShareWebServices/Services/General/AuthenticatePublisherAccount HTTP/1.1" 200 38
+2025-09-07 17:49:01,051 [171.9286904335022] pydexcom DEBUG: Retrieve session ID from the login endpoint
+2025-09-07 17:49:01,449 [172.3263828754425] urllib3.connectionpool DEBUG: https://share2.dexcom.com:443 "POST /ShareWebServices/Services/General/LoginPublisherAccountById HTTP/1.1" 200 38
+2025-09-07 17:49:01,449 [172.3263828754425] pydexcom DEBUG: Retrieve glucose readings from the glucose readings endpoint
+2025-09-07 17:49:01,596 [172.47417998313904] urllib3.connectionpool DEBUG: https://share2.dexcom.com:443 "POST /ShareWebServices/Services/Publisher/ReadPublisherLatestGlucoseValues?sessionId=db75fa9f-47b5-4f15-b62a-9eabd11c2782&minutes=1440&maxCount=1 HTTP/1.1" 200 None
+2025-09-07 17:49:01,808 [172.68534970283508] notifier INFO: Requesting url https://share2.dexcom.com/ShareWebServices/Services
+2025-09-07 17:49:01,808 [172.68534970283508] pydexcom DEBUG: Retrieve glucose readings from the glucose readings endpoint
+2025-09-07 17:49:01,936 [172.81378293037415] urllib3.connectionpool DEBUG: https://share2.dexcom.com:443 "POST /ShareWebServices/Services/Publisher/ReadPublisherLatestGlucoseValues?sessionId=db75fa9f-47b5-4f15-b62a-9eabd11c2782&minutes=1440&maxCount=1 HTTP/1.1" 200 None
+2025-09-07 17:49:01,952 [172.82991099357605] notifier INFO: Requesting url https://share2.dexcom.com/ShareWebServices/Services
+2025-09-07 17:49:01,952 [172.82991099357605] pydexcom DEBUG: Retrieve glucose readings from the glucose readings endpoint
+2025-09-07 17:49:02,024 [172.90200662612915] status INFO: Requesting url: https://share2.dexcom.com/ShareWebServices/Services/General/AuthenticatePublisherAccount
+2025-09-07 17:49:02,024 [172.90200662612915] urllib3.connectionpool DEBUG: Starting new HTTPS connection (1): share2.dexcom.com:443
+2025-09-07 17:49:02,172 [173.04955887794495] urllib3.connectionpool DEBUG: https://share2.dexcom.com:443 "POST /ShareWebServices/Services/Publisher/ReadPublisherLatestGlucoseValues?sessionId=db75fa9f-47b5-4f15-b62a-9eabd11c2782&minutes=1440&maxCount=1 HTTP/1.1" 200 None
+2025-09-07 17:49:02,285 [173.16248846054077] urllib3.connectionpool DEBUG: https://share2.dexcom.com:443 "GET /ShareWebServices/Services/General/AuthenticatePublisherAccount HTTP/1.1" 405 176
+2025-09-07 17:49:03,173 [174.05125331878662] notifier INFO: Requesting url https://share2.dexcom.com/ShareWebServices/Services
+2025-09-07 17:49:03,173 [174.05125331878662] pydexcom DEBUG: Retrieve glucose readings from the glucose readings endpoint
+2025-09-07 17:49:03,296 [174.1741647720337] status INFO: Requesting url: https://share2.dexcom.com/ShareWebServices/Services/General/AuthenticatePublisherAccount
+2025-09-07 17:49:03,296 [174.1741647720337] urllib3.connectionpool DEBUG: Starting new HTTPS connection (1): share2.dexcom.com:443
+2025-09-07 17:49:03,310 [174.18827867507935] urllib3.connectionpool DEBUG: https://share2.dexcom.com:443 "POST /ShareWebServices/Services/Publisher/ReadPublisherLatestGlucoseValues?sessionId=db75fa9f-47b5-4f15-b62a-9eabd11c2782&minutes=1440&maxCount=1 HTTP/1.1" 200 None
+2025-09-07 17:49:03,310 [174.18827867507935] notifier INFO: Requesting url https://share2.dexcom.com/ShareWebServices/Services
+2025-09-07 17:49:03,310 [174.18827867507935] pydexcom DEBUG: Retrieve glucose readings from the glucose readings endpoint
+2025-09-07 17:49:03,437 [174.31497955322266] urllib3.connectionpool DEBUG: https://share2.dexcom.com:443 "POST /ShareWebServices/Services/Publisher/ReadPublisherLatestGlucoseValues?sessionId=db75fa9f-47b5-4f15-b62a-9eabd11c2782&minutes=1440&maxCount=1 HTTP/1.1" 200 None
+2025-09-07 17:49:03,549 [174.42632818222046] urllib3.connectionpool DEBUG: https://share2.dexcom.com:443 "GET /ShareWebServices/Services/General/AuthenticatePublisherAccount HTTP/1.1" 405 176
+2025-09-07 17:49:04,443 [175.321298122406] notifier INFO: Requesting url https://share2.dexcom.com/ShareWebServices/Services
+2025-09-07 17:49:04,443 [175.321298122406] pydexcom DEBUG: Retrieve glucose readings from the glucose readings endpoint
+2025-09-07 17:49:04,560 [175.43804097175598] status INFO: Requesting url: https://share2.dexcom.com/ShareWebServices/Services/General/AuthenticatePublisherAccount
+2025-09-07 17:49:04,560 [175.43804097175598] urllib3.connectionpool DEBUG: Starting new HTTPS connection (1): share2.dexcom.com:443
+2025-09-07 17:49:04,560 [175.43804097175598] urllib3.connectionpool DEBUG: https://share2.dexcom.com:443 "POST /ShareWebServices/Services/Publisher/ReadPublisherLatestGlucoseValues?sessionId=db75fa9f-47b5-4f15-b62a-9eabd11c2782&minutes=1440&maxCount=1 HTTP/1.1" 200 None
+2025-09-07 17:49:04,560 [175.43804097175598] notifier INFO: Requesting url https://share2.dexcom.com/ShareWebServices/Services
+2025-09-07 17:49:04,560 [175.43804097175598] pydexcom DEBUG: Retrieve glucose readings from the glucose readings endpoint
+2025-09-07 17:49:04,686 [175.5633430480957] urllib3.connectionpool DEBUG: https://share2.dexcom.com:443 "POST /ShareWebServices/Services/Publisher/ReadPublisherLatestGlucoseValues?sessionId=db75fa9f-47b5-4f15-b62a-9eabd11c2782&minutes=1440&maxCount=1 HTTP/1.1" 200 None
+2025-09-07 17:49:04,788 [175.66549491882324] urllib3.connectionpool DEBUG: https://share2.dexcom.com:443 "GET /ShareWebServices/Services/General/AuthenticatePublisherAccount HTTP/1.1" 405 176
+2025-09-07 17:49:05,696 [176.57345914840698] notifier INFO: Requesting url https://share2.dexcom.com/ShareWebServices/Services
+2025-09-07 17:49:05,696 [176.57345914840698] pydexcom DEBUG: Retrieve glucose readings from the glucose readings endpoint
+2025-09-07 17:49:05,791 [176.66864681243896] status INFO: Requesting url: https://share2.dexcom.com/ShareWebServices/Services/General/AuthenticatePublisherAccount
+2025-09-07 17:49:05,791 [176.66864681243896] urllib3.connectionpool DEBUG: Starting new HTTPS connection (1): share2.dexcom.com:443
+2025-09-07 17:49:05,802 [176.67956471443176] urllib3.connectionpool DEBUG: https://share2.dexcom.com:443 "POST /ShareWebServices/Services/Publisher/ReadPublisherLatestGlucoseValues?sessionId=db75fa9f-47b5-4f15-b62a-9eabd11c2782&minutes=1440&maxCount=1 HTTP/1.1" 200 None
+2025-09-07 17:49:05,802 [176.67956471443176] notifier INFO: Requesting url https://share2.dexcom.com/ShareWebServices/Services
+2025-09-07 17:49:05,802 [176.67956471443176] pydexcom DEBUG: Retrieve glucose readings from the glucose readings endpoint
+2025-09-07 17:49:05,960 [176.83786296844482] urllib3.connectionpool DEBUG: https://share2.dexcom.com:443 "POST /ShareWebServices/Services/Publisher/ReadPublisherLatestGlucoseValues?sessionId=db75fa9f-47b5-4f15-b62a-9eabd11c2782&minutes=1440&maxCount=1 HTTP/1.1" 200 None
+2025-09-07 17:49:05,992 [176.86974811553955] pydexcom DEBUG: Retrieve glucose readings from the glucose readings endpoint
+2025-09-07 17:49:06,050 [176.927663564682] urllib3.connectionpool DEBUG: https://share2.dexcom.com:443 "GET /ShareWebServices/Services/General/AuthenticatePublisherAccount HTTP/1.1" 405 176
+2025-09-07 17:49:06,116 [176.9936180114746] urllib3.connectionpool DEBUG: https://share2.dexcom.com:443 "POST /ShareWebServices/Services/Publisher/ReadPublisherLatestGlucoseValues?sessionId=db75fa9f-47b5-4f15-b62a-9eabd11c2782&minutes=1440&maxCount=1 HTTP/1.1" 200 None
+2025-09-07 17:49:06,608 [177.48551964759827] notifier INFO: Requesting url General/AuthenticatePublisherAccount
+2025-09-07 17:49:06,608 [177.48551964759827] pydexcom DEBUG: Retrieve account ID from the authentication endpoint
+2025-09-07 17:49:06,608 [177.48551964759827] urllib3.connectionpool DEBUG: Starting new HTTPS connection (1): share2.dexcom.com:443
+2025-09-07 17:49:06,971 [177.84840941429138] notifier INFO: Requesting url https://share2.dexcom.com/ShareWebServices/Services
+2025-09-07 17:49:06,971 [177.84840941429138] pydexcom DEBUG: Retrieve glucose readings from the glucose readings endpoint
+2025-09-07 17:49:07,052 [177.92967224121094] status INFO: Requesting url: https://share2.dexcom.com/ShareWebServices/Services/General/AuthenticatePublisherAccount
+2025-09-07 17:49:07,052 [177.92967224121094] urllib3.connectionpool DEBUG: Starting new HTTPS connection (1): share2.dexcom.com:443
+2025-09-07 17:49:07,104 [177.98217296600342] urllib3.connectionpool DEBUG: https://share2.dexcom.com:443 "POST /ShareWebServices/Services/Publisher/ReadPublisherLatestGlucoseValues?sessionId=db75fa9f-47b5-4f15-b62a-9eabd11c2782&minutes=1440&maxCount=1 HTTP/1.1" 200 None
+2025-09-07 17:49:07,104 [177.98217296600342] notifier INFO: Requesting url https://share2.dexcom.com/ShareWebServices/Services
+2025-09-07 17:49:07,104 [177.98217296600342] pydexcom DEBUG: Retrieve glucose readings from the glucose readings endpoint
+2025-09-07 17:49:07,120 [177.9982647895813] urllib3.connectionpool DEBUG: https://share2.dexcom.com:443 "POST /ShareWebServices/Services/General/AuthenticatePublisherAccount HTTP/1.1" 200 38
+2025-09-07 17:49:07,120 [177.9982647895813] pydexcom DEBUG: Retrieve session ID from the login endpoint
+2025-09-07 17:49:07,422 [178.29941201210022] urllib3.connectionpool DEBUG: https://share2.dexcom.com:443 "POST /ShareWebServices/Services/Publisher/ReadPublisherLatestGlucoseValues?sessionId=db75fa9f-47b5-4f15-b62a-9eabd11c2782&minutes=1440&maxCount=1 HTTP/1.1" 200 None
+2025-09-07 17:49:07,453 [178.33044695854187] urllib3.connectionpool DEBUG: https://share2.dexcom.com:443 "GET /ShareWebServices/Services/General/AuthenticatePublisherAccount HTTP/1.1" 405 176
+2025-09-07 17:49:07,745 [178.62250566482544] urllib3.connectionpool DEBUG: https://share2.dexcom.com:443 "POST /ShareWebServices/Services/General/LoginPublisherAccountById HTTP/1.1" 200 38
+2025-09-07 17:49:07,754 [178.63194584846497] pydexcom DEBUG: Retrieve glucose readings from the glucose readings endpoint
+2025-09-07 17:49:07,874 [178.75217127799988] urllib3.connectionpool DEBUG: https://share2.dexcom.com:443 "POST /ShareWebServices/Services/Publisher/ReadPublisherLatestGlucoseValues?sessionId=db75fa9f-47b5-4f15-b62a-9eabd11c2782&minutes=1440&maxCount=1 HTTP/1.1" 200 None
+2025-09-07 17:49:08,429 [179.30639600753784] notifier INFO: Requesting url https://share2.dexcom.com/ShareWebServices/Services
+2025-09-07 17:49:08,429 [179.30639600753784] pydexcom DEBUG: Retrieve glucose readings from the glucose readings endpoint
+2025-09-07 17:49:08,455 [179.3330361843109] status INFO: Requesting url: https://share2.dexcom.com/ShareWebServices/Services/General/AuthenticatePublisherAccount
+2025-09-07 17:49:08,455 [179.3330361843109] urllib3.connectionpool DEBUG: Starting new HTTPS connection (1): share2.dexcom.com:443
+2025-09-07 17:49:08,553 [179.43040537834167] urllib3.connectionpool DEBUG: https://share2.dexcom.com:443 "POST /ShareWebServices/Services/Publisher/ReadPublisherLatestGlucoseValues?sessionId=db75fa9f-47b5-4f15-b62a-9eabd11c2782&minutes=1440&maxCount=1 HTTP/1.1" 200 None
+2025-09-07 17:49:08,553 [179.43040537834167] notifier INFO: Requesting url https://share2.dexcom.com/ShareWebServices/Services
+2025-09-07 17:49:08,553 [179.43040537834167] pydexcom DEBUG: Retrieve glucose readings from the glucose readings endpoint
+2025-09-07 17:49:08,679 [179.55681920051575] urllib3.connectionpool DEBUG: https://share2.dexcom.com:443 "GET /ShareWebServices/Services/General/AuthenticatePublisherAccount HTTP/1.1" 405 176
+2025-09-07 17:49:08,695 [179.57251954078674] urllib3.connectionpool DEBUG: https://share2.dexcom.com:443 "POST /ShareWebServices/Services/Publisher/ReadPublisherLatestGlucoseValues?sessionId=db75fa9f-47b5-4f15-b62a-9eabd11c2782&minutes=1440&maxCount=1 HTTP/1.1" 200 None
+2025-09-07 17:49:09,683 [180.56043815612793] status INFO: Requesting url: https://share2.dexcom.com/ShareWebServices/Services/General/AuthenticatePublisherAccount
+2025-09-07 17:49:09,683 [180.56043815612793] urllib3.connectionpool DEBUG: Starting new HTTPS connection (1): share2.dexcom.com:443
+2025-09-07 17:49:09,696 [180.57425260543823] notifier INFO: Requesting url https://share2.dexcom.com/ShareWebServices/Services
+2025-09-07 17:49:09,696 [180.57425260543823] pydexcom DEBUG: Retrieve glucose readings from the glucose readings endpoint
+2025-09-07 17:49:10,227 [181.10496473312378] urllib3.connectionpool DEBUG: https://share2.dexcom.com:443 "POST /ShareWebServices/Services/Publisher/ReadPublisherLatestGlucoseValues?sessionId=db75fa9f-47b5-4f15-b62a-9eabd11c2782&minutes=1440&maxCount=1 HTTP/1.1" 200 None
+2025-09-07 17:49:10,227 [181.10496473312378] notifier INFO: Requesting url https://share2.dexcom.com/ShareWebServices/Services
+2025-09-07 17:49:10,227 [181.10496473312378] pydexcom DEBUG: Retrieve glucose readings from the glucose readings endpoint
+2025-09-07 17:49:10,354 [181.23219919204712] urllib3.connectionpool DEBUG: https://share2.dexcom.com:443 "GET /ShareWebServices/Services/General/AuthenticatePublisherAccount HTTP/1.1" 405 176
+2025-09-07 17:49:10,354 [181.23219919204712] urllib3.connectionpool DEBUG: https://share2.dexcom.com:443 "POST /ShareWebServices/Services/Publisher/ReadPublisherLatestGlucoseValues?sessionId=db75fa9f-47b5-4f15-b62a-9eabd11c2782&minutes=1440&maxCount=1 HTTP/1.1" 200 None
+2025-09-07 17:49:11,120 [181.99784183502197] pydexcom DEBUG: Retrieve glucose readings from the glucose readings endpoint
+2025-09-07 17:49:11,280 [182.1573531627655] urllib3.connectionpool DEBUG: https://share2.dexcom.com:443 "POST /ShareWebServices/Services/Publisher/ReadPublisherLatestGlucoseValues?sessionId=db75fa9f-47b5-4f15-b62a-9eabd11c2782&minutes=1440&maxCount=1 HTTP/1.1" 200 None
+2025-09-07 17:49:11,357 [182.23519325256348] status INFO: Requesting url: https://share2.dexcom.com/ShareWebServices/Services/General/AuthenticatePublisherAccount
+2025-09-07 17:49:11,357 [182.23519325256348] urllib3.connectionpool DEBUG: Starting new HTTPS connection (1): share2.dexcom.com:443
+2025-09-07 17:49:11,360 [182.23780703544617] notifier INFO: Requesting url https://share2.dexcom.com/ShareWebServices/Services
+2025-09-07 17:49:11,360 [182.23780703544617] pydexcom DEBUG: Retrieve glucose readings from the glucose readings endpoint
+2025-09-07 17:49:11,481 [182.35922718048096] urllib3.connectionpool DEBUG: https://share2.dexcom.com:443 "POST /ShareWebServices/Services/Publisher/ReadPublisherLatestGlucoseValues?sessionId=db75fa9f-47b5-4f15-b62a-9eabd11c2782&minutes=1440&maxCount=1 HTTP/1.1" 200 None
+2025-09-07 17:49:11,481 [182.35922718048096] notifier INFO: Requesting url https://share2.dexcom.com/ShareWebServices/Services
+2025-09-07 17:49:11,481 [182.35922718048096] pydexcom DEBUG: Retrieve glucose readings from the glucose readings endpoint
+2025-09-07 17:49:11,593 [182.47112393379211] urllib3.connectionpool DEBUG: https://share2.dexcom.com:443 "GET /ShareWebServices/Services/General/AuthenticatePublisherAccount HTTP/1.1" 405 176
+2025-09-07 17:49:11,593 [182.47112393379211] urllib3.connectionpool DEBUG: https://share2.dexcom.com:443 "POST /ShareWebServices/Services/Publisher/ReadPublisherLatestGlucoseValues?sessionId=db75fa9f-47b5-4f15-b62a-9eabd11c2782&minutes=1440&maxCount=1 HTTP/1.1" 200 None
+2025-09-07 17:49:12,602 [183.48020601272583] status INFO: Requesting url: https://share2.dexcom.com/ShareWebServices/Services/General/AuthenticatePublisherAccount
+2025-09-07 17:49:12,602 [183.48020601272583] urllib3.connectionpool DEBUG: Starting new HTTPS connection (1): share2.dexcom.com:443
+2025-09-07 17:49:12,607 [183.48513174057007] notifier INFO: Requesting url https://share2.dexcom.com/ShareWebServices/Services
+2025-09-07 17:49:12,607 [183.48513174057007] pydexcom DEBUG: Retrieve glucose readings from the glucose readings endpoint
+2025-09-07 17:49:12,728 [183.60600304603577] urllib3.connectionpool DEBUG: https://share2.dexcom.com:443 "POST /ShareWebServices/Services/Publisher/ReadPublisherLatestGlucoseValues?sessionId=db75fa9f-47b5-4f15-b62a-9eabd11c2782&minutes=1440&maxCount=1 HTTP/1.1" 200 None
+2025-09-07 17:49:12,728 [183.60600304603577] notifier INFO: Requesting url https://share2.dexcom.com/ShareWebServices/Services
+2025-09-07 17:49:12,728 [183.60600304603577] pydexcom DEBUG: Retrieve glucose readings from the glucose readings endpoint
+2025-09-07 17:49:12,855 [183.73301219940186] urllib3.connectionpool DEBUG: https://share2.dexcom.com:443 "GET /ShareWebServices/Services/General/AuthenticatePublisherAccount HTTP/1.1" 405 176
+2025-09-07 17:49:12,855 [183.73301219940186] urllib3.connectionpool DEBUG: https://share2.dexcom.com:443 "POST /ShareWebServices/Services/Publisher/ReadPublisherLatestGlucoseValues?sessionId=db75fa9f-47b5-4f15-b62a-9eabd11c2782&minutes=1440&maxCount=1 HTTP/1.1" 200 None
+2025-09-07 17:49:12,903 [183.78080701828003] notifier INFO: Requesting url General/AuthenticatePublisherAccount
+2025-09-07 17:49:12,903 [183.78080701828003] pydexcom DEBUG: Retrieve account ID from the authentication endpoint
+2025-09-07 17:49:12,905 [183.78327441215515] urllib3.connectionpool DEBUG: Starting new HTTPS connection (1): share2.dexcom.com:443
+2025-09-07 17:49:13,323 [184.20099234580994] urllib3.connectionpool DEBUG: https://share2.dexcom.com:443 "POST /ShareWebServices/Services/General/AuthenticatePublisherAccount HTTP/1.1" 200 38
+2025-09-07 17:49:13,323 [184.20099234580994] pydexcom DEBUG: Retrieve session ID from the login endpoint
+2025-09-07 17:49:13,858 [184.73558807373047] status INFO: Requesting url: https://share2.dexcom.com/ShareWebServices/Services/General/AuthenticatePublisherAccount
+2025-09-07 17:49:13,858 [184.73558807373047] urllib3.connectionpool DEBUG: Starting new HTTPS connection (1): share2.dexcom.com:443
+2025-09-07 17:49:13,860 [184.73762392997742] notifier INFO: Requesting url https://share2.dexcom.com/ShareWebServices/Services
+2025-09-07 17:49:13,860 [184.73762392997742] pydexcom DEBUG: Retrieve glucose readings from the glucose readings endpoint
+2025-09-07 17:49:13,899 [184.77646279335022] urllib3.connectionpool DEBUG: https://share2.dexcom.com:443 "POST /ShareWebServices/Services/General/LoginPublisherAccountById HTTP/1.1" 200 38
+2025-09-07 17:49:13,908 [184.78593349456787] pydexcom DEBUG: Retrieve glucose readings from the glucose readings endpoint
+2025-09-07 17:49:14,004 [184.88172483444214] urllib3.connectionpool DEBUG: https://share2.dexcom.com:443 "POST /ShareWebServices/Services/Publisher/ReadPublisherLatestGlucoseValues?sessionId=db75fa9f-47b5-4f15-b62a-9eabd11c2782&minutes=1440&maxCount=1 HTTP/1.1" 200 None
+2025-09-07 17:49:14,004 [184.88172483444214] notifier INFO: Requesting url https://share2.dexcom.com/ShareWebServices/Services
+2025-09-07 17:49:14,004 [184.88172483444214] pydexcom DEBUG: Retrieve glucose readings from the glucose readings endpoint
+2025-09-07 17:49:14,033 [184.9105670452118] urllib3.connectionpool DEBUG: https://share2.dexcom.com:443 "POST /ShareWebServices/Services/Publisher/ReadPublisherLatestGlucoseValues?sessionId=db75fa9f-47b5-4f15-b62a-9eabd11c2782&minutes=1440&maxCount=1 HTTP/1.1" 200 None
+2025-09-07 17:49:14,100 [184.97772431373596] urllib3.connectionpool DEBUG: https://share2.dexcom.com:443 "GET /ShareWebServices/Services/General/AuthenticatePublisherAccount HTTP/1.1" 405 176
+2025-09-07 17:49:14,116 [184.99376153945923] urllib3.connectionpool DEBUG: https://share2.dexcom.com:443 "POST /ShareWebServices/Services/Publisher/ReadPublisherLatestGlucoseValues?sessionId=db75fa9f-47b5-4f15-b62a-9eabd11c2782&minutes=1440&maxCount=1 HTTP/1.1" 200 None
+2025-09-07 17:49:15,102 [185.98020887374878] status INFO: Requesting url: https://share2.dexcom.com/ShareWebServices/Services/General/AuthenticatePublisherAccount
+2025-09-07 17:49:15,104 [185.98226952552795] urllib3.connectionpool DEBUG: Starting new HTTPS connection (1): share2.dexcom.com:443
+2025-09-07 17:49:15,118 [185.99580764770508] notifier INFO: Requesting url https://share2.dexcom.com/ShareWebServices/Services
+2025-09-07 17:49:15,118 [185.99580764770508] pydexcom DEBUG: Retrieve glucose readings from the glucose readings endpoint
+2025-09-07 17:49:15,283 [186.16078543663025] urllib3.connectionpool DEBUG: https://share2.dexcom.com:443 "POST /ShareWebServices/Services/Publisher/ReadPublisherLatestGlucoseValues?sessionId=db75fa9f-47b5-4f15-b62a-9eabd11c2782&minutes=1440&maxCount=1 HTTP/1.1" 200 None
+2025-09-07 17:49:15,283 [186.16078543663025] notifier INFO: Requesting url https://share2.dexcom.com/ShareWebServices/Services
+2025-09-07 17:49:15,283 [186.16078543663025] pydexcom DEBUG: Retrieve glucose readings from the glucose readings endpoint
+2025-09-07 17:49:15,315 [186.1927638053894] urllib3.connectionpool DEBUG: https://share2.dexcom.com:443 "GET /ShareWebServices/Services/General/AuthenticatePublisherAccount HTTP/1.1" 405 176
+2025-09-07 17:49:15,427 [186.30488228797913] urllib3.connectionpool DEBUG: https://share2.dexcom.com:443 "POST /ShareWebServices/Services/Publisher/ReadPublisherLatestGlucoseValues?sessionId=db75fa9f-47b5-4f15-b62a-9eabd11c2782&minutes=1440&maxCount=1 HTTP/1.1" 200 None
+2025-09-07 17:49:16,290 [187.16777348518372] pydexcom DEBUG: Retrieve glucose readings from the glucose readings endpoint
+2025-09-07 17:49:16,330 [187.20764923095703] status INFO: Requesting url: https://share2.dexcom.com/ShareWebServices/Services/General/AuthenticatePublisherAccount
+2025-09-07 17:49:16,330 [187.20764923095703] urllib3.connectionpool DEBUG: Starting new HTTPS connection (1): share2.dexcom.com:443
+2025-09-07 17:49:16,416 [187.29380774497986] urllib3.connectionpool DEBUG: https://share2.dexcom.com:443 "POST /ShareWebServices/Services/Publisher/ReadPublisherLatestGlucoseValues?sessionId=db75fa9f-47b5-4f15-b62a-9eabd11c2782&minutes=1440&maxCount=1 HTTP/1.1" 200 None
+2025-09-07 17:49:16,435 [187.31290984153748] notifier INFO: Requesting url https://share2.dexcom.com/ShareWebServices/Services
+2025-09-07 17:49:16,435 [187.31290984153748] pydexcom DEBUG: Retrieve glucose readings from the glucose readings endpoint
+2025-09-07 17:49:16,531 [187.40913200378418] urllib3.connectionpool DEBUG: https://share2.dexcom.com:443 "GET /ShareWebServices/Services/General/AuthenticatePublisherAccount HTTP/1.1" 405 176
+2025-09-07 17:49:16,560 [187.43804788589478] urllib3.connectionpool DEBUG: https://share2.dexcom.com:443 "POST /ShareWebServices/Services/Publisher/ReadPublisherLatestGlucoseValues?sessionId=db75fa9f-47b5-4f15-b62a-9eabd11c2782&minutes=1440&maxCount=1 HTTP/1.1" 200 None
+2025-09-07 17:49:16,560 [187.43804788589478] notifier INFO: Requesting url https://share2.dexcom.com/ShareWebServices/Services
+2025-09-07 17:49:16,560 [187.43804788589478] pydexcom DEBUG: Retrieve glucose readings from the glucose readings endpoint
+2025-09-07 17:49:16,705 [187.58293461799622] urllib3.connectionpool DEBUG: https://share2.dexcom.com:443 "POST /ShareWebServices/Services/Publisher/ReadPublisherLatestGlucoseValues?sessionId=db75fa9f-47b5-4f15-b62a-9eabd11c2782&minutes=1440&maxCount=1 HTTP/1.1" 200 None
+2025-09-07 17:49:17,541 [188.41910004615784] status INFO: Requesting url: https://share2.dexcom.com/ShareWebServices/Services/General/AuthenticatePublisherAccount
+2025-09-07 17:49:17,541 [188.41910004615784] urllib3.connectionpool DEBUG: Starting new HTTPS connection (1): share2.dexcom.com:443
+2025-09-07 17:49:17,707 [188.584881067276] notifier INFO: Requesting url https://share2.dexcom.com/ShareWebServices/Services
+2025-09-07 17:49:17,707 [188.584881067276] pydexcom DEBUG: Retrieve glucose readings from the glucose readings endpoint
+2025-09-07 17:49:17,742 [188.61965370178223] urllib3.connectionpool DEBUG: https://share2.dexcom.com:443 "GET /ShareWebServices/Services/General/AuthenticatePublisherAccount HTTP/1.1" 405 176
+2025-09-07 17:49:17,863 [188.7411937713623] urllib3.connectionpool DEBUG: https://share2.dexcom.com:443 "POST /ShareWebServices/Services/Publisher/ReadPublisherLatestGlucoseValues?sessionId=db75fa9f-47b5-4f15-b62a-9eabd11c2782&minutes=1440&maxCount=1 HTTP/1.1" 200 None
+2025-09-07 17:49:17,863 [188.7411937713623] notifier INFO: Requesting url https://share2.dexcom.com/ShareWebServices/Services
+2025-09-07 17:49:17,863 [188.7411937713623] pydexcom DEBUG: Retrieve glucose readings from the glucose readings endpoint
+2025-09-07 17:49:18,005 [188.88268280029297] urllib3.connectionpool DEBUG: https://share2.dexcom.com:443 "POST /ShareWebServices/Services/Publisher/ReadPublisherLatestGlucoseValues?sessionId=db75fa9f-47b5-4f15-b62a-9eabd11c2782&minutes=1440&maxCount=1 HTTP/1.1" 200 None
+2025-09-07 17:49:18,748 [189.6254358291626] status INFO: Requesting url: https://share2.dexcom.com/ShareWebServices/Services/General/AuthenticatePublisherAccount
+2025-09-07 17:49:18,748 [189.6254358291626] urllib3.connectionpool DEBUG: Starting new HTTPS connection (1): share2.dexcom.com:443
+2025-09-07 17:49:18,972 [189.85010385513306] urllib3.connectionpool DEBUG: https://share2.dexcom.com:443 "GET /ShareWebServices/Services/General/AuthenticatePublisherAccount HTTP/1.1" 405 176
+2025-09-07 17:49:19,008 [189.885493516922] notifier INFO: Requesting url https://share2.dexcom.com/ShareWebServices/Services
+2025-09-07 17:49:19,008 [189.885493516922] pydexcom DEBUG: Retrieve glucose readings from the glucose readings endpoint
+2025-09-07 17:49:19,035 [189.91329979896545] notifier INFO: Requesting url General/AuthenticatePublisherAccount
+2025-09-07 17:49:19,035 [189.91329979896545] pydexcom DEBUG: Retrieve account ID from the authentication endpoint
+2025-09-07 17:49:19,035 [189.91329979896545] urllib3.connectionpool DEBUG: Starting new HTTPS connection (1): share2.dexcom.com:443
+2025-09-07 17:49:19,149 [190.02722239494324] urllib3.connectionpool DEBUG: https://share2.dexcom.com:443 "POST /ShareWebServices/Services/Publisher/ReadPublisherLatestGlucoseValues?sessionId=db75fa9f-47b5-4f15-b62a-9eabd11c2782&minutes=1440&maxCount=1 HTTP/1.1" 200 None
+2025-09-07 17:49:19,149 [190.02722239494324] notifier INFO: Requesting url https://share2.dexcom.com/ShareWebServices/Services
+2025-09-07 17:49:19,149 [190.02722239494324] pydexcom DEBUG: Retrieve glucose readings from the glucose readings endpoint
+2025-09-07 17:49:19,272 [190.14997243881226] urllib3.connectionpool DEBUG: https://share2.dexcom.com:443 "POST /ShareWebServices/Services/Publisher/ReadPublisherLatestGlucoseValues?sessionId=db75fa9f-47b5-4f15-b62a-9eabd11c2782&minutes=1440&maxCount=1 HTTP/1.1" 200 None
+2025-09-07 17:49:19,480 [190.35819029808044] urllib3.connectionpool DEBUG: https://share2.dexcom.com:443 "POST /ShareWebServices/Services/General/AuthenticatePublisherAccount HTTP/1.1" 200 38
+2025-09-07 17:49:19,480 [190.35819029808044] pydexcom DEBUG: Retrieve session ID from the login endpoint
+2025-09-07 17:49:19,974 [190.85222744941711] status INFO: Requesting url: https://share2.dexcom.com/ShareWebServices/Services/General/AuthenticatePublisherAccount
+2025-09-07 17:49:19,974 [190.85222744941711] urllib3.connectionpool DEBUG: Starting new HTTPS connection (1): share2.dexcom.com:443
+2025-09-07 17:49:20,014 [190.89209008216858] urllib3.connectionpool DEBUG: https://share2.dexcom.com:443 "POST /ShareWebServices/Services/General/LoginPublisherAccountById HTTP/1.1" 200 38
+2025-09-07 17:49:20,020 [190.89762043952942] pydexcom DEBUG: Retrieve glucose readings from the glucose readings endpoint
+2025-09-07 17:49:20,154 [191.03134679794312] urllib3.connectionpool DEBUG: https://share2.dexcom.com:443 "POST /ShareWebServices/Services/Publisher/ReadPublisherLatestGlucoseValues?sessionId=db75fa9f-47b5-4f15-b62a-9eabd11c2782&minutes=1440&maxCount=1 HTTP/1.1" 200 None
+2025-09-07 17:49:20,216 [191.0938959121704] urllib3.connectionpool DEBUG: https://share2.dexcom.com:443 "GET /ShareWebServices/Services/General/AuthenticatePublisherAccount HTTP/1.1" 405 176
+2025-09-07 17:49:20,276 [191.15418481826782] notifier INFO: Requesting url https://share2.dexcom.com/ShareWebServices/Services
+2025-09-07 17:49:20,276 [191.15418481826782] pydexcom DEBUG: Retrieve glucose readings from the glucose readings endpoint
+2025-09-07 17:49:20,411 [191.28890180587769] urllib3.connectionpool DEBUG: https://share2.dexcom.com:443 "POST /ShareWebServices/Services/Publisher/ReadPublisherLatestGlucoseValues?sessionId=db75fa9f-47b5-4f15-b62a-9eabd11c2782&minutes=1440&maxCount=1 HTTP/1.1" 200 None
+2025-09-07 17:49:20,412 [191.2901427745819] notifier INFO: Requesting url https://share2.dexcom.com/ShareWebServices/Services
+2025-09-07 17:49:20,412 [191.2901427745819] pydexcom DEBUG: Retrieve glucose readings from the glucose readings endpoint
+2025-09-07 17:49:20,544 [191.42219471931458] urllib3.connectionpool DEBUG: https://share2.dexcom.com:443 "POST /ShareWebServices/Services/Publisher/ReadPublisherLatestGlucoseValues?sessionId=db75fa9f-47b5-4f15-b62a-9eabd11c2782&minutes=1440&maxCount=1 HTTP/1.1" 200 None
+2025-09-07 17:49:21,217 [192.09513759613037] status INFO: Requesting url: https://share2.dexcom.com/ShareWebServices/Services/General/AuthenticatePublisherAccount
+2025-09-07 17:49:21,217 [192.09513759613037] urllib3.connectionpool DEBUG: Starting new HTTPS connection (1): share2.dexcom.com:443
+2025-09-07 17:49:21,423 [192.3006899356842] pydexcom DEBUG: Retrieve glucose readings from the glucose readings endpoint
+2025-09-07 17:49:21,492 [192.3698468208313] urllib3.connectionpool DEBUG: https://share2.dexcom.com:443 "GET /ShareWebServices/Services/General/AuthenticatePublisherAccount HTTP/1.1" 405 176
+2025-09-07 17:49:21,550 [192.42760848999023] notifier INFO: Requesting url https://share2.dexcom.com/ShareWebServices/Services
+2025-09-07 17:49:21,550 [192.42760848999023] pydexcom DEBUG: Retrieve glucose readings from the glucose readings endpoint
+2025-09-07 17:49:21,570 [192.44785904884338] urllib3.connectionpool DEBUG: https://share2.dexcom.com:443 "POST /ShareWebServices/Services/Publisher/ReadPublisherLatestGlucoseValues?sessionId=db75fa9f-47b5-4f15-b62a-9eabd11c2782&minutes=1440&maxCount=1 HTTP/1.1" 200 None
+2025-09-07 17:49:21,716 [192.5942702293396] urllib3.connectionpool DEBUG: https://share2.dexcom.com:443 "POST /ShareWebServices/Services/Publisher/ReadPublisherLatestGlucoseValues?sessionId=db75fa9f-47b5-4f15-b62a-9eabd11c2782&minutes=1440&maxCount=1 HTTP/1.1" 200 None
+2025-09-07 17:49:21,716 [192.5942702293396] notifier INFO: Requesting url https://share2.dexcom.com/ShareWebServices/Services
+2025-09-07 17:49:21,716 [192.5942702293396] pydexcom DEBUG: Retrieve glucose readings from the glucose readings endpoint
+2025-09-07 17:49:21,834 [192.71158075332642] urllib3.connectionpool DEBUG: https://share2.dexcom.com:443 "POST /ShareWebServices/Services/Publisher/ReadPublisherLatestGlucoseValues?sessionId=db75fa9f-47b5-4f15-b62a-9eabd11c2782&minutes=1440&maxCount=1 HTTP/1.1" 200 None
+2025-09-07 17:49:22,494 [193.3722198009491] status INFO: Requesting url: https://share2.dexcom.com/ShareWebServices/Services/General/AuthenticatePublisherAccount
+2025-09-07 17:49:22,494 [193.3722198009491] urllib3.connectionpool DEBUG: Starting new HTTPS connection (1): share2.dexcom.com:443
+2025-09-07 17:49:22,712 [193.59007573127747] urllib3.connectionpool DEBUG: https://share2.dexcom.com:443 "GET /ShareWebServices/Services/General/AuthenticatePublisherAccount HTTP/1.1" 405 176
+2025-09-07 17:49:22,838 [193.7156388759613] notifier INFO: Requesting url https://share2.dexcom.com/ShareWebServices/Services
+2025-09-07 17:49:22,838 [193.7156388759613] pydexcom DEBUG: Retrieve glucose readings from the glucose readings endpoint
+2025-09-07 17:49:22,982 [193.85941004753113] urllib3.connectionpool DEBUG: https://share2.dexcom.com:443 "POST /ShareWebServices/Services/Publisher/ReadPublisherLatestGlucoseValues?sessionId=db75fa9f-47b5-4f15-b62a-9eabd11c2782&minutes=1440&maxCount=1 HTTP/1.1" 200 None
+2025-09-07 17:49:22,982 [193.85941004753113] notifier INFO: Requesting url https://share2.dexcom.com/ShareWebServices/Services
+2025-09-07 17:49:22,982 [193.85941004753113] pydexcom DEBUG: Retrieve glucose readings from the glucose readings endpoint
+2025-09-07 17:49:23,117 [193.99474358558655] urllib3.connectionpool DEBUG: https://share2.dexcom.com:443 "POST /ShareWebServices/Services/Publisher/ReadPublisherLatestGlucoseValues?sessionId=db75fa9f-47b5-4f15-b62a-9eabd11c2782&minutes=1440&maxCount=1 HTTP/1.1" 200 None
+2025-09-07 17:49:23,722 [194.59978723526] status INFO: Requesting url: https://share2.dexcom.com/ShareWebServices/Services/General/AuthenticatePublisherAccount
+2025-09-07 17:49:23,723 [194.60079526901245] urllib3.connectionpool DEBUG: Starting new HTTPS connection (1): share2.dexcom.com:443
+2025-09-07 17:49:23,981 [194.8592689037323] urllib3.connectionpool DEBUG: https://share2.dexcom.com:443 "GET /ShareWebServices/Services/General/AuthenticatePublisherAccount HTTP/1.1" 405 176
+2025-09-07 17:49:24,120 [194.99806022644043] notifier INFO: Requesting url https://share2.dexcom.com/ShareWebServices/Services
+2025-09-07 17:49:24,120 [194.99806022644043] pydexcom DEBUG: Retrieve glucose readings from the glucose readings endpoint
+2025-09-07 17:49:24,245 [195.12231850624084] urllib3.connectionpool DEBUG: https://share2.dexcom.com:443 "POST /ShareWebServices/Services/Publisher/ReadPublisherLatestGlucoseValues?sessionId=db75fa9f-47b5-4f15-b62a-9eabd11c2782&minutes=1440&maxCount=1 HTTP/1.1" 200 None
+2025-09-07 17:49:24,245 [195.12231850624084] notifier INFO: Requesting url https://share2.dexcom.com/ShareWebServices/Services
+2025-09-07 17:49:24,245 [195.12231850624084] pydexcom DEBUG: Retrieve glucose readings from the glucose readings endpoint
+2025-09-07 17:49:24,359 [195.23696208000183] urllib3.connectionpool DEBUG: https://share2.dexcom.com:443 "POST /ShareWebServices/Services/Publisher/ReadPublisherLatestGlucoseValues?sessionId=db75fa9f-47b5-4f15-b62a-9eabd11c2782&minutes=1440&maxCount=1 HTTP/1.1" 200 None
+2025-09-07 17:49:24,988 [195.86564207077026] status INFO: Requesting url: https://share2.dexcom.com/ShareWebServices/Services/General/AuthenticatePublisherAccount
+2025-09-07 17:49:24,988 [195.86564207077026] urllib3.connectionpool DEBUG: Starting new HTTPS connection (1): share2.dexcom.com:443
+2025-09-07 17:49:25,156 [196.0339469909668] notifier INFO: Requesting url General/AuthenticatePublisherAccount
+2025-09-07 17:49:25,156 [196.0339469909668] pydexcom DEBUG: Retrieve account ID from the authentication endpoint
+2025-09-07 17:49:25,156 [196.0339469909668] urllib3.connectionpool DEBUG: Starting new HTTPS connection (1): share2.dexcom.com:443
+2025-09-07 17:49:25,242 [196.12029504776] urllib3.connectionpool DEBUG: https://share2.dexcom.com:443 "GET /ShareWebServices/Services/General/AuthenticatePublisherAccount HTTP/1.1" 405 176
+2025-09-07 17:49:25,365 [196.24318623542786] notifier INFO: Requesting url https://share2.dexcom.com/ShareWebServices/Services
+2025-09-07 17:49:25,365 [196.24318623542786] pydexcom DEBUG: Retrieve glucose readings from the glucose readings endpoint
+2025-09-07 17:49:25,494 [196.3714461326599] urllib3.connectionpool DEBUG: https://share2.dexcom.com:443 "POST /ShareWebServices/Services/Publisher/ReadPublisherLatestGlucoseValues?sessionId=db75fa9f-47b5-4f15-b62a-9eabd11c2782&minutes=1440&maxCount=1 HTTP/1.1" 200 None
+2025-09-07 17:49:25,503 [196.38083004951477] notifier INFO: Requesting url https://share2.dexcom.com/ShareWebServices/Services
+2025-09-07 17:49:25,503 [196.38083004951477] pydexcom DEBUG: Retrieve glucose readings from the glucose readings endpoint
+2025-09-07 17:49:25,614 [196.4922013282776] urllib3.connectionpool DEBUG: https://share2.dexcom.com:443 "POST /ShareWebServices/Services/Publisher/ReadPublisherLatestGlucoseValues?sessionId=db75fa9f-47b5-4f15-b62a-9eabd11c2782&minutes=1440&maxCount=1 HTTP/1.1" 200 None
+2025-09-07 17:49:25,636 [196.5135715007782] urllib3.connectionpool DEBUG: https://share2.dexcom.com:443 "POST /ShareWebServices/Services/General/AuthenticatePublisherAccount HTTP/1.1" 200 38
+2025-09-07 17:49:25,638 [196.51557970046997] pydexcom DEBUG: Retrieve session ID from the login endpoint
+2025-09-07 17:49:26,056 [196.93371272087097] urllib3.connectionpool DEBUG: https://share2.dexcom.com:443 "POST /ShareWebServices/Services/General/LoginPublisherAccountById HTTP/1.1" 200 38
+2025-09-07 17:49:26,063 [196.94090795516968] pydexcom DEBUG: Retrieve glucose readings from the glucose readings endpoint
+2025-09-07 17:49:26,203 [197.0809452533722] urllib3.connectionpool DEBUG: https://share2.dexcom.com:443 "POST /ShareWebServices/Services/Publisher/ReadPublisherLatestGlucoseValues?sessionId=db75fa9f-47b5-4f15-b62a-9eabd11c2782&minutes=1440&maxCount=1 HTTP/1.1" 200 None
+2025-09-07 17:49:26,245 [197.1226782798767] status INFO: Requesting url: https://share2.dexcom.com/ShareWebServices/Services/General/AuthenticatePublisherAccount
+2025-09-07 17:49:26,245 [197.1226782798767] urllib3.connectionpool DEBUG: Starting new HTTPS connection (1): share2.dexcom.com:443
+2025-09-07 17:49:26,475 [197.35251760482788] urllib3.connectionpool DEBUG: https://share2.dexcom.com:443 "GET /ShareWebServices/Services/General/AuthenticatePublisherAccount HTTP/1.1" 405 176
+2025-09-07 17:49:26,576 [197.45425462722778] pydexcom DEBUG: Retrieve glucose readings from the glucose readings endpoint
+2025-09-07 17:49:26,619 [197.49766945838928] notifier INFO: Requesting url https://share2.dexcom.com/ShareWebServices/Services
+2025-09-07 17:49:26,620 [197.49766945838928] pydexcom DEBUG: Retrieve glucose readings from the glucose readings endpoint
+2025-09-07 17:49:26,698 [197.57580280303955] urllib3.connectionpool DEBUG: https://share2.dexcom.com:443 "POST /ShareWebServices/Services/Publisher/ReadPublisherLatestGlucoseValues?sessionId=db75fa9f-47b5-4f15-b62a-9eabd11c2782&minutes=1440&maxCount=1 HTTP/1.1" 200 None
+2025-09-07 17:49:26,740 [197.617418050766] urllib3.connectionpool DEBUG: https://share2.dexcom.com:443 "POST /ShareWebServices/Services/Publisher/ReadPublisherLatestGlucoseValues?sessionId=db75fa9f-47b5-4f15-b62a-9eabd11c2782&minutes=1440&maxCount=1 HTTP/1.1" 200 None
+2025-09-07 17:49:26,741 [197.6184206008911] notifier INFO: Requesting url https://share2.dexcom.com/ShareWebServices/Services
+2025-09-07 17:49:26,741 [197.6184206008911] pydexcom DEBUG: Retrieve glucose readings from the glucose readings endpoint
+2025-09-07 17:49:26,847 [197.72457885742188] urllib3.connectionpool DEBUG: https://share2.dexcom.com:443 "POST /ShareWebServices/Services/Publisher/ReadPublisherLatestGlucoseValues?sessionId=db75fa9f-47b5-4f15-b62a-9eabd11c2782&minutes=1440&maxCount=1 HTTP/1.1" 200 None
+2025-09-07 17:49:27,488 [198.36618065834045] status INFO: Requesting url: https://share2.dexcom.com/ShareWebServices/Services/General/AuthenticatePublisherAccount
+2025-09-07 17:49:27,488 [198.36618065834045] urllib3.connectionpool DEBUG: Starting new HTTPS connection (1): share2.dexcom.com:443
+2025-09-07 17:49:27,700 [198.5776388645172] urllib3.connectionpool DEBUG: https://share2.dexcom.com:443 "GET /ShareWebServices/Services/General/AuthenticatePublisherAccount HTTP/1.1" 405 176
+2025-09-07 17:49:27,859 [198.7365539073944] notifier INFO: Requesting url https://share2.dexcom.com/ShareWebServices/Services
+2025-09-07 17:49:27,859 [198.7365539073944] pydexcom DEBUG: Retrieve glucose readings from the glucose readings endpoint
+2025-09-07 17:49:28,002 [198.87933039665222] urllib3.connectionpool DEBUG: https://share2.dexcom.com:443 "POST /ShareWebServices/Services/Publisher/ReadPublisherLatestGlucoseValues?sessionId=db75fa9f-47b5-4f15-b62a-9eabd11c2782&minutes=1440&maxCount=1 HTTP/1.1" 200 None
+2025-09-07 17:49:28,002 [198.87933039665222] notifier INFO: Requesting url https://share2.dexcom.com/ShareWebServices/Services
+2025-09-07 17:49:28,002 [198.87933039665222] pydexcom DEBUG: Retrieve glucose readings from the glucose readings endpoint
+2025-09-07 17:49:28,114 [198.99141097068787] urllib3.connectionpool DEBUG: https://share2.dexcom.com:443 "POST /ShareWebServices/Services/Publisher/ReadPublisherLatestGlucoseValues?sessionId=db75fa9f-47b5-4f15-b62a-9eabd11c2782&minutes=1440&maxCount=1 HTTP/1.1" 200 None
+2025-09-07 17:49:28,710 [199.587806224823] status INFO: Requesting url: https://share2.dexcom.com/ShareWebServices/Services/General/AuthenticatePublisherAccount
+2025-09-07 17:49:28,711 [199.5884838104248] urllib3.connectionpool DEBUG: Starting new HTTPS connection (1): share2.dexcom.com:443
+2025-09-07 17:49:28,945 [199.82316040992737] urllib3.connectionpool DEBUG: https://share2.dexcom.com:443 "GET /ShareWebServices/Services/General/AuthenticatePublisherAccount HTTP/1.1" 405 176
+2025-09-07 17:49:29,126 [200.00367426872253] notifier INFO: Requesting url https://share2.dexcom.com/ShareWebServices/Services
+2025-09-07 17:49:29,126 [200.00367426872253] pydexcom DEBUG: Retrieve glucose readings from the glucose readings endpoint
+2025-09-07 17:49:29,253 [200.13055229187012] urllib3.connectionpool DEBUG: https://share2.dexcom.com:443 "POST /ShareWebServices/Services/Publisher/ReadPublisherLatestGlucoseValues?sessionId=db75fa9f-47b5-4f15-b62a-9eabd11c2782&minutes=1440&maxCount=1 HTTP/1.1" 200 None
+2025-09-07 17:49:29,253 [200.13055229187012] notifier INFO: Requesting url https://share2.dexcom.com/ShareWebServices/Services
+2025-09-07 17:49:29,253 [200.13055229187012] pydexcom DEBUG: Retrieve glucose readings from the glucose readings endpoint
+2025-09-07 17:49:29,382 [200.2594575881958] urllib3.connectionpool DEBUG: https://share2.dexcom.com:443 "POST /ShareWebServices/Services/Publisher/ReadPublisherLatestGlucoseValues?sessionId=db75fa9f-47b5-4f15-b62a-9eabd11c2782&minutes=1440&maxCount=1 HTTP/1.1" 200 None
+2025-09-07 17:49:29,947 [200.82519340515137] status INFO: Requesting url: https://share2.dexcom.com/ShareWebServices/Services/General/AuthenticatePublisherAccount
+2025-09-07 17:49:29,947 [200.82519340515137] urllib3.connectionpool DEBUG: Starting new HTTPS connection (1): share2.dexcom.com:443
+2025-09-07 17:49:30,168 [201.04561185836792] urllib3.connectionpool DEBUG: https://share2.dexcom.com:443 "GET /ShareWebServices/Services/General/AuthenticatePublisherAccount HTTP/1.1" 405 176
+2025-09-07 17:49:30,386 [201.26412177085876] notifier INFO: Requesting url https://share2.dexcom.com/ShareWebServices/Services
+2025-09-07 17:49:30,386 [201.26412177085876] pydexcom DEBUG: Retrieve glucose readings from the glucose readings endpoint
+2025-09-07 17:49:30,566 [201.44345259666443] urllib3.connectionpool DEBUG: https://share2.dexcom.com:443 "POST /ShareWebServices/Services/Publisher/ReadPublisherLatestGlucoseValues?sessionId=db75fa9f-47b5-4f15-b62a-9eabd11c2782&minutes=1440&maxCount=1 HTTP/1.1" 200 None
+2025-09-07 17:49:30,566 [201.44345259666443] notifier INFO: Requesting url https://share2.dexcom.com/ShareWebServices/Services
+2025-09-07 17:49:30,566 [201.44345259666443] pydexcom DEBUG: Retrieve glucose readings from the glucose readings endpoint
+2025-09-07 17:49:30,675 [201.55235505104065] urllib3.connectionpool DEBUG: https://share2.dexcom.com:443 "POST /ShareWebServices/Services/Publisher/ReadPublisherLatestGlucoseValues?sessionId=db75fa9f-47b5-4f15-b62a-9eabd11c2782&minutes=1440&maxCount=1 HTTP/1.1" 200 None
+2025-09-07 17:49:31,177 [202.05456233024597] status INFO: Requesting url: https://share2.dexcom.com/ShareWebServices/Services/General/AuthenticatePublisherAccount
+2025-09-07 17:49:31,177 [202.05456233024597] urllib3.connectionpool DEBUG: Starting new HTTPS connection (1): share2.dexcom.com:443
+2025-09-07 17:49:31,207 [202.0848457813263] notifier INFO: Requesting url General/AuthenticatePublisherAccount
+2025-09-07 17:49:31,207 [202.0848457813263] pydexcom DEBUG: Retrieve account ID from the authentication endpoint
+2025-09-07 17:49:31,207 [202.0848457813263] urllib3.connectionpool DEBUG: Starting new HTTPS connection (1): share2.dexcom.com:443
+2025-09-07 17:49:31,418 [202.29544281959534] urllib3.connectionpool DEBUG: https://share2.dexcom.com:443 "GET /ShareWebServices/Services/General/AuthenticatePublisherAccount HTTP/1.1" 405 176
+2025-09-07 17:49:31,655 [202.5326178073883] urllib3.connectionpool DEBUG: https://share2.dexcom.com:443 "POST /ShareWebServices/Services/General/AuthenticatePublisherAccount HTTP/1.1" 200 38
+2025-09-07 17:49:31,655 [202.5326178073883] pydexcom DEBUG: Retrieve session ID from the login endpoint
+2025-09-07 17:49:31,688 [202.56582880020142] notifier INFO: Requesting url https://share2.dexcom.com/ShareWebServices/Services
+2025-09-07 17:49:31,688 [202.56582880020142] pydexcom DEBUG: Retrieve glucose readings from the glucose readings endpoint
+2025-09-07 17:49:31,701 [202.5787341594696] pydexcom DEBUG: Retrieve glucose readings from the glucose readings endpoint
+2025-09-07 17:49:31,799 [202.6764714717865] urllib3.connectionpool DEBUG: https://share2.dexcom.com:443 "POST /ShareWebServices/Services/Publisher/ReadPublisherLatestGlucoseValues?sessionId=db75fa9f-47b5-4f15-b62a-9eabd11c2782&minutes=1440&maxCount=1 HTTP/1.1" 200 None
+2025-09-07 17:49:31,799 [202.6764714717865] notifier INFO: Requesting url https://share2.dexcom.com/ShareWebServices/Services
+2025-09-07 17:49:31,799 [202.6764714717865] pydexcom DEBUG: Retrieve glucose readings from the glucose readings endpoint
+2025-09-07 17:49:31,815 [202.69256281852722] urllib3.connectionpool DEBUG: https://share2.dexcom.com:443 "POST /ShareWebServices/Services/Publisher/ReadPublisherLatestGlucoseValues?sessionId=db75fa9f-47b5-4f15-b62a-9eabd11c2782&minutes=1440&maxCount=1 HTTP/1.1" 200 None
+2025-09-07 17:49:31,931 [202.80875968933105] urllib3.connectionpool DEBUG: https://share2.dexcom.com:443 "POST /ShareWebServices/Services/Publisher/ReadPublisherLatestGlucoseValues?sessionId=db75fa9f-47b5-4f15-b62a-9eabd11c2782&minutes=1440&maxCount=1 HTTP/1.1" 200 None
+2025-09-07 17:49:31,994 [202.8719141483307] urllib3.connectionpool DEBUG: https://share2.dexcom.com:443 "POST /ShareWebServices/Services/General/LoginPublisherAccountById HTTP/1.1" 200 38
+2025-09-07 17:49:32,013 [202.89040756225586] pydexcom DEBUG: Retrieve glucose readings from the glucose readings endpoint
+2025-09-07 17:49:32,178 [203.05575394630432] urllib3.connectionpool DEBUG: https://share2.dexcom.com:443 "POST /ShareWebServices/Services/Publisher/ReadPublisherLatestGlucoseValues?sessionId=db75fa9f-47b5-4f15-b62a-9eabd11c2782&minutes=1440&maxCount=1 HTTP/1.1" 200 None
+2025-09-07 17:49:32,428 [203.3057873249054] status INFO: Requesting url: https://share2.dexcom.com/ShareWebServices/Services/General/AuthenticatePublisherAccount
+2025-09-07 17:49:32,428 [203.3057873249054] urllib3.connectionpool DEBUG: Starting new HTTPS connection (1): share2.dexcom.com:443
+2025-09-07 17:49:32,629 [203.50705742835999] urllib3.connectionpool DEBUG: https://share2.dexcom.com:443 "GET /ShareWebServices/Services/General/AuthenticatePublisherAccount HTTP/1.1" 405 176
+2025-09-07 17:49:32,932 [203.80991339683533] notifier INFO: Requesting url https://share2.dexcom.com/ShareWebServices/Services
+2025-09-07 17:49:32,932 [203.80991339683533] pydexcom DEBUG: Retrieve glucose readings from the glucose readings endpoint
+2025-09-07 17:49:33,089 [203.96659183502197] urllib3.connectionpool DEBUG: https://share2.dexcom.com:443 "POST /ShareWebServices/Services/Publisher/ReadPublisherLatestGlucoseValues?sessionId=db75fa9f-47b5-4f15-b62a-9eabd11c2782&minutes=1440&maxCount=1 HTTP/1.1" 200 None
+2025-09-07 17:49:33,089 [203.96659183502197] notifier INFO: Requesting url https://share2.dexcom.com/ShareWebServices/Services
+2025-09-07 17:49:33,089 [203.96659183502197] pydexcom DEBUG: Retrieve glucose readings from the glucose readings endpoint
+2025-09-07 17:49:33,218 [204.09610891342163] urllib3.connectionpool DEBUG: https://share2.dexcom.com:443 "POST /ShareWebServices/Services/Publisher/ReadPublisherLatestGlucoseValues?sessionId=db75fa9f-47b5-4f15-b62a-9eabd11c2782&minutes=1440&maxCount=1 HTTP/1.1" 200 None
+2025-09-07 17:49:33,645 [204.52273559570312] status INFO: Requesting url: https://share2.dexcom.com/ShareWebServices/Services/General/AuthenticatePublisherAccount
+2025-09-07 17:49:33,645 [204.52273559570312] urllib3.connectionpool DEBUG: Starting new HTTPS connection (1): share2.dexcom.com:443
+2025-09-07 17:49:33,859 [204.73709511756897] urllib3.connectionpool DEBUG: https://share2.dexcom.com:443 "GET /ShareWebServices/Services/General/AuthenticatePublisherAccount HTTP/1.1" 405 176
+2025-09-07 17:49:34,222 [205.09963250160217] notifier INFO: Requesting url https://share2.dexcom.com/ShareWebServices/Services
+2025-09-07 17:49:34,222 [205.09963250160217] pydexcom DEBUG: Retrieve glucose readings from the glucose readings endpoint
+2025-09-07 17:49:34,346 [205.2236578464508] urllib3.connectionpool DEBUG: https://share2.dexcom.com:443 "POST /ShareWebServices/Services/Publisher/ReadPublisherLatestGlucoseValues?sessionId=db75fa9f-47b5-4f15-b62a-9eabd11c2782&minutes=1440&maxCount=1 HTTP/1.1" 200 None
+2025-09-07 17:49:34,346 [205.2236578464508] notifier INFO: Requesting url https://share2.dexcom.com/ShareWebServices/Services
+2025-09-07 17:49:34,346 [205.2236578464508] pydexcom DEBUG: Retrieve glucose readings from the glucose readings endpoint
+2025-09-07 17:49:34,469 [205.34686827659607] urllib3.connectionpool DEBUG: https://share2.dexcom.com:443 "POST /ShareWebServices/Services/Publisher/ReadPublisherLatestGlucoseValues?sessionId=db75fa9f-47b5-4f15-b62a-9eabd11c2782&minutes=1440&maxCount=1 HTTP/1.1" 200 None
+2025-09-07 17:49:34,861 [205.73896193504333] status INFO: Requesting url: https://share2.dexcom.com/ShareWebServices/Services/General/AuthenticatePublisherAccount
+2025-09-07 17:49:34,861 [205.73896193504333] urllib3.connectionpool DEBUG: Starting new HTTPS connection (1): share2.dexcom.com:443
+2025-09-07 17:49:35,112 [205.9895884990692] urllib3.connectionpool DEBUG: https://share2.dexcom.com:443 "GET /ShareWebServices/Services/General/AuthenticatePublisherAccount HTTP/1.1" 405 176
+2025-09-07 17:49:35,485 [206.3628444671631] notifier INFO: Requesting url https://share2.dexcom.com/ShareWebServices/Services
+2025-09-07 17:49:35,485 [206.3628444671631] pydexcom DEBUG: Retrieve glucose readings from the glucose readings endpoint
+2025-09-07 17:49:35,624 [206.50202918052673] urllib3.connectionpool DEBUG: https://share2.dexcom.com:443 "POST /ShareWebServices/Services/Publisher/ReadPublisherLatestGlucoseValues?sessionId=db75fa9f-47b5-4f15-b62a-9eabd11c2782&minutes=1440&maxCount=1 HTTP/1.1" 200 None
+2025-09-07 17:49:35,624 [206.50202918052673] notifier INFO: Requesting url https://share2.dexcom.com/ShareWebServices/Services
+2025-09-07 17:49:35,624 [206.50202918052673] pydexcom DEBUG: Retrieve glucose readings from the glucose readings endpoint
+2025-09-07 17:49:35,759 [206.63671255111694] urllib3.connectionpool DEBUG: https://share2.dexcom.com:443 "POST /ShareWebServices/Services/Publisher/ReadPublisherLatestGlucoseValues?sessionId=db75fa9f-47b5-4f15-b62a-9eabd11c2782&minutes=1440&maxCount=1 HTTP/1.1" 200 None
+2025-09-07 17:49:36,115 [206.99240922927856] status INFO: Requesting url: https://share2.dexcom.com/ShareWebServices/Services/General/AuthenticatePublisherAccount
+2025-09-07 17:49:36,115 [206.99240922927856] urllib3.connectionpool DEBUG: Starting new HTTPS connection (1): share2.dexcom.com:443
+2025-09-07 17:49:36,353 [207.2306845188141] urllib3.connectionpool DEBUG: https://share2.dexcom.com:443 "GET /ShareWebServices/Services/General/AuthenticatePublisherAccount HTTP/1.1" 405 176
+2025-09-07 17:49:36,762 [207.6394166946411] notifier INFO: Requesting url https://share2.dexcom.com/ShareWebServices/Services
+2025-09-07 17:49:36,762 [207.6394166946411] pydexcom DEBUG: Retrieve glucose readings from the glucose readings endpoint
+2025-09-07 17:49:36,823 [207.70041251182556] pydexcom DEBUG: Retrieve glucose readings from the glucose readings endpoint
+2025-09-07 17:49:36,899 [207.77687978744507] urllib3.connectionpool DEBUG: https://share2.dexcom.com:443 "POST /ShareWebServices/Services/Publisher/ReadPublisherLatestGlucoseValues?sessionId=db75fa9f-47b5-4f15-b62a-9eabd11c2782&minutes=1440&maxCount=1 HTTP/1.1" 200 None
+2025-09-07 17:49:36,899 [207.77687978744507] notifier INFO: Requesting url https://share2.dexcom.com/ShareWebServices/Services
+2025-09-07 17:49:36,899 [207.77687978744507] pydexcom DEBUG: Retrieve glucose readings from the glucose readings endpoint
+2025-09-07 17:49:36,946 [207.8240818977356] urllib3.connectionpool DEBUG: https://share2.dexcom.com:443 "POST /ShareWebServices/Services/Publisher/ReadPublisherLatestGlucoseValues?sessionId=db75fa9f-47b5-4f15-b62a-9eabd11c2782&minutes=1440&maxCount=1 HTTP/1.1" 200 None
+2025-09-07 17:49:37,018 [207.89567875862122] urllib3.connectionpool DEBUG: https://share2.dexcom.com:443 "POST /ShareWebServices/Services/Publisher/ReadPublisherLatestGlucoseValues?sessionId=db75fa9f-47b5-4f15-b62a-9eabd11c2782&minutes=1440&maxCount=1 HTTP/1.1" 200 None
+2025-09-07 17:49:37,181 [208.058739900589] notifier INFO: Requesting url General/AuthenticatePublisherAccount
+2025-09-07 17:49:37,181 [208.058739900589] pydexcom DEBUG: Retrieve account ID from the authentication endpoint
+2025-09-07 17:49:37,181 [208.058739900589] urllib3.connectionpool DEBUG: Starting new HTTPS connection (1): share2.dexcom.com:443
+2025-09-07 17:49:37,369 [208.24630284309387] status INFO: Requesting url: https://share2.dexcom.com/ShareWebServices/Services/General/AuthenticatePublisherAccount
+2025-09-07 17:49:37,369 [208.24630284309387] urllib3.connectionpool DEBUG: Starting new HTTPS connection (1): share2.dexcom.com:443
+2025-09-07 17:49:37,619 [208.49674320220947] urllib3.connectionpool DEBUG: https://share2.dexcom.com:443 "GET /ShareWebServices/Services/General/AuthenticatePublisherAccount HTTP/1.1" 405 176
+2025-09-07 17:49:37,666 [208.54411840438843] urllib3.connectionpool DEBUG: https://share2.dexcom.com:443 "POST /ShareWebServices/Services/General/AuthenticatePublisherAccount HTTP/1.1" 200 38
+2025-09-07 17:49:37,666 [208.54411840438843] pydexcom DEBUG: Retrieve session ID from the login endpoint
+2025-09-07 17:49:38,023 [208.90097284317017] notifier INFO: Requesting url https://share2.dexcom.com/ShareWebServices/Services
+2025-09-07 17:49:38,023 [208.90097284317017] pydexcom DEBUG: Retrieve glucose readings from the glucose readings endpoint
+2025-09-07 17:49:38,063 [208.9409019947052] urllib3.connectionpool DEBUG: https://share2.dexcom.com:443 "POST /ShareWebServices/Services/General/LoginPublisherAccountById HTTP/1.1" 200 38
+2025-09-07 17:49:38,079 [208.95667719841003] pydexcom DEBUG: Retrieve glucose readings from the glucose readings endpoint
+2025-09-07 17:49:38,165 [209.0431296825409] urllib3.connectionpool DEBUG: https://share2.dexcom.com:443 "POST /ShareWebServices/Services/Publisher/ReadPublisherLatestGlucoseValues?sessionId=db75fa9f-47b5-4f15-b62a-9eabd11c2782&minutes=1440&maxCount=1 HTTP/1.1" 200 None
+2025-09-07 17:49:38,165 [209.0431296825409] notifier INFO: Requesting url https://share2.dexcom.com/ShareWebServices/Services
+2025-09-07 17:49:38,165 [209.0431296825409] pydexcom DEBUG: Retrieve glucose readings from the glucose readings endpoint
+2025-09-07 17:49:38,197 [209.074782371521] urllib3.connectionpool DEBUG: https://share2.dexcom.com:443 "POST /ShareWebServices/Services/Publisher/ReadPublisherLatestGlucoseValues?sessionId=db75fa9f-47b5-4f15-b62a-9eabd11c2782&minutes=1440&maxCount=1 HTTP/1.1" 200 None
+2025-09-07 17:49:38,298 [209.17552185058594] urllib3.connectionpool DEBUG: https://share2.dexcom.com:443 "POST /ShareWebServices/Services/Publisher/ReadPublisherLatestGlucoseValues?sessionId=db75fa9f-47b5-4f15-b62a-9eabd11c2782&minutes=1440&maxCount=1 HTTP/1.1" 200 None
+2025-09-07 17:49:38,623 [209.50041580200195] status INFO: Requesting url: https://share2.dexcom.com/ShareWebServices/Services/General/AuthenticatePublisherAccount
+2025-09-07 17:49:38,623 [209.50041580200195] urllib3.connectionpool DEBUG: Starting new HTTPS connection (1): share2.dexcom.com:443
+2025-09-07 17:49:38,837 [209.71453523635864] urllib3.connectionpool DEBUG: https://share2.dexcom.com:443 "GET /ShareWebServices/Services/General/AuthenticatePublisherAccount HTTP/1.1" 405 176
+2025-09-07 17:49:39,311 [210.1890389919281] notifier INFO: Requesting url https://share2.dexcom.com/ShareWebServices/Services
+2025-09-07 17:49:39,311 [210.1890389919281] pydexcom DEBUG: Retrieve glucose readings from the glucose readings endpoint
+2025-09-07 17:49:39,456 [210.33363437652588] urllib3.connectionpool DEBUG: https://share2.dexcom.com:443 "POST /ShareWebServices/Services/Publisher/ReadPublisherLatestGlucoseValues?sessionId=db75fa9f-47b5-4f15-b62a-9eabd11c2782&minutes=1440&maxCount=1 HTTP/1.1" 200 None
+2025-09-07 17:49:39,456 [210.33363437652588] notifier INFO: Requesting url https://share2.dexcom.com/ShareWebServices/Services
+2025-09-07 17:49:39,456 [210.33363437652588] pydexcom DEBUG: Retrieve glucose readings from the glucose readings endpoint
+2025-09-07 17:49:39,582 [210.46002554893494] urllib3.connectionpool DEBUG: https://share2.dexcom.com:443 "POST /ShareWebServices/Services/Publisher/ReadPublisherLatestGlucoseValues?sessionId=db75fa9f-47b5-4f15-b62a-9eabd11c2782&minutes=1440&maxCount=1 HTTP/1.1" 200 None
+2025-09-07 17:49:39,842 [210.71990990638733] status INFO: Requesting url: https://share2.dexcom.com/ShareWebServices/Services/General/AuthenticatePublisherAccount
+2025-09-07 17:49:39,842 [210.71990990638733] urllib3.connectionpool DEBUG: Starting new HTTPS connection (1): share2.dexcom.com:443
+2025-09-07 17:49:40,072 [210.9501085281372] urllib3.connectionpool DEBUG: https://share2.dexcom.com:443 "GET /ShareWebServices/Services/General/AuthenticatePublisherAccount HTTP/1.1" 405 176
+2025-09-07 17:49:40,598 [211.4755778312683] notifier INFO: Requesting url https://share2.dexcom.com/ShareWebServices/Services
+2025-09-07 17:49:40,598 [211.4755778312683] pydexcom DEBUG: Retrieve glucose readings from the glucose readings endpoint
+2025-09-07 17:49:40,738 [211.61595559120178] urllib3.connectionpool DEBUG: https://share2.dexcom.com:443 "POST /ShareWebServices/Services/Publisher/ReadPublisherLatestGlucoseValues?sessionId=db75fa9f-47b5-4f15-b62a-9eabd11c2782&minutes=1440&maxCount=1 HTTP/1.1" 200 None
+2025-09-07 17:49:40,738 [211.61595559120178] notifier INFO: Requesting url https://share2.dexcom.com/ShareWebServices/Services
+2025-09-07 17:49:40,738 [211.61595559120178] pydexcom DEBUG: Retrieve glucose readings from the glucose readings endpoint
+2025-09-07 17:49:40,849 [211.7267725467682] urllib3.connectionpool DEBUG: https://share2.dexcom.com:443 "POST /ShareWebServices/Services/Publisher/ReadPublisherLatestGlucoseValues?sessionId=db75fa9f-47b5-4f15-b62a-9eabd11c2782&minutes=1440&maxCount=1 HTTP/1.1" 200 None
+2025-09-07 17:49:41,080 [211.95746445655823] status INFO: Requesting url: https://share2.dexcom.com/ShareWebServices/Services/General/AuthenticatePublisherAccount
+2025-09-07 17:49:41,080 [211.95746445655823] urllib3.connectionpool DEBUG: Starting new HTTPS connection (1): share2.dexcom.com:443
+2025-09-07 17:49:41,291 [212.16903591156006] urllib3.connectionpool DEBUG: https://share2.dexcom.com:443 "GET /ShareWebServices/Services/General/AuthenticatePublisherAccount HTTP/1.1" 405 176
+2025-09-07 17:49:41,865 [212.74253940582275] notifier INFO: Requesting url https://share2.dexcom.com/ShareWebServices/Services
+2025-09-07 17:49:41,865 [212.74253940582275] pydexcom DEBUG: Retrieve glucose readings from the glucose readings endpoint
+2025-09-07 17:49:41,961 [212.83878898620605] pydexcom DEBUG: Retrieve glucose readings from the glucose readings endpoint
+2025-09-07 17:49:42,006 [212.8838996887207] urllib3.connectionpool DEBUG: https://share2.dexcom.com:443 "POST /ShareWebServices/Services/Publisher/ReadPublisherLatestGlucoseValues?sessionId=db75fa9f-47b5-4f15-b62a-9eabd11c2782&minutes=1440&maxCount=1 HTTP/1.1" 200 None
+2025-09-07 17:49:42,006 [212.8838996887207] notifier INFO: Requesting url https://share2.dexcom.com/ShareWebServices/Services
+2025-09-07 17:49:42,006 [212.8838996887207] pydexcom DEBUG: Retrieve glucose readings from the glucose readings endpoint
+2025-09-07 17:49:42,065 [212.94327330589294] urllib3.connectionpool DEBUG: https://share2.dexcom.com:443 "POST /ShareWebServices/Services/Publisher/ReadPublisherLatestGlucoseValues?sessionId=db75fa9f-47b5-4f15-b62a-9eabd11c2782&minutes=1440&maxCount=1 HTTP/1.1" 200 None
+2025-09-07 17:49:42,122 [212.99967885017395] urllib3.connectionpool DEBUG: https://share2.dexcom.com:443 "POST /ShareWebServices/Services/Publisher/ReadPublisherLatestGlucoseValues?sessionId=db75fa9f-47b5-4f15-b62a-9eabd11c2782&minutes=1440&maxCount=1 HTTP/1.1" 200 None
+2025-09-07 17:49:42,304 [213.18148636817932] status INFO: Requesting url: https://share2.dexcom.com/ShareWebServices/Services/General/AuthenticatePublisherAccount
+2025-09-07 17:49:42,304 [213.18148636817932] urllib3.connectionpool DEBUG: Starting new HTTPS connection (1): share2.dexcom.com:443
+2025-09-07 17:49:42,518 [213.39547991752625] urllib3.connectionpool DEBUG: https://share2.dexcom.com:443 "GET /ShareWebServices/Services/General/AuthenticatePublisherAccount HTTP/1.1" 405 176
+2025-09-07 17:49:43,124 [214.00159883499146] notifier INFO: Requesting url https://share2.dexcom.com/ShareWebServices/Services
+2025-09-07 17:49:43,124 [214.00159883499146] pydexcom DEBUG: Retrieve glucose readings from the glucose readings endpoint
+2025-09-07 17:49:43,212 [214.08993935585022] notifier INFO: Requesting url General/AuthenticatePublisherAccount
+2025-09-07 17:49:43,212 [214.08993935585022] pydexcom DEBUG: Retrieve account ID from the authentication endpoint
+2025-09-07 17:49:43,212 [214.08993935585022] urllib3.connectionpool DEBUG: Starting new HTTPS connection (1): share2.dexcom.com:443
+2025-09-07 17:49:43,256 [214.1337172985077] urllib3.connectionpool DEBUG: https://share2.dexcom.com:443 "POST /ShareWebServices/Services/Publisher/ReadPublisherLatestGlucoseValues?sessionId=db75fa9f-47b5-4f15-b62a-9eabd11c2782&minutes=1440&maxCount=1 HTTP/1.1" 200 None
+2025-09-07 17:49:43,256 [214.1337172985077] notifier INFO: Requesting url https://share2.dexcom.com/ShareWebServices/Services
+2025-09-07 17:49:43,256 [214.1337172985077] pydexcom DEBUG: Retrieve glucose readings from the glucose readings endpoint
+2025-09-07 17:49:43,383 [214.2605528831482] urllib3.connectionpool DEBUG: https://share2.dexcom.com:443 "POST /ShareWebServices/Services/Publisher/ReadPublisherLatestGlucoseValues?sessionId=db75fa9f-47b5-4f15-b62a-9eabd11c2782&minutes=1440&maxCount=1 HTTP/1.1" 200 None
+2025-09-07 17:49:43,522 [214.39975428581238] status INFO: Requesting url: https://share2.dexcom.com/ShareWebServices/Services/General/AuthenticatePublisherAccount
+2025-09-07 17:49:43,522 [214.39975428581238] urllib3.connectionpool DEBUG: Starting new HTTPS connection (1): share2.dexcom.com:443
+2025-09-07 17:49:43,652 [214.5295913219452] urllib3.connectionpool DEBUG: https://share2.dexcom.com:443 "POST /ShareWebServices/Services/General/AuthenticatePublisherAccount HTTP/1.1" 200 38
+2025-09-07 17:49:43,652 [214.5295913219452] pydexcom DEBUG: Retrieve session ID from the login endpoint
+2025-09-07 17:49:43,736 [214.61361956596375] urllib3.connectionpool DEBUG: https://share2.dexcom.com:443 "GET /ShareWebServices/Services/General/AuthenticatePublisherAccount HTTP/1.1" 405 176
+2025-09-07 17:49:44,117 [214.99522805213928] urllib3.connectionpool DEBUG: https://share2.dexcom.com:443 "POST /ShareWebServices/Services/General/LoginPublisherAccountById HTTP/1.1" 200 38
+2025-09-07 17:49:44,143 [215.02051258087158] pydexcom DEBUG: Retrieve glucose readings from the glucose readings endpoint
+2025-09-07 17:49:44,277 [215.15437030792236] urllib3.connectionpool DEBUG: https://share2.dexcom.com:443 "POST /ShareWebServices/Services/Publisher/ReadPublisherLatestGlucoseValues?sessionId=db75fa9f-47b5-4f15-b62a-9eabd11c2782&minutes=1440&maxCount=1 HTTP/1.1" 200 None
+2025-09-07 17:49:44,387 [215.2649028301239] notifier INFO: Requesting url https://share2.dexcom.com/ShareWebServices/Services
+2025-09-07 17:49:44,387 [215.2649028301239] pydexcom DEBUG: Retrieve glucose readings from the glucose readings endpoint
+2025-09-07 17:49:44,538 [215.41615223884583] urllib3.connectionpool DEBUG: https://share2.dexcom.com:443 "POST /ShareWebServices/Services/Publisher/ReadPublisherLatestGlucoseValues?sessionId=db75fa9f-47b5-4f15-b62a-9eabd11c2782&minutes=1440&maxCount=1 HTTP/1.1" 200 None
+2025-09-07 17:49:44,538 [215.41615223884583] notifier INFO: Requesting url https://share2.dexcom.com/ShareWebServices/Services
+2025-09-07 17:49:44,538 [215.41615223884583] pydexcom DEBUG: Retrieve glucose readings from the glucose readings endpoint
+2025-09-07 17:49:44,653 [215.53049230575562] urllib3.connectionpool DEBUG: https://share2.dexcom.com:443 "POST /ShareWebServices/Services/Publisher/ReadPublisherLatestGlucoseValues?sessionId=db75fa9f-47b5-4f15-b62a-9eabd11c2782&minutes=1440&maxCount=1 HTTP/1.1" 200 None
