+2025-10-06 20:50:24,967 [0.00402069091796875] urllib3.connectionpool DEBUG: Starting new HTTP connection (1): 127.0.0.1:49152
+2025-10-06 20:50:27,036 [2.073636054992676] status INFO: Requesting url: https://share2.dexcom.com/ShareWebServices/Services/General/AuthenticatePublisherAccount
+2025-10-06 20:50:27,039 [2.0761446952819824] urllib3.connectionpool DEBUG: Starting new HTTPS connection (1): share2.dexcom.com:443
+2025-10-06 20:50:27,093 [2.130725383758545] PIL.PngImagePlugin DEBUG: STREAM b'IHDR' 16 13
+2025-10-06 20:50:27,093 [2.130725383758545] PIL.PngImagePlugin DEBUG: STREAM b'pHYs' 41 9
+2025-10-06 20:50:27,093 [2.130725383758545] PIL.PngImagePlugin DEBUG: STREAM b'IDAT' 62 8192
+2025-10-06 20:50:27,159 [2.196671962738037] PIL.Image DEBUG: Importing BlpImagePlugin
+2025-10-06 20:50:27,161 [2.1986730098724365] PIL.Image DEBUG: Importing BmpImagePlugin
+2025-10-06 20:50:27,161 [2.1986730098724365] PIL.Image DEBUG: Importing BufrStubImagePlugin
+2025-10-06 20:50:27,162 [2.199672222137451] PIL.Image DEBUG: Importing CurImagePlugin
+2025-10-06 20:50:27,162 [2.199672222137451] PIL.Image DEBUG: Importing DcxImagePlugin
+2025-10-06 20:50:27,164 [2.2011849880218506] PIL.Image DEBUG: Importing DdsImagePlugin
+2025-10-06 20:50:27,167 [2.204379081726074] PIL.Image DEBUG: Importing EpsImagePlugin
+2025-10-06 20:50:27,168 [2.205381155014038] PIL.Image DEBUG: Importing FitsImagePlugin
+2025-10-06 20:50:27,169 [2.206578254699707] PIL.Image DEBUG: Importing FliImagePlugin
+2025-10-06 20:50:27,170 [2.2075791358947754] PIL.Image DEBUG: Importing FpxImagePlugin
+2025-10-06 20:50:27,171 [2.208577871322632] PIL.Image DEBUG: Image: failed to import FpxImagePlugin: No module named 'olefile'
+2025-10-06 20:50:27,171 [2.208577871322632] PIL.Image DEBUG: Importing FtexImagePlugin
+2025-10-06 20:50:27,171 [2.208577871322632] PIL.Image DEBUG: Importing GbrImagePlugin
+2025-10-06 20:50:27,172 [2.2095768451690674] PIL.Image DEBUG: Importing GifImagePlugin
+2025-10-06 20:50:27,172 [2.2095768451690674] PIL.Image DEBUG: Importing GribStubImagePlugin
+2025-10-06 20:50:27,172 [2.2095768451690674] PIL.Image DEBUG: Importing Hdf5StubImagePlugin
+2025-10-06 20:50:27,172 [2.2095768451690674] PIL.Image DEBUG: Importing IcnsImagePlugin
+2025-10-06 20:50:27,175 [2.2122318744659424] PIL.Image DEBUG: Importing IcoImagePlugin
+2025-10-06 20:50:27,175 [2.212738513946533] PIL.Image DEBUG: Importing ImImagePlugin
+2025-10-06 20:50:27,178 [2.2152488231658936] PIL.Image DEBUG: Importing ImtImagePlugin
+2025-10-06 20:50:27,179 [2.2162551879882812] PIL.Image DEBUG: Importing IptcImagePlugin
+2025-10-06 20:50:27,180 [2.2172672748565674] PIL.Image DEBUG: Importing JpegImagePlugin
+2025-10-06 20:50:27,180 [2.2172672748565674] PIL.Image DEBUG: Importing Jpeg2KImagePlugin
+2025-10-06 20:50:27,180 [2.2172672748565674] PIL.Image DEBUG: Importing McIdasImagePlugin
+2025-10-06 20:50:27,181 [2.218254566192627] PIL.Image DEBUG: Importing MicImagePlugin
+2025-10-06 20:50:27,182 [2.219254970550537] PIL.Image DEBUG: Image: failed to import MicImagePlugin: No module named 'olefile'
+2025-10-06 20:50:27,182 [2.219254970550537] PIL.Image DEBUG: Importing MpegImagePlugin
+2025-10-06 20:50:27,183 [2.2207608222961426] PIL.Image DEBUG: Importing MpoImagePlugin
+2025-10-06 20:50:27,189 [2.2267701625823975] PIL.Image DEBUG: Importing MspImagePlugin
+2025-10-06 20:50:27,190 [2.227771282196045] PIL.Image DEBUG: Importing PalmImagePlugin
+2025-10-06 20:50:27,191 [2.2287700176239014] PIL.Image DEBUG: Importing PcdImagePlugin
+2025-10-06 20:50:27,191 [2.2287700176239014] PIL.Image DEBUG: Importing PcxImagePlugin
+2025-10-06 20:50:27,191 [2.2287700176239014] PIL.Image DEBUG: Importing PdfImagePlugin
+2025-10-06 20:50:27,197 [2.2349445819854736] PIL.Image DEBUG: Importing PixarImagePlugin
+2025-10-06 20:50:27,198 [2.2359514236450195] PIL.Image DEBUG: Importing PngImagePlugin
+2025-10-06 20:50:27,198 [2.2359514236450195] PIL.Image DEBUG: Importing PpmImagePlugin
+2025-10-06 20:50:27,198 [2.2359514236450195] PIL.Image DEBUG: Importing PsdImagePlugin
+2025-10-06 20:50:27,199 [2.23695707321167] PIL.Image DEBUG: Importing QoiImagePlugin
+2025-10-06 20:50:27,200 [2.2379565238952637] PIL.Image DEBUG: Importing SgiImagePlugin
+2025-10-06 20:50:27,201 [2.238955020904541] PIL.Image DEBUG: Importing SpiderImagePlugin
+2025-10-06 20:50:27,202 [2.239952564239502] PIL.Image DEBUG: Importing SunImagePlugin
+2025-10-06 20:50:27,202 [2.239952564239502] PIL.Image DEBUG: Importing TgaImagePlugin
+2025-10-06 20:50:27,203 [2.240954875946045] PIL.Image DEBUG: Importing TiffImagePlugin
+2025-10-06 20:50:27,203 [2.240954875946045] PIL.Image DEBUG: Importing WebPImagePlugin
+2025-10-06 20:50:27,204 [2.241464614868164] PIL.Image DEBUG: Importing WmfImagePlugin
+2025-10-06 20:50:27,206 [2.2429702281951904] PIL.Image DEBUG: Importing XbmImagePlugin
+2025-10-06 20:50:27,207 [2.243975877761841] PIL.Image DEBUG: Importing XpmImagePlugin
+2025-10-06 20:50:27,207 [2.243975877761841] PIL.Image DEBUG: Importing XVThumbImagePlugin
+2025-10-06 20:50:27,345 [2.3820550441741943] urllib3.connectionpool DEBUG: https://share2.dexcom.com:443 "GET /ShareWebServices/Services/General/AuthenticatePublisherAccount HTTP/1.1" 405 176
+2025-10-06 20:50:28,346 [3.383586883544922] status INFO: Requesting url: https://share2.dexcom.com/ShareWebServices/Services/General/AuthenticatePublisherAccount
+2025-10-06 20:50:28,346 [3.383586883544922] urllib3.connectionpool DEBUG: Starting new HTTPS connection (1): share2.dexcom.com:443
+2025-10-06 20:50:28,536 [3.574998140335083] urllib3.connectionpool DEBUG: https://share2.dexcom.com:443 "GET /ShareWebServices/Services/General/AuthenticatePublisherAccount HTTP/1.1" 405 176
+2025-10-06 20:50:29,538 [4.575936555862427] status INFO: Requesting url: https://share2.dexcom.com/ShareWebServices/Services/General/AuthenticatePublisherAccount
+2025-10-06 20:50:29,538 [4.575936555862427] urllib3.connectionpool DEBUG: Starting new HTTPS connection (1): share2.dexcom.com:443
+2025-10-06 20:50:29,749 [4.786028623580933] urllib3.connectionpool DEBUG: https://share2.dexcom.com:443 "GET /ShareWebServices/Services/General/AuthenticatePublisherAccount HTTP/1.1" 405 176
+2025-10-06 20:50:30,750 [5.7875776290893555] status INFO: Requesting url: https://share2.dexcom.com/ShareWebServices/Services/General/AuthenticatePublisherAccount
+2025-10-06 20:50:30,750 [5.7875776290893555] urllib3.connectionpool DEBUG: Starting new HTTPS connection (1): share2.dexcom.com:443
+2025-10-06 20:50:30,953 [5.990864038467407] urllib3.connectionpool DEBUG: https://share2.dexcom.com:443 "GET /ShareWebServices/Services/General/AuthenticatePublisherAccount HTTP/1.1" 405 176
+2025-10-06 20:50:31,954 [6.991831064224243] status INFO: Requesting url: https://share2.dexcom.com/ShareWebServices/Services/General/AuthenticatePublisherAccount
+2025-10-06 20:50:31,955 [6.992838144302368] urllib3.connectionpool DEBUG: Starting new HTTPS connection (1): share2.dexcom.com:443
+2025-10-06 20:50:32,202 [7.239299774169922] urllib3.connectionpool DEBUG: https://share2.dexcom.com:443 "GET /ShareWebServices/Services/General/AuthenticatePublisherAccount HTTP/1.1" 405 176
+2025-10-06 20:50:32,347 [7.386143445968628] urllib3.connectionpool DEBUG: Starting new HTTP connection (1): 127.0.0.1:49152
+2025-10-06 20:50:33,203 [8.240857124328613] status INFO: Requesting url: https://share2.dexcom.com/ShareWebServices/Services/General/AuthenticatePublisherAccount
+2025-10-06 20:50:33,204 [8.241865634918213] urllib3.connectionpool DEBUG: Starting new HTTPS connection (1): share2.dexcom.com:443
+2025-10-06 20:50:33,411 [8.448047399520874] urllib3.connectionpool DEBUG: https://share2.dexcom.com:443 "GET /ShareWebServices/Services/General/AuthenticatePublisherAccount HTTP/1.1" 405 176
+2025-10-06 20:50:33,911 [8.948133945465088] keyring.backend DEBUG: Loading KWallet
+2025-10-06 20:50:33,913 [8.950132846832275] keyring.backend DEBUG: Loading SecretService
+2025-10-06 20:50:33,914 [8.95163607597351] keyring.backend DEBUG: Loading Windows
+2025-10-06 20:50:33,923 [8.960802793502808] win32ctypes.core.cffi DEBUG: Loaded cffi backend
+2025-10-06 20:50:33,974 [9.011288404464722] keyring.backend DEBUG: Loading chainer
+2025-10-06 20:50:33,976 [9.013061761856079] keyring.backend DEBUG: Loading libsecret
+2025-10-06 20:50:33,978 [9.015068292617798] keyring.backend DEBUG: Loading macOS
+2025-10-06 20:50:33,980 [9.017837285995483] keyring.backend DEBUG: Loading Gnome
+2025-10-06 20:50:33,984 [9.021710872650146] keyring.backend DEBUG: Loading Google
+2025-10-06 20:50:33,987 [9.02450180053711] keyring.backend DEBUG: Loading Windows (alt)
+2025-10-06 20:50:33,990 [9.027124643325806] keyring.backend DEBUG: Loading file
+2025-10-06 20:50:33,992 [9.029202461242676] keyring.backend DEBUG: Loading keyczar
+2025-10-06 20:50:33,993 [9.030707120895386] keyring.backend DEBUG: Loading multi
+2025-10-06 20:50:33,996 [9.03388786315918] main INFO: Requesting url:General/AuthenticatePublisherAccount
+2025-10-06 20:50:33,997 [9.03487515449524] pydexcom DEBUG: Retrieve account ID from the authentication endpoint
+2025-10-06 20:50:33,997 [9.03487515449524] urllib3.connectionpool DEBUG: Starting new HTTPS connection (1): share2.dexcom.com:443
+2025-10-06 20:50:34,413 [9.450055837631226] status INFO: Requesting url: https://share2.dexcom.com/ShareWebServices/Services/General/AuthenticatePublisherAccount
+2025-10-06 20:50:34,413 [9.450055837631226] urllib3.connectionpool DEBUG: Starting new HTTPS connection (1): share2.dexcom.com:443
+2025-10-06 20:50:34,577 [9.614800214767456] urllib3.connectionpool DEBUG: https://share2.dexcom.com:443 "POST /ShareWebServices/Services/General/AuthenticatePublisherAccount HTTP/1.1" 200 38
+2025-10-06 20:50:34,577 [9.614800214767456] pydexcom DEBUG: Retrieve session ID from the login endpoint
+2025-10-06 20:50:34,593 [9.630823850631714] urllib3.connectionpool DEBUG: https://share2.dexcom.com:443 "GET /ShareWebServices/Services/General/AuthenticatePublisherAccount HTTP/1.1" 405 176
+2025-10-06 20:50:35,027 [10.064918994903564] urllib3.connectionpool DEBUG: https://share2.dexcom.com:443 "POST /ShareWebServices/Services/General/LoginPublisherAccountById HTTP/1.1" 200 38
+2025-10-06 20:50:35,037 [10.07419729232788] urllib3.connectionpool DEBUG: http://127.0.0.1:49152 "GET /authenticate HTTP/1.1" 200 16
+2025-10-06 20:50:35,039 [10.07672643661499] notifier INFO: Requesting url https://share2.dexcom.com/ShareWebServices/Services
+2025-10-06 20:50:35,039 [10.07672643661499] pydexcom DEBUG: Retrieve glucose readings from the glucose readings endpoint
+2025-10-06 20:50:35,153 [10.190658330917358] urllib3.connectionpool DEBUG: https://share2.dexcom.com:443 "POST /ShareWebServices/Services/Publisher/ReadPublisherLatestGlucoseValues?sessionId=e62aaf1f-d20c-4fba-b9be-c16b229e8043&minutes=1440&maxCount=1 HTTP/1.1" 200 None
+2025-10-06 20:50:35,156 [10.193087100982666] notifier INFO: Requesting url https://share2.dexcom.com/ShareWebServices/Services
+2025-10-06 20:50:35,157 [10.194093704223633] pydexcom DEBUG: Retrieve glucose readings from the glucose readings endpoint
+2025-10-06 20:50:35,278 [10.315043926239014] urllib3.connectionpool DEBUG: https://share2.dexcom.com:443 "POST /ShareWebServices/Services/Publisher/ReadPublisherLatestGlucoseValues?sessionId=e62aaf1f-d20c-4fba-b9be-c16b229e8043&minutes=1440&maxCount=1 HTTP/1.1" 200 None
+2025-10-06 20:50:35,595 [10.632582902908325] status INFO: Requesting url: https://share2.dexcom.com/ShareWebServices/Services/General/AuthenticatePublisherAccount
+2025-10-06 20:50:35,596 [10.633147478103638] urllib3.connectionpool DEBUG: Starting new HTTPS connection (1): share2.dexcom.com:443
+2025-10-06 20:50:35,887 [10.92472767829895] urllib3.connectionpool DEBUG: https://share2.dexcom.com:443 "GET /ShareWebServices/Services/General/AuthenticatePublisherAccount HTTP/1.1" 405 176
+2025-10-06 20:50:36,279 [11.316145658493042] notifier INFO: Requesting url https://share2.dexcom.com/ShareWebServices/Services
+2025-10-06 20:50:36,279 [11.316145658493042] pydexcom DEBUG: Retrieve glucose readings from the glucose readings endpoint
+2025-10-06 20:50:36,397 [11.434966087341309] urllib3.connectionpool DEBUG: https://share2.dexcom.com:443 "POST /ShareWebServices/Services/Publisher/ReadPublisherLatestGlucoseValues?sessionId=e62aaf1f-d20c-4fba-b9be-c16b229e8043&minutes=1440&maxCount=1 HTTP/1.1" 200 None
+2025-10-06 20:50:36,397 [11.434966087341309] notifier INFO: Requesting url https://share2.dexcom.com/ShareWebServices/Services
+2025-10-06 20:50:36,397 [11.434966087341309] pydexcom DEBUG: Retrieve glucose readings from the glucose readings endpoint
+2025-10-06 20:50:36,522 [11.559609413146973] urllib3.connectionpool DEBUG: https://share2.dexcom.com:443 "POST /ShareWebServices/Services/Publisher/ReadPublisherLatestGlucoseValues?sessionId=e62aaf1f-d20c-4fba-b9be-c16b229e8043&minutes=1440&maxCount=1 HTTP/1.1" 200 None
+2025-10-06 20:50:36,889 [11.926033020019531] status INFO: Requesting url: https://share2.dexcom.com/ShareWebServices/Services/General/AuthenticatePublisherAccount
+2025-10-06 20:50:36,889 [11.926033020019531] urllib3.connectionpool DEBUG: Starting new HTTPS connection (1): share2.dexcom.com:443
+2025-10-06 20:50:37,044 [12.081910848617554] pydexcom DEBUG: Retrieve glucose readings from the glucose readings endpoint
+2025-10-06 20:50:37,092 [12.129635334014893] urllib3.connectionpool DEBUG: https://share2.dexcom.com:443 "GET /ShareWebServices/Services/General/AuthenticatePublisherAccount HTTP/1.1" 405 176
+2025-10-06 20:50:37,163 [12.200137615203857] urllib3.connectionpool DEBUG: https://share2.dexcom.com:443 "POST /ShareWebServices/Services/Publisher/ReadPublisherLatestGlucoseValues?sessionId=e62aaf1f-d20c-4fba-b9be-c16b229e8043&minutes=1440&maxCount=1 HTTP/1.1" 200 None
+2025-10-06 20:50:37,164 [12.20113754272461] pydexcom DEBUG: Retrieve glucose readings from the glucose readings endpoint
+2025-10-06 20:50:37,272 [12.309328079223633] urllib3.connectionpool DEBUG: https://share2.dexcom.com:443 "POST /ShareWebServices/Services/Publisher/ReadPublisherLatestGlucoseValues?sessionId=e62aaf1f-d20c-4fba-b9be-c16b229e8043&minutes=5&maxCount=1 HTTP/1.1" 200 None
+2025-10-06 20:50:37,523 [12.5608229637146] notifier INFO: Requesting url https://share2.dexcom.com/ShareWebServices/Services
+2025-10-06 20:50:37,523 [12.5608229637146] pydexcom DEBUG: Retrieve glucose readings from the glucose readings endpoint
+2025-10-06 20:50:37,632 [12.669454336166382] urllib3.connectionpool DEBUG: https://share2.dexcom.com:443 "POST /ShareWebServices/Services/Publisher/ReadPublisherLatestGlucoseValues?sessionId=e62aaf1f-d20c-4fba-b9be-c16b229e8043&minutes=1440&maxCount=1 HTTP/1.1" 200 None
+2025-10-06 20:50:37,632 [12.669454336166382] notifier INFO: Requesting url https://share2.dexcom.com/ShareWebServices/Services
+2025-10-06 20:50:37,632 [12.669454336166382] pydexcom DEBUG: Retrieve glucose readings from the glucose readings endpoint
+2025-10-06 20:50:37,737 [12.774782657623291] urllib3.connectionpool DEBUG: https://share2.dexcom.com:443 "POST /ShareWebServices/Services/Publisher/ReadPublisherLatestGlucoseValues?sessionId=e62aaf1f-d20c-4fba-b9be-c16b229e8043&minutes=1440&maxCount=1 HTTP/1.1" 200 None
+2025-10-06 20:50:38,095 [13.132015466690063] status INFO: Requesting url: https://share2.dexcom.com/ShareWebServices/Services/General/AuthenticatePublisherAccount
+2025-10-06 20:50:38,095 [13.132015466690063] urllib3.connectionpool DEBUG: Starting new HTTPS connection (1): share2.dexcom.com:443
+2025-10-06 20:50:38,287 [13.324235200881958] urllib3.connectionpool DEBUG: https://share2.dexcom.com:443 "GET /ShareWebServices/Services/General/AuthenticatePublisherAccount HTTP/1.1" 405 176
+2025-10-06 20:50:38,488 [13.525019884109497] urllib3.connectionpool DEBUG: Starting new HTTP connection (1): 127.0.0.1:49152
+2025-10-06 20:50:38,738 [13.775793552398682] notifier INFO: Requesting url https://share2.dexcom.com/ShareWebServices/Services
+2025-10-06 20:50:38,738 [13.775793552398682] pydexcom DEBUG: Retrieve glucose readings from the glucose readings endpoint
+2025-10-06 20:50:38,854 [13.893368005752563] urllib3.connectionpool DEBUG: https://share2.dexcom.com:443 "POST /ShareWebServices/Services/Publisher/ReadPublisherLatestGlucoseValues?sessionId=e62aaf1f-d20c-4fba-b9be-c16b229e8043&minutes=1440&maxCount=1 HTTP/1.1" 200 None
+2025-10-06 20:50:38,856 [13.893368005752563] notifier INFO: Requesting url https://share2.dexcom.com/ShareWebServices/Services
+2025-10-06 20:50:38,856 [13.893368005752563] pydexcom DEBUG: Retrieve glucose readings from the glucose readings endpoint
+2025-10-06 20:50:38,963 [14.000079154968262] urllib3.connectionpool DEBUG: https://share2.dexcom.com:443 "POST /ShareWebServices/Services/Publisher/ReadPublisherLatestGlucoseValues?sessionId=e62aaf1f-d20c-4fba-b9be-c16b229e8043&minutes=1440&maxCount=1 HTTP/1.1" 200 None
+2025-10-06 20:50:39,289 [14.326009273529053] status INFO: Requesting url: https://share2.dexcom.com/ShareWebServices/Services/General/AuthenticatePublisherAccount
+2025-10-06 20:50:39,289 [14.326009273529053] urllib3.connectionpool DEBUG: Starting new HTTPS connection (1): share2.dexcom.com:443
+2025-10-06 20:50:39,487 [14.52444839477539] urllib3.connectionpool DEBUG: https://share2.dexcom.com:443 "GET /ShareWebServices/Services/General/AuthenticatePublisherAccount HTTP/1.1" 405 176
+2025-10-06 20:50:39,586 [14.623936176300049] main INFO: Requesting url:General/AuthenticatePublisherAccount
+2025-10-06 20:50:39,587 [14.624945402145386] pydexcom DEBUG: Retrieve account ID from the authentication endpoint
+2025-10-06 20:50:39,588 [14.625951528549194] urllib3.connectionpool DEBUG: Starting new HTTPS connection (1): share2.dexcom.com:443
+2025-10-06 20:50:39,963 [15.000777959823608] notifier INFO: Requesting url https://share2.dexcom.com/ShareWebServices/Services
+2025-10-06 20:50:39,964 [15.001281499862671] pydexcom DEBUG: Retrieve glucose readings from the glucose readings endpoint
+2025-10-06 20:50:40,029 [15.06679391860962] urllib3.connectionpool DEBUG: https://share2.dexcom.com:443 "POST /ShareWebServices/Services/General/AuthenticatePublisherAccount HTTP/1.1" 200 38
+2025-10-06 20:50:40,029 [15.06679391860962] pydexcom DEBUG: Retrieve session ID from the login endpoint
+2025-10-06 20:50:40,086 [15.123455047607422] urllib3.connectionpool DEBUG: https://share2.dexcom.com:443 "POST /ShareWebServices/Services/Publisher/ReadPublisherLatestGlucoseValues?sessionId=e62aaf1f-d20c-4fba-b9be-c16b229e8043&minutes=1440&maxCount=1 HTTP/1.1" 200 None
+2025-10-06 20:50:40,087 [15.124958992004395] notifier INFO: Requesting url https://share2.dexcom.com/ShareWebServices/Services
+2025-10-06 20:50:40,087 [15.124958992004395] pydexcom DEBUG: Retrieve glucose readings from the glucose readings endpoint
+2025-10-06 20:50:40,196 [15.23374056816101] urllib3.connectionpool DEBUG: https://share2.dexcom.com:443 "POST /ShareWebServices/Services/Publisher/ReadPublisherLatestGlucoseValues?sessionId=e62aaf1f-d20c-4fba-b9be-c16b229e8043&minutes=1440&maxCount=1 HTTP/1.1" 200 None
+2025-10-06 20:50:40,462 [15.499744415283203] urllib3.connectionpool DEBUG: https://share2.dexcom.com:443 "POST /ShareWebServices/Services/General/LoginPublisherAccountById HTTP/1.1" 200 38
+2025-10-06 20:50:40,463 [15.500749349594116] urllib3.connectionpool DEBUG: http://127.0.0.1:49152 "GET /authenticate HTTP/1.1" 200 16
+2025-10-06 20:50:40,488 [15.525750398635864] status INFO: Requesting url: https://share2.dexcom.com/ShareWebServices/Services/General/AuthenticatePublisherAccount
+2025-10-06 20:50:40,489 [15.526254653930664] urllib3.connectionpool DEBUG: Starting new HTTPS connection (1): share2.dexcom.com:443
+2025-10-06 20:50:40,703 [15.740875005722046] urllib3.connectionpool DEBUG: https://share2.dexcom.com:443 "GET /ShareWebServices/Services/General/AuthenticatePublisherAccount HTTP/1.1" 405 176
+2025-10-06 20:50:41,197 [16.234530210494995] notifier INFO: Requesting url https://share2.dexcom.com/ShareWebServices/Services
+2025-10-06 20:50:41,197 [16.234530210494995] pydexcom DEBUG: Retrieve glucose readings from the glucose readings endpoint
+2025-10-06 20:50:41,319 [16.356406450271606] urllib3.connectionpool DEBUG: https://share2.dexcom.com:443 "POST /ShareWebServices/Services/Publisher/ReadPublisherLatestGlucoseValues?sessionId=44e04ff2-8dbc-4731-b619-98f41bf42804&minutes=1440&maxCount=1 HTTP/1.1" 200 None
+2025-10-06 20:50:41,319 [16.356406450271606] notifier INFO: Requesting url https://share2.dexcom.com/ShareWebServices/Services
+2025-10-06 20:50:41,319 [16.356406450271606] pydexcom DEBUG: Retrieve glucose readings from the glucose readings endpoint
+2025-10-06 20:50:41,436 [16.473494291305542] urllib3.connectionpool DEBUG: https://share2.dexcom.com:443 "POST /ShareWebServices/Services/Publisher/ReadPublisherLatestGlucoseValues?sessionId=44e04ff2-8dbc-4731-b619-98f41bf42804&minutes=1440&maxCount=1 HTTP/1.1" 200 None
+2025-10-06 20:50:41,704 [16.74181866645813] status INFO: Requesting url: https://share2.dexcom.com/ShareWebServices/Services/General/AuthenticatePublisherAccount
+2025-10-06 20:50:41,704 [16.74181866645813] urllib3.connectionpool DEBUG: Starting new HTTPS connection (1): share2.dexcom.com:443
+2025-10-06 20:50:41,912 [16.949832916259766] urllib3.connectionpool DEBUG: https://share2.dexcom.com:443 "GET /ShareWebServices/Services/General/AuthenticatePublisherAccount HTTP/1.1" 405 176
+2025-10-06 20:50:42,309 [17.34677219390869] pydexcom DEBUG: Retrieve glucose readings from the glucose readings endpoint
+2025-10-06 20:50:42,423 [17.460954904556274] urllib3.connectionpool DEBUG: https://share2.dexcom.com:443 "POST /ShareWebServices/Services/Publisher/ReadPublisherLatestGlucoseValues?sessionId=44e04ff2-8dbc-4731-b619-98f41bf42804&minutes=1440&maxCount=1 HTTP/1.1" 200 None
+2025-10-06 20:50:42,438 [17.47527027130127] notifier INFO: Requesting url https://share2.dexcom.com/ShareWebServices/Services
+2025-10-06 20:50:42,438 [17.47527027130127] pydexcom DEBUG: Retrieve glucose readings from the glucose readings endpoint
+2025-10-06 20:50:42,542 [17.57935404777527] urllib3.connectionpool DEBUG: https://share2.dexcom.com:443 "POST /ShareWebServices/Services/Publisher/ReadPublisherLatestGlucoseValues?sessionId=44e04ff2-8dbc-4731-b619-98f41bf42804&minutes=1440&maxCount=1 HTTP/1.1" 200 None
+2025-10-06 20:50:42,542 [17.57935404777527] notifier INFO: Requesting url https://share2.dexcom.com/ShareWebServices/Services
+2025-10-06 20:50:42,542 [17.57935404777527] pydexcom DEBUG: Retrieve glucose readings from the glucose readings endpoint
+2025-10-06 20:50:42,648 [17.685621976852417] urllib3.connectionpool DEBUG: https://share2.dexcom.com:443 "POST /ShareWebServices/Services/Publisher/ReadPublisherLatestGlucoseValues?sessionId=44e04ff2-8dbc-4731-b619-98f41bf42804&minutes=1440&maxCount=1 HTTP/1.1" 200 None
+2025-10-06 20:50:42,913 [17.950901985168457] status INFO: Requesting url: https://share2.dexcom.com/ShareWebServices/Services/General/AuthenticatePublisherAccount
+2025-10-06 20:50:42,913 [17.950901985168457] urllib3.connectionpool DEBUG: Starting new HTTPS connection (1): share2.dexcom.com:443
+2025-10-06 20:50:43,128 [18.16589879989624] urllib3.connectionpool DEBUG: https://share2.dexcom.com:443 "GET /ShareWebServices/Services/General/AuthenticatePublisherAccount HTTP/1.1" 405 176
+2025-10-06 20:50:43,650 [18.686995029449463] notifier INFO: Requesting url https://share2.dexcom.com/ShareWebServices/Services
+2025-10-06 20:50:43,650 [18.686995029449463] pydexcom DEBUG: Retrieve glucose readings from the glucose readings endpoint
+2025-10-06 20:50:43,752 [18.789528608322144] urllib3.connectionpool DEBUG: https://share2.dexcom.com:443 "POST /ShareWebServices/Services/Publisher/ReadPublisherLatestGlucoseValues?sessionId=44e04ff2-8dbc-4731-b619-98f41bf42804&minutes=1440&maxCount=1 HTTP/1.1" 200 None
+2025-10-06 20:50:43,752 [18.789528608322144] notifier INFO: Requesting url https://share2.dexcom.com/ShareWebServices/Services
+2025-10-06 20:50:43,752 [18.789528608322144] pydexcom DEBUG: Retrieve glucose readings from the glucose readings endpoint
+2025-10-06 20:50:43,860 [18.897286653518677] urllib3.connectionpool DEBUG: https://share2.dexcom.com:443 "POST /ShareWebServices/Services/Publisher/ReadPublisherLatestGlucoseValues?sessionId=44e04ff2-8dbc-4731-b619-98f41bf42804&minutes=1440&maxCount=1 HTTP/1.1" 200 None
+2025-10-06 20:50:44,130 [19.167620182037354] status INFO: Requesting url: https://share2.dexcom.com/ShareWebServices/Services/General/AuthenticatePublisherAccount
+2025-10-06 20:50:44,130 [19.167620182037354] urllib3.connectionpool DEBUG: Starting new HTTPS connection (1): share2.dexcom.com:443
+2025-10-06 20:50:44,307 [19.34473729133606] urllib3.connectionpool DEBUG: https://share2.dexcom.com:443 "GET /ShareWebServices/Services/General/AuthenticatePublisherAccount HTTP/1.1" 405 176
+2025-10-06 20:50:44,861 [19.898065328598022] notifier INFO: Requesting url https://share2.dexcom.com/ShareWebServices/Services
+2025-10-06 20:50:44,861 [19.898065328598022] pydexcom DEBUG: Retrieve glucose readings from the glucose readings endpoint
+2025-10-06 20:50:44,971 [20.00891923904419] urllib3.connectionpool DEBUG: https://share2.dexcom.com:443 "POST /ShareWebServices/Services/Publisher/ReadPublisherLatestGlucoseValues?sessionId=44e04ff2-8dbc-4731-b619-98f41bf42804&minutes=1440&maxCount=1 HTTP/1.1" 200 None
+2025-10-06 20:50:44,972 [20.009925603866577] notifier INFO: Requesting url https://share2.dexcom.com/ShareWebServices/Services
+2025-10-06 20:50:44,972 [20.009925603866577] pydexcom DEBUG: Retrieve glucose readings from the glucose readings endpoint
+2025-10-06 20:50:45,073 [20.11070728302002] urllib3.connectionpool DEBUG: https://share2.dexcom.com:443 "POST /ShareWebServices/Services/Publisher/ReadPublisherLatestGlucoseValues?sessionId=44e04ff2-8dbc-4731-b619-98f41bf42804&minutes=1440&maxCount=1 HTTP/1.1" 200 None
+2025-10-06 20:50:45,309 [20.346593856811523] status INFO: Requesting url: https://share2.dexcom.com/ShareWebServices/Services/General/AuthenticatePublisherAccount
+2025-10-06 20:50:45,310 [20.347599267959595] urllib3.connectionpool DEBUG: Starting new HTTPS connection (1): share2.dexcom.com:443
+2025-10-06 20:50:45,522 [20.559353351593018] urllib3.connectionpool DEBUG: https://share2.dexcom.com:443 "GET /ShareWebServices/Services/General/AuthenticatePublisherAccount HTTP/1.1" 405 176
+2025-10-06 20:50:46,074 [21.11168074607849] notifier INFO: Requesting url https://share2.dexcom.com/ShareWebServices/Services
+2025-10-06 20:50:46,074 [21.11168074607849] pydexcom DEBUG: Retrieve glucose readings from the glucose readings endpoint
+2025-10-06 20:50:46,177 [21.214394569396973] urllib3.connectionpool DEBUG: https://share2.dexcom.com:443 "POST /ShareWebServices/Services/Publisher/ReadPublisherLatestGlucoseValues?sessionId=44e04ff2-8dbc-4731-b619-98f41bf42804&minutes=1440&maxCount=1 HTTP/1.1" 200 None
+2025-10-06 20:50:46,177 [21.214394569396973] notifier INFO: Requesting url https://share2.dexcom.com/ShareWebServices/Services
+2025-10-06 20:50:46,177 [21.214394569396973] pydexcom DEBUG: Retrieve glucose readings from the glucose readings endpoint
+2025-10-06 20:50:46,301 [21.33839225769043] urllib3.connectionpool DEBUG: https://share2.dexcom.com:443 "POST /ShareWebServices/Services/Publisher/ReadPublisherLatestGlucoseValues?sessionId=44e04ff2-8dbc-4731-b619-98f41bf42804&minutes=1440&maxCount=1 HTTP/1.1" 200 None
+2025-10-06 20:50:46,524 [21.56171178817749] status INFO: Requesting url: https://share2.dexcom.com/ShareWebServices/Services/General/AuthenticatePublisherAccount
+2025-10-06 20:50:46,524 [21.56171178817749] urllib3.connectionpool DEBUG: Starting new HTTPS connection (1): share2.dexcom.com:443
+2025-10-06 20:50:46,741 [21.778831481933594] urllib3.connectionpool DEBUG: https://share2.dexcom.com:443 "GET /ShareWebServices/Services/General/AuthenticatePublisherAccount HTTP/1.1" 405 176
+2025-10-06 20:50:47,302 [22.339908599853516] notifier INFO: Requesting url https://share2.dexcom.com/ShareWebServices/Services
+2025-10-06 20:50:47,303 [22.34041476249695] pydexcom DEBUG: Retrieve glucose readings from the glucose readings endpoint
+2025-10-06 20:50:47,421 [22.45874524116516] urllib3.connectionpool DEBUG: https://share2.dexcom.com:443 "POST /ShareWebServices/Services/Publisher/ReadPublisherLatestGlucoseValues?sessionId=44e04ff2-8dbc-4731-b619-98f41bf42804&minutes=1440&maxCount=1 HTTP/1.1" 200 None
+2025-10-06 20:50:47,422 [22.459746599197388] notifier INFO: Requesting url https://share2.dexcom.com/ShareWebServices/Services
+2025-10-06 20:50:47,422 [22.459746599197388] pydexcom DEBUG: Retrieve glucose readings from the glucose readings endpoint
+2025-10-06 20:50:47,430 [22.467150449752808] pydexcom DEBUG: Retrieve glucose readings from the glucose readings endpoint
+2025-10-06 20:50:47,431 [22.468153715133667] urllib3.connectionpool DEBUG: Starting new HTTPS connection (2): share2.dexcom.com:443
+2025-10-06 20:50:47,532 [22.56948471069336] urllib3.connectionpool DEBUG: https://share2.dexcom.com:443 "POST /ShareWebServices/Services/Publisher/ReadPublisherLatestGlucoseValues?sessionId=44e04ff2-8dbc-4731-b619-98f41bf42804&minutes=1440&maxCount=1 HTTP/1.1" 200 None
+2025-10-06 20:50:47,632 [22.669447898864746] urllib3.connectionpool DEBUG: https://share2.dexcom.com:443 "POST /ShareWebServices/Services/Publisher/ReadPublisherLatestGlucoseValues?sessionId=44e04ff2-8dbc-4731-b619-98f41bf42804&minutes=1440&maxCount=1 HTTP/1.1" 200 None
+2025-10-06 20:50:47,743 [22.78078866004944] status INFO: Requesting url: https://share2.dexcom.com/ShareWebServices/Services/General/AuthenticatePublisherAccount
+2025-10-06 20:50:47,743 [22.78078866004944] urllib3.connectionpool DEBUG: Starting new HTTPS connection (1): share2.dexcom.com:443
+2025-10-06 20:50:47,916 [22.953006744384766] urllib3.connectionpool DEBUG: https://share2.dexcom.com:443 "GET /ShareWebServices/Services/General/AuthenticatePublisherAccount HTTP/1.1" 405 176
+2025-10-06 20:50:48,533 [23.570757627487183] notifier INFO: Requesting url https://share2.dexcom.com/ShareWebServices/Services
+2025-10-06 20:50:48,533 [23.570757627487183] pydexcom DEBUG: Retrieve glucose readings from the glucose readings endpoint
+2025-10-06 20:50:48,636 [23.67364811897278] urllib3.connectionpool DEBUG: https://share2.dexcom.com:443 "POST /ShareWebServices/Services/Publisher/ReadPublisherLatestGlucoseValues?sessionId=44e04ff2-8dbc-4731-b619-98f41bf42804&minutes=1440&maxCount=1 HTTP/1.1" 200 None
+2025-10-06 20:50:48,636 [23.67364811897278] notifier INFO: Requesting url https://share2.dexcom.com/ShareWebServices/Services
+2025-10-06 20:50:48,638 [23.67515277862549] pydexcom DEBUG: Retrieve glucose readings from the glucose readings endpoint
+2025-10-06 20:50:48,748 [23.784976959228516] urllib3.connectionpool DEBUG: https://share2.dexcom.com:443 "POST /ShareWebServices/Services/Publisher/ReadPublisherLatestGlucoseValues?sessionId=44e04ff2-8dbc-4731-b619-98f41bf42804&minutes=1440&maxCount=1 HTTP/1.1" 200 None
+2025-10-06 20:50:48,917 [23.954224586486816] status INFO: Requesting url: https://share2.dexcom.com/ShareWebServices/Services/General/AuthenticatePublisherAccount
+2025-10-06 20:50:48,918 [23.955230951309204] urllib3.connectionpool DEBUG: Starting new HTTPS connection (1): share2.dexcom.com:443
+2025-10-06 20:50:49,162 [24.19950819015503] urllib3.connectionpool DEBUG: https://share2.dexcom.com:443 "GET /ShareWebServices/Services/General/AuthenticatePublisherAccount HTTP/1.1" 405 176
+2025-10-06 20:50:49,752 [24.789473056793213] notifier INFO: Requesting url https://share2.dexcom.com/ShareWebServices/Services
+2025-10-06 20:50:49,752 [24.789473056793213] pydexcom DEBUG: Retrieve glucose readings from the glucose readings endpoint
+2025-10-06 20:50:49,862 [24.89949369430542] urllib3.connectionpool DEBUG: https://share2.dexcom.com:443 "POST /ShareWebServices/Services/Publisher/ReadPublisherLatestGlucoseValues?sessionId=44e04ff2-8dbc-4731-b619-98f41bf42804&minutes=1440&maxCount=1 HTTP/1.1" 200 None
+2025-10-06 20:50:49,862 [24.89949369430542] notifier INFO: Requesting url https://share2.dexcom.com/ShareWebServices/Services
+2025-10-06 20:50:49,862 [24.89949369430542] pydexcom DEBUG: Retrieve glucose readings from the glucose readings endpoint
+2025-10-06 20:50:49,962 [24.999767780303955] urllib3.connectionpool DEBUG: https://share2.dexcom.com:443 "POST /ShareWebServices/Services/Publisher/ReadPublisherLatestGlucoseValues?sessionId=44e04ff2-8dbc-4731-b619-98f41bf42804&minutes=1440&maxCount=1 HTTP/1.1" 200 None
+2025-10-06 20:50:50,164 [25.20171809196472] status INFO: Requesting url: https://share2.dexcom.com/ShareWebServices/Services/General/AuthenticatePublisherAccount
+2025-10-06 20:50:50,165 [25.202754974365234] urllib3.connectionpool DEBUG: Starting new HTTPS connection (1): share2.dexcom.com:443
+2025-10-06 20:50:50,378 [25.415815353393555] urllib3.connectionpool DEBUG: https://share2.dexcom.com:443 "GET /ShareWebServices/Services/General/AuthenticatePublisherAccount HTTP/1.1" 405 176
+2025-10-06 20:50:50,963 [26.000853300094604] notifier INFO: Requesting url https://share2.dexcom.com/ShareWebServices/Services
+2025-10-06 20:50:50,963 [26.000853300094604] pydexcom DEBUG: Retrieve glucose readings from the glucose readings endpoint
+2025-10-06 20:50:51,077 [26.114681005477905] urllib3.connectionpool DEBUG: https://share2.dexcom.com:443 "POST /ShareWebServices/Services/Publisher/ReadPublisherLatestGlucoseValues?sessionId=44e04ff2-8dbc-4731-b619-98f41bf42804&minutes=1440&maxCount=1 HTTP/1.1" 200 None
+2025-10-06 20:50:51,077 [26.114681005477905] notifier INFO: Requesting url https://share2.dexcom.com/ShareWebServices/Services
+2025-10-06 20:50:51,077 [26.114681005477905] pydexcom DEBUG: Retrieve glucose readings from the glucose readings endpoint
+2025-10-06 20:50:51,182 [26.219151496887207] urllib3.connectionpool DEBUG: https://share2.dexcom.com:443 "POST /ShareWebServices/Services/Publisher/ReadPublisherLatestGlucoseValues?sessionId=44e04ff2-8dbc-4731-b619-98f41bf42804&minutes=1440&maxCount=1 HTTP/1.1" 200 None
+2025-10-06 20:50:51,380 [26.41732406616211] status INFO: Requesting url: https://share2.dexcom.com/ShareWebServices/Services/General/AuthenticatePublisherAccount
+2025-10-06 20:50:51,380 [26.41732406616211] urllib3.connectionpool DEBUG: Starting new HTTPS connection (1): share2.dexcom.com:443
+2025-10-06 20:50:51,582 [26.619166612625122] urllib3.connectionpool DEBUG: https://share2.dexcom.com:443 "GET /ShareWebServices/Services/General/AuthenticatePublisherAccount HTTP/1.1" 405 176
+2025-10-06 20:50:52,183 [27.220924615859985] notifier INFO: Requesting url https://share2.dexcom.com/ShareWebServices/Services
+2025-10-06 20:50:52,183 [27.220924615859985] pydexcom DEBUG: Retrieve glucose readings from the glucose readings endpoint
+2025-10-06 20:50:52,292 [27.32985830307007] urllib3.connectionpool DEBUG: https://share2.dexcom.com:443 "POST /ShareWebServices/Services/Publisher/ReadPublisherLatestGlucoseValues?sessionId=44e04ff2-8dbc-4731-b619-98f41bf42804&minutes=1440&maxCount=1 HTTP/1.1" 200 None
+2025-10-06 20:50:52,293 [27.330856561660767] notifier INFO: Requesting url https://share2.dexcom.com/ShareWebServices/Services
+2025-10-06 20:50:52,293 [27.330856561660767] pydexcom DEBUG: Retrieve glucose readings from the glucose readings endpoint
+2025-10-06 20:50:52,412 [27.449968576431274] urllib3.connectionpool DEBUG: https://share2.dexcom.com:443 "POST /ShareWebServices/Services/Publisher/ReadPublisherLatestGlucoseValues?sessionId=44e04ff2-8dbc-4731-b619-98f41bf42804&minutes=1440&maxCount=1 HTTP/1.1" 200 None
+2025-10-06 20:50:52,583 [27.620957612991333] status INFO: Requesting url: https://share2.dexcom.com/ShareWebServices/Services/General/AuthenticatePublisherAccount
+2025-10-06 20:50:52,584 [27.621468544006348] urllib3.connectionpool DEBUG: Starting new HTTPS connection (1): share2.dexcom.com:443
+2025-10-06 20:50:52,638 [27.67523193359375] pydexcom DEBUG: Retrieve glucose readings from the glucose readings endpoint
+2025-10-06 20:50:52,738 [27.77578091621399] urllib3.connectionpool DEBUG: https://share2.dexcom.com:443 "POST /ShareWebServices/Services/Publisher/ReadPublisherLatestGlucoseValues?sessionId=44e04ff2-8dbc-4731-b619-98f41bf42804&minutes=1440&maxCount=1 HTTP/1.1" 200 None
+2025-10-06 20:50:52,802 [27.839855432510376] urllib3.connectionpool DEBUG: https://share2.dexcom.com:443 "GET /ShareWebServices/Services/General/AuthenticatePublisherAccount HTTP/1.1" 405 176
+2025-10-06 20:50:53,413 [28.450907707214355] notifier INFO: Requesting url https://share2.dexcom.com/ShareWebServices/Services
+2025-10-06 20:50:53,413 [28.450907707214355] pydexcom DEBUG: Retrieve glucose readings from the glucose readings endpoint
+2025-10-06 20:50:53,547 [28.5847270488739] urllib3.connectionpool DEBUG: https://share2.dexcom.com:443 "POST /ShareWebServices/Services/Publisher/ReadPublisherLatestGlucoseValues?sessionId=44e04ff2-8dbc-4731-b619-98f41bf42804&minutes=1440&maxCount=1 HTTP/1.1" 200 None
+2025-10-06 20:50:53,547 [28.5847270488739] notifier INFO: Requesting url https://share2.dexcom.com/ShareWebServices/Services
+2025-10-06 20:50:53,547 [28.5847270488739] pydexcom DEBUG: Retrieve glucose readings from the glucose readings endpoint
+2025-10-06 20:50:53,665 [28.702795028686523] urllib3.connectionpool DEBUG: https://share2.dexcom.com:443 "POST /ShareWebServices/Services/Publisher/ReadPublisherLatestGlucoseValues?sessionId=44e04ff2-8dbc-4731-b619-98f41bf42804&minutes=1440&maxCount=1 HTTP/1.1" 200 None
+2025-10-06 20:50:53,804 [28.841535568237305] status INFO: Requesting url: https://share2.dexcom.com/ShareWebServices/Services/General/AuthenticatePublisherAccount
+2025-10-06 20:50:53,804 [28.841535568237305] urllib3.connectionpool DEBUG: Starting new HTTPS connection (1): share2.dexcom.com:443
+2025-10-06 20:50:54,013 [29.05072808265686] urllib3.connectionpool DEBUG: https://share2.dexcom.com:443 "GET /ShareWebServices/Services/General/AuthenticatePublisherAccount HTTP/1.1" 405 176
+2025-10-06 20:50:54,666 [29.703617095947266] notifier INFO: Requesting url https://share2.dexcom.com/ShareWebServices/Services
+2025-10-06 20:50:54,666 [29.703617095947266] pydexcom DEBUG: Retrieve glucose readings from the glucose readings endpoint
+2025-10-06 20:50:54,778 [29.815967082977295] urllib3.connectionpool DEBUG: https://share2.dexcom.com:443 "POST /ShareWebServices/Services/Publisher/ReadPublisherLatestGlucoseValues?sessionId=44e04ff2-8dbc-4731-b619-98f41bf42804&minutes=1440&maxCount=1 HTTP/1.1" 200 None
+2025-10-06 20:50:54,778 [29.815967082977295] notifier INFO: Requesting url https://share2.dexcom.com/ShareWebServices/Services
+2025-10-06 20:50:54,778 [29.815967082977295] pydexcom DEBUG: Retrieve glucose readings from the glucose readings endpoint
+2025-10-06 20:50:54,912 [29.949310064315796] urllib3.connectionpool DEBUG: https://share2.dexcom.com:443 "POST /ShareWebServices/Services/Publisher/ReadPublisherLatestGlucoseValues?sessionId=44e04ff2-8dbc-4731-b619-98f41bf42804&minutes=1440&maxCount=1 HTTP/1.1" 200 None
+2025-10-06 20:50:55,015 [30.05234432220459] status INFO: Requesting url: https://share2.dexcom.com/ShareWebServices/Services/General/AuthenticatePublisherAccount
+2025-10-06 20:50:55,015 [30.052859783172607] urllib3.connectionpool DEBUG: Starting new HTTPS connection (1): share2.dexcom.com:443
+2025-10-06 20:50:55,207 [30.24468731880188] urllib3.connectionpool DEBUG: https://share2.dexcom.com:443 "GET /ShareWebServices/Services/General/AuthenticatePublisherAccount HTTP/1.1" 405 176
+2025-10-06 20:50:55,913 [30.950676202774048] notifier INFO: Requesting url https://share2.dexcom.com/ShareWebServices/Services
+2025-10-06 20:50:55,913 [30.950676202774048] pydexcom DEBUG: Retrieve glucose readings from the glucose readings endpoint
+2025-10-06 20:50:56,014 [31.051820278167725] urllib3.connectionpool DEBUG: https://share2.dexcom.com:443 "POST /ShareWebServices/Services/Publisher/ReadPublisherLatestGlucoseValues?sessionId=44e04ff2-8dbc-4731-b619-98f41bf42804&minutes=1440&maxCount=1 HTTP/1.1" 200 None
+2025-10-06 20:50:56,014 [31.051820278167725] notifier INFO: Requesting url https://share2.dexcom.com/ShareWebServices/Services
+2025-10-06 20:50:56,014 [31.051820278167725] pydexcom DEBUG: Retrieve glucose readings from the glucose readings endpoint
+2025-10-06 20:50:56,168 [31.205368757247925] urllib3.connectionpool DEBUG: https://share2.dexcom.com:443 "POST /ShareWebServices/Services/Publisher/ReadPublisherLatestGlucoseValues?sessionId=44e04ff2-8dbc-4731-b619-98f41bf42804&minutes=1440&maxCount=1 HTTP/1.1" 200 None
+2025-10-06 20:50:56,208 [31.24592614173889] status INFO: Requesting url: https://share2.dexcom.com/ShareWebServices/Services/General/AuthenticatePublisherAccount
+2025-10-06 20:50:56,209 [31.246432304382324] urllib3.connectionpool DEBUG: Starting new HTTPS connection (1): share2.dexcom.com:443
+2025-10-06 20:50:56,412 [31.449862003326416] urllib3.connectionpool DEBUG: https://share2.dexcom.com:443 "GET /ShareWebServices/Services/General/AuthenticatePublisherAccount HTTP/1.1" 405 176
+2025-10-06 20:50:57,170 [32.207170248031616] notifier INFO: Requesting url https://share2.dexcom.com/ShareWebServices/Services
+2025-10-06 20:50:57,170 [32.207170248031616] pydexcom DEBUG: Retrieve glucose readings from the glucose readings endpoint
+2025-10-06 20:50:57,268 [32.30563473701477] urllib3.connectionpool DEBUG: https://share2.dexcom.com:443 "POST /ShareWebServices/Services/Publisher/ReadPublisherLatestGlucoseValues?sessionId=44e04ff2-8dbc-4731-b619-98f41bf42804&minutes=1440&maxCount=1 HTTP/1.1" 200 None
+2025-10-06 20:50:57,269 [32.3066349029541] notifier INFO: Requesting url https://share2.dexcom.com/ShareWebServices/Services
+2025-10-06 20:50:57,269 [32.3066349029541] pydexcom DEBUG: Retrieve glucose readings from the glucose readings endpoint
+2025-10-06 20:50:57,374 [32.41134977340698] urllib3.connectionpool DEBUG: https://share2.dexcom.com:443 "POST /ShareWebServices/Services/Publisher/ReadPublisherLatestGlucoseValues?sessionId=44e04ff2-8dbc-4731-b619-98f41bf42804&minutes=1440&maxCount=1 HTTP/1.1" 200 None
+2025-10-06 20:50:57,414 [32.45111131668091] status INFO: Requesting url: https://share2.dexcom.com/ShareWebServices/Services/General/AuthenticatePublisherAccount
+2025-10-06 20:50:57,415 [32.452123165130615] urllib3.connectionpool DEBUG: Starting new HTTPS connection (1): share2.dexcom.com:443
+2025-10-06 20:50:57,632 [32.66938042640686] urllib3.connectionpool DEBUG: https://share2.dexcom.com:443 "GET /ShareWebServices/Services/General/AuthenticatePublisherAccount HTTP/1.1" 405 176
+2025-10-06 20:50:57,744 [32.781880140304565] pydexcom DEBUG: Retrieve glucose readings from the glucose readings endpoint
+2025-10-06 20:50:57,865 [32.9021680355072] urllib3.connectionpool DEBUG: https://share2.dexcom.com:443 "POST /ShareWebServices/Services/Publisher/ReadPublisherLatestGlucoseValues?sessionId=44e04ff2-8dbc-4731-b619-98f41bf42804&minutes=1440&maxCount=1 HTTP/1.1" 200 None
+2025-10-06 20:50:58,375 [33.4128954410553] notifier INFO: Requesting url https://share2.dexcom.com/ShareWebServices/Services
+2025-10-06 20:50:58,375 [33.4128954410553] pydexcom DEBUG: Retrieve glucose readings from the glucose readings endpoint
+2025-10-06 20:50:58,487 [33.5247528553009] urllib3.connectionpool DEBUG: https://share2.dexcom.com:443 "POST /ShareWebServices/Services/Publisher/ReadPublisherLatestGlucoseValues?sessionId=44e04ff2-8dbc-4731-b619-98f41bf42804&minutes=1440&maxCount=1 HTTP/1.1" 200 None
+2025-10-06 20:50:58,487 [33.5247528553009] notifier INFO: Requesting url https://share2.dexcom.com/ShareWebServices/Services
+2025-10-06 20:50:58,487 [33.5247528553009] pydexcom DEBUG: Retrieve glucose readings from the glucose readings endpoint
+2025-10-06 20:50:58,593 [33.63073444366455] urllib3.connectionpool DEBUG: https://share2.dexcom.com:443 "POST /ShareWebServices/Services/Publisher/ReadPublisherLatestGlucoseValues?sessionId=44e04ff2-8dbc-4731-b619-98f41bf42804&minutes=1440&maxCount=1 HTTP/1.1" 200 None
+2025-10-06 20:50:58,633 [33.67083525657654] status INFO: Requesting url: https://share2.dexcom.com/ShareWebServices/Services/General/AuthenticatePublisherAccount
+2025-10-06 20:50:58,634 [33.67134356498718] urllib3.connectionpool DEBUG: Starting new HTTPS connection (1): share2.dexcom.com:443
+2025-10-06 20:50:58,831 [33.86832094192505] urllib3.connectionpool DEBUG: https://share2.dexcom.com:443 "GET /ShareWebServices/Services/General/AuthenticatePublisherAccount HTTP/1.1" 405 176
+2025-10-06 20:50:59,594 [34.631749629974365] notifier INFO: Requesting url https://share2.dexcom.com/ShareWebServices/Services
+2025-10-06 20:50:59,594 [34.631749629974365] pydexcom DEBUG: Retrieve glucose readings from the glucose readings endpoint
+2025-10-06 20:50:59,634 [34.671066761016846] notifier INFO: Requesting url General/AuthenticatePublisherAccount
+2025-10-06 20:50:59,634 [34.671066761016846] pydexcom DEBUG: Retrieve account ID from the authentication endpoint
+2025-10-06 20:50:59,635 [34.672075033187866] urllib3.connectionpool DEBUG: Starting new HTTPS connection (1): share2.dexcom.com:443
+2025-10-06 20:50:59,693 [34.73072028160095] urllib3.connectionpool DEBUG: https://share2.dexcom.com:443 "POST /ShareWebServices/Services/Publisher/ReadPublisherLatestGlucoseValues?sessionId=44e04ff2-8dbc-4731-b619-98f41bf42804&minutes=1440&maxCount=1 HTTP/1.1" 200 None
+2025-10-06 20:50:59,693 [34.73072028160095] notifier INFO: Requesting url https://share2.dexcom.com/ShareWebServices/Services
+2025-10-06 20:50:59,693 [34.73072028160095] pydexcom DEBUG: Retrieve glucose readings from the glucose readings endpoint
+2025-10-06 20:50:59,803 [34.84006309509277] urllib3.connectionpool DEBUG: https://share2.dexcom.com:443 "POST /ShareWebServices/Services/Publisher/ReadPublisherLatestGlucoseValues?sessionId=44e04ff2-8dbc-4731-b619-98f41bf42804&minutes=1440&maxCount=1 HTTP/1.1" 200 None
+2025-10-06 20:50:59,832 [34.869502782821655] status INFO: Requesting url: https://share2.dexcom.com/ShareWebServices/Services/General/AuthenticatePublisherAccount
+2025-10-06 20:50:59,832 [34.869502782821655] urllib3.connectionpool DEBUG: Starting new HTTPS connection (1): share2.dexcom.com:443
+2025-10-06 20:51:00,035 [35.07287263870239] urllib3.connectionpool DEBUG: https://share2.dexcom.com:443 "GET /ShareWebServices/Services/General/AuthenticatePublisherAccount HTTP/1.1" 405 176
+2025-10-06 20:51:00,172 [35.209375858306885] urllib3.connectionpool DEBUG: https://share2.dexcom.com:443 "POST /ShareWebServices/Services/General/AuthenticatePublisherAccount HTTP/1.1" 200 38
+2025-10-06 20:51:00,172 [35.209375858306885] pydexcom DEBUG: Retrieve session ID from the login endpoint
+2025-10-06 20:51:00,728 [35.765501737594604] urllib3.connectionpool DEBUG: https://share2.dexcom.com:443 "POST /ShareWebServices/Services/General/LoginPublisherAccountById HTTP/1.1" 200 38
+2025-10-06 20:51:00,732 [35.76950550079346] notifier INFO: Requesting url General/AuthenticatePublisherAccount
+2025-10-06 20:51:00,732 [35.76950550079346] pydexcom DEBUG: Retrieve account ID from the authentication endpoint
+2025-10-06 20:51:00,734 [35.77101254463196] urllib3.connectionpool DEBUG: Starting new HTTPS connection (1): share2.dexcom.com:443
+2025-10-06 20:51:00,803 [35.84089541435242] notifier INFO: Requesting url https://share2.dexcom.com/ShareWebServices/Services
+2025-10-06 20:51:00,803 [35.84089541435242] pydexcom DEBUG: Retrieve glucose readings from the glucose readings endpoint
+2025-10-06 20:51:00,915 [35.95213317871094] urllib3.connectionpool DEBUG: https://share2.dexcom.com:443 "POST /ShareWebServices/Services/Publisher/ReadPublisherLatestGlucoseValues?sessionId=44e04ff2-8dbc-4731-b619-98f41bf42804&minutes=1440&maxCount=1 HTTP/1.1" 200 None
+2025-10-06 20:51:00,915 [35.95213317871094] notifier INFO: Requesting url https://share2.dexcom.com/ShareWebServices/Services
+2025-10-06 20:51:00,915 [35.95213317871094] pydexcom DEBUG: Retrieve glucose readings from the glucose readings endpoint
+2025-10-06 20:51:01,022 [36.0591721534729] urllib3.connectionpool DEBUG: https://share2.dexcom.com:443 "POST /ShareWebServices/Services/Publisher/ReadPublisherLatestGlucoseValues?sessionId=44e04ff2-8dbc-4731-b619-98f41bf42804&minutes=1440&maxCount=1 HTTP/1.1" 200 None
+2025-10-06 20:51:01,037 [36.07437992095947] status INFO: Requesting url: https://share2.dexcom.com/ShareWebServices/Services/General/AuthenticatePublisherAccount
+2025-10-06 20:51:01,037 [36.07437992095947] urllib3.connectionpool DEBUG: Starting new HTTPS connection (1): share2.dexcom.com:443
+2025-10-06 20:51:01,239 [36.27662205696106] urllib3.connectionpool DEBUG: https://share2.dexcom.com:443 "GET /ShareWebServices/Services/General/AuthenticatePublisherAccount HTTP/1.1" 405 176
+2025-10-06 20:51:01,245 [36.28231596946716] urllib3.connectionpool DEBUG: https://share2.dexcom.com:443 "POST /ShareWebServices/Services/General/AuthenticatePublisherAccount HTTP/1.1" 200 38
+2025-10-06 20:51:01,245 [36.28282046318054] pydexcom DEBUG: Retrieve session ID from the login endpoint
+2025-10-06 20:51:01,660 [36.69769740104675] urllib3.connectionpool DEBUG: https://share2.dexcom.com:443 "POST /ShareWebServices/Services/General/LoginPublisherAccountById HTTP/1.1" 200 38
+2025-10-06 20:51:01,683 [36.72096633911133] notifier INFO: Requesting url General/AuthenticatePublisherAccount
+2025-10-06 20:51:01,683 [36.72096633911133] pydexcom DEBUG: Retrieve account ID from the authentication endpoint
+2025-10-06 20:51:01,686 [36.722978830337524] urllib3.connectionpool DEBUG: Starting new HTTPS connection (1): share2.dexcom.com:443
+2025-10-06 20:51:02,024 [37.06115651130676] notifier INFO: Requesting url https://share2.dexcom.com/ShareWebServices/Services
+2025-10-06 20:51:02,024 [37.06115651130676] pydexcom DEBUG: Retrieve glucose readings from the glucose readings endpoint
+2025-10-06 20:51:02,118 [37.15532207489014] urllib3.connectionpool DEBUG: https://share2.dexcom.com:443 "POST /ShareWebServices/Services/General/AuthenticatePublisherAccount HTTP/1.1" 200 38
+2025-10-06 20:51:02,118 [37.15532207489014] pydexcom DEBUG: Retrieve session ID from the login endpoint
+2025-10-06 20:51:02,132 [37.16902041435242] urllib3.connectionpool DEBUG: https://share2.dexcom.com:443 "POST /ShareWebServices/Services/Publisher/ReadPublisherLatestGlucoseValues?sessionId=44e04ff2-8dbc-4731-b619-98f41bf42804&minutes=1440&maxCount=1 HTTP/1.1" 200 None
+2025-10-06 20:51:02,142 [37.179847955703735] notifier INFO: Requesting url https://share2.dexcom.com/ShareWebServices/Services
+2025-10-06 20:51:02,142 [37.179847955703735] pydexcom DEBUG: Retrieve glucose readings from the glucose readings endpoint
+2025-10-06 20:51:02,241 [37.278507232666016] status INFO: Requesting url: https://share2.dexcom.com/ShareWebServices/Services/General/AuthenticatePublisherAccount
+2025-10-06 20:51:02,242 [37.279513120651245] urllib3.connectionpool DEBUG: Starting new HTTPS connection (1): share2.dexcom.com:443
+2025-10-06 20:51:02,255 [37.29202222824097] urllib3.connectionpool DEBUG: https://share2.dexcom.com:443 "POST /ShareWebServices/Services/Publisher/ReadPublisherLatestGlucoseValues?sessionId=44e04ff2-8dbc-4731-b619-98f41bf42804&minutes=1440&maxCount=1 HTTP/1.1" 200 None
+2025-10-06 20:51:02,459 [37.4966926574707] urllib3.connectionpool DEBUG: https://share2.dexcom.com:443 "GET /ShareWebServices/Services/General/AuthenticatePublisherAccount HTTP/1.1" 405 176
+2025-10-06 20:51:02,593 [37.63011026382446] urllib3.connectionpool DEBUG: https://share2.dexcom.com:443 "POST /ShareWebServices/Services/General/LoginPublisherAccountById HTTP/1.1" 200 38
+2025-10-06 20:51:02,616 [37.653486490249634] pydexcom DEBUG: Retrieve glucose readings from the glucose readings endpoint
+2025-10-06 20:51:02,727 [37.76413702964783] urllib3.connectionpool DEBUG: https://share2.dexcom.com:443 "POST /ShareWebServices/Services/Publisher/ReadPublisherLatestGlucoseValues?sessionId=44e04ff2-8dbc-4731-b619-98f41bf42804&minutes=1440&maxCount=1 HTTP/1.1" 200 None
+2025-10-06 20:51:02,873 [37.91064429283142] pydexcom DEBUG: Retrieve glucose readings from the glucose readings endpoint
+2025-10-06 20:51:03,052 [38.08952808380127] urllib3.connectionpool DEBUG: https://share2.dexcom.com:443 "POST /ShareWebServices/Services/Publisher/ReadPublisherLatestGlucoseValues?sessionId=44e04ff2-8dbc-4731-b619-98f41bf42804&minutes=1440&maxCount=1 HTTP/1.1" 200 None
+2025-10-06 20:51:03,256 [38.293036460876465] notifier INFO: Requesting url https://share2.dexcom.com/ShareWebServices/Services
+2025-10-06 20:51:03,256 [38.293036460876465] pydexcom DEBUG: Retrieve glucose readings from the glucose readings endpoint
+2025-10-06 20:51:03,364 [38.401015758514404] urllib3.connectionpool DEBUG: https://share2.dexcom.com:443 "POST /ShareWebServices/Services/Publisher/ReadPublisherLatestGlucoseValues?sessionId=44e04ff2-8dbc-4731-b619-98f41bf42804&minutes=1440&maxCount=1 HTTP/1.1" 200 None
+2025-10-06 20:51:03,365 [38.40213990211487] notifier INFO: Requesting url https://share2.dexcom.com/ShareWebServices/Services
+2025-10-06 20:51:03,365 [38.40213990211487] pydexcom DEBUG: Retrieve glucose readings from the glucose readings endpoint
+2025-10-06 20:51:03,462 [38.499011278152466] status INFO: Requesting url: https://share2.dexcom.com/ShareWebServices/Services/General/AuthenticatePublisherAccount
+2025-10-06 20:51:03,462 [38.499011278152466] urllib3.connectionpool DEBUG: Starting new HTTPS connection (1): share2.dexcom.com:443
+2025-10-06 20:51:03,472 [38.50984740257263] urllib3.connectionpool DEBUG: https://share2.dexcom.com:443 "POST /ShareWebServices/Services/Publisher/ReadPublisherLatestGlucoseValues?sessionId=44e04ff2-8dbc-4731-b619-98f41bf42804&minutes=1440&maxCount=1 HTTP/1.1" 200 None
+2025-10-06 20:51:03,637 [38.67412877082825] urllib3.connectionpool DEBUG: https://share2.dexcom.com:443 "GET /ShareWebServices/Services/General/AuthenticatePublisherAccount HTTP/1.1" 405 176
+2025-10-06 20:51:04,474 [39.511221408843994] notifier INFO: Requesting url https://share2.dexcom.com/ShareWebServices/Services
+2025-10-06 20:51:04,474 [39.511221408843994] pydexcom DEBUG: Retrieve glucose readings from the glucose readings endpoint
+2025-10-06 20:51:04,587 [39.62416625022888] urllib3.connectionpool DEBUG: https://share2.dexcom.com:443 "POST /ShareWebServices/Services/Publisher/ReadPublisherLatestGlucoseValues?sessionId=44e04ff2-8dbc-4731-b619-98f41bf42804&minutes=1440&maxCount=1 HTTP/1.1" 200 None
+2025-10-06 20:51:04,587 [39.62416625022888] notifier INFO: Requesting url https://share2.dexcom.com/ShareWebServices/Services
+2025-10-06 20:51:04,587 [39.62416625022888] pydexcom DEBUG: Retrieve glucose readings from the glucose readings endpoint
+2025-10-06 20:51:04,638 [39.67586970329285] status INFO: Requesting url: https://share2.dexcom.com/ShareWebServices/Services/General/AuthenticatePublisherAccount
+2025-10-06 20:51:04,638 [39.67586970329285] urllib3.connectionpool DEBUG: Starting new HTTPS connection (1): share2.dexcom.com:443
+2025-10-06 20:51:04,716 [39.75392556190491] urllib3.connectionpool DEBUG: https://share2.dexcom.com:443 "POST /ShareWebServices/Services/Publisher/ReadPublisherLatestGlucoseValues?sessionId=44e04ff2-8dbc-4731-b619-98f41bf42804&minutes=1440&maxCount=1 HTTP/1.1" 200 None
+2025-10-06 20:51:04,822 [39.8591206073761] urllib3.connectionpool DEBUG: https://share2.dexcom.com:443 "GET /ShareWebServices/Services/General/AuthenticatePublisherAccount HTTP/1.1" 405 176
+2025-10-06 20:51:05,718 [40.7554817199707] notifier INFO: Requesting url https://share2.dexcom.com/ShareWebServices/Services
+2025-10-06 20:51:05,718 [40.7554817199707] pydexcom DEBUG: Retrieve glucose readings from the glucose readings endpoint
+2025-10-06 20:51:05,823 [40.86086177825928] status INFO: Requesting url: https://share2.dexcom.com/ShareWebServices/Services/General/AuthenticatePublisherAccount
+2025-10-06 20:51:05,825 [40.861989974975586] urllib3.connectionpool DEBUG: Starting new HTTPS connection (1): share2.dexcom.com:443
+2025-10-06 20:51:05,836 [40.873008728027344] urllib3.connectionpool DEBUG: https://share2.dexcom.com:443 "POST /ShareWebServices/Services/Publisher/ReadPublisherLatestGlucoseValues?sessionId=44e04ff2-8dbc-4731-b619-98f41bf42804&minutes=1440&maxCount=1 HTTP/1.1" 200 None
+2025-10-06 20:51:05,836 [40.873008728027344] notifier INFO: Requesting url https://share2.dexcom.com/ShareWebServices/Services
+2025-10-06 20:51:05,836 [40.873008728027344] pydexcom DEBUG: Retrieve glucose readings from the glucose readings endpoint
+2025-10-06 20:51:05,932 [40.96909022331238] urllib3.connectionpool DEBUG: https://share2.dexcom.com:443 "POST /ShareWebServices/Services/Publisher/ReadPublisherLatestGlucoseValues?sessionId=44e04ff2-8dbc-4731-b619-98f41bf42804&minutes=1440&maxCount=1 HTTP/1.1" 200 None
+2025-10-06 20:51:06,032 [41.06923294067383] urllib3.connectionpool DEBUG: https://share2.dexcom.com:443 "GET /ShareWebServices/Services/General/AuthenticatePublisherAccount HTTP/1.1" 405 176
+2025-10-06 20:51:06,933 [41.970296144485474] notifier INFO: Requesting url https://share2.dexcom.com/ShareWebServices/Services
+2025-10-06 20:51:06,933 [41.97082304954529] pydexcom DEBUG: Retrieve glucose readings from the glucose readings endpoint
+2025-10-06 20:51:07,033 [42.07069253921509] status INFO: Requesting url: https://share2.dexcom.com/ShareWebServices/Services/General/AuthenticatePublisherAccount
+2025-10-06 20:51:07,034 [42.071696758270264] urllib3.connectionpool DEBUG: Starting new HTTPS connection (1): share2.dexcom.com:443
+2025-10-06 20:51:07,038 [42.075737714767456] urllib3.connectionpool DEBUG: https://share2.dexcom.com:443 "POST /ShareWebServices/Services/Publisher/ReadPublisherLatestGlucoseValues?sessionId=44e04ff2-8dbc-4731-b619-98f41bf42804&minutes=1440&maxCount=1 HTTP/1.1" 200 None
+2025-10-06 20:51:07,039 [42.07673382759094] notifier INFO: Requesting url https://share2.dexcom.com/ShareWebServices/Services
+2025-10-06 20:51:07,039 [42.07673382759094] pydexcom DEBUG: Retrieve glucose readings from the glucose readings endpoint
+2025-10-06 20:51:07,163 [42.20078659057617] urllib3.connectionpool DEBUG: https://share2.dexcom.com:443 "POST /ShareWebServices/Services/Publisher/ReadPublisherLatestGlucoseValues?sessionId=44e04ff2-8dbc-4731-b619-98f41bf42804&minutes=1440&maxCount=1 HTTP/1.1" 200 None
+2025-10-06 20:51:07,254 [42.291558027267456] urllib3.connectionpool DEBUG: https://share2.dexcom.com:443 "GET /ShareWebServices/Services/General/AuthenticatePublisherAccount HTTP/1.1" 405 176
+2025-10-06 20:51:07,752 [42.78967475891113] notifier INFO: Requesting url General/AuthenticatePublisherAccount
+2025-10-06 20:51:07,753 [42.79067587852478] pydexcom DEBUG: Retrieve account ID from the authentication endpoint
+2025-10-06 20:51:07,754 [42.791181325912476] urllib3.connectionpool DEBUG: Starting new HTTPS connection (1): share2.dexcom.com:443
+2025-10-06 20:51:08,061 [43.098485469818115] pydexcom DEBUG: Retrieve glucose readings from the glucose readings endpoint
+2025-10-06 20:51:08,156 [43.193660497665405] urllib3.connectionpool DEBUG: https://share2.dexcom.com:443 "POST /ShareWebServices/Services/General/AuthenticatePublisherAccount HTTP/1.1" 200 38
+2025-10-06 20:51:08,158 [43.195170879364014] pydexcom DEBUG: Retrieve session ID from the login endpoint
+2025-10-06 20:51:08,165 [43.20319366455078] notifier INFO: Requesting url https://share2.dexcom.com/ShareWebServices/Services
+2025-10-06 20:51:08,166 [43.20319366455078] pydexcom DEBUG: Retrieve glucose readings from the glucose readings endpoint
+2025-10-06 20:51:08,197 [43.23448133468628] urllib3.connectionpool DEBUG: https://share2.dexcom.com:443 "POST /ShareWebServices/Services/Publisher/ReadPublisherLatestGlucoseValues?sessionId=44e04ff2-8dbc-4731-b619-98f41bf42804&minutes=1440&maxCount=1 HTTP/1.1" 200 None
+2025-10-06 20:51:08,256 [43.2937445640564] status INFO: Requesting url: https://share2.dexcom.com/ShareWebServices/Services/General/AuthenticatePublisherAccount
+2025-10-06 20:51:08,257 [43.29475378990173] urllib3.connectionpool DEBUG: Starting new HTTPS connection (1): share2.dexcom.com:443
+2025-10-06 20:51:08,268 [43.30579924583435] urllib3.connectionpool DEBUG: https://share2.dexcom.com:443 "POST /ShareWebServices/Services/Publisher/ReadPublisherLatestGlucoseValues?sessionId=44e04ff2-8dbc-4731-b619-98f41bf42804&minutes=1440&maxCount=1 HTTP/1.1" 200 None
+2025-10-06 20:51:08,268 [43.30579924583435] notifier INFO: Requesting url https://share2.dexcom.com/ShareWebServices/Services
+2025-10-06 20:51:08,268 [43.30579924583435] pydexcom DEBUG: Retrieve glucose readings from the glucose readings endpoint
+2025-10-06 20:51:08,390 [43.427663803100586] urllib3.connectionpool DEBUG: https://share2.dexcom.com:443 "POST /ShareWebServices/Services/Publisher/ReadPublisherLatestGlucoseValues?sessionId=44e04ff2-8dbc-4731-b619-98f41bf42804&minutes=1440&maxCount=1 HTTP/1.1" 200 None
+2025-10-06 20:51:08,435 [43.472792863845825] urllib3.connectionpool DEBUG: https://share2.dexcom.com:443 "GET /ShareWebServices/Services/General/AuthenticatePublisherAccount HTTP/1.1" 405 176
+2025-10-06 20:51:08,653 [43.69012260437012] urllib3.connectionpool DEBUG: https://share2.dexcom.com:443 "POST /ShareWebServices/Services/General/LoginPublisherAccountById HTTP/1.1" 200 38
+2025-10-06 20:51:08,657 [43.695616245269775] pydexcom DEBUG: Retrieve glucose readings from the glucose readings endpoint
+2025-10-06 20:51:08,866 [43.90299129486084] urllib3.connectionpool DEBUG: https://share2.dexcom.com:443 "POST /ShareWebServices/Services/Publisher/ReadPublisherLatestGlucoseValues?sessionId=44e04ff2-8dbc-4731-b619-98f41bf42804&minutes=1440&maxCount=1 HTTP/1.1" 200 None
+2025-10-06 20:51:09,392 [44.429349422454834] notifier INFO: Requesting url https://share2.dexcom.com/ShareWebServices/Services
+2025-10-06 20:51:09,392 [44.429349422454834] pydexcom DEBUG: Retrieve glucose readings from the glucose readings endpoint
+2025-10-06 20:51:09,437 [44.47434878349304] status INFO: Requesting url: https://share2.dexcom.com/ShareWebServices/Services/General/AuthenticatePublisherAccount
+2025-10-06 20:51:09,438 [44.47535586357117] urllib3.connectionpool DEBUG: Starting new HTTPS connection (1): share2.dexcom.com:443
+2025-10-06 20:51:09,502 [44.54089069366455] urllib3.connectionpool DEBUG: https://share2.dexcom.com:443 "POST /ShareWebServices/Services/Publisher/ReadPublisherLatestGlucoseValues?sessionId=44e04ff2-8dbc-4731-b619-98f41bf42804&minutes=1440&maxCount=1 HTTP/1.1" 200 None
+2025-10-06 20:51:09,504 [44.54139518737793] notifier INFO: Requesting url https://share2.dexcom.com/ShareWebServices/Services
+2025-10-06 20:51:09,504 [44.54139518737793] pydexcom DEBUG: Retrieve glucose readings from the glucose readings endpoint
+2025-10-06 20:51:09,614 [44.65191030502319] urllib3.connectionpool DEBUG: https://share2.dexcom.com:443 "POST /ShareWebServices/Services/Publisher/ReadPublisherLatestGlucoseValues?sessionId=44e04ff2-8dbc-4731-b619-98f41bf42804&minutes=1440&maxCount=1 HTTP/1.1" 200 None
+2025-10-06 20:51:09,707 [44.745001554489136] urllib3.connectionpool DEBUG: https://share2.dexcom.com:443 "GET /ShareWebServices/Services/General/AuthenticatePublisherAccount HTTP/1.1" 405 176
+2025-10-06 20:51:10,616 [45.653127908706665] notifier INFO: Requesting url https://share2.dexcom.com/ShareWebServices/Services
+2025-10-06 20:51:10,616 [45.653127908706665] pydexcom DEBUG: Retrieve glucose readings from the glucose readings endpoint
+2025-10-06 20:51:10,709 [45.74637746810913] status INFO: Requesting url: https://share2.dexcom.com/ShareWebServices/Services/General/AuthenticatePublisherAccount
+2025-10-06 20:51:10,710 [45.74738836288452] urllib3.connectionpool DEBUG: Starting new HTTPS connection (1): share2.dexcom.com:443
+2025-10-06 20:51:10,724 [45.761046409606934] urllib3.connectionpool DEBUG: https://share2.dexcom.com:443 "POST /ShareWebServices/Services/Publisher/ReadPublisherLatestGlucoseValues?sessionId=44e04ff2-8dbc-4731-b619-98f41bf42804&minutes=1440&maxCount=1 HTTP/1.1" 200 None
+2025-10-06 20:51:10,724 [45.761046409606934] notifier INFO: Requesting url https://share2.dexcom.com/ShareWebServices/Services
+2025-10-06 20:51:10,725 [45.76205253601074] pydexcom DEBUG: Retrieve glucose readings from the glucose readings endpoint
+2025-10-06 20:51:10,842 [45.87930655479431] urllib3.connectionpool DEBUG: https://share2.dexcom.com:443 "POST /ShareWebServices/Services/Publisher/ReadPublisherLatestGlucoseValues?sessionId=44e04ff2-8dbc-4731-b619-98f41bf42804&minutes=1440&maxCount=1 HTTP/1.1" 200 None
+2025-10-06 20:51:10,888 [45.92589974403381] urllib3.connectionpool DEBUG: https://share2.dexcom.com:443 "GET /ShareWebServices/Services/General/AuthenticatePublisherAccount HTTP/1.1" 405 176
+2025-10-06 20:51:11,844 [46.881744384765625] notifier INFO: Requesting url https://share2.dexcom.com/ShareWebServices/Services
+2025-10-06 20:51:11,844 [46.881744384765625] pydexcom DEBUG: Retrieve glucose readings from the glucose readings endpoint
+2025-10-06 20:51:11,891 [46.928242921829224] status INFO: Requesting url: https://share2.dexcom.com/ShareWebServices/Services/General/AuthenticatePublisherAccount
+2025-10-06 20:51:11,892 [46.92924880981445] urllib3.connectionpool DEBUG: Starting new HTTPS connection (1): share2.dexcom.com:443
+2025-10-06 20:51:11,972 [47.00955152511597] urllib3.connectionpool DEBUG: https://share2.dexcom.com:443 "POST /ShareWebServices/Services/Publisher/ReadPublisherLatestGlucoseValues?sessionId=44e04ff2-8dbc-4731-b619-98f41bf42804&minutes=1440&maxCount=1 HTTP/1.1" 200 None
+2025-10-06 20:51:11,974 [47.01105523109436] notifier INFO: Requesting url https://share2.dexcom.com/ShareWebServices/Services
+2025-10-06 20:51:11,974 [47.01105523109436] pydexcom DEBUG: Retrieve glucose readings from the glucose readings endpoint
+2025-10-06 20:51:12,082 [47.11948800086975] urllib3.connectionpool DEBUG: https://share2.dexcom.com:443 "POST /ShareWebServices/Services/Publisher/ReadPublisherLatestGlucoseValues?sessionId=44e04ff2-8dbc-4731-b619-98f41bf42804&minutes=1440&maxCount=1 HTTP/1.1" 200 None
+2025-10-06 20:51:12,148 [47.18588185310364] urllib3.connectionpool DEBUG: https://share2.dexcom.com:443 "GET /ShareWebServices/Services/General/AuthenticatePublisherAccount HTTP/1.1" 405 176
+2025-10-06 20:51:13,083 [48.12084174156189] notifier INFO: Requesting url https://share2.dexcom.com/ShareWebServices/Services
+2025-10-06 20:51:13,083 [48.12084174156189] pydexcom DEBUG: Retrieve glucose readings from the glucose readings endpoint
+2025-10-06 20:51:13,150 [48.187901973724365] status INFO: Requesting url: https://share2.dexcom.com/ShareWebServices/Services/General/AuthenticatePublisherAccount
+2025-10-06 20:51:13,152 [48.1894154548645] urllib3.connectionpool DEBUG: Starting new HTTPS connection (1): share2.dexcom.com:443
+2025-10-06 20:51:13,204 [48.24126672744751] pydexcom DEBUG: Retrieve glucose readings from the glucose readings endpoint
+2025-10-06 20:51:13,218 [48.25582242012024] urllib3.connectionpool DEBUG: https://share2.dexcom.com:443 "POST /ShareWebServices/Services/Publisher/ReadPublisherLatestGlucoseValues?sessionId=44e04ff2-8dbc-4731-b619-98f41bf42804&minutes=1440&maxCount=1 HTTP/1.1" 200 None
+2025-10-06 20:51:13,218 [48.25582242012024] notifier INFO: Requesting url https://share2.dexcom.com/ShareWebServices/Services
+2025-10-06 20:51:13,218 [48.25582242012024] pydexcom DEBUG: Retrieve glucose readings from the glucose readings endpoint
+2025-10-06 20:51:13,325 [48.36284589767456] urllib3.connectionpool DEBUG: https://share2.dexcom.com:443 "POST /ShareWebServices/Services/Publisher/ReadPublisherLatestGlucoseValues?sessionId=44e04ff2-8dbc-4731-b619-98f41bf42804&minutes=1440&maxCount=1 HTTP/1.1" 200 None
+2025-10-06 20:51:13,343 [48.380818367004395] urllib3.connectionpool DEBUG: https://share2.dexcom.com:443 "POST /ShareWebServices/Services/Publisher/ReadPublisherLatestGlucoseValues?sessionId=44e04ff2-8dbc-4731-b619-98f41bf42804&minutes=1440&maxCount=1 HTTP/1.1" 200 None
+2025-10-06 20:51:13,343 [48.380818367004395] urllib3.connectionpool DEBUG: https://share2.dexcom.com:443 "GET /ShareWebServices/Services/General/AuthenticatePublisherAccount HTTP/1.1" 405 176
+2025-10-06 20:51:13,886 [48.92365574836731] notifier INFO: Requesting url General/AuthenticatePublisherAccount
+2025-10-06 20:51:13,886 [48.92365574836731] pydexcom DEBUG: Retrieve account ID from the authentication endpoint
+2025-10-06 20:51:13,886 [48.92365574836731] urllib3.connectionpool DEBUG: Starting new HTTPS connection (1): share2.dexcom.com:443
+2025-10-06 20:51:14,322 [49.35979676246643] urllib3.connectionpool DEBUG: https://share2.dexcom.com:443 "POST /ShareWebServices/Services/General/AuthenticatePublisherAccount HTTP/1.1" 200 38
+2025-10-06 20:51:14,323 [49.360800981521606] pydexcom DEBUG: Retrieve session ID from the login endpoint
+2025-10-06 20:51:14,345 [49.38266134262085] notifier INFO: Requesting url https://share2.dexcom.com/ShareWebServices/Services
+2025-10-06 20:51:14,345 [49.38266134262085] pydexcom DEBUG: Retrieve glucose readings from the glucose readings endpoint
+2025-10-06 20:51:14,346 [49.38326048851013] status INFO: Requesting url: https://share2.dexcom.com/ShareWebServices/Services/General/AuthenticatePublisherAccount
+2025-10-06 20:51:14,346 [49.38326048851013] urllib3.connectionpool DEBUG: Starting new HTTPS connection (1): share2.dexcom.com:443
+2025-10-06 20:51:14,441 [49.47871136665344] urllib3.connectionpool DEBUG: https://share2.dexcom.com:443 "POST /ShareWebServices/Services/Publisher/ReadPublisherLatestGlucoseValues?sessionId=44e04ff2-8dbc-4731-b619-98f41bf42804&minutes=1440&maxCount=1 HTTP/1.1" 200 None
+2025-10-06 20:51:14,443 [49.48018932342529] notifier INFO: Requesting url https://share2.dexcom.com/ShareWebServices/Services
+2025-10-06 20:51:14,443 [49.48018932342529] pydexcom DEBUG: Retrieve glucose readings from the glucose readings endpoint
+2025-10-06 20:51:14,519 [49.556671380996704] urllib3.connectionpool DEBUG: https://share2.dexcom.com:443 "GET /ShareWebServices/Services/General/AuthenticatePublisherAccount HTTP/1.1" 405 176
+2025-10-06 20:51:14,561 [49.598084926605225] urllib3.connectionpool DEBUG: https://share2.dexcom.com:443 "POST /ShareWebServices/Services/Publisher/ReadPublisherLatestGlucoseValues?sessionId=44e04ff2-8dbc-4731-b619-98f41bf42804&minutes=1440&maxCount=1 HTTP/1.1" 200 None
+2025-10-06 20:51:14,722 [49.759382486343384] urllib3.connectionpool DEBUG: https://share2.dexcom.com:443 "POST /ShareWebServices/Services/General/LoginPublisherAccountById HTTP/1.1" 200 38
+2025-10-06 20:51:14,727 [49.764185667037964] pydexcom DEBUG: Retrieve glucose readings from the glucose readings endpoint
+2025-10-06 20:51:14,884 [49.92099356651306] urllib3.connectionpool DEBUG: https://share2.dexcom.com:443 "POST /ShareWebServices/Services/Publisher/ReadPublisherLatestGlucoseValues?sessionId=44e04ff2-8dbc-4731-b619-98f41bf42804&minutes=1440&maxCount=1 HTTP/1.1" 200 None
+2025-10-06 20:51:15,521 [50.55805826187134] status INFO: Requesting url: https://share2.dexcom.com/ShareWebServices/Services/General/AuthenticatePublisherAccount
+2025-10-06 20:51:15,522 [50.55917739868164] urllib3.connectionpool DEBUG: Starting new HTTPS connection (1): share2.dexcom.com:443
+2025-10-06 20:51:15,562 [50.59934687614441] notifier INFO: Requesting url https://share2.dexcom.com/ShareWebServices/Services
+2025-10-06 20:51:15,562 [50.59934687614441] pydexcom DEBUG: Retrieve glucose readings from the glucose readings endpoint
+2025-10-06 20:51:15,682 [50.719069480895996] urllib3.connectionpool DEBUG: https://share2.dexcom.com:443 "POST /ShareWebServices/Services/Publisher/ReadPublisherLatestGlucoseValues?sessionId=44e04ff2-8dbc-4731-b619-98f41bf42804&minutes=1440&maxCount=1 HTTP/1.1" 200 None
+2025-10-06 20:51:15,683 [50.72007632255554] notifier INFO: Requesting url https://share2.dexcom.com/ShareWebServices/Services
+2025-10-06 20:51:15,683 [50.72007632255554] pydexcom DEBUG: Retrieve glucose readings from the glucose readings endpoint
+2025-10-06 20:51:15,722 [50.75972127914429] urllib3.connectionpool DEBUG: https://share2.dexcom.com:443 "GET /ShareWebServices/Services/General/AuthenticatePublisherAccount HTTP/1.1" 405 176
+2025-10-06 20:51:15,784 [50.82194399833679] urllib3.connectionpool DEBUG: https://share2.dexcom.com:443 "POST /ShareWebServices/Services/Publisher/ReadPublisherLatestGlucoseValues?sessionId=44e04ff2-8dbc-4731-b619-98f41bf42804&minutes=1440&maxCount=1 HTTP/1.1" 200 None
+2025-10-06 20:51:16,724 [51.761780738830566] status INFO: Requesting url: https://share2.dexcom.com/ShareWebServices/Services/General/AuthenticatePublisherAccount
+2025-10-06 20:51:16,725 [51.76279592514038] urllib3.connectionpool DEBUG: Starting new HTTPS connection (1): share2.dexcom.com:443
+2025-10-06 20:51:16,786 [51.82329773902893] notifier INFO: Requesting url https://share2.dexcom.com/ShareWebServices/Services
+2025-10-06 20:51:16,786 [51.82329773902893] pydexcom DEBUG: Retrieve glucose readings from the glucose readings endpoint
+2025-10-06 20:51:16,907 [51.94400501251221] urllib3.connectionpool DEBUG: https://share2.dexcom.com:443 "POST /ShareWebServices/Services/Publisher/ReadPublisherLatestGlucoseValues?sessionId=44e04ff2-8dbc-4731-b619-98f41bf42804&minutes=1440&maxCount=1 HTTP/1.1" 200 None
+2025-10-06 20:51:16,908 [51.94500780105591] notifier INFO: Requesting url https://share2.dexcom.com/ShareWebServices/Services
+2025-10-06 20:51:16,908 [51.94500780105591] pydexcom DEBUG: Retrieve glucose readings from the glucose readings endpoint
+2025-10-06 20:51:16,922 [51.960736989974976] urllib3.connectionpool DEBUG: https://share2.dexcom.com:443 "GET /ShareWebServices/Services/General/AuthenticatePublisherAccount HTTP/1.1" 405 176
+2025-10-06 20:51:17,038 [52.07514810562134] urllib3.connectionpool DEBUG: https://share2.dexcom.com:443 "POST /ShareWebServices/Services/Publisher/ReadPublisherLatestGlucoseValues?sessionId=44e04ff2-8dbc-4731-b619-98f41bf42804&minutes=1440&maxCount=1 HTTP/1.1" 200 None
+2025-10-06 20:51:17,925 [52.962096214294434] status INFO: Requesting url: https://share2.dexcom.com/ShareWebServices/Services/General/AuthenticatePublisherAccount
+2025-10-06 20:51:17,926 [52.96311092376709] urllib3.connectionpool DEBUG: Starting new HTTPS connection (1): share2.dexcom.com:443
+2025-10-06 20:51:18,039 [53.07671284675598] notifier INFO: Requesting url https://share2.dexcom.com/ShareWebServices/Services
+2025-10-06 20:51:18,039 [53.07671284675598] pydexcom DEBUG: Retrieve glucose readings from the glucose readings endpoint
+2025-10-06 20:51:18,122 [53.159924268722534] urllib3.connectionpool DEBUG: https://share2.dexcom.com:443 "GET /ShareWebServices/Services/General/AuthenticatePublisherAccount HTTP/1.1" 405 176
+2025-10-06 20:51:18,147 [53.18472075462341] urllib3.connectionpool DEBUG: https://share2.dexcom.com:443 "POST /ShareWebServices/Services/Publisher/ReadPublisherLatestGlucoseValues?sessionId=44e04ff2-8dbc-4731-b619-98f41bf42804&minutes=1440&maxCount=1 HTTP/1.1" 200 None
+2025-10-06 20:51:18,147 [53.18472075462341] notifier INFO: Requesting url https://share2.dexcom.com/ShareWebServices/Services
+2025-10-06 20:51:18,147 [53.18472075462341] pydexcom DEBUG: Retrieve glucose readings from the glucose readings endpoint
+2025-10-06 20:51:18,255 [53.29210042953491] urllib3.connectionpool DEBUG: https://share2.dexcom.com:443 "POST /ShareWebServices/Services/Publisher/ReadPublisherLatestGlucoseValues?sessionId=44e04ff2-8dbc-4731-b619-98f41bf42804&minutes=1440&maxCount=1 HTTP/1.1" 200 None
+2025-10-06 20:51:18,331 [53.3684618473053] pydexcom DEBUG: Retrieve glucose readings from the glucose readings endpoint
+2025-10-06 20:51:18,450 [53.48793053627014] urllib3.connectionpool DEBUG: https://share2.dexcom.com:443 "POST /ShareWebServices/Services/Publisher/ReadPublisherLatestGlucoseValues?sessionId=44e04ff2-8dbc-4731-b619-98f41bf42804&minutes=1440&maxCount=1 HTTP/1.1" 200 None
+2025-10-06 20:51:19,124 [54.16101670265198] status INFO: Requesting url: https://share2.dexcom.com/ShareWebServices/Services/General/AuthenticatePublisherAccount
+2025-10-06 20:51:19,124 [54.16101670265198] urllib3.connectionpool DEBUG: Starting new HTTPS connection (1): share2.dexcom.com:443
+2025-10-06 20:51:19,256 [54.2933554649353] notifier INFO: Requesting url https://share2.dexcom.com/ShareWebServices/Services
+2025-10-06 20:51:19,256 [54.2933554649353] pydexcom DEBUG: Retrieve glucose readings from the glucose readings endpoint
+2025-10-06 20:51:19,334 [54.37097787857056] urllib3.connectionpool DEBUG: https://share2.dexcom.com:443 "GET /ShareWebServices/Services/General/AuthenticatePublisherAccount HTTP/1.1" 405 176
+2025-10-06 20:51:19,428 [54.46574831008911] urllib3.connectionpool DEBUG: https://share2.dexcom.com:443 "POST /ShareWebServices/Services/Publisher/ReadPublisherLatestGlucoseValues?sessionId=44e04ff2-8dbc-4731-b619-98f41bf42804&minutes=1440&maxCount=1 HTTP/1.1" 200 None
+2025-10-06 20:51:19,429 [54.46674418449402] notifier INFO: Requesting url https://share2.dexcom.com/ShareWebServices/Services
+2025-10-06 20:51:19,429 [54.46674418449402] pydexcom DEBUG: Retrieve glucose readings from the glucose readings endpoint
+2025-10-06 20:51:19,537 [54.57485866546631] urllib3.connectionpool DEBUG: https://share2.dexcom.com:443 "POST /ShareWebServices/Services/Publisher/ReadPublisherLatestGlucoseValues?sessionId=44e04ff2-8dbc-4731-b619-98f41bf42804&minutes=1440&maxCount=1 HTTP/1.1" 200 None
+2025-10-06 20:51:19,904 [54.94097948074341] notifier INFO: Requesting url General/AuthenticatePublisherAccount
+2025-10-06 20:51:19,905 [54.94200587272644] pydexcom DEBUG: Retrieve account ID from the authentication endpoint
+2025-10-06 20:51:19,906 [54.94301247596741] urllib3.connectionpool DEBUG: Starting new HTTPS connection (1): share2.dexcom.com:443
+2025-10-06 20:51:20,317 [55.35585594177246] urllib3.connectionpool DEBUG: https://share2.dexcom.com:443 "POST /ShareWebServices/Services/General/AuthenticatePublisherAccount HTTP/1.1" 200 38
+2025-10-06 20:51:20,318 [55.35585594177246] pydexcom DEBUG: Retrieve session ID from the login endpoint
+2025-10-06 20:51:20,335 [55.37228441238403] status INFO: Requesting url: https://share2.dexcom.com/ShareWebServices/Services/General/AuthenticatePublisherAccount
+2025-10-06 20:51:20,336 [55.37381339073181] urllib3.connectionpool DEBUG: Starting new HTTPS connection (1): share2.dexcom.com:443
+2025-10-06 20:51:20,533 [55.570796489715576] urllib3.connectionpool DEBUG: https://share2.dexcom.com:443 "GET /ShareWebServices/Services/General/AuthenticatePublisherAccount HTTP/1.1" 405 176
+2025-10-06 20:51:20,539 [55.57630777359009] notifier INFO: Requesting url https://share2.dexcom.com/ShareWebServices/Services
+2025-10-06 20:51:20,539 [55.57630777359009] pydexcom DEBUG: Retrieve glucose readings from the glucose readings endpoint
+2025-10-06 20:51:20,711 [55.74845099449158] urllib3.connectionpool DEBUG: https://share2.dexcom.com:443 "POST /ShareWebServices/Services/Publisher/ReadPublisherLatestGlucoseValues?sessionId=44e04ff2-8dbc-4731-b619-98f41bf42804&minutes=1440&maxCount=1 HTTP/1.1" 200 None
+2025-10-06 20:51:20,711 [55.74946618080139] notifier INFO: Requesting url https://share2.dexcom.com/ShareWebServices/Services
+2025-10-06 20:51:20,712 [55.74946618080139] pydexcom DEBUG: Retrieve glucose readings from the glucose readings endpoint
+2025-10-06 20:51:20,722 [55.760868072509766] urllib3.connectionpool DEBUG: https://share2.dexcom.com:443 "POST /ShareWebServices/Services/General/LoginPublisherAccountById HTTP/1.1" 200 38
+2025-10-06 20:51:20,728 [55.76512289047241] pydexcom DEBUG: Retrieve glucose readings from the glucose readings endpoint
+2025-10-06 20:51:20,816 [55.85374355316162] urllib3.connectionpool DEBUG: https://share2.dexcom.com:443 "POST /ShareWebServices/Services/Publisher/ReadPublisherLatestGlucoseValues?sessionId=44e04ff2-8dbc-4731-b619-98f41bf42804&minutes=1440&maxCount=1 HTTP/1.1" 200 None
+2025-10-06 20:51:20,829 [55.866920948028564] urllib3.connectionpool DEBUG: https://share2.dexcom.com:443 "POST /ShareWebServices/Services/Publisher/ReadPublisherLatestGlucoseValues?sessionId=44e04ff2-8dbc-4731-b619-98f41bf42804&minutes=1440&maxCount=1 HTTP/1.1" 200 None
+2025-10-06 20:51:21,535 [56.57205653190613] status INFO: Requesting url: https://share2.dexcom.com/ShareWebServices/Services/General/AuthenticatePublisherAccount
+2025-10-06 20:51:21,536 [56.57305955886841] urllib3.connectionpool DEBUG: Starting new HTTPS connection (1): share2.dexcom.com:443
+2025-10-06 20:51:21,800 [56.838754177093506] urllib3.connectionpool DEBUG: https://share2.dexcom.com:443 "GET /ShareWebServices/Services/General/AuthenticatePublisherAccount HTTP/1.1" 405 176
+2025-10-06 20:51:21,819 [56.85613656044006] notifier INFO: Requesting url https://share2.dexcom.com/ShareWebServices/Services
+2025-10-06 20:51:21,819 [56.85613656044006] pydexcom DEBUG: Retrieve glucose readings from the glucose readings endpoint
+2025-10-06 20:51:21,990 [57.027660846710205] urllib3.connectionpool DEBUG: https://share2.dexcom.com:443 "POST /ShareWebServices/Services/Publisher/ReadPublisherLatestGlucoseValues?sessionId=44e04ff2-8dbc-4731-b619-98f41bf42804&minutes=1440&maxCount=1 HTTP/1.1" 200 None
+2025-10-06 20:51:21,990 [57.027660846710205] notifier INFO: Requesting url https://share2.dexcom.com/ShareWebServices/Services
+2025-10-06 20:51:21,990 [57.027660846710205] pydexcom DEBUG: Retrieve glucose readings from the glucose readings endpoint
+2025-10-06 20:51:22,100 [57.13701772689819] urllib3.connectionpool DEBUG: https://share2.dexcom.com:443 "POST /ShareWebServices/Services/Publisher/ReadPublisherLatestGlucoseValues?sessionId=44e04ff2-8dbc-4731-b619-98f41bf42804&minutes=1440&maxCount=1 HTTP/1.1" 200 None
+2025-10-06 20:51:22,803 [57.84048843383789] status INFO: Requesting url: https://share2.dexcom.com/ShareWebServices/Services/General/AuthenticatePublisherAccount
+2025-10-06 20:51:22,804 [57.8409960269928] urllib3.connectionpool DEBUG: Starting new HTTPS connection (1): share2.dexcom.com:443
+2025-10-06 20:51:22,998 [58.035799980163574] urllib3.connectionpool DEBUG: https://share2.dexcom.com:443 "GET /ShareWebServices/Services/General/AuthenticatePublisherAccount HTTP/1.1" 405 176
+2025-10-06 20:51:23,100 [58.1377170085907] notifier INFO: Requesting url https://share2.dexcom.com/ShareWebServices/Services
+2025-10-06 20:51:23,100 [58.1377170085907] pydexcom DEBUG: Retrieve glucose readings from the glucose readings endpoint
+2025-10-06 20:51:23,257 [58.29478144645691] urllib3.connectionpool DEBUG: https://share2.dexcom.com:443 "POST /ShareWebServices/Services/Publisher/ReadPublisherLatestGlucoseValues?sessionId=44e04ff2-8dbc-4731-b619-98f41bf42804&minutes=1440&maxCount=1 HTTP/1.1" 200 None
+2025-10-06 20:51:23,257 [58.29478144645691] notifier INFO: Requesting url https://share2.dexcom.com/ShareWebServices/Services
+2025-10-06 20:51:23,257 [58.29478144645691] pydexcom DEBUG: Retrieve glucose readings from the glucose readings endpoint
+2025-10-06 20:51:23,406 [58.442991495132446] urllib3.connectionpool DEBUG: https://share2.dexcom.com:443 "POST /ShareWebServices/Services/Publisher/ReadPublisherLatestGlucoseValues?sessionId=44e04ff2-8dbc-4731-b619-98f41bf42804&minutes=1440&maxCount=1 HTTP/1.1" 200 None
+2025-10-06 20:51:23,460 [58.49759531021118] pydexcom DEBUG: Retrieve glucose readings from the glucose readings endpoint
+2025-10-06 20:51:23,584 [58.621283292770386] urllib3.connectionpool DEBUG: https://share2.dexcom.com:443 "POST /ShareWebServices/Services/Publisher/ReadPublisherLatestGlucoseValues?sessionId=44e04ff2-8dbc-4731-b619-98f41bf42804&minutes=1440&maxCount=1 HTTP/1.1" 200 None
+2025-10-06 20:51:24,000 [59.03792643547058] status INFO: Requesting url: https://share2.dexcom.com/ShareWebServices/Services/General/AuthenticatePublisherAccount
+2025-10-06 20:51:24,001 [59.03843712806702] urllib3.connectionpool DEBUG: Starting new HTTPS connection (1): share2.dexcom.com:443
+2025-10-06 20:51:24,182 [59.219890832901] urllib3.connectionpool DEBUG: https://share2.dexcom.com:443 "GET /ShareWebServices/Services/General/AuthenticatePublisherAccount HTTP/1.1" 405 176
+2025-10-06 20:51:24,407 [59.44448685646057] notifier INFO: Requesting url https://share2.dexcom.com/ShareWebServices/Services
+2025-10-06 20:51:24,407 [59.44448685646057] pydexcom DEBUG: Retrieve glucose readings from the glucose readings endpoint
+2025-10-06 20:51:24,546 [59.58375597000122] urllib3.connectionpool DEBUG: https://share2.dexcom.com:443 "POST /ShareWebServices/Services/Publisher/ReadPublisherLatestGlucoseValues?sessionId=44e04ff2-8dbc-4731-b619-98f41bf42804&minutes=1440&maxCount=1 HTTP/1.1" 200 None
+2025-10-06 20:51:24,547 [59.5847487449646] notifier INFO: Requesting url https://share2.dexcom.com/ShareWebServices/Services
+2025-10-06 20:51:24,547 [59.5847487449646] pydexcom DEBUG: Retrieve glucose readings from the glucose readings endpoint
+2025-10-06 20:51:24,654 [59.69174337387085] urllib3.connectionpool DEBUG: https://share2.dexcom.com:443 "POST /ShareWebServices/Services/Publisher/ReadPublisherLatestGlucoseValues?sessionId=44e04ff2-8dbc-4731-b619-98f41bf42804&minutes=1440&maxCount=1 HTTP/1.1" 200 None
+2025-10-06 20:51:25,184 [60.22160053253174] status INFO: Requesting url: https://share2.dexcom.com/ShareWebServices/Services/General/AuthenticatePublisherAccount
+2025-10-06 20:51:25,184 [60.22160053253174] urllib3.connectionpool DEBUG: Starting new HTTPS connection (1): share2.dexcom.com:443
+2025-10-06 20:51:25,372 [60.40913462638855] urllib3.connectionpool DEBUG: https://share2.dexcom.com:443 "GET /ShareWebServices/Services/General/AuthenticatePublisherAccount HTTP/1.1" 405 176
+2025-10-06 20:51:25,656 [60.69372034072876] notifier INFO: Requesting url https://share2.dexcom.com/ShareWebServices/Services
+2025-10-06 20:51:25,656 [60.69372034072876] pydexcom DEBUG: Retrieve glucose readings from the glucose readings endpoint
+2025-10-06 20:51:25,782 [60.81958842277527] urllib3.connectionpool DEBUG: https://share2.dexcom.com:443 "POST /ShareWebServices/Services/Publisher/ReadPublisherLatestGlucoseValues?sessionId=44e04ff2-8dbc-4731-b619-98f41bf42804&minutes=1440&maxCount=1 HTTP/1.1" 200 None
+2025-10-06 20:51:25,782 [60.81958842277527] notifier INFO: Requesting url https://share2.dexcom.com/ShareWebServices/Services
+2025-10-06 20:51:25,782 [60.81958842277527] pydexcom DEBUG: Retrieve glucose readings from the glucose readings endpoint
+2025-10-06 20:51:25,849 [60.88613510131836] notifier INFO: Requesting url General/AuthenticatePublisherAccount
+2025-10-06 20:51:25,849 [60.88613510131836] pydexcom DEBUG: Retrieve account ID from the authentication endpoint
+2025-10-06 20:51:25,850 [60.88713240623474] urllib3.connectionpool DEBUG: Starting new HTTPS connection (1): share2.dexcom.com:443
+2025-10-06 20:51:25,892 [60.929686069488525] urllib3.connectionpool DEBUG: https://share2.dexcom.com:443 "POST /ShareWebServices/Services/Publisher/ReadPublisherLatestGlucoseValues?sessionId=44e04ff2-8dbc-4731-b619-98f41bf42804&minutes=1440&maxCount=1 HTTP/1.1" 200 None
+2025-10-06 20:51:26,295 [61.33209037780762] urllib3.connectionpool DEBUG: https://share2.dexcom.com:443 "POST /ShareWebServices/Services/General/AuthenticatePublisherAccount HTTP/1.1" 200 38
+2025-10-06 20:51:26,295 [61.33209037780762] pydexcom DEBUG: Retrieve session ID from the login endpoint
+2025-10-06 20:51:26,375 [61.41207695007324] status INFO: Requesting url: https://share2.dexcom.com/ShareWebServices/Services/General/AuthenticatePublisherAccount
+2025-10-06 20:51:26,376 [61.41308641433716] urllib3.connectionpool DEBUG: Starting new HTTPS connection (1): share2.dexcom.com:443
+2025-10-06 20:51:26,557 [61.594711780548096] urllib3.connectionpool DEBUG: https://share2.dexcom.com:443 "GET /ShareWebServices/Services/General/AuthenticatePublisherAccount HTTP/1.1" 405 176
+2025-10-06 20:51:26,753 [61.79081869125366] urllib3.connectionpool DEBUG: https://share2.dexcom.com:443 "POST /ShareWebServices/Services/General/LoginPublisherAccountById HTTP/1.1" 200 38
+2025-10-06 20:51:26,773 [61.81089973449707] pydexcom DEBUG: Retrieve glucose readings from the glucose readings endpoint
+2025-10-06 20:51:26,893 [61.930917501449585] notifier INFO: Requesting url https://share2.dexcom.com/ShareWebServices/Services
+2025-10-06 20:51:26,893 [61.930917501449585] pydexcom DEBUG: Retrieve glucose readings from the glucose readings endpoint
+2025-10-06 20:51:26,896 [61.93476724624634] urllib3.connectionpool DEBUG: https://share2.dexcom.com:443 "POST /ShareWebServices/Services/Publisher/ReadPublisherLatestGlucoseValues?sessionId=44e04ff2-8dbc-4731-b619-98f41bf42804&minutes=1440&maxCount=1 HTTP/1.1" 200 None
+2025-10-06 20:51:27,009 [62.04665923118591] urllib3.connectionpool DEBUG: https://share2.dexcom.com:443 "POST /ShareWebServices/Services/Publisher/ReadPublisherLatestGlucoseValues?sessionId=44e04ff2-8dbc-4731-b619-98f41bf42804&minutes=1440&maxCount=1 HTTP/1.1" 200 None
+2025-10-06 20:51:27,010 [62.04764676094055] notifier INFO: Requesting url https://share2.dexcom.com/ShareWebServices/Services
+2025-10-06 20:51:27,010 [62.04764676094055] pydexcom DEBUG: Retrieve glucose readings from the glucose readings endpoint
+2025-10-06 20:51:27,123 [62.16087746620178] urllib3.connectionpool DEBUG: https://share2.dexcom.com:443 "POST /ShareWebServices/Services/Publisher/ReadPublisherLatestGlucoseValues?sessionId=44e04ff2-8dbc-4731-b619-98f41bf42804&minutes=1440&maxCount=1 HTTP/1.1" 200 None
+2025-10-06 20:51:27,559 [62.59636926651001] status INFO: Requesting url: https://share2.dexcom.com/ShareWebServices/Services/General/AuthenticatePublisherAccount
+2025-10-06 20:51:27,559 [62.59636926651001] urllib3.connectionpool DEBUG: Starting new HTTPS connection (1): share2.dexcom.com:443
+2025-10-06 20:51:27,740 [62.777164459228516] urllib3.connectionpool DEBUG: https://share2.dexcom.com:443 "GET /ShareWebServices/Services/General/AuthenticatePublisherAccount HTTP/1.1" 405 176
+2025-10-06 20:51:28,125 [63.1627721786499] notifier INFO: Requesting url https://share2.dexcom.com/ShareWebServices/Services
+2025-10-06 20:51:28,125 [63.1627721786499] pydexcom DEBUG: Retrieve glucose readings from the glucose readings endpoint
+2025-10-06 20:51:28,232 [63.269248247146606] urllib3.connectionpool DEBUG: https://share2.dexcom.com:443 "POST /ShareWebServices/Services/Publisher/ReadPublisherLatestGlucoseValues?sessionId=44e04ff2-8dbc-4731-b619-98f41bf42804&minutes=1440&maxCount=1 HTTP/1.1" 200 None
+2025-10-06 20:51:28,233 [63.270076274871826] notifier INFO: Requesting url https://share2.dexcom.com/ShareWebServices/Services
+2025-10-06 20:51:28,233 [63.270076274871826] pydexcom DEBUG: Retrieve glucose readings from the glucose readings endpoint
+2025-10-06 20:51:28,334 [63.37175703048706] urllib3.connectionpool DEBUG: https://share2.dexcom.com:443 "POST /ShareWebServices/Services/Publisher/ReadPublisherLatestGlucoseValues?sessionId=44e04ff2-8dbc-4731-b619-98f41bf42804&minutes=1440&maxCount=1 HTTP/1.1" 200 None
+2025-10-06 20:51:28,594 [63.631471157073975] pydexcom DEBUG: Retrieve glucose readings from the glucose readings endpoint
+2025-10-06 20:51:28,703 [63.74074363708496] urllib3.connectionpool DEBUG: https://share2.dexcom.com:443 "POST /ShareWebServices/Services/Publisher/ReadPublisherLatestGlucoseValues?sessionId=44e04ff2-8dbc-4731-b619-98f41bf42804&minutes=1440&maxCount=1 HTTP/1.1" 200 None
+2025-10-06 20:51:28,744 [63.78185248374939] status INFO: Requesting url: https://share2.dexcom.com/ShareWebServices/Services/General/AuthenticatePublisherAccount
+2025-10-06 20:51:28,745 [63.78285813331604] urllib3.connectionpool DEBUG: Starting new HTTPS connection (1): share2.dexcom.com:443
+2025-10-06 20:51:28,931 [63.9681715965271] urllib3.connectionpool DEBUG: https://share2.dexcom.com:443 "GET /ShareWebServices/Services/General/AuthenticatePublisherAccount HTTP/1.1" 405 176
+2025-10-06 20:51:29,336 [64.37326765060425] notifier INFO: Requesting url https://share2.dexcom.com/ShareWebServices/Services
+2025-10-06 20:51:29,336 [64.37326765060425] pydexcom DEBUG: Retrieve glucose readings from the glucose readings endpoint
+2025-10-06 20:51:29,466 [64.50346732139587] urllib3.connectionpool DEBUG: https://share2.dexcom.com:443 "POST /ShareWebServices/Services/Publisher/ReadPublisherLatestGlucoseValues?sessionId=44e04ff2-8dbc-4731-b619-98f41bf42804&minutes=1440&maxCount=1 HTTP/1.1" 200 None
+2025-10-06 20:51:29,466 [64.50346732139587] notifier INFO: Requesting url https://share2.dexcom.com/ShareWebServices/Services
+2025-10-06 20:51:29,466 [64.50346732139587] pydexcom DEBUG: Retrieve glucose readings from the glucose readings endpoint
+2025-10-06 20:51:29,573 [64.61072278022766] urllib3.connectionpool DEBUG: https://share2.dexcom.com:443 "POST /ShareWebServices/Services/Publisher/ReadPublisherLatestGlucoseValues?sessionId=44e04ff2-8dbc-4731-b619-98f41bf42804&minutes=1440&maxCount=1 HTTP/1.1" 200 None
+2025-10-06 20:51:29,932 [64.9693353176117] status INFO: Requesting url: https://share2.dexcom.com/ShareWebServices/Services/General/AuthenticatePublisherAccount
+2025-10-06 20:51:29,932 [64.96984195709229] urllib3.connectionpool DEBUG: Starting new HTTPS connection (1): share2.dexcom.com:443
+2025-10-06 20:51:30,122 [65.1594021320343] urllib3.connectionpool DEBUG: https://share2.dexcom.com:443 "GET /ShareWebServices/Services/General/AuthenticatePublisherAccount HTTP/1.1" 405 176
+2025-10-06 20:51:30,574 [65.61186289787292] notifier INFO: Requesting url https://share2.dexcom.com/ShareWebServices/Services
+2025-10-06 20:51:30,574 [65.61186289787292] pydexcom DEBUG: Retrieve glucose readings from the glucose readings endpoint
+2025-10-06 20:51:30,696 [65.733149766922] urllib3.connectionpool DEBUG: https://share2.dexcom.com:443 "POST /ShareWebServices/Services/Publisher/ReadPublisherLatestGlucoseValues?sessionId=44e04ff2-8dbc-4731-b619-98f41bf42804&minutes=1440&maxCount=1 HTTP/1.1" 200 None
+2025-10-06 20:51:30,697 [65.73415684700012] notifier INFO: Requesting url https://share2.dexcom.com/ShareWebServices/Services
+2025-10-06 20:51:30,697 [65.73415684700012] pydexcom DEBUG: Retrieve glucose readings from the glucose readings endpoint
+2025-10-06 20:51:30,829 [65.86623048782349] urllib3.connectionpool DEBUG: https://share2.dexcom.com:443 "POST /ShareWebServices/Services/Publisher/ReadPublisherLatestGlucoseValues?sessionId=44e04ff2-8dbc-4731-b619-98f41bf42804&minutes=1440&maxCount=1 HTTP/1.1" 200 None
+2025-10-06 20:51:31,125 [66.16235685348511] status INFO: Requesting url: https://share2.dexcom.com/ShareWebServices/Services/General/AuthenticatePublisherAccount
+2025-10-06 20:51:31,126 [66.163898229599] urllib3.connectionpool DEBUG: Starting new HTTPS connection (1): share2.dexcom.com:443
+2025-10-06 20:51:31,298 [66.33582401275635] urllib3.connectionpool DEBUG: https://share2.dexcom.com:443 "GET /ShareWebServices/Services/General/AuthenticatePublisherAccount HTTP/1.1" 405 176
+2025-10-06 20:51:31,830 [66.86783146858215] notifier INFO: Requesting url https://share2.dexcom.com/ShareWebServices/Services
+2025-10-06 20:51:31,830 [66.86783146858215] pydexcom DEBUG: Retrieve glucose readings from the glucose readings endpoint
+2025-10-06 20:51:31,899 [66.93633961677551] notifier INFO: Requesting url General/AuthenticatePublisherAccount
+2025-10-06 20:51:31,899 [66.93633961677551] pydexcom DEBUG: Retrieve account ID from the authentication endpoint
+2025-10-06 20:51:31,904 [66.94108986854553] urllib3.connectionpool DEBUG: Starting new HTTPS connection (1): share2.dexcom.com:443
+2025-10-06 20:51:31,979 [67.01673412322998] urllib3.connectionpool DEBUG: https://share2.dexcom.com:443 "POST /ShareWebServices/Services/Publisher/ReadPublisherLatestGlucoseValues?sessionId=44e04ff2-8dbc-4731-b619-98f41bf42804&minutes=1440&maxCount=1 HTTP/1.1" 200 None
+2025-10-06 20:51:31,983 [67.02087140083313] notifier INFO: Requesting url https://share2.dexcom.com/ShareWebServices/Services
+2025-10-06 20:51:31,983 [67.02087140083313] pydexcom DEBUG: Retrieve glucose readings from the glucose readings endpoint
+2025-10-06 20:51:32,112 [67.1491425037384] urllib3.connectionpool DEBUG: https://share2.dexcom.com:443 "POST /ShareWebServices/Services/Publisher/ReadPublisherLatestGlucoseValues?sessionId=44e04ff2-8dbc-4731-b619-98f41bf42804&minutes=1440&maxCount=1 HTTP/1.1" 200 None
+2025-10-06 20:51:32,305 [67.34233832359314] status INFO: Requesting url: https://share2.dexcom.com/ShareWebServices/Services/General/AuthenticatePublisherAccount
+2025-10-06 20:51:32,307 [67.34404635429382] urllib3.connectionpool DEBUG: Starting new HTTPS connection (1): share2.dexcom.com:443
+2025-10-06 20:51:32,513 [67.55079221725464] urllib3.connectionpool DEBUG: https://share2.dexcom.com:443 "GET /ShareWebServices/Services/General/AuthenticatePublisherAccount HTTP/1.1" 405 176
+2025-10-06 20:51:32,842 [67.87964463233948] urllib3.connectionpool DEBUG: https://share2.dexcom.com:443 "POST /ShareWebServices/Services/General/AuthenticatePublisherAccount HTTP/1.1" 200 38
+2025-10-06 20:51:32,843 [67.88064646720886] pydexcom DEBUG: Retrieve session ID from the login endpoint
+2025-10-06 20:51:33,113 [68.15084552764893] notifier INFO: Requesting url https://share2.dexcom.com/ShareWebServices/Services
+2025-10-06 20:51:33,113 [68.15084552764893] pydexcom DEBUG: Retrieve glucose readings from the glucose readings endpoint
+2025-10-06 20:51:33,222 [68.25964689254761] urllib3.connectionpool DEBUG: https://share2.dexcom.com:443 "POST /ShareWebServices/Services/Publisher/ReadPublisherLatestGlucoseValues?sessionId=44e04ff2-8dbc-4731-b619-98f41bf42804&minutes=1440&maxCount=1 HTTP/1.1" 200 None
+2025-10-06 20:51:33,224 [68.26116013526917] notifier INFO: Requesting url https://share2.dexcom.com/ShareWebServices/Services
+2025-10-06 20:51:33,224 [68.26116013526917] pydexcom DEBUG: Retrieve glucose readings from the glucose readings endpoint
+2025-10-06 20:51:33,340 [68.37794780731201] urllib3.connectionpool DEBUG: https://share2.dexcom.com:443 "POST /ShareWebServices/Services/Publisher/ReadPublisherLatestGlucoseValues?sessionId=44e04ff2-8dbc-4731-b619-98f41bf42804&minutes=1440&maxCount=1 HTTP/1.1" 200 None
+2025-10-06 20:51:33,356 [68.39318609237671] urllib3.connectionpool DEBUG: https://share2.dexcom.com:443 "POST /ShareWebServices/Services/General/LoginPublisherAccountById HTTP/1.1" 200 38
+2025-10-06 20:51:33,356 [68.39318609237671] pydexcom DEBUG: Retrieve glucose readings from the glucose readings endpoint
+2025-10-06 20:51:33,466 [68.50347352027893] urllib3.connectionpool DEBUG: https://share2.dexcom.com:443 "POST /ShareWebServices/Services/Publisher/ReadPublisherLatestGlucoseValues?sessionId=44e04ff2-8dbc-4731-b619-98f41bf42804&minutes=1440&maxCount=1 HTTP/1.1" 200 None
+2025-10-06 20:51:33,517 [68.55422902107239] status INFO: Requesting url: https://share2.dexcom.com/ShareWebServices/Services/General/AuthenticatePublisherAccount
+2025-10-06 20:51:33,518 [68.55525493621826] urllib3.connectionpool DEBUG: Starting new HTTPS connection (1): share2.dexcom.com:443
+2025-10-06 20:51:33,717 [68.75476932525635] pydexcom DEBUG: Retrieve glucose readings from the glucose readings endpoint
+2025-10-06 20:51:33,743 [68.77998304367065] urllib3.connectionpool DEBUG: https://share2.dexcom.com:443 "GET /ShareWebServices/Services/General/AuthenticatePublisherAccount HTTP/1.1" 405 176
+2025-10-06 20:51:33,827 [68.8647632598877] urllib3.connectionpool DEBUG: https://share2.dexcom.com:443 "POST /ShareWebServices/Services/Publisher/ReadPublisherLatestGlucoseValues?sessionId=44e04ff2-8dbc-4731-b619-98f41bf42804&minutes=1440&maxCount=1 HTTP/1.1" 200 None
+2025-10-06 20:51:34,342 [69.37962508201599] notifier INFO: Requesting url https://share2.dexcom.com/ShareWebServices/Services
+2025-10-06 20:51:34,342 [69.37962508201599] pydexcom DEBUG: Retrieve glucose readings from the glucose readings endpoint
+2025-10-06 20:51:34,574 [69.61194086074829] urllib3.connectionpool DEBUG: https://share2.dexcom.com:443 "POST /ShareWebServices/Services/Publisher/ReadPublisherLatestGlucoseValues?sessionId=44e04ff2-8dbc-4731-b619-98f41bf42804&minutes=1440&maxCount=1 HTTP/1.1" 200 None
+2025-10-06 20:51:34,574 [69.61194086074829] notifier INFO: Requesting url https://share2.dexcom.com/ShareWebServices/Services
+2025-10-06 20:51:34,574 [69.61194086074829] pydexcom DEBUG: Retrieve glucose readings from the glucose readings endpoint
+2025-10-06 20:51:34,693 [69.72999119758606] urllib3.connectionpool DEBUG: https://share2.dexcom.com:443 "POST /ShareWebServices/Services/Publisher/ReadPublisherLatestGlucoseValues?sessionId=44e04ff2-8dbc-4731-b619-98f41bf42804&minutes=1440&maxCount=1 HTTP/1.1" 200 None
+2025-10-06 20:51:34,744 [69.78188157081604] status INFO: Requesting url: https://share2.dexcom.com/ShareWebServices/Services/General/AuthenticatePublisherAccount
+2025-10-06 20:51:34,745 [69.78289437294006] urllib3.connectionpool DEBUG: Starting new HTTPS connection (1): share2.dexcom.com:443
+2025-10-06 20:51:34,922 [69.95929908752441] urllib3.connectionpool DEBUG: https://share2.dexcom.com:443 "GET /ShareWebServices/Services/General/AuthenticatePublisherAccount HTTP/1.1" 405 176
+2025-10-06 20:51:35,694 [70.7312695980072] notifier INFO: Requesting url https://share2.dexcom.com/ShareWebServices/Services
+2025-10-06 20:51:35,694 [70.7312695980072] pydexcom DEBUG: Retrieve glucose readings from the glucose readings endpoint
+2025-10-06 20:51:35,824 [70.8617787361145] urllib3.connectionpool DEBUG: https://share2.dexcom.com:443 "POST /ShareWebServices/Services/Publisher/ReadPublisherLatestGlucoseValues?sessionId=44e04ff2-8dbc-4731-b619-98f41bf42804&minutes=1440&maxCount=1 HTTP/1.1" 200 None
+2025-10-06 20:51:35,824 [70.8617787361145] notifier INFO: Requesting url https://share2.dexcom.com/ShareWebServices/Services
+2025-10-06 20:51:35,824 [70.8617787361145] pydexcom DEBUG: Retrieve glucose readings from the glucose readings endpoint
+2025-10-06 20:51:35,924 [70.9613893032074] status INFO: Requesting url: https://share2.dexcom.com/ShareWebServices/Services/General/AuthenticatePublisherAccount
+2025-10-06 20:51:35,924 [70.9613893032074] urllib3.connectionpool DEBUG: Starting new HTTPS connection (1): share2.dexcom.com:443
+2025-10-06 20:51:35,928 [70.96596455574036] urllib3.connectionpool DEBUG: https://share2.dexcom.com:443 "POST /ShareWebServices/Services/Publisher/ReadPublisherLatestGlucoseValues?sessionId=44e04ff2-8dbc-4731-b619-98f41bf42804&minutes=1440&maxCount=1 HTTP/1.1" 200 None
+2025-10-06 20:51:36,117 [71.15427303314209] urllib3.connectionpool DEBUG: https://share2.dexcom.com:443 "GET /ShareWebServices/Services/General/AuthenticatePublisherAccount HTTP/1.1" 405 176
+2025-10-06 20:51:36,930 [71.96744704246521] notifier INFO: Requesting url https://share2.dexcom.com/ShareWebServices/Services
+2025-10-06 20:51:36,930 [71.96744704246521] pydexcom DEBUG: Retrieve glucose readings from the glucose readings endpoint
+2025-10-06 20:51:37,046 [72.08306503295898] urllib3.connectionpool DEBUG: https://share2.dexcom.com:443 "POST /ShareWebServices/Services/Publisher/ReadPublisherLatestGlucoseValues?sessionId=44e04ff2-8dbc-4731-b619-98f41bf42804&minutes=1440&maxCount=1 HTTP/1.1" 200 None
+2025-10-06 20:51:37,046 [72.08306503295898] notifier INFO: Requesting url https://share2.dexcom.com/ShareWebServices/Services
+2025-10-06 20:51:37,046 [72.08306503295898] pydexcom DEBUG: Retrieve glucose readings from the glucose readings endpoint
+2025-10-06 20:51:37,119 [72.1569435596466] status INFO: Requesting url: https://share2.dexcom.com/ShareWebServices/Services/General/AuthenticatePublisherAccount
+2025-10-06 20:51:37,119 [72.1569435596466] urllib3.connectionpool DEBUG: Starting new HTTPS connection (1): share2.dexcom.com:443
+2025-10-06 20:51:37,148 [72.18518400192261] urllib3.connectionpool DEBUG: https://share2.dexcom.com:443 "POST /ShareWebServices/Services/Publisher/ReadPublisherLatestGlucoseValues?sessionId=44e04ff2-8dbc-4731-b619-98f41bf42804&minutes=1440&maxCount=1 HTTP/1.1" 200 None
+2025-10-06 20:51:37,338 [72.37582874298096] urllib3.connectionpool DEBUG: https://share2.dexcom.com:443 "GET /ShareWebServices/Services/General/AuthenticatePublisherAccount HTTP/1.1" 405 176
+2025-10-06 20:51:38,154 [73.19152569770813] notifier INFO: Requesting url https://share2.dexcom.com/ShareWebServices/Services
+2025-10-06 20:51:38,154 [73.19152569770813] pydexcom DEBUG: Retrieve glucose readings from the glucose readings endpoint
+2025-10-06 20:51:38,295 [73.332932472229] urllib3.connectionpool DEBUG: https://share2.dexcom.com:443 "POST /ShareWebServices/Services/Publisher/ReadPublisherLatestGlucoseValues?sessionId=44e04ff2-8dbc-4731-b619-98f41bf42804&minutes=1440&maxCount=1 HTTP/1.1" 200 None
+2025-10-06 20:51:38,303 [73.34084129333496] notifier INFO: Requesting url https://share2.dexcom.com/ShareWebServices/Services
+2025-10-06 20:51:38,303 [73.34084129333496] pydexcom DEBUG: Retrieve glucose readings from the glucose readings endpoint
+2025-10-06 20:51:38,340 [73.3779513835907] status INFO: Requesting url: https://share2.dexcom.com/ShareWebServices/Services/General/AuthenticatePublisherAccount
+2025-10-06 20:51:38,341 [73.37895703315735] urllib3.connectionpool DEBUG: Starting new HTTPS connection (1): share2.dexcom.com:443
+2025-10-06 20:51:38,417 [73.4548556804657] urllib3.connectionpool DEBUG: https://share2.dexcom.com:443 "POST /ShareWebServices/Services/Publisher/ReadPublisherLatestGlucoseValues?sessionId=44e04ff2-8dbc-4731-b619-98f41bf42804&minutes=1440&maxCount=1 HTTP/1.1" 200 None
+2025-10-06 20:51:38,474 [73.51155591011047] notifier INFO: Requesting url General/AuthenticatePublisherAccount
+2025-10-06 20:51:38,474 [73.51155591011047] pydexcom DEBUG: Retrieve account ID from the authentication endpoint
+2025-10-06 20:51:38,476 [73.51318192481995] urllib3.connectionpool DEBUG: Starting new HTTPS connection (1): share2.dexcom.com:443
+2025-10-06 20:51:38,575 [73.61236357688904] urllib3.connectionpool DEBUG: https://share2.dexcom.com:443 "GET /ShareWebServices/Services/General/AuthenticatePublisherAccount HTTP/1.1" 405 176
+2025-10-06 20:51:38,840 [73.87787699699402] pydexcom DEBUG: Retrieve glucose readings from the glucose readings endpoint
+2025-10-06 20:51:38,937 [73.97419023513794] urllib3.connectionpool DEBUG: https://share2.dexcom.com:443 "POST /ShareWebServices/Services/General/AuthenticatePublisherAccount HTTP/1.1" 200 38
+2025-10-06 20:51:38,938 [73.97519111633301] pydexcom DEBUG: Retrieve session ID from the login endpoint
+2025-10-06 20:51:38,968 [74.00503873825073] urllib3.connectionpool DEBUG: https://share2.dexcom.com:443 "POST /ShareWebServices/Services/Publisher/ReadPublisherLatestGlucoseValues?sessionId=44e04ff2-8dbc-4731-b619-98f41bf42804&minutes=1440&maxCount=1 HTTP/1.1" 200 None
+2025-10-06 20:51:39,341 [74.37850451469421] urllib3.connectionpool DEBUG: https://share2.dexcom.com:443 "POST /ShareWebServices/Services/General/LoginPublisherAccountById HTTP/1.1" 200 38
+2025-10-06 20:51:39,358 [74.39510369300842] pydexcom DEBUG: Retrieve glucose readings from the glucose readings endpoint
+2025-10-06 20:51:39,420 [74.45770621299744] notifier INFO: Requesting url https://share2.dexcom.com/ShareWebServices/Services
+2025-10-06 20:51:39,420 [74.45770621299744] pydexcom DEBUG: Retrieve glucose readings from the glucose readings endpoint
+2025-10-06 20:51:39,489 [74.52631497383118] urllib3.connectionpool DEBUG: https://share2.dexcom.com:443 "POST /ShareWebServices/Services/Publisher/ReadPublisherLatestGlucoseValues?sessionId=44e04ff2-8dbc-4731-b619-98f41bf42804&minutes=1440&maxCount=1 HTTP/1.1" 200 None
+2025-10-06 20:51:39,533 [74.57079243659973] urllib3.connectionpool DEBUG: https://share2.dexcom.com:443 "POST /ShareWebServices/Services/Publisher/ReadPublisherLatestGlucoseValues?sessionId=44e04ff2-8dbc-4731-b619-98f41bf42804&minutes=1440&maxCount=1 HTTP/1.1" 200 None
+2025-10-06 20:51:39,535 [74.57283854484558] notifier INFO: Requesting url https://share2.dexcom.com/ShareWebServices/Services
+2025-10-06 20:51:39,535 [74.57283854484558] pydexcom DEBUG: Retrieve glucose readings from the glucose readings endpoint
+2025-10-06 20:51:39,576 [74.6137158870697] status INFO: Requesting url: https://share2.dexcom.com/ShareWebServices/Services/General/AuthenticatePublisherAccount
+2025-10-06 20:51:39,577 [74.61475038528442] urllib3.connectionpool DEBUG: Starting new HTTPS connection (1): share2.dexcom.com:443
+2025-10-06 20:51:39,677 [74.71484756469727] urllib3.connectionpool DEBUG: https://share2.dexcom.com:443 "POST /ShareWebServices/Services/Publisher/ReadPublisherLatestGlucoseValues?sessionId=44e04ff2-8dbc-4731-b619-98f41bf42804&minutes=1440&maxCount=1 HTTP/1.1" 200 None
+2025-10-06 20:51:39,763 [74.80090856552124] urllib3.connectionpool DEBUG: https://share2.dexcom.com:443 "GET /ShareWebServices/Services/General/AuthenticatePublisherAccount HTTP/1.1" 405 176
+2025-10-06 20:51:40,683 [75.72068810462952] notifier INFO: Requesting url https://share2.dexcom.com/ShareWebServices/Services
+2025-10-06 20:51:40,683 [75.72068810462952] pydexcom DEBUG: Retrieve glucose readings from the glucose readings endpoint
+2025-10-06 20:51:40,767 [75.80426716804504] status INFO: Requesting url: https://share2.dexcom.com/ShareWebServices/Services/General/AuthenticatePublisherAccount
+2025-10-06 20:51:40,767 [75.80478167533875] urllib3.connectionpool DEBUG: Starting new HTTPS connection (1): share2.dexcom.com:443
+2025-10-06 20:51:40,786 [75.82383346557617] urllib3.connectionpool DEBUG: https://share2.dexcom.com:443 "POST /ShareWebServices/Services/Publisher/ReadPublisherLatestGlucoseValues?sessionId=44e04ff2-8dbc-4731-b619-98f41bf42804&minutes=1440&maxCount=1 HTTP/1.1" 200 None
+2025-10-06 20:51:40,787 [75.8248438835144] notifier INFO: Requesting url https://share2.dexcom.com/ShareWebServices/Services
+2025-10-06 20:51:40,787 [75.8248438835144] pydexcom DEBUG: Retrieve glucose readings from the glucose readings endpoint
+2025-10-06 20:51:40,909 [75.94663453102112] urllib3.connectionpool DEBUG: https://share2.dexcom.com:443 "POST /ShareWebServices/Services/Publisher/ReadPublisherLatestGlucoseValues?sessionId=44e04ff2-8dbc-4731-b619-98f41bf42804&minutes=1440&maxCount=1 HTTP/1.1" 200 None
+2025-10-06 20:51:40,964 [76.00105547904968] urllib3.connectionpool DEBUG: https://share2.dexcom.com:443 "GET /ShareWebServices/Services/General/AuthenticatePublisherAccount HTTP/1.1" 405 176
+2025-10-06 20:51:41,911 [76.94838356971741] notifier INFO: Requesting url https://share2.dexcom.com/ShareWebServices/Services
+2025-10-06 20:51:41,911 [76.94838356971741] pydexcom DEBUG: Retrieve glucose readings from the glucose readings endpoint
+2025-10-06 20:51:41,971 [77.00895690917969] status INFO: Requesting url: https://share2.dexcom.com/ShareWebServices/Services/General/AuthenticatePublisherAccount
+2025-10-06 20:51:41,971 [77.00895690917969] urllib3.connectionpool DEBUG: Starting new HTTPS connection (1): share2.dexcom.com:443
+2025-10-06 20:51:42,017 [77.05491638183594] urllib3.connectionpool DEBUG: https://share2.dexcom.com:443 "POST /ShareWebServices/Services/Publisher/ReadPublisherLatestGlucoseValues?sessionId=44e04ff2-8dbc-4731-b619-98f41bf42804&minutes=1440&maxCount=1 HTTP/1.1" 200 None
+2025-10-06 20:51:42,017 [77.05491638183594] notifier INFO: Requesting url https://share2.dexcom.com/ShareWebServices/Services
+2025-10-06 20:51:42,017 [77.05491638183594] pydexcom DEBUG: Retrieve glucose readings from the glucose readings endpoint
+2025-10-06 20:51:42,127 [77.16419529914856] urllib3.connectionpool DEBUG: https://share2.dexcom.com:443 "POST /ShareWebServices/Services/Publisher/ReadPublisherLatestGlucoseValues?sessionId=44e04ff2-8dbc-4731-b619-98f41bf42804&minutes=1440&maxCount=1 HTTP/1.1" 200 None
+2025-10-06 20:51:42,166 [77.2035059928894] urllib3.connectionpool DEBUG: https://share2.dexcom.com:443 "GET /ShareWebServices/Services/General/AuthenticatePublisherAccount HTTP/1.1" 405 176
+2025-10-06 20:51:43,134 [78.17125177383423] notifier INFO: Requesting url https://share2.dexcom.com/ShareWebServices/Services
+2025-10-06 20:51:43,134 [78.17125177383423] pydexcom DEBUG: Retrieve glucose readings from the glucose readings endpoint
+2025-10-06 20:51:43,169 [78.2061665058136] status INFO: Requesting url: https://share2.dexcom.com/ShareWebServices/Services/General/AuthenticatePublisherAccount
+2025-10-06 20:51:43,169 [78.2061665058136] urllib3.connectionpool DEBUG: Starting new HTTPS connection (1): share2.dexcom.com:443
+2025-10-06 20:51:43,272 [78.30952072143555] urllib3.connectionpool DEBUG: https://share2.dexcom.com:443 "POST /ShareWebServices/Services/Publisher/ReadPublisherLatestGlucoseValues?sessionId=44e04ff2-8dbc-4731-b619-98f41bf42804&minutes=1440&maxCount=1 HTTP/1.1" 200 None
+2025-10-06 20:51:43,273 [78.3108422756195] notifier INFO: Requesting url https://share2.dexcom.com/ShareWebServices/Services
+2025-10-06 20:51:43,273 [78.3108422756195] pydexcom DEBUG: Retrieve glucose readings from the glucose readings endpoint
+2025-10-06 20:51:43,375 [78.41231560707092] urllib3.connectionpool DEBUG: https://share2.dexcom.com:443 "GET /ShareWebServices/Services/General/AuthenticatePublisherAccount HTTP/1.1" 405 176
+2025-10-06 20:51:43,397 [78.43435168266296] urllib3.connectionpool DEBUG: https://share2.dexcom.com:443 "POST /ShareWebServices/Services/Publisher/ReadPublisherLatestGlucoseValues?sessionId=44e04ff2-8dbc-4731-b619-98f41bf42804&minutes=1440&maxCount=1 HTTP/1.1" 200 None
+2025-10-06 20:51:43,976 [79.01347255706787] pydexcom DEBUG: Retrieve glucose readings from the glucose readings endpoint
+2025-10-06 20:51:44,097 [79.13465929031372] urllib3.connectionpool DEBUG: https://share2.dexcom.com:443 "POST /ShareWebServices/Services/Publisher/ReadPublisherLatestGlucoseValues?sessionId=44e04ff2-8dbc-4731-b619-98f41bf42804&minutes=1440&maxCount=1 HTTP/1.1" 200 None
+2025-10-06 20:51:44,384 [79.42120957374573] status INFO: Requesting url: https://share2.dexcom.com/ShareWebServices/Services/General/AuthenticatePublisherAccount
+2025-10-06 20:51:44,384 [79.42120957374573] urllib3.connectionpool DEBUG: Starting new HTTPS connection (1): share2.dexcom.com:443
+2025-10-06 20:51:44,403 [79.4406418800354] notifier INFO: Requesting url https://share2.dexcom.com/ShareWebServices/Services
+2025-10-06 20:51:44,404 [79.44166040420532] pydexcom DEBUG: Retrieve glucose readings from the glucose readings endpoint
+2025-10-06 20:51:44,494 [79.53106546401978] notifier INFO: Requesting url General/AuthenticatePublisherAccount
+2025-10-06 20:51:44,494 [79.53106546401978] pydexcom DEBUG: Retrieve account ID from the authentication endpoint
+2025-10-06 20:51:44,496 [79.53299117088318] urllib3.connectionpool DEBUG: Starting new HTTPS connection (1): share2.dexcom.com:443
+2025-10-06 20:51:44,523 [79.56089520454407] urllib3.connectionpool DEBUG: https://share2.dexcom.com:443 "POST /ShareWebServices/Services/Publisher/ReadPublisherLatestGlucoseValues?sessionId=44e04ff2-8dbc-4731-b619-98f41bf42804&minutes=1440&maxCount=1 HTTP/1.1" 200 None
+2025-10-06 20:51:44,524 [79.56190133094788] notifier INFO: Requesting url https://share2.dexcom.com/ShareWebServices/Services
+2025-10-06 20:51:44,524 [79.56190133094788] pydexcom DEBUG: Retrieve glucose readings from the glucose readings endpoint
+2025-10-06 20:51:44,593 [79.63066387176514] urllib3.connectionpool DEBUG: https://share2.dexcom.com:443 "GET /ShareWebServices/Services/General/AuthenticatePublisherAccount HTTP/1.1" 405 176
+2025-10-06 20:51:44,644 [79.68097376823425] urllib3.connectionpool DEBUG: https://share2.dexcom.com:443 "POST /ShareWebServices/Services/Publisher/ReadPublisherLatestGlucoseValues?sessionId=44e04ff2-8dbc-4731-b619-98f41bf42804&minutes=1440&maxCount=1 HTTP/1.1" 200 None
+2025-10-06 20:51:44,909 [79.94610381126404] urllib3.connectionpool DEBUG: https://share2.dexcom.com:443 "POST /ShareWebServices/Services/General/AuthenticatePublisherAccount HTTP/1.1" 200 38
+2025-10-06 20:51:44,910 [79.94711256027222] pydexcom DEBUG: Retrieve session ID from the login endpoint
+2025-10-06 20:51:45,315 [80.35280466079712] urllib3.connectionpool DEBUG: https://share2.dexcom.com:443 "POST /ShareWebServices/Services/General/LoginPublisherAccountById HTTP/1.1" 200 38
+2025-10-06 20:51:45,339 [80.37610101699829] pydexcom DEBUG: Retrieve glucose readings from the glucose readings endpoint
+2025-10-06 20:51:45,466 [80.50311636924744] urllib3.connectionpool DEBUG: https://share2.dexcom.com:443 "POST /ShareWebServices/Services/Publisher/ReadPublisherLatestGlucoseValues?sessionId=44e04ff2-8dbc-4731-b619-98f41bf42804&minutes=1440&maxCount=1 HTTP/1.1" 200 None
+2025-10-06 20:51:45,599 [80.63663578033447] status INFO: Requesting url: https://share2.dexcom.com/ShareWebServices/Services/General/AuthenticatePublisherAccount
+2025-10-06 20:51:45,599 [80.63663578033447] urllib3.connectionpool DEBUG: Starting new HTTPS connection (1): share2.dexcom.com:443
+2025-10-06 20:51:45,645 [80.6825864315033] notifier INFO: Requesting url https://share2.dexcom.com/ShareWebServices/Services
+2025-10-06 20:51:45,645 [80.6825864315033] pydexcom DEBUG: Retrieve glucose readings from the glucose readings endpoint
+2025-10-06 20:51:45,846 [80.88330960273743] urllib3.connectionpool DEBUG: https://share2.dexcom.com:443 "POST /ShareWebServices/Services/Publisher/ReadPublisherLatestGlucoseValues?sessionId=44e04ff2-8dbc-4731-b619-98f41bf42804&minutes=1440&maxCount=1 HTTP/1.1" 200 None
+2025-10-06 20:51:45,846 [80.88330960273743] notifier INFO: Requesting url https://share2.dexcom.com/ShareWebServices/Services
+2025-10-06 20:51:45,846 [80.88330960273743] pydexcom DEBUG: Retrieve glucose readings from the glucose readings endpoint
+2025-10-06 20:51:45,874 [80.9111876487732] urllib3.connectionpool DEBUG: https://share2.dexcom.com:443 "GET /ShareWebServices/Services/General/AuthenticatePublisherAccount HTTP/1.1" 405 176
+2025-10-06 20:51:45,996 [81.03313446044922] urllib3.connectionpool DEBUG: https://share2.dexcom.com:443 "POST /ShareWebServices/Services/Publisher/ReadPublisherLatestGlucoseValues?sessionId=44e04ff2-8dbc-4731-b619-98f41bf42804&minutes=1440&maxCount=1 HTTP/1.1" 200 None
+2025-10-06 20:51:46,878 [81.91584062576294] status INFO: Requesting url: https://share2.dexcom.com/ShareWebServices/Services/General/AuthenticatePublisherAccount
+2025-10-06 20:51:46,879 [81.91684699058533] urllib3.connectionpool DEBUG: Starting new HTTPS connection (1): share2.dexcom.com:443
+2025-10-06 20:51:47,000 [82.03700470924377] notifier INFO: Requesting url https://share2.dexcom.com/ShareWebServices/Services
+2025-10-06 20:51:47,000 [82.03700470924377] pydexcom DEBUG: Retrieve glucose readings from the glucose readings endpoint
+2025-10-06 20:51:47,096 [82.13300228118896] urllib3.connectionpool DEBUG: https://share2.dexcom.com:443 "GET /ShareWebServices/Services/General/AuthenticatePublisherAccount HTTP/1.1" 405 176
+2025-10-06 20:51:47,113 [82.15089225769043] urllib3.connectionpool DEBUG: https://share2.dexcom.com:443 "POST /ShareWebServices/Services/Publisher/ReadPublisherLatestGlucoseValues?sessionId=44e04ff2-8dbc-4731-b619-98f41bf42804&minutes=1440&maxCount=1 HTTP/1.1" 200 None
+2025-10-06 20:51:47,113 [82.15089225769043] notifier INFO: Requesting url https://share2.dexcom.com/ShareWebServices/Services
+2025-10-06 20:51:47,113 [82.15089225769043] pydexcom DEBUG: Retrieve glucose readings from the glucose readings endpoint
+2025-10-06 20:51:47,222 [82.259268283844] urllib3.connectionpool DEBUG: https://share2.dexcom.com:443 "POST /ShareWebServices/Services/Publisher/ReadPublisherLatestGlucoseValues?sessionId=44e04ff2-8dbc-4731-b619-98f41bf42804&minutes=1440&maxCount=1 HTTP/1.1" 200 None
+2025-10-06 20:51:48,099 [83.13650822639465] status INFO: Requesting url: https://share2.dexcom.com/ShareWebServices/Services/General/AuthenticatePublisherAccount
+2025-10-06 20:51:48,099 [83.13650822639465] urllib3.connectionpool DEBUG: Starting new HTTPS connection (1): share2.dexcom.com:443
+2025-10-06 20:51:48,223 [83.26079726219177] notifier INFO: Requesting url https://share2.dexcom.com/ShareWebServices/Services
+2025-10-06 20:51:48,223 [83.26079726219177] pydexcom DEBUG: Retrieve glucose readings from the glucose readings endpoint
+2025-10-06 20:51:48,292 [83.3299617767334] urllib3.connectionpool DEBUG: https://share2.dexcom.com:443 "GET /ShareWebServices/Services/General/AuthenticatePublisherAccount HTTP/1.1" 405 176
+2025-10-06 20:51:48,322 [83.3593385219574] urllib3.connectionpool DEBUG: https://share2.dexcom.com:443 "POST /ShareWebServices/Services/Publisher/ReadPublisherLatestGlucoseValues?sessionId=44e04ff2-8dbc-4731-b619-98f41bf42804&minutes=1440&maxCount=1 HTTP/1.1" 200 None
+2025-10-06 20:51:48,323 [83.36034488677979] notifier INFO: Requesting url https://share2.dexcom.com/ShareWebServices/Services
+2025-10-06 20:51:48,323 [83.36034488677979] pydexcom DEBUG: Retrieve glucose readings from the glucose readings endpoint
+2025-10-06 20:51:48,426 [83.4632580280304] urllib3.connectionpool DEBUG: https://share2.dexcom.com:443 "POST /ShareWebServices/Services/Publisher/ReadPublisherLatestGlucoseValues?sessionId=44e04ff2-8dbc-4731-b619-98f41bf42804&minutes=1440&maxCount=1 HTTP/1.1" 200 None
+2025-10-06 20:51:49,105 [84.14260768890381] pydexcom DEBUG: Retrieve glucose readings from the glucose readings endpoint
+2025-10-06 20:51:49,225 [84.26286625862122] urllib3.connectionpool DEBUG: https://share2.dexcom.com:443 "POST /ShareWebServices/Services/Publisher/ReadPublisherLatestGlucoseValues?sessionId=44e04ff2-8dbc-4731-b619-98f41bf42804&minutes=1440&maxCount=1 HTTP/1.1" 200 None
+2025-10-06 20:51:49,294 [84.3317608833313] status INFO: Requesting url: https://share2.dexcom.com/ShareWebServices/Services/General/AuthenticatePublisherAccount
+2025-10-06 20:51:49,295 [84.33395171165466] urllib3.connectionpool DEBUG: Starting new HTTPS connection (1): share2.dexcom.com:443
+2025-10-06 20:51:49,433 [84.47011399269104] notifier INFO: Requesting url https://share2.dexcom.com/ShareWebServices/Services
+2025-10-06 20:51:49,433 [84.47011399269104] pydexcom DEBUG: Retrieve glucose readings from the glucose readings endpoint
+2025-10-06 20:51:49,481 [84.51863503456116] urllib3.connectionpool DEBUG: https://share2.dexcom.com:443 "GET /ShareWebServices/Services/General/AuthenticatePublisherAccount HTTP/1.1" 405 176
+2025-10-06 20:51:49,539 [84.57615184783936] urllib3.connectionpool DEBUG: https://share2.dexcom.com:443 "POST /ShareWebServices/Services/Publisher/ReadPublisherLatestGlucoseValues?sessionId=44e04ff2-8dbc-4731-b619-98f41bf42804&minutes=1440&maxCount=1 HTTP/1.1" 200 None
+2025-10-06 20:51:49,540 [84.57736659049988] notifier INFO: Requesting url https://share2.dexcom.com/ShareWebServices/Services
+2025-10-06 20:51:49,540 [84.57736659049988] pydexcom DEBUG: Retrieve glucose readings from the glucose readings endpoint
+2025-10-06 20:51:49,662 [84.69914102554321] urllib3.connectionpool DEBUG: https://share2.dexcom.com:443 "POST /ShareWebServices/Services/Publisher/ReadPublisherLatestGlucoseValues?sessionId=44e04ff2-8dbc-4731-b619-98f41bf42804&minutes=1440&maxCount=1 HTTP/1.1" 200 None
+2025-10-06 20:51:50,474 [85.51111221313477] notifier INFO: Requesting url General/AuthenticatePublisherAccount
+2025-10-06 20:51:50,474 [85.51111221313477] pydexcom DEBUG: Retrieve account ID from the authentication endpoint
+2025-10-06 20:51:50,476 [85.51301860809326] urllib3.connectionpool DEBUG: Starting new HTTPS connection (1): share2.dexcom.com:443
+2025-10-06 20:51:50,484 [85.52126288414001] status INFO: Requesting url: https://share2.dexcom.com/ShareWebServices/Services/General/AuthenticatePublisherAccount
+2025-10-06 20:51:50,484 [85.52126288414001] urllib3.connectionpool DEBUG: Starting new HTTPS connection (1): share2.dexcom.com:443
+2025-10-06 20:51:50,663 [85.70072650909424] notifier INFO: Requesting url https://share2.dexcom.com/ShareWebServices/Services
+2025-10-06 20:51:50,663 [85.70072650909424] pydexcom DEBUG: Retrieve glucose readings from the glucose readings endpoint
+2025-10-06 20:51:50,698 [85.7351188659668] urllib3.connectionpool DEBUG: https://share2.dexcom.com:443 "GET /ShareWebServices/Services/General/AuthenticatePublisherAccount HTTP/1.1" 405 176
+2025-10-06 20:51:50,792 [85.82927393913269] urllib3.connectionpool DEBUG: https://share2.dexcom.com:443 "POST /ShareWebServices/Services/Publisher/ReadPublisherLatestGlucoseValues?sessionId=44e04ff2-8dbc-4731-b619-98f41bf42804&minutes=1440&maxCount=1 HTTP/1.1" 200 None
+2025-10-06 20:51:50,792 [85.82927393913269] notifier INFO: Requesting url https://share2.dexcom.com/ShareWebServices/Services
+2025-10-06 20:51:50,794 [85.83102822303772] pydexcom DEBUG: Retrieve glucose readings from the glucose readings endpoint
+2025-10-06 20:51:50,894 [85.93159890174866] urllib3.connectionpool DEBUG: https://share2.dexcom.com:443 "POST /ShareWebServices/Services/Publisher/ReadPublisherLatestGlucoseValues?sessionId=44e04ff2-8dbc-4731-b619-98f41bf42804&minutes=1440&maxCount=1 HTTP/1.1" 200 None
+2025-10-06 20:51:50,926 [85.96315550804138] urllib3.connectionpool DEBUG: https://share2.dexcom.com:443 "POST /ShareWebServices/Services/General/AuthenticatePublisherAccount HTTP/1.1" 200 38
+2025-10-06 20:51:50,926 [85.96315550804138] pydexcom DEBUG: Retrieve session ID from the login endpoint
+2025-10-06 20:51:51,374 [86.41105437278748] urllib3.connectionpool DEBUG: https://share2.dexcom.com:443 "POST /ShareWebServices/Services/General/LoginPublisherAccountById HTTP/1.1" 200 38
+2025-10-06 20:51:51,390 [86.42725133895874] pydexcom DEBUG: Retrieve glucose readings from the glucose readings endpoint
+2025-10-06 20:51:51,490 [86.52707481384277] urllib3.connectionpool DEBUG: https://share2.dexcom.com:443 "POST /ShareWebServices/Services/Publisher/ReadPublisherLatestGlucoseValues?sessionId=44e04ff2-8dbc-4731-b619-98f41bf42804&minutes=1440&maxCount=1 HTTP/1.1" 200 None
+2025-10-06 20:51:51,704 [86.74180126190186] status INFO: Requesting url: https://share2.dexcom.com/ShareWebServices/Services/General/AuthenticatePublisherAccount
+2025-10-06 20:51:51,705 [86.74270725250244] urllib3.connectionpool DEBUG: Starting new HTTPS connection (1): share2.dexcom.com:443
+2025-10-06 20:51:51,896 [86.93302917480469] notifier INFO: Requesting url https://share2.dexcom.com/ShareWebServices/Services
+2025-10-06 20:51:51,896 [86.93302917480469] pydexcom DEBUG: Retrieve glucose readings from the glucose readings endpoint
+2025-10-06 20:51:51,924 [86.9616208076477] urllib3.connectionpool DEBUG: https://share2.dexcom.com:443 "GET /ShareWebServices/Services/General/AuthenticatePublisherAccount HTTP/1.1" 405 176
+2025-10-06 20:51:52,016 [87.05298495292664] urllib3.connectionpool DEBUG: https://share2.dexcom.com:443 "POST /ShareWebServices/Services/Publisher/ReadPublisherLatestGlucoseValues?sessionId=44e04ff2-8dbc-4731-b619-98f41bf42804&minutes=1440&maxCount=1 HTTP/1.1" 200 None
+2025-10-06 20:51:52,016 [87.05298495292664] notifier INFO: Requesting url https://share2.dexcom.com/ShareWebServices/Services
+2025-10-06 20:51:52,016 [87.05298495292664] pydexcom DEBUG: Retrieve glucose readings from the glucose readings endpoint
+2025-10-06 20:51:52,202 [87.2390239238739] urllib3.connectionpool DEBUG: https://share2.dexcom.com:443 "POST /ShareWebServices/Services/Publisher/ReadPublisherLatestGlucoseValues?sessionId=44e04ff2-8dbc-4731-b619-98f41bf42804&minutes=1440&maxCount=1 HTTP/1.1" 200 None
+2025-10-06 20:51:52,926 [87.9638500213623] status INFO: Requesting url: https://share2.dexcom.com/ShareWebServices/Services/General/AuthenticatePublisherAccount
+2025-10-06 20:51:52,927 [87.96488094329834] urllib3.connectionpool DEBUG: Starting new HTTPS connection (1): share2.dexcom.com:443
+2025-10-06 20:51:53,128 [88.16558933258057] urllib3.connectionpool DEBUG: https://share2.dexcom.com:443 "GET /ShareWebServices/Services/General/AuthenticatePublisherAccount HTTP/1.1" 405 176
+2025-10-06 20:51:53,203 [88.24079775810242] notifier INFO: Requesting url https://share2.dexcom.com/ShareWebServices/Services
+2025-10-06 20:51:53,203 [88.24079775810242] pydexcom DEBUG: Retrieve glucose readings from the glucose readings endpoint
+2025-10-06 20:51:53,308 [88.34522771835327] urllib3.connectionpool DEBUG: https://share2.dexcom.com:443 "POST /ShareWebServices/Services/Publisher/ReadPublisherLatestGlucoseValues?sessionId=44e04ff2-8dbc-4731-b619-98f41bf42804&minutes=1440&maxCount=1 HTTP/1.1" 200 None
+2025-10-06 20:51:53,308 [88.34522771835327] notifier INFO: Requesting url https://share2.dexcom.com/ShareWebServices/Services
+2025-10-06 20:51:53,308 [88.34522771835327] pydexcom DEBUG: Retrieve glucose readings from the glucose readings endpoint
+2025-10-06 20:51:53,407 [88.44445276260376] urllib3.connectionpool DEBUG: https://share2.dexcom.com:443 "POST /ShareWebServices/Services/Publisher/ReadPublisherLatestGlucoseValues?sessionId=44e04ff2-8dbc-4731-b619-98f41bf42804&minutes=1440&maxCount=1 HTTP/1.1" 200 None
+2025-10-06 20:51:54,133 [89.17071413993835] status INFO: Requesting url: https://share2.dexcom.com/ShareWebServices/Services/General/AuthenticatePublisherAccount
+2025-10-06 20:51:54,133 [89.17071413993835] urllib3.connectionpool DEBUG: Starting new HTTPS connection (1): share2.dexcom.com:443
+2025-10-06 20:51:54,237 [89.27492475509644] pydexcom DEBUG: Retrieve glucose readings from the glucose readings endpoint
+2025-10-06 20:51:54,326 [89.36299562454224] urllib3.connectionpool DEBUG: https://share2.dexcom.com:443 "GET /ShareWebServices/Services/General/AuthenticatePublisherAccount HTTP/1.1" 405 176
+2025-10-06 20:51:54,361 [89.39833498001099] urllib3.connectionpool DEBUG: https://share2.dexcom.com:443 "POST /ShareWebServices/Services/Publisher/ReadPublisherLatestGlucoseValues?sessionId=44e04ff2-8dbc-4731-b619-98f41bf42804&minutes=1440&maxCount=1 HTTP/1.1" 200 None
+2025-10-06 20:51:54,414 [89.45109915733337] notifier INFO: Requesting url https://share2.dexcom.com/ShareWebServices/Services
+2025-10-06 20:51:54,414 [89.45109915733337] pydexcom DEBUG: Retrieve glucose readings from the glucose readings endpoint
+2025-10-06 20:51:54,518 [89.55515909194946] urllib3.connectionpool DEBUG: https://share2.dexcom.com:443 "POST /ShareWebServices/Services/Publisher/ReadPublisherLatestGlucoseValues?sessionId=44e04ff2-8dbc-4731-b619-98f41bf42804&minutes=1440&maxCount=1 HTTP/1.1" 200 None
+2025-10-06 20:51:54,522 [89.55986881256104] notifier INFO: Requesting url https://share2.dexcom.com/ShareWebServices/Services
+2025-10-06 20:51:54,522 [89.56087875366211] pydexcom DEBUG: Retrieve glucose readings from the glucose readings endpoint
+2025-10-06 20:51:54,627 [89.66467070579529] urllib3.connectionpool DEBUG: https://share2.dexcom.com:443 "POST /ShareWebServices/Services/Publisher/ReadPublisherLatestGlucoseValues?sessionId=44e04ff2-8dbc-4731-b619-98f41bf42804&minutes=1440&maxCount=1 HTTP/1.1" 200 None
+2025-10-06 20:51:55,327 [90.36456179618835] status INFO: Requesting url: https://share2.dexcom.com/ShareWebServices/Services/General/AuthenticatePublisherAccount
+2025-10-06 20:51:55,327 [90.36456179618835] urllib3.connectionpool DEBUG: Starting new HTTPS connection (1): share2.dexcom.com:443
+2025-10-06 20:51:55,518 [90.55589461326599] urllib3.connectionpool DEBUG: https://share2.dexcom.com:443 "GET /ShareWebServices/Services/General/AuthenticatePublisherAccount HTTP/1.1" 405 176
+2025-10-06 20:51:55,634 [90.67111086845398] notifier INFO: Requesting url https://share2.dexcom.com/ShareWebServices/Services
+2025-10-06 20:51:55,634 [90.67111086845398] pydexcom DEBUG: Retrieve glucose readings from the glucose readings endpoint
+2025-10-06 20:51:55,746 [90.78373956680298] urllib3.connectionpool DEBUG: https://share2.dexcom.com:443 "POST /ShareWebServices/Services/Publisher/ReadPublisherLatestGlucoseValues?sessionId=44e04ff2-8dbc-4731-b619-98f41bf42804&minutes=1440&maxCount=1 HTTP/1.1" 200 None
+2025-10-06 20:51:55,747 [90.78473949432373] notifier INFO: Requesting url https://share2.dexcom.com/ShareWebServices/Services
+2025-10-06 20:51:55,747 [90.78473949432373] pydexcom DEBUG: Retrieve glucose readings from the glucose readings endpoint
+2025-10-06 20:51:55,848 [90.88555669784546] urllib3.connectionpool DEBUG: https://share2.dexcom.com:443 "POST /ShareWebServices/Services/Publisher/ReadPublisherLatestGlucoseValues?sessionId=44e04ff2-8dbc-4731-b619-98f41bf42804&minutes=1440&maxCount=1 HTTP/1.1" 200 None
+2025-10-06 20:51:56,520 [91.55731129646301] status INFO: Requesting url: https://share2.dexcom.com/ShareWebServices/Services/General/AuthenticatePublisherAccount
+2025-10-06 20:51:56,522 [91.55945587158203] urllib3.connectionpool DEBUG: Starting new HTTPS connection (1): share2.dexcom.com:443
+2025-10-06 20:51:56,523 [91.56096458435059] notifier INFO: Requesting url General/AuthenticatePublisherAccount
+2025-10-06 20:51:56,523 [91.56096458435059] pydexcom DEBUG: Retrieve account ID from the authentication endpoint
+2025-10-06 20:51:56,526 [91.56297516822815] urllib3.connectionpool DEBUG: Starting new HTTPS connection (1): share2.dexcom.com:443
+2025-10-06 20:51:56,723 [91.76084494590759] urllib3.connectionpool DEBUG: https://share2.dexcom.com:443 "GET /ShareWebServices/Services/General/AuthenticatePublisherAccount HTTP/1.1" 405 176
+2025-10-06 20:51:56,854 [91.89114809036255] notifier INFO: Requesting url https://share2.dexcom.com/ShareWebServices/Services
+2025-10-06 20:51:56,854 [91.89114809036255] pydexcom DEBUG: Retrieve glucose readings from the glucose readings endpoint
+2025-10-06 20:51:56,955 [91.99225902557373] urllib3.connectionpool DEBUG: https://share2.dexcom.com:443 "POST /ShareWebServices/Services/Publisher/ReadPublisherLatestGlucoseValues?sessionId=44e04ff2-8dbc-4731-b619-98f41bf42804&minutes=1440&maxCount=1 HTTP/1.1" 200 None
+2025-10-06 20:51:56,955 [91.99225902557373] notifier INFO: Requesting url https://share2.dexcom.com/ShareWebServices/Services
+2025-10-06 20:51:56,956 [91.99327278137207] pydexcom DEBUG: Retrieve glucose readings from the glucose readings endpoint
+2025-10-06 20:51:56,964 [92.0011854171753] urllib3.connectionpool DEBUG: https://share2.dexcom.com:443 "POST /ShareWebServices/Services/General/AuthenticatePublisherAccount HTTP/1.1" 200 38
+2025-10-06 20:51:56,964 [92.0011854171753] pydexcom DEBUG: Retrieve session ID from the login endpoint
+2025-10-06 20:51:57,057 [92.09476518630981] urllib3.connectionpool DEBUG: https://share2.dexcom.com:443 "POST /ShareWebServices/Services/Publisher/ReadPublisherLatestGlucoseValues?sessionId=44e04ff2-8dbc-4731-b619-98f41bf42804&minutes=1440&maxCount=1 HTTP/1.1" 200 None
+2025-10-06 20:51:57,388 [92.42555236816406] urllib3.connectionpool DEBUG: https://share2.dexcom.com:443 "POST /ShareWebServices/Services/General/LoginPublisherAccountById HTTP/1.1" 200 38
+2025-10-06 20:51:57,405 [92.44254899024963] pydexcom DEBUG: Retrieve glucose readings from the glucose readings endpoint
+2025-10-06 20:51:57,512 [92.54978489875793] urllib3.connectionpool DEBUG: https://share2.dexcom.com:443 "POST /ShareWebServices/Services/Publisher/ReadPublisherLatestGlucoseValues?sessionId=44e04ff2-8dbc-4731-b619-98f41bf42804&minutes=1440&maxCount=1 HTTP/1.1" 200 None
+2025-10-06 20:51:57,725 [92.76237082481384] status INFO: Requesting url: https://share2.dexcom.com/ShareWebServices/Services/General/AuthenticatePublisherAccount
+2025-10-06 20:51:57,725 [92.7629017829895] urllib3.connectionpool DEBUG: Starting new HTTPS connection (1): share2.dexcom.com:443
+2025-10-06 20:51:57,933 [92.97037029266357] urllib3.connectionpool DEBUG: https://share2.dexcom.com:443 "GET /ShareWebServices/Services/General/AuthenticatePublisherAccount HTTP/1.1" 405 176
+2025-10-06 20:51:58,064 [93.10163640975952] notifier INFO: Requesting url https://share2.dexcom.com/ShareWebServices/Services
+2025-10-06 20:51:58,064 [93.10163640975952] pydexcom DEBUG: Retrieve glucose readings from the glucose readings endpoint
+2025-10-06 20:51:58,174 [93.21108222007751] urllib3.connectionpool DEBUG: https://share2.dexcom.com:443 "POST /ShareWebServices/Services/Publisher/ReadPublisherLatestGlucoseValues?sessionId=44e04ff2-8dbc-4731-b619-98f41bf42804&minutes=1440&maxCount=1 HTTP/1.1" 200 None
+2025-10-06 20:51:58,174 [93.21108222007751] notifier INFO: Requesting url https://share2.dexcom.com/ShareWebServices/Services
+2025-10-06 20:51:58,174 [93.21108222007751] pydexcom DEBUG: Retrieve glucose readings from the glucose readings endpoint
+2025-10-06 20:51:58,277 [93.31488871574402] urllib3.connectionpool DEBUG: https://share2.dexcom.com:443 "POST /ShareWebServices/Services/Publisher/ReadPublisherLatestGlucoseValues?sessionId=44e04ff2-8dbc-4731-b619-98f41bf42804&minutes=1440&maxCount=1 HTTP/1.1" 200 None
+2025-10-06 20:51:58,934 [93.97157955169678] status INFO: Requesting url: https://share2.dexcom.com/ShareWebServices/Services/General/AuthenticatePublisherAccount
+2025-10-06 20:51:58,936 [93.97310853004456] urllib3.connectionpool DEBUG: Starting new HTTPS connection (1): share2.dexcom.com:443
+2025-10-06 20:51:59,143 [94.18084454536438] urllib3.connectionpool DEBUG: https://share2.dexcom.com:443 "GET /ShareWebServices/Services/General/AuthenticatePublisherAccount HTTP/1.1" 405 176
+2025-10-06 20:51:59,279 [94.31645178794861] notifier INFO: Requesting url https://share2.dexcom.com/ShareWebServices/Services
+2025-10-06 20:51:59,279 [94.31645178794861] pydexcom DEBUG: Retrieve glucose readings from the glucose readings endpoint
+2025-10-06 20:51:59,378 [94.41594767570496] pydexcom DEBUG: Retrieve glucose readings from the glucose readings endpoint
+2025-10-06 20:51:59,397 [94.43442368507385] urllib3.connectionpool DEBUG: https://share2.dexcom.com:443 "POST /ShareWebServices/Services/Publisher/ReadPublisherLatestGlucoseValues?sessionId=44e04ff2-8dbc-4731-b619-98f41bf42804&minutes=1440&maxCount=1 HTTP/1.1" 200 None
+2025-10-06 20:51:59,397 [94.43442368507385] notifier INFO: Requesting url https://share2.dexcom.com/ShareWebServices/Services
+2025-10-06 20:51:59,397 [94.43442368507385] pydexcom DEBUG: Retrieve glucose readings from the glucose readings endpoint
+2025-10-06 20:51:59,498 [94.53626441955566] urllib3.connectionpool DEBUG: https://share2.dexcom.com:443 "POST /ShareWebServices/Services/Publisher/ReadPublisherLatestGlucoseValues?sessionId=44e04ff2-8dbc-4731-b619-98f41bf42804&minutes=1440&maxCount=1 HTTP/1.1" 200 None
+2025-10-06 20:51:59,507 [94.54414749145508] urllib3.connectionpool DEBUG: https://share2.dexcom.com:443 "POST /ShareWebServices/Services/Publisher/ReadPublisherLatestGlucoseValues?sessionId=44e04ff2-8dbc-4731-b619-98f41bf42804&minutes=1440&maxCount=1 HTTP/1.1" 200 None
+2025-10-06 20:52:00,146 [95.18322563171387] status INFO: Requesting url: https://share2.dexcom.com/ShareWebServices/Services/General/AuthenticatePublisherAccount
+2025-10-06 20:52:00,146 [95.18322563171387] urllib3.connectionpool DEBUG: Starting new HTTPS connection (1): share2.dexcom.com:443
+2025-10-06 20:52:00,332 [95.3692135810852] urllib3.connectionpool DEBUG: https://share2.dexcom.com:443 "GET /ShareWebServices/Services/General/AuthenticatePublisherAccount HTTP/1.1" 405 176
+2025-10-06 20:52:00,509 [95.54660058021545] notifier INFO: Requesting url https://share2.dexcom.com/ShareWebServices/Services
+2025-10-06 20:52:00,509 [95.54660058021545] pydexcom DEBUG: Retrieve glucose readings from the glucose readings endpoint
+2025-10-06 20:52:00,624 [95.66156482696533] urllib3.connectionpool DEBUG: https://share2.dexcom.com:443 "POST /ShareWebServices/Services/Publisher/ReadPublisherLatestGlucoseValues?sessionId=44e04ff2-8dbc-4731-b619-98f41bf42804&minutes=1440&maxCount=1 HTTP/1.1" 200 None
+2025-10-06 20:52:00,626 [95.6630711555481] notifier INFO: Requesting url https://share2.dexcom.com/ShareWebServices/Services
+2025-10-06 20:52:00,626 [95.6630711555481] pydexcom DEBUG: Retrieve glucose readings from the glucose readings endpoint
+2025-10-06 20:52:00,737 [95.77432656288147] urllib3.connectionpool DEBUG: https://share2.dexcom.com:443 "POST /ShareWebServices/Services/Publisher/ReadPublisherLatestGlucoseValues?sessionId=44e04ff2-8dbc-4731-b619-98f41bf42804&minutes=1440&maxCount=1 HTTP/1.1" 200 None
+2025-10-06 20:52:01,333 [96.37090468406677] status INFO: Requesting url: https://share2.dexcom.com/ShareWebServices/Services/General/AuthenticatePublisherAccount
+2025-10-06 20:52:01,333 [96.37090468406677] urllib3.connectionpool DEBUG: Starting new HTTPS connection (1): share2.dexcom.com:443
+2025-10-06 20:52:01,597 [96.634761095047] urllib3.connectionpool DEBUG: https://share2.dexcom.com:443 "GET /ShareWebServices/Services/General/AuthenticatePublisherAccount HTTP/1.1" 405 176
+2025-10-06 20:52:01,739 [96.77597427368164] notifier INFO: Requesting url https://share2.dexcom.com/ShareWebServices/Services
+2025-10-06 20:52:01,739 [96.77597427368164] pydexcom DEBUG: Retrieve glucose readings from the glucose readings endpoint
+2025-10-06 20:52:01,843 [96.88006925582886] urllib3.connectionpool DEBUG: https://share2.dexcom.com:443 "POST /ShareWebServices/Services/Publisher/ReadPublisherLatestGlucoseValues?sessionId=44e04ff2-8dbc-4731-b619-98f41bf42804&minutes=1440&maxCount=1 HTTP/1.1" 200 None
+2025-10-06 20:52:01,843 [96.88006925582886] notifier INFO: Requesting url https://share2.dexcom.com/ShareWebServices/Services
+2025-10-06 20:52:01,843 [96.88006925582886] pydexcom DEBUG: Retrieve glucose readings from the glucose readings endpoint
+2025-10-06 20:52:01,961 [96.99853897094727] urllib3.connectionpool DEBUG: https://share2.dexcom.com:443 "POST /ShareWebServices/Services/Publisher/ReadPublisherLatestGlucoseValues?sessionId=44e04ff2-8dbc-4731-b619-98f41bf42804&minutes=1440&maxCount=1 HTTP/1.1" 200 None
+2025-10-06 20:52:02,527 [97.56437397003174] notifier INFO: Requesting url General/AuthenticatePublisherAccount
+2025-10-06 20:52:02,527 [97.56437397003174] pydexcom DEBUG: Retrieve account ID from the authentication endpoint
+2025-10-06 20:52:02,527 [97.56437397003174] urllib3.connectionpool DEBUG: Starting new HTTPS connection (1): share2.dexcom.com:443
+2025-10-06 20:52:02,599 [97.63672423362732] status INFO: Requesting url: https://share2.dexcom.com/ShareWebServices/Services/General/AuthenticatePublisherAccount
+2025-10-06 20:52:02,600 [97.63773393630981] urllib3.connectionpool DEBUG: Starting new HTTPS connection (1): share2.dexcom.com:443
+2025-10-06 20:52:02,824 [97.86110424995422] urllib3.connectionpool DEBUG: https://share2.dexcom.com:443 "GET /ShareWebServices/Services/General/AuthenticatePublisherAccount HTTP/1.1" 405 176
+2025-10-06 20:52:02,963 [98.00089287757874] notifier INFO: Requesting url https://share2.dexcom.com/ShareWebServices/Services
+2025-10-06 20:52:02,963 [98.00089287757874] pydexcom DEBUG: Retrieve glucose readings from the glucose readings endpoint
+2025-10-06 20:52:03,003 [98.04002046585083] urllib3.connectionpool DEBUG: https://share2.dexcom.com:443 "POST /ShareWebServices/Services/General/AuthenticatePublisherAccount HTTP/1.1" 200 38
+2025-10-06 20:52:03,004 [98.04101824760437] pydexcom DEBUG: Retrieve session ID from the login endpoint
+2025-10-06 20:52:03,192 [98.22911310195923] urllib3.connectionpool DEBUG: https://share2.dexcom.com:443 "POST /ShareWebServices/Services/Publisher/ReadPublisherLatestGlucoseValues?sessionId=44e04ff2-8dbc-4731-b619-98f41bf42804&minutes=1440&maxCount=1 HTTP/1.1" 200 None
+2025-10-06 20:52:03,193 [98.23012804985046] notifier INFO: Requesting url https://share2.dexcom.com/ShareWebServices/Services
+2025-10-06 20:52:03,193 [98.23012804985046] pydexcom DEBUG: Retrieve glucose readings from the glucose readings endpoint
+2025-10-06 20:52:03,453 [98.4908185005188] urllib3.connectionpool DEBUG: https://share2.dexcom.com:443 "POST /ShareWebServices/Services/Publisher/ReadPublisherLatestGlucoseValues?sessionId=44e04ff2-8dbc-4731-b619-98f41bf42804&minutes=1440&maxCount=1 HTTP/1.1" 200 None
+2025-10-06 20:52:03,573 [98.61014795303345] urllib3.connectionpool DEBUG: https://share2.dexcom.com:443 "POST /ShareWebServices/Services/General/LoginPublisherAccountById HTTP/1.1" 200 38
+2025-10-06 20:52:03,576 [98.61323380470276] pydexcom DEBUG: Retrieve glucose readings from the glucose readings endpoint
+2025-10-06 20:52:03,675 [98.71275210380554] urllib3.connectionpool DEBUG: https://share2.dexcom.com:443 "POST /ShareWebServices/Services/Publisher/ReadPublisherLatestGlucoseValues?sessionId=44e04ff2-8dbc-4731-b619-98f41bf42804&minutes=1440&maxCount=1 HTTP/1.1" 200 None
+2025-10-06 20:52:03,826 [98.8630154132843] status INFO: Requesting url: https://share2.dexcom.com/ShareWebServices/Services/General/AuthenticatePublisherAccount
+2025-10-06 20:52:03,827 [98.86414384841919] urllib3.connectionpool DEBUG: Starting new HTTPS connection (1): share2.dexcom.com:443
+2025-10-06 20:52:04,004 [99.04185009002686] urllib3.connectionpool DEBUG: https://share2.dexcom.com:443 "GET /ShareWebServices/Services/General/AuthenticatePublisherAccount HTTP/1.1" 405 176
+2025-10-06 20:52:04,455 [99.49288010597229] notifier INFO: Requesting url https://share2.dexcom.com/ShareWebServices/Services
+2025-10-06 20:52:04,455 [99.49288010597229] pydexcom DEBUG: Retrieve glucose readings from the glucose readings endpoint
+2025-10-06 20:52:04,509 [99.5462007522583] pydexcom DEBUG: Retrieve glucose readings from the glucose readings endpoint
+2025-10-06 20:52:04,577 [99.61462616920471] urllib3.connectionpool DEBUG: https://share2.dexcom.com:443 "POST /ShareWebServices/Services/Publisher/ReadPublisherLatestGlucoseValues?sessionId=44e04ff2-8dbc-4731-b619-98f41bf42804&minutes=1440&maxCount=1 HTTP/1.1" 200 None
+2025-10-06 20:52:04,577 [99.61462616920471] notifier INFO: Requesting url https://share2.dexcom.com/ShareWebServices/Services
+2025-10-06 20:52:04,577 [99.61462616920471] pydexcom DEBUG: Retrieve glucose readings from the glucose readings endpoint
+2025-10-06 20:52:04,617 [99.65486001968384] urllib3.connectionpool DEBUG: https://share2.dexcom.com:443 "POST /ShareWebServices/Services/Publisher/ReadPublisherLatestGlucoseValues?sessionId=44e04ff2-8dbc-4731-b619-98f41bf42804&minutes=1440&maxCount=1 HTTP/1.1" 200 None
+2025-10-06 20:52:04,728 [99.7650249004364] urllib3.connectionpool DEBUG: https://share2.dexcom.com:443 "POST /ShareWebServices/Services/Publisher/ReadPublisherLatestGlucoseValues?sessionId=44e04ff2-8dbc-4731-b619-98f41bf42804&minutes=1440&maxCount=1 HTTP/1.1" 200 None
+2025-10-06 20:52:05,006 [100.04364895820618] status INFO: Requesting url: https://share2.dexcom.com/ShareWebServices/Services/General/AuthenticatePublisherAccount
+2025-10-06 20:52:05,006 [100.04364895820618] urllib3.connectionpool DEBUG: Starting new HTTPS connection (1): share2.dexcom.com:443
+2025-10-06 20:52:05,196 [100.23310875892639] urllib3.connectionpool DEBUG: https://share2.dexcom.com:443 "GET /ShareWebServices/Services/General/AuthenticatePublisherAccount HTTP/1.1" 405 176
+2025-10-06 20:52:05,730 [100.76721453666687] notifier INFO: Requesting url https://share2.dexcom.com/ShareWebServices/Services
+2025-10-06 20:52:05,730 [100.76721453666687] pydexcom DEBUG: Retrieve glucose readings from the glucose readings endpoint
+2025-10-06 20:52:05,841 [100.87875294685364] urllib3.connectionpool DEBUG: https://share2.dexcom.com:443 "POST /ShareWebServices/Services/Publisher/ReadPublisherLatestGlucoseValues?sessionId=44e04ff2-8dbc-4731-b619-98f41bf42804&minutes=1440&maxCount=1 HTTP/1.1" 200 None
+2025-10-06 20:52:05,842 [100.8797516822815] notifier INFO: Requesting url https://share2.dexcom.com/ShareWebServices/Services
+2025-10-06 20:52:05,842 [100.8797516822815] pydexcom DEBUG: Retrieve glucose readings from the glucose readings endpoint
+2025-10-06 20:52:05,945 [100.98279929161072] urllib3.connectionpool DEBUG: https://share2.dexcom.com:443 "POST /ShareWebServices/Services/Publisher/ReadPublisherLatestGlucoseValues?sessionId=44e04ff2-8dbc-4731-b619-98f41bf42804&minutes=1440&maxCount=1 HTTP/1.1" 200 None
+2025-10-06 20:52:06,204 [101.2413547039032] status INFO: Requesting url: https://share2.dexcom.com/ShareWebServices/Services/General/AuthenticatePublisherAccount
+2025-10-06 20:52:06,206 [101.24305176734924] urllib3.connectionpool DEBUG: Starting new HTTPS connection (1): share2.dexcom.com:443
+2025-10-06 20:52:06,408 [101.44556140899658] urllib3.connectionpool DEBUG: https://share2.dexcom.com:443 "GET /ShareWebServices/Services/General/AuthenticatePublisherAccount HTTP/1.1" 405 176
+2025-10-06 20:52:06,954 [101.9917802810669] notifier INFO: Requesting url https://share2.dexcom.com/ShareWebServices/Services
+2025-10-06 20:52:06,954 [101.9917802810669] pydexcom DEBUG: Retrieve glucose readings from the glucose readings endpoint
+2025-10-06 20:52:07,048 [102.08515667915344] urllib3.connectionpool DEBUG: https://share2.dexcom.com:443 "POST /ShareWebServices/Services/Publisher/ReadPublisherLatestGlucoseValues?sessionId=44e04ff2-8dbc-4731-b619-98f41bf42804&minutes=1440&maxCount=1 HTTP/1.1" 200 None
+2025-10-06 20:52:07,057 [102.094393491745] notifier INFO: Requesting url https://share2.dexcom.com/ShareWebServices/Services
+2025-10-06 20:52:07,057 [102.094393491745] pydexcom DEBUG: Retrieve glucose readings from the glucose readings endpoint
+2025-10-06 20:52:07,167 [102.20451998710632] urllib3.connectionpool DEBUG: https://share2.dexcom.com:443 "POST /ShareWebServices/Services/Publisher/ReadPublisherLatestGlucoseValues?sessionId=44e04ff2-8dbc-4731-b619-98f41bf42804&minutes=1440&maxCount=1 HTTP/1.1" 200 None
+2025-10-06 20:52:07,414 [102.45104551315308] status INFO: Requesting url: https://share2.dexcom.com/ShareWebServices/Services/General/AuthenticatePublisherAccount
+2025-10-06 20:52:07,416 [102.45308756828308] urllib3.connectionpool DEBUG: Starting new HTTPS connection (1): share2.dexcom.com:443
+2025-10-06 20:52:07,597 [102.64076638221741] urllib3.connectionpool DEBUG: https://share2.dexcom.com:443 "GET /ShareWebServices/Services/General/AuthenticatePublisherAccount HTTP/1.1" 405 176
+2025-10-06 20:52:08,169 [103.2067244052887] notifier INFO: Requesting url https://share2.dexcom.com/ShareWebServices/Services
+2025-10-06 20:52:08,169 [103.2067244052887] pydexcom DEBUG: Retrieve glucose readings from the glucose readings endpoint
+2025-10-06 20:52:08,312 [103.34963464736938] urllib3.connectionpool DEBUG: https://share2.dexcom.com:443 "POST /ShareWebServices/Services/Publisher/ReadPublisherLatestGlucoseValues?sessionId=44e04ff2-8dbc-4731-b619-98f41bf42804&minutes=1440&maxCount=1 HTTP/1.1" 200 None
+2025-10-06 20:52:08,313 [103.35064721107483] notifier INFO: Requesting url https://share2.dexcom.com/ShareWebServices/Services
+2025-10-06 20:52:08,313 [103.35064721107483] pydexcom DEBUG: Retrieve glucose readings from the glucose readings endpoint
+2025-10-06 20:52:08,433 [103.47077107429504] urllib3.connectionpool DEBUG: https://share2.dexcom.com:443 "POST /ShareWebServices/Services/Publisher/ReadPublisherLatestGlucoseValues?sessionId=44e04ff2-8dbc-4731-b619-98f41bf42804&minutes=1440&maxCount=1 HTTP/1.1" 200 None
+2025-10-06 20:52:08,605 [103.64243173599243] status INFO: Requesting url: https://share2.dexcom.com/ShareWebServices/Services/General/AuthenticatePublisherAccount
+2025-10-06 20:52:08,605 [103.64294624328613] urllib3.connectionpool DEBUG: Starting new HTTPS connection (1): share2.dexcom.com:443
+2025-10-06 20:52:08,690 [103.72697043418884] notifier INFO: Requesting url General/AuthenticatePublisherAccount
+2025-10-06 20:52:08,690 [103.72697043418884] pydexcom DEBUG: Retrieve account ID from the authentication endpoint
+2025-10-06 20:52:08,691 [103.72797083854675] urllib3.connectionpool DEBUG: Starting new HTTPS connection (1): share2.dexcom.com:443
+2025-10-06 20:52:08,797 [103.8339958190918] urllib3.connectionpool DEBUG: https://share2.dexcom.com:443 "GET /ShareWebServices/Services/General/AuthenticatePublisherAccount HTTP/1.1" 405 176
+2025-10-06 20:52:09,113 [104.15091729164124] urllib3.connectionpool DEBUG: https://share2.dexcom.com:443 "POST /ShareWebServices/Services/General/AuthenticatePublisherAccount HTTP/1.1" 200 38
+2025-10-06 20:52:09,114 [104.15151047706604] pydexcom DEBUG: Retrieve session ID from the login endpoint
+2025-10-06 20:52:09,436 [104.47391128540039] notifier INFO: Requesting url https://share2.dexcom.com/ShareWebServices/Services
+2025-10-06 20:52:09,436 [104.47391128540039] pydexcom DEBUG: Retrieve glucose readings from the glucose readings endpoint
+2025-10-06 20:52:09,521 [104.55885004997253] urllib3.connectionpool DEBUG: https://share2.dexcom.com:443 "POST /ShareWebServices/Services/General/LoginPublisherAccountById HTTP/1.1" 200 38
+2025-10-06 20:52:09,536 [104.57343697547913] pydexcom DEBUG: Retrieve glucose readings from the glucose readings endpoint
+2025-10-06 20:52:09,566 [104.60313105583191] urllib3.connectionpool DEBUG: https://share2.dexcom.com:443 "POST /ShareWebServices/Services/Publisher/ReadPublisherLatestGlucoseValues?sessionId=44e04ff2-8dbc-4731-b619-98f41bf42804&minutes=1440&maxCount=1 HTTP/1.1" 200 None
+2025-10-06 20:52:09,566 [104.60313105583191] notifier INFO: Requesting url https://share2.dexcom.com/ShareWebServices/Services
+2025-10-06 20:52:09,566 [104.60313105583191] pydexcom DEBUG: Retrieve glucose readings from the glucose readings endpoint
+2025-10-06 20:52:09,627 [104.66494417190552] pydexcom DEBUG: Retrieve glucose readings from the glucose readings endpoint
+2025-10-06 20:52:09,627 [104.66494417190552] urllib3.connectionpool DEBUG: Starting new HTTPS connection (3): share2.dexcom.com:443
+2025-10-06 20:52:09,652 [104.68992400169373] urllib3.connectionpool DEBUG: https://share2.dexcom.com:443 "POST /ShareWebServices/Services/Publisher/ReadPublisherLatestGlucoseValues?sessionId=44e04ff2-8dbc-4731-b619-98f41bf42804&minutes=1440&maxCount=1 HTTP/1.1" 200 None
+2025-10-06 20:52:09,688 [104.7249743938446] urllib3.connectionpool DEBUG: https://share2.dexcom.com:443 "POST /ShareWebServices/Services/Publisher/ReadPublisherLatestGlucoseValues?sessionId=44e04ff2-8dbc-4731-b619-98f41bf42804&minutes=1440&maxCount=1 HTTP/1.1" 200 None
+2025-10-06 20:52:09,804 [104.8415961265564] status INFO: Requesting url: https://share2.dexcom.com/ShareWebServices/Services/General/AuthenticatePublisherAccount
+2025-10-06 20:52:09,806 [104.84310150146484] urllib3.connectionpool DEBUG: Starting new HTTPS connection (1): share2.dexcom.com:443
+2025-10-06 20:52:09,842 [104.8794777393341] urllib3.connectionpool DEBUG: https://share2.dexcom.com:443 "POST /ShareWebServices/Services/Publisher/ReadPublisherLatestGlucoseValues?sessionId=44e04ff2-8dbc-4731-b619-98f41bf42804&minutes=1440&maxCount=1 HTTP/1.1" 200 None
+2025-10-06 20:52:09,991 [105.02888536453247] urllib3.connectionpool DEBUG: https://share2.dexcom.com:443 "GET /ShareWebServices/Services/General/AuthenticatePublisherAccount HTTP/1.1" 405 176
+2025-10-06 20:52:10,689 [105.72664546966553] notifier INFO: Requesting url https://share2.dexcom.com/ShareWebServices/Services
+2025-10-06 20:52:10,689 [105.72664546966553] pydexcom DEBUG: Retrieve glucose readings from the glucose readings endpoint
+2025-10-06 20:52:10,817 [105.85446643829346] urllib3.connectionpool DEBUG: https://share2.dexcom.com:443 "POST /ShareWebServices/Services/Publisher/ReadPublisherLatestGlucoseValues?sessionId=44e04ff2-8dbc-4731-b619-98f41bf42804&minutes=1440&maxCount=1 HTTP/1.1" 200 None
+2025-10-06 20:52:10,818 [105.85563611984253] notifier INFO: Requesting url https://share2.dexcom.com/ShareWebServices/Services
+2025-10-06 20:52:10,818 [105.85563611984253] pydexcom DEBUG: Retrieve glucose readings from the glucose readings endpoint
+2025-10-06 20:52:10,922 [105.95955848693848] urllib3.connectionpool DEBUG: https://share2.dexcom.com:443 "POST /ShareWebServices/Services/Publisher/ReadPublisherLatestGlucoseValues?sessionId=44e04ff2-8dbc-4731-b619-98f41bf42804&minutes=1440&maxCount=1 HTTP/1.1" 200 None
+2025-10-06 20:52:10,994 [106.03143358230591] status INFO: Requesting url: https://share2.dexcom.com/ShareWebServices/Services/General/AuthenticatePublisherAccount
+2025-10-06 20:52:10,996 [106.03297567367554] urllib3.connectionpool DEBUG: Starting new HTTPS connection (1): share2.dexcom.com:443
+2025-10-06 20:52:11,258 [106.29525136947632] urllib3.connectionpool DEBUG: https://share2.dexcom.com:443 "GET /ShareWebServices/Services/General/AuthenticatePublisherAccount HTTP/1.1" 405 176
+2025-10-06 20:52:11,925 [106.96258091926575] notifier INFO: Requesting url https://share2.dexcom.com/ShareWebServices/Services
+2025-10-06 20:52:11,925 [106.96258091926575] pydexcom DEBUG: Retrieve glucose readings from the glucose readings endpoint
+2025-10-06 20:52:12,068 [107.10564064979553] urllib3.connectionpool DEBUG: https://share2.dexcom.com:443 "POST /ShareWebServices/Services/Publisher/ReadPublisherLatestGlucoseValues?sessionId=44e04ff2-8dbc-4731-b619-98f41bf42804&minutes=1440&maxCount=1 HTTP/1.1" 200 None
+2025-10-06 20:52:12,069 [107.10664057731628] notifier INFO: Requesting url https://share2.dexcom.com/ShareWebServices/Services
+2025-10-06 20:52:12,069 [107.10664057731628] pydexcom DEBUG: Retrieve glucose readings from the glucose readings endpoint
+2025-10-06 20:52:12,245 [107.28288912773132] urllib3.connectionpool DEBUG: https://share2.dexcom.com:443 "POST /ShareWebServices/Services/Publisher/ReadPublisherLatestGlucoseValues?sessionId=44e04ff2-8dbc-4731-b619-98f41bf42804&minutes=1440&maxCount=1 HTTP/1.1" 200 None
+2025-10-06 20:52:12,261 [107.29874539375305] status INFO: Requesting url: https://share2.dexcom.com/ShareWebServices/Services/General/AuthenticatePublisherAccount
+2025-10-06 20:52:12,261 [107.29874539375305] urllib3.connectionpool DEBUG: Starting new HTTPS connection (1): share2.dexcom.com:443
+2025-10-06 20:52:12,604 [107.6410493850708] urllib3.connectionpool DEBUG: https://share2.dexcom.com:443 "GET /ShareWebServices/Services/General/AuthenticatePublisherAccount HTTP/1.1" 405 176
+2025-10-06 20:52:13,248 [108.28519558906555] notifier INFO: Requesting url https://share2.dexcom.com/ShareWebServices/Services
+2025-10-06 20:52:13,248 [108.28519558906555] pydexcom DEBUG: Retrieve glucose readings from the glucose readings endpoint
+2025-10-06 20:52:13,423 [108.46088123321533] urllib3.connectionpool DEBUG: https://share2.dexcom.com:443 "POST /ShareWebServices/Services/Publisher/ReadPublisherLatestGlucoseValues?sessionId=44e04ff2-8dbc-4731-b619-98f41bf42804&minutes=1440&maxCount=1 HTTP/1.1" 200 None
+2025-10-06 20:52:13,423 [108.46088123321533] notifier INFO: Requesting url https://share2.dexcom.com/ShareWebServices/Services
+2025-10-06 20:52:13,425 [108.46293663978577] pydexcom DEBUG: Retrieve glucose readings from the glucose readings endpoint
+2025-10-06 20:52:13,576 [108.61317086219788] urllib3.connectionpool DEBUG: https://share2.dexcom.com:443 "POST /ShareWebServices/Services/Publisher/ReadPublisherLatestGlucoseValues?sessionId=44e04ff2-8dbc-4731-b619-98f41bf42804&minutes=1440&maxCount=1 HTTP/1.1" 200 None
+2025-10-06 20:52:13,605 [108.64245939254761] status INFO: Requesting url: https://share2.dexcom.com/ShareWebServices/Services/General/AuthenticatePublisherAccount
+2025-10-06 20:52:13,606 [108.64299631118774] urllib3.connectionpool DEBUG: Starting new HTTPS connection (1): share2.dexcom.com:443
+2025-10-06 20:52:13,837 [108.87484073638916] urllib3.connectionpool DEBUG: https://share2.dexcom.com:443 "GET /ShareWebServices/Services/General/AuthenticatePublisherAccount HTTP/1.1" 405 176
+2025-10-06 20:52:14,578 [109.61517977714539] notifier INFO: Requesting url https://share2.dexcom.com/ShareWebServices/Services
+2025-10-06 20:52:14,578 [109.61517977714539] pydexcom DEBUG: Retrieve glucose readings from the glucose readings endpoint
+2025-10-06 20:52:14,659 [109.69662928581238] notifier INFO: Requesting url General/AuthenticatePublisherAccount
+2025-10-06 20:52:14,659 [109.69662928581238] pydexcom DEBUG: Retrieve account ID from the authentication endpoint
+2025-10-06 20:52:14,659 [109.69662928581238] urllib3.connectionpool DEBUG: Starting new HTTPS connection (1): share2.dexcom.com:443
+2025-10-06 20:52:14,729 [109.76657247543335] urllib3.connectionpool DEBUG: https://share2.dexcom.com:443 "POST /ShareWebServices/Services/Publisher/ReadPublisherLatestGlucoseValues?sessionId=44e04ff2-8dbc-4731-b619-98f41bf42804&minutes=1440&maxCount=1 HTTP/1.1" 200 None
+2025-10-06 20:52:14,734 [109.77115488052368] notifier INFO: Requesting url https://share2.dexcom.com/ShareWebServices/Services
+2025-10-06 20:52:14,734 [109.77115488052368] pydexcom DEBUG: Retrieve glucose readings from the glucose readings endpoint
+2025-10-06 20:52:14,840 [109.87711930274963] status INFO: Requesting url: https://share2.dexcom.com/ShareWebServices/Services/General/AuthenticatePublisherAccount
+2025-10-06 20:52:14,840 [109.87762451171875] urllib3.connectionpool DEBUG: Starting new HTTPS connection (1): share2.dexcom.com:443
+2025-10-06 20:52:14,850 [109.88715267181396] pydexcom DEBUG: Retrieve glucose readings from the glucose readings endpoint
+2025-10-06 20:52:14,963 [110.0008761882782] urllib3.connectionpool DEBUG: https://share2.dexcom.com:443 "POST /ShareWebServices/Services/Publisher/ReadPublisherLatestGlucoseValues?sessionId=44e04ff2-8dbc-4731-b619-98f41bf42804&minutes=1440&maxCount=1 HTTP/1.1" 200 None
+2025-10-06 20:52:15,003 [110.04074835777283] urllib3.connectionpool DEBUG: https://share2.dexcom.com:443 "POST /ShareWebServices/Services/Publisher/ReadPublisherLatestGlucoseValues?sessionId=44e04ff2-8dbc-4731-b619-98f41bf42804&minutes=1440&maxCount=1 HTTP/1.1" 200 None
+2025-10-06 20:52:15,178 [110.21581077575684] urllib3.connectionpool DEBUG: https://share2.dexcom.com:443 "GET /ShareWebServices/Services/General/AuthenticatePublisherAccount HTTP/1.1" 405 176
+2025-10-06 20:52:15,255 [110.29293370246887] urllib3.connectionpool DEBUG: https://share2.dexcom.com:443 "POST /ShareWebServices/Services/General/AuthenticatePublisherAccount HTTP/1.1" 200 38
+2025-10-06 20:52:15,255 [110.29293370246887] pydexcom DEBUG: Retrieve session ID from the login endpoint
+2025-10-06 20:52:15,863 [110.9006404876709] urllib3.connectionpool DEBUG: https://share2.dexcom.com:443 "POST /ShareWebServices/Services/General/LoginPublisherAccountById HTTP/1.1" 200 38
+2025-10-06 20:52:15,887 [110.92471718788147] pydexcom DEBUG: Retrieve glucose readings from the glucose readings endpoint
+2025-10-06 20:52:15,964 [111.00182771682739] notifier INFO: Requesting url https://share2.dexcom.com/ShareWebServices/Services
+2025-10-06 20:52:15,964 [111.00182771682739] pydexcom DEBUG: Retrieve glucose readings from the glucose readings endpoint
+2025-10-06 20:52:16,113 [111.15095853805542] urllib3.connectionpool DEBUG: https://share2.dexcom.com:443 "POST /ShareWebServices/Services/Publisher/ReadPublisherLatestGlucoseValues?sessionId=44e04ff2-8dbc-4731-b619-98f41bf42804&minutes=1440&maxCount=1 HTTP/1.1" 200 None
+2025-10-06 20:52:16,158 [111.19526648521423] urllib3.connectionpool DEBUG: https://share2.dexcom.com:443 "POST /ShareWebServices/Services/Publisher/ReadPublisherLatestGlucoseValues?sessionId=44e04ff2-8dbc-4731-b619-98f41bf42804&minutes=1440&maxCount=1 HTTP/1.1" 200 None
+2025-10-06 20:52:16,158 [111.19526648521423] notifier INFO: Requesting url https://share2.dexcom.com/ShareWebServices/Services
+2025-10-06 20:52:16,158 [111.19526648521423] pydexcom DEBUG: Retrieve glucose readings from the glucose readings endpoint
+2025-10-06 20:52:16,180 [111.21756935119629] status INFO: Requesting url: https://share2.dexcom.com/ShareWebServices/Services/General/AuthenticatePublisherAccount
+2025-10-06 20:52:16,180 [111.21756935119629] urllib3.connectionpool DEBUG: Starting new HTTPS connection (1): share2.dexcom.com:443
+2025-10-06 20:52:16,308 [111.34533095359802] urllib3.connectionpool DEBUG: https://share2.dexcom.com:443 "POST /ShareWebServices/Services/Publisher/ReadPublisherLatestGlucoseValues?sessionId=44e04ff2-8dbc-4731-b619-98f41bf42804&minutes=1440&maxCount=1 HTTP/1.1" 200 None
+2025-10-06 20:52:16,499 [111.53667569160461] urllib3.connectionpool DEBUG: https://share2.dexcom.com:443 "GET /ShareWebServices/Services/General/AuthenticatePublisherAccount HTTP/1.1" 405 176
+2025-10-06 20:52:17,310 [112.34796786308289] notifier INFO: Requesting url https://share2.dexcom.com/ShareWebServices/Services
+2025-10-06 20:52:17,310 [112.34796786308289] pydexcom DEBUG: Retrieve glucose readings from the glucose readings endpoint
+2025-10-06 20:52:17,503 [112.54037666320801] status INFO: Requesting url: https://share2.dexcom.com/ShareWebServices/Services/General/AuthenticatePublisherAccount
+2025-10-06 20:52:17,504 [112.541250705719] urllib3.connectionpool DEBUG: Starting new HTTPS connection (1): share2.dexcom.com:443
+2025-10-06 20:52:17,507 [112.54476261138916] urllib3.connectionpool DEBUG: https://share2.dexcom.com:443 "POST /ShareWebServices/Services/Publisher/ReadPublisherLatestGlucoseValues?sessionId=44e04ff2-8dbc-4731-b619-98f41bf42804&minutes=1440&maxCount=1 HTTP/1.1" 200 None
+2025-10-06 20:52:17,513 [112.55095171928406] notifier INFO: Requesting url https://share2.dexcom.com/ShareWebServices/Services
+2025-10-06 20:52:17,513 [112.55095171928406] pydexcom DEBUG: Retrieve glucose readings from the glucose readings endpoint
+2025-10-06 20:52:17,634 [112.67107009887695] urllib3.connectionpool DEBUG: https://share2.dexcom.com:443 "POST /ShareWebServices/Services/Publisher/ReadPublisherLatestGlucoseValues?sessionId=44e04ff2-8dbc-4731-b619-98f41bf42804&minutes=1440&maxCount=1 HTTP/1.1" 200 None
+2025-10-06 20:52:17,724 [112.7610809803009] urllib3.connectionpool DEBUG: https://share2.dexcom.com:443 "GET /ShareWebServices/Services/General/AuthenticatePublisherAccount HTTP/1.1" 405 176
+2025-10-06 20:52:18,635 [113.67294836044312] notifier INFO: Requesting url https://share2.dexcom.com/ShareWebServices/Services
+2025-10-06 20:52:18,635 [113.67294836044312] pydexcom DEBUG: Retrieve glucose readings from the glucose readings endpoint
+2025-10-06 20:52:18,727 [113.76440477371216] status INFO: Requesting url: https://share2.dexcom.com/ShareWebServices/Services/General/AuthenticatePublisherAccount
+2025-10-06 20:52:18,727 [113.76494812965393] urllib3.connectionpool DEBUG: Starting new HTTPS connection (1): share2.dexcom.com:443
+2025-10-06 20:52:18,772 [113.80972862243652] urllib3.connectionpool DEBUG: https://share2.dexcom.com:443 "POST /ShareWebServices/Services/Publisher/ReadPublisherLatestGlucoseValues?sessionId=44e04ff2-8dbc-4731-b619-98f41bf42804&minutes=1440&maxCount=1 HTTP/1.1" 200 None
+2025-10-06 20:52:18,773 [113.81072807312012] notifier INFO: Requesting url https://share2.dexcom.com/ShareWebServices/Services
+2025-10-06 20:52:18,773 [113.81072807312012] pydexcom DEBUG: Retrieve glucose readings from the glucose readings endpoint
+2025-10-06 20:52:18,919 [113.95641326904297] urllib3.connectionpool DEBUG: https://share2.dexcom.com:443 "POST /ShareWebServices/Services/Publisher/ReadPublisherLatestGlucoseValues?sessionId=44e04ff2-8dbc-4731-b619-98f41bf42804&minutes=1440&maxCount=1 HTTP/1.1" 200 None
+2025-10-06 20:52:18,944 [113.98158407211304] urllib3.connectionpool DEBUG: https://share2.dexcom.com:443 "GET /ShareWebServices/Services/General/AuthenticatePublisherAccount HTTP/1.1" 405 176
+2025-10-06 20:52:19,921 [114.95881724357605] notifier INFO: Requesting url https://share2.dexcom.com/ShareWebServices/Services
+2025-10-06 20:52:19,921 [114.95881724357605] pydexcom DEBUG: Retrieve glucose readings from the glucose readings endpoint
+2025-10-06 20:52:19,946 [114.98380613327026] status INFO: Requesting url: https://share2.dexcom.com/ShareWebServices/Services/General/AuthenticatePublisherAccount
+2025-10-06 20:52:19,947 [114.98482704162598] urllib3.connectionpool DEBUG: Starting new HTTPS connection (1): share2.dexcom.com:443
+2025-10-06 20:52:20,010 [115.04844975471497] pydexcom DEBUG: Retrieve glucose readings from the glucose readings endpoint
+2025-10-06 20:52:20,063 [115.10074806213379] urllib3.connectionpool DEBUG: https://share2.dexcom.com:443 "POST /ShareWebServices/Services/Publisher/ReadPublisherLatestGlucoseValues?sessionId=44e04ff2-8dbc-4731-b619-98f41bf42804&minutes=1440&maxCount=1 HTTP/1.1" 200 None
+2025-10-06 20:52:20,063 [115.10074806213379] notifier INFO: Requesting url https://share2.dexcom.com/ShareWebServices/Services
+2025-10-06 20:52:20,064 [115.10175514221191] pydexcom DEBUG: Retrieve glucose readings from the glucose readings endpoint
+2025-10-06 20:52:20,135 [115.17281794548035] urllib3.connectionpool DEBUG: https://share2.dexcom.com:443 "POST /ShareWebServices/Services/Publisher/ReadPublisherLatestGlucoseValues?sessionId=44e04ff2-8dbc-4731-b619-98f41bf42804&minutes=1440&maxCount=1 HTTP/1.1" 200 None
+2025-10-06 20:52:20,172 [115.20972394943237] urllib3.connectionpool DEBUG: https://share2.dexcom.com:443 "GET /ShareWebServices/Services/General/AuthenticatePublisherAccount HTTP/1.1" 405 176
+2025-10-06 20:52:20,191 [115.22896480560303] urllib3.connectionpool DEBUG: https://share2.dexcom.com:443 "POST /ShareWebServices/Services/Publisher/ReadPublisherLatestGlucoseValues?sessionId=44e04ff2-8dbc-4731-b619-98f41bf42804&minutes=1440&maxCount=1 HTTP/1.1" 200 None
+2025-10-06 20:52:21,126 [116.16326546669006] notifier INFO: Requesting url General/AuthenticatePublisherAccount
+2025-10-06 20:52:21,126 [116.16326546669006] pydexcom DEBUG: Retrieve account ID from the authentication endpoint
+2025-10-06 20:52:21,126 [116.16326546669006] urllib3.connectionpool DEBUG: Starting new HTTPS connection (1): share2.dexcom.com:443
+2025-10-06 20:52:21,174 [116.21124768257141] status INFO: Requesting url: https://share2.dexcom.com/ShareWebServices/Services/General/AuthenticatePublisherAccount
+2025-10-06 20:52:21,174 [116.21124768257141] urllib3.connectionpool DEBUG: Starting new HTTPS connection (1): share2.dexcom.com:443
+2025-10-06 20:52:21,194 [116.23107504844666] notifier INFO: Requesting url https://share2.dexcom.com/ShareWebServices/Services
+2025-10-06 20:52:21,194 [116.23107504844666] pydexcom DEBUG: Retrieve glucose readings from the glucose readings endpoint
+2025-10-06 20:52:21,306 [116.34383797645569] urllib3.connectionpool DEBUG: https://share2.dexcom.com:443 "POST /ShareWebServices/Services/Publisher/ReadPublisherLatestGlucoseValues?sessionId=44e04ff2-8dbc-4731-b619-98f41bf42804&minutes=1440&maxCount=1 HTTP/1.1" 200 None
+2025-10-06 20:52:21,307 [116.34483504295349] notifier INFO: Requesting url https://share2.dexcom.com/ShareWebServices/Services
+2025-10-06 20:52:21,307 [116.34483504295349] pydexcom DEBUG: Retrieve glucose readings from the glucose readings endpoint
+2025-10-06 20:52:21,363 [116.40070009231567] urllib3.connectionpool DEBUG: https://share2.dexcom.com:443 "GET /ShareWebServices/Services/General/AuthenticatePublisherAccount HTTP/1.1" 405 176
+2025-10-06 20:52:21,454 [116.49128532409668] urllib3.connectionpool DEBUG: https://share2.dexcom.com:443 "POST /ShareWebServices/Services/Publisher/ReadPublisherLatestGlucoseValues?sessionId=44e04ff2-8dbc-4731-b619-98f41bf42804&minutes=1440&maxCount=1 HTTP/1.1" 200 None
+2025-10-06 20:52:21,592 [116.62961268424988] urllib3.connectionpool DEBUG: https://share2.dexcom.com:443 "POST /ShareWebServices/Services/General/AuthenticatePublisherAccount HTTP/1.1" 200 38
+2025-10-06 20:52:21,594 [116.63112616539001] pydexcom DEBUG: Retrieve session ID from the login endpoint
+2025-10-06 20:52:22,365 [117.40225744247437] status INFO: Requesting url: https://share2.dexcom.com/ShareWebServices/Services/General/AuthenticatePublisherAccount
+2025-10-06 20:52:22,366 [117.40376996994019] urllib3.connectionpool DEBUG: Starting new HTTPS connection (1): share2.dexcom.com:443
+2025-10-06 20:52:22,456 [117.49320793151855] notifier INFO: Requesting url https://share2.dexcom.com/ShareWebServices/Services
+2025-10-06 20:52:22,456 [117.49320793151855] pydexcom DEBUG: Retrieve glucose readings from the glucose readings endpoint
+2025-10-06 20:52:22,467 [117.50467729568481] urllib3.connectionpool DEBUG: https://share2.dexcom.com:443 "POST /ShareWebServices/Services/General/LoginPublisherAccountById HTTP/1.1" 200 38
+2025-10-06 20:52:22,472 [117.50968909263611] pydexcom DEBUG: Retrieve glucose readings from the glucose readings endpoint
+2025-10-06 20:52:22,572 [117.60969948768616] urllib3.connectionpool DEBUG: https://share2.dexcom.com:443 "POST /ShareWebServices/Services/Publisher/ReadPublisherLatestGlucoseValues?sessionId=44e04ff2-8dbc-4731-b619-98f41bf42804&minutes=1440&maxCount=1 HTTP/1.1" 200 None
+2025-10-06 20:52:22,573 [117.61069965362549] notifier INFO: Requesting url https://share2.dexcom.com/ShareWebServices/Services
+2025-10-06 20:52:22,573 [117.61069965362549] pydexcom DEBUG: Retrieve glucose readings from the glucose readings endpoint
+2025-10-06 20:52:22,595 [117.63258481025696] urllib3.connectionpool DEBUG: https://share2.dexcom.com:443 "POST /ShareWebServices/Services/Publisher/ReadPublisherLatestGlucoseValues?sessionId=44e04ff2-8dbc-4731-b619-98f41bf42804&minutes=1440&maxCount=1 HTTP/1.1" 200 None
+2025-10-06 20:52:22,596 [117.63362073898315] urllib3.connectionpool DEBUG: https://share2.dexcom.com:443 "GET /ShareWebServices/Services/General/AuthenticatePublisherAccount HTTP/1.1" 405 176
+2025-10-06 20:52:22,681 [117.71800231933594] urllib3.connectionpool DEBUG: https://share2.dexcom.com:443 "POST /ShareWebServices/Services/Publisher/ReadPublisherLatestGlucoseValues?sessionId=44e04ff2-8dbc-4731-b619-98f41bf42804&minutes=1440&maxCount=1 HTTP/1.1" 200 None
+2025-10-06 20:52:23,597 [118.6347496509552] status INFO: Requesting url: https://share2.dexcom.com/ShareWebServices/Services/General/AuthenticatePublisherAccount
+2025-10-06 20:52:23,598 [118.63575983047485] urllib3.connectionpool DEBUG: Starting new HTTPS connection (1): share2.dexcom.com:443
+2025-10-06 20:52:23,682 [118.71939277648926] notifier INFO: Requesting url https://share2.dexcom.com/ShareWebServices/Services
+2025-10-06 20:52:23,682 [118.71939277648926] pydexcom DEBUG: Retrieve glucose readings from the glucose readings endpoint
+2025-10-06 20:52:23,792 [118.82913875579834] urllib3.connectionpool DEBUG: https://share2.dexcom.com:443 "POST /ShareWebServices/Services/Publisher/ReadPublisherLatestGlucoseValues?sessionId=44e04ff2-8dbc-4731-b619-98f41bf42804&minutes=1440&maxCount=1 HTTP/1.1" 200 None
+2025-10-06 20:52:23,793 [118.83075881004333] notifier INFO: Requesting url https://share2.dexcom.com/ShareWebServices/Services
+2025-10-06 20:52:23,793 [118.83075881004333] pydexcom DEBUG: Retrieve glucose readings from the glucose readings endpoint
+2025-10-06 20:52:23,806 [118.84312462806702] urllib3.connectionpool DEBUG: https://share2.dexcom.com:443 "GET /ShareWebServices/Services/General/AuthenticatePublisherAccount HTTP/1.1" 405 176
+2025-10-06 20:52:23,926 [118.96309304237366] urllib3.connectionpool DEBUG: https://share2.dexcom.com:443 "POST /ShareWebServices/Services/Publisher/ReadPublisherLatestGlucoseValues?sessionId=44e04ff2-8dbc-4731-b619-98f41bf42804&minutes=1440&maxCount=1 HTTP/1.1" 200 None
+2025-10-06 20:52:24,808 [119.8452217578888] status INFO: Requesting url: https://share2.dexcom.com/ShareWebServices/Services/General/AuthenticatePublisherAccount
+2025-10-06 20:52:24,809 [119.84623217582703] urllib3.connectionpool DEBUG: Starting new HTTPS connection (1): share2.dexcom.com:443
+2025-10-06 20:52:24,929 [119.96665406227112] notifier INFO: Requesting url https://share2.dexcom.com/ShareWebServices/Services
+2025-10-06 20:52:24,930 [119.96767020225525] pydexcom DEBUG: Retrieve glucose readings from the glucose readings endpoint
+2025-10-06 20:52:24,999 [120.03631520271301] urllib3.connectionpool DEBUG: https://share2.dexcom.com:443 "GET /ShareWebServices/Services/General/AuthenticatePublisherAccount HTTP/1.1" 405 176
+2025-10-06 20:52:25,056 [120.09320950508118] urllib3.connectionpool DEBUG: https://share2.dexcom.com:443 "POST /ShareWebServices/Services/Publisher/ReadPublisherLatestGlucoseValues?sessionId=44e04ff2-8dbc-4731-b619-98f41bf42804&minutes=1440&maxCount=1 HTTP/1.1" 200 None
+2025-10-06 20:52:25,057 [120.09471774101257] notifier INFO: Requesting url https://share2.dexcom.com/ShareWebServices/Services
+2025-10-06 20:52:25,057 [120.09471774101257] pydexcom DEBUG: Retrieve glucose readings from the glucose readings endpoint
+2025-10-06 20:52:25,150 [120.18795347213745] pydexcom DEBUG: Retrieve glucose readings from the glucose readings endpoint
+2025-10-06 20:52:25,158 [120.19579100608826] urllib3.connectionpool DEBUG: https://share2.dexcom.com:443 "POST /ShareWebServices/Services/Publisher/ReadPublisherLatestGlucoseValues?sessionId=44e04ff2-8dbc-4731-b619-98f41bf42804&minutes=1440&maxCount=1 HTTP/1.1" 200 None
+2025-10-06 20:52:25,252 [120.28919243812561] urllib3.connectionpool DEBUG: https://share2.dexcom.com:443 "POST /ShareWebServices/Services/Publisher/ReadPublisherLatestGlucoseValues?sessionId=44e04ff2-8dbc-4731-b619-98f41bf42804&minutes=1440&maxCount=1 HTTP/1.1" 200 None
+2025-10-06 20:52:26,003 [121.04079627990723] status INFO: Requesting url: https://share2.dexcom.com/ShareWebServices/Services/General/AuthenticatePublisherAccount
+2025-10-06 20:52:26,004 [121.04195737838745] urllib3.connectionpool DEBUG: Starting new HTTPS connection (1): share2.dexcom.com:443
+2025-10-06 20:52:26,164 [121.20110583305359] notifier INFO: Requesting url https://share2.dexcom.com/ShareWebServices/Services
+2025-10-06 20:52:26,165 [121.20211935043335] pydexcom DEBUG: Retrieve glucose readings from the glucose readings endpoint
+2025-10-06 20:52:26,275 [121.31294989585876] urllib3.connectionpool DEBUG: https://share2.dexcom.com:443 "GET /ShareWebServices/Services/General/AuthenticatePublisherAccount HTTP/1.1" 405 176
+2025-10-06 20:52:26,292 [121.3296914100647] urllib3.connectionpool DEBUG: https://share2.dexcom.com:443 "POST /ShareWebServices/Services/Publisher/ReadPublisherLatestGlucoseValues?sessionId=44e04ff2-8dbc-4731-b619-98f41bf42804&minutes=1440&maxCount=1 HTTP/1.1" 200 None
+2025-10-06 20:52:26,292 [121.3296914100647] notifier INFO: Requesting url https://share2.dexcom.com/ShareWebServices/Services
+2025-10-06 20:52:26,293 [121.33069133758545] pydexcom DEBUG: Retrieve glucose readings from the glucose readings endpoint
+2025-10-06 20:52:26,406 [121.44394898414612] urllib3.connectionpool DEBUG: https://share2.dexcom.com:443 "POST /ShareWebServices/Services/Publisher/ReadPublisherLatestGlucoseValues?sessionId=44e04ff2-8dbc-4731-b619-98f41bf42804&minutes=1440&maxCount=1 HTTP/1.1" 200 None
+2025-10-06 20:52:27,279 [122.3166446685791] status INFO: Requesting url: https://share2.dexcom.com/ShareWebServices/Services/General/AuthenticatePublisherAccount
+2025-10-06 20:52:27,279 [122.3166446685791] urllib3.connectionpool DEBUG: Starting new HTTPS connection (1): share2.dexcom.com:443
+2025-10-06 20:52:27,408 [122.44524121284485] notifier INFO: Requesting url https://share2.dexcom.com/ShareWebServices/Services
+2025-10-06 20:52:27,408 [122.44524121284485] pydexcom DEBUG: Retrieve glucose readings from the glucose readings endpoint
+2025-10-06 20:52:27,558 [122.59534215927124] urllib3.connectionpool DEBUG: https://share2.dexcom.com:443 "POST /ShareWebServices/Services/Publisher/ReadPublisherLatestGlucoseValues?sessionId=44e04ff2-8dbc-4731-b619-98f41bf42804&minutes=1440&maxCount=1 HTTP/1.1" 200 None
+2025-10-06 20:52:27,563 [122.60091257095337] notifier INFO: Requesting url https://share2.dexcom.com/ShareWebServices/Services
+2025-10-06 20:52:27,563 [122.60091257095337] pydexcom DEBUG: Retrieve glucose readings from the glucose readings endpoint
+2025-10-06 20:52:27,620 [122.65839314460754] notifier INFO: Requesting url General/AuthenticatePublisherAccount
+2025-10-06 20:52:27,621 [122.65839314460754] pydexcom DEBUG: Retrieve account ID from the authentication endpoint
+2025-10-06 20:52:27,622 [122.65897417068481] urllib3.connectionpool DEBUG: Starting new HTTPS connection (1): share2.dexcom.com:443
+2025-10-06 20:52:27,693 [122.73096060752869] urllib3.connectionpool DEBUG: https://share2.dexcom.com:443 "POST /ShareWebServices/Services/Publisher/ReadPublisherLatestGlucoseValues?sessionId=44e04ff2-8dbc-4731-b619-98f41bf42804&minutes=1440&maxCount=1 HTTP/1.1" 200 None
+2025-10-06 20:52:27,765 [122.80289316177368] urllib3.connectionpool DEBUG: https://share2.dexcom.com:443 "GET /ShareWebServices/Services/General/AuthenticatePublisherAccount HTTP/1.1" 405 176
+2025-10-06 20:52:28,234 [123.27174139022827] urllib3.connectionpool DEBUG: https://share2.dexcom.com:443 "POST /ShareWebServices/Services/General/AuthenticatePublisherAccount HTTP/1.1" 200 38
+2025-10-06 20:52:28,235 [123.27274560928345] pydexcom DEBUG: Retrieve session ID from the login endpoint
+2025-10-06 20:52:28,696 [123.73319745063782] notifier INFO: Requesting url https://share2.dexcom.com/ShareWebServices/Services
+2025-10-06 20:52:28,696 [123.73319745063782] pydexcom DEBUG: Retrieve glucose readings from the glucose readings endpoint
+2025-10-06 20:52:28,752 [123.7898337841034] urllib3.connectionpool DEBUG: https://share2.dexcom.com:443 "POST /ShareWebServices/Services/General/LoginPublisherAccountById HTTP/1.1" 200 38
+2025-10-06 20:52:28,758 [123.79585146903992] pydexcom DEBUG: Retrieve glucose readings from the glucose readings endpoint
+2025-10-06 20:52:28,769 [123.8062436580658] status INFO: Requesting url: https://share2.dexcom.com/ShareWebServices/Services/General/AuthenticatePublisherAccount
+2025-10-06 20:52:28,770 [123.80724835395813] urllib3.connectionpool DEBUG: Starting new HTTPS connection (1): share2.dexcom.com:443
+2025-10-06 20:52:28,843 [123.88078474998474] urllib3.connectionpool DEBUG: https://share2.dexcom.com:443 "POST /ShareWebServices/Services/Publisher/ReadPublisherLatestGlucoseValues?sessionId=44e04ff2-8dbc-4731-b619-98f41bf42804&minutes=1440&maxCount=1 HTTP/1.1" 200 None
+2025-10-06 20:52:28,843 [123.88078474998474] notifier INFO: Requesting url https://share2.dexcom.com/ShareWebServices/Services
+2025-10-06 20:52:28,843 [123.88078474998474] pydexcom DEBUG: Retrieve glucose readings from the glucose readings endpoint
+2025-10-06 20:52:28,974 [124.01172947883606] urllib3.connectionpool DEBUG: https://share2.dexcom.com:443 "POST /ShareWebServices/Services/Publisher/ReadPublisherLatestGlucoseValues?sessionId=44e04ff2-8dbc-4731-b619-98f41bf42804&minutes=1440&maxCount=1 HTTP/1.1" 200 None
+2025-10-06 20:52:28,987 [124.02452635765076] urllib3.connectionpool DEBUG: https://share2.dexcom.com:443 "POST /ShareWebServices/Services/Publisher/ReadPublisherLatestGlucoseValues?sessionId=44e04ff2-8dbc-4731-b619-98f41bf42804&minutes=1440&maxCount=1 HTTP/1.1" 200 None
+2025-10-06 20:52:29,155 [124.19282865524292] urllib3.connectionpool DEBUG: https://share2.dexcom.com:443 "GET /ShareWebServices/Services/General/AuthenticatePublisherAccount HTTP/1.1" 405 176
+2025-10-06 20:52:29,989 [125.0263979434967] notifier INFO: Requesting url https://share2.dexcom.com/ShareWebServices/Services
+2025-10-06 20:52:29,989 [125.0263979434967] pydexcom DEBUG: Retrieve glucose readings from the glucose readings endpoint
+2025-10-06 20:52:30,154 [125.19170355796814] urllib3.connectionpool DEBUG: https://share2.dexcom.com:443 "POST /ShareWebServices/Services/Publisher/ReadPublisherLatestGlucoseValues?sessionId=44e04ff2-8dbc-4731-b619-98f41bf42804&minutes=1440&maxCount=1 HTTP/1.1" 200 None
+2025-10-06 20:52:30,156 [125.19320774078369] notifier INFO: Requesting url https://share2.dexcom.com/ShareWebServices/Services
+2025-10-06 20:52:30,156 [125.19320774078369] pydexcom DEBUG: Retrieve glucose readings from the glucose readings endpoint
+2025-10-06 20:52:30,157 [125.19471287727356] status INFO: Requesting url: https://share2.dexcom.com/ShareWebServices/Services/General/AuthenticatePublisherAccount
+2025-10-06 20:52:30,158 [125.19573736190796] urllib3.connectionpool DEBUG: Starting new HTTPS connection (1): share2.dexcom.com:443
+2025-10-06 20:52:30,264 [125.30152821540833] pydexcom DEBUG: Retrieve glucose readings from the glucose readings endpoint
+2025-10-06 20:52:30,279 [125.31614923477173] urllib3.connectionpool DEBUG: https://share2.dexcom.com:443 "POST /ShareWebServices/Services/Publisher/ReadPublisherLatestGlucoseValues?sessionId=44e04ff2-8dbc-4731-b619-98f41bf42804&minutes=1440&maxCount=1 HTTP/1.1" 200 None
+2025-10-06 20:52:30,362 [125.39954614639282] urllib3.connectionpool DEBUG: https://share2.dexcom.com:443 "GET /ShareWebServices/Services/General/AuthenticatePublisherAccount HTTP/1.1" 405 176
+2025-10-06 20:52:30,369 [125.40632605552673] urllib3.connectionpool DEBUG: https://share2.dexcom.com:443 "POST /ShareWebServices/Services/Publisher/ReadPublisherLatestGlucoseValues?sessionId=44e04ff2-8dbc-4731-b619-98f41bf42804&minutes=1440&maxCount=1 HTTP/1.1" 200 None
+2025-10-06 20:52:31,281 [126.31877756118774] notifier INFO: Requesting url https://share2.dexcom.com/ShareWebServices/Services
+2025-10-06 20:52:31,281 [126.31877756118774] pydexcom DEBUG: Retrieve glucose readings from the glucose readings endpoint
+2025-10-06 20:52:31,364 [126.40192770957947] status INFO: Requesting url: https://share2.dexcom.com/ShareWebServices/Services/General/AuthenticatePublisherAccount
+2025-10-06 20:52:31,366 [126.40302062034607] urllib3.connectionpool DEBUG: Starting new HTTPS connection (1): share2.dexcom.com:443
+2025-10-06 20:52:31,402 [126.43949890136719] urllib3.connectionpool DEBUG: https://share2.dexcom.com:443 "POST /ShareWebServices/Services/Publisher/ReadPublisherLatestGlucoseValues?sessionId=44e04ff2-8dbc-4731-b619-98f41bf42804&minutes=1440&maxCount=1 HTTP/1.1" 200 None
+2025-10-06 20:52:31,403 [126.44059205055237] notifier INFO: Requesting url https://share2.dexcom.com/ShareWebServices/Services
+2025-10-06 20:52:31,403 [126.44059205055237] pydexcom DEBUG: Retrieve glucose readings from the glucose readings endpoint
+2025-10-06 20:52:31,537 [126.57471919059753] urllib3.connectionpool DEBUG: https://share2.dexcom.com:443 "POST /ShareWebServices/Services/Publisher/ReadPublisherLatestGlucoseValues?sessionId=44e04ff2-8dbc-4731-b619-98f41bf42804&minutes=1440&maxCount=1 HTTP/1.1" 200 None
+2025-10-06 20:52:31,638 [126.6754322052002] urllib3.connectionpool DEBUG: https://share2.dexcom.com:443 "GET /ShareWebServices/Services/General/AuthenticatePublisherAccount HTTP/1.1" 405 176
+2025-10-06 20:52:32,539 [127.5766007900238] notifier INFO: Requesting url https://share2.dexcom.com/ShareWebServices/Services
+2025-10-06 20:52:32,539 [127.5766007900238] pydexcom DEBUG: Retrieve glucose readings from the glucose readings endpoint
+2025-10-06 20:52:32,644 [127.68174910545349] status INFO: Requesting url: https://share2.dexcom.com/ShareWebServices/Services/General/AuthenticatePublisherAccount
+2025-10-06 20:52:32,644 [127.68174910545349] urllib3.connectionpool DEBUG: Starting new HTTPS connection (1): share2.dexcom.com:443
+2025-10-06 20:52:32,713 [127.75089836120605] urllib3.connectionpool DEBUG: https://share2.dexcom.com:443 "POST /ShareWebServices/Services/Publisher/ReadPublisherLatestGlucoseValues?sessionId=44e04ff2-8dbc-4731-b619-98f41bf42804&minutes=1440&maxCount=1 HTTP/1.1" 200 None
+2025-10-06 20:52:32,713 [127.75089836120605] notifier INFO: Requesting url https://share2.dexcom.com/ShareWebServices/Services
+2025-10-06 20:52:32,713 [127.75089836120605] pydexcom DEBUG: Retrieve glucose readings from the glucose readings endpoint
+2025-10-06 20:52:32,822 [127.85967564582825] urllib3.connectionpool DEBUG: https://share2.dexcom.com:443 "POST /ShareWebServices/Services/Publisher/ReadPublisherLatestGlucoseValues?sessionId=44e04ff2-8dbc-4731-b619-98f41bf42804&minutes=1440&maxCount=1 HTTP/1.1" 200 None
+2025-10-06 20:52:32,856 [127.89364624023438] urllib3.connectionpool DEBUG: https://share2.dexcom.com:443 "GET /ShareWebServices/Services/General/AuthenticatePublisherAccount HTTP/1.1" 405 176
+2025-10-06 20:52:33,824 [128.8611958026886] notifier INFO: Requesting url https://share2.dexcom.com/ShareWebServices/Services
+2025-10-06 20:52:33,824 [128.8622007369995] pydexcom DEBUG: Retrieve glucose readings from the glucose readings endpoint
+2025-10-06 20:52:33,864 [128.90130138397217] status INFO: Requesting url: https://share2.dexcom.com/ShareWebServices/Services/General/AuthenticatePublisherAccount
+2025-10-06 20:52:33,864 [128.90130138397217] urllib3.connectionpool DEBUG: Starting new HTTPS connection (1): share2.dexcom.com:443
+2025-10-06 20:52:33,954 [128.99100303649902] urllib3.connectionpool DEBUG: https://share2.dexcom.com:443 "POST /ShareWebServices/Services/Publisher/ReadPublisherLatestGlucoseValues?sessionId=44e04ff2-8dbc-4731-b619-98f41bf42804&minutes=1440&maxCount=1 HTTP/1.1" 200 None
+2025-10-06 20:52:33,954 [128.99100303649902] notifier INFO: Requesting url https://share2.dexcom.com/ShareWebServices/Services
+2025-10-06 20:52:33,954 [128.99100303649902] pydexcom DEBUG: Retrieve glucose readings from the glucose readings endpoint
+2025-10-06 20:52:33,981 [129.018634557724] notifier INFO: Requesting url General/AuthenticatePublisherAccount
+2025-10-06 20:52:33,981 [129.018634557724] pydexcom DEBUG: Retrieve account ID from the authentication endpoint
+2025-10-06 20:52:33,982 [129.01964664459229] urllib3.connectionpool DEBUG: Starting new HTTPS connection (1): share2.dexcom.com:443
+2025-10-06 20:52:34,064 [129.10109972953796] urllib3.connectionpool DEBUG: https://share2.dexcom.com:443 "POST /ShareWebServices/Services/Publisher/ReadPublisherLatestGlucoseValues?sessionId=44e04ff2-8dbc-4731-b619-98f41bf42804&minutes=1440&maxCount=1 HTTP/1.1" 200 None
+2025-10-06 20:52:34,094 [129.13104581832886] urllib3.connectionpool DEBUG: https://share2.dexcom.com:443 "GET /ShareWebServices/Services/General/AuthenticatePublisherAccount HTTP/1.1" 405 176
+2025-10-06 20:52:34,411 [129.4487907886505] urllib3.connectionpool DEBUG: https://share2.dexcom.com:443 "POST /ShareWebServices/Services/General/AuthenticatePublisherAccount HTTP/1.1" 200 38
+2025-10-06 20:52:34,412 [129.4498007297516] pydexcom DEBUG: Retrieve session ID from the login endpoint
+2025-10-06 20:52:34,851 [129.8888463973999] urllib3.connectionpool DEBUG: https://share2.dexcom.com:443 "POST /ShareWebServices/Services/General/LoginPublisherAccountById HTTP/1.1" 200 38
+2025-10-06 20:52:34,855 [129.89285397529602] pydexcom DEBUG: Retrieve glucose readings from the glucose readings endpoint
+2025-10-06 20:52:34,965 [130.0027618408203] urllib3.connectionpool DEBUG: https://share2.dexcom.com:443 "POST /ShareWebServices/Services/Publisher/ReadPublisherLatestGlucoseValues?sessionId=44e04ff2-8dbc-4731-b619-98f41bf42804&minutes=1440&maxCount=1 HTTP/1.1" 200 None
+2025-10-06 20:52:35,065 [130.10282707214355] notifier INFO: Requesting url https://share2.dexcom.com/ShareWebServices/Services
+2025-10-06 20:52:35,065 [130.10282707214355] pydexcom DEBUG: Retrieve glucose readings from the glucose readings endpoint
+2025-10-06 20:52:35,096 [130.13382530212402] status INFO: Requesting url: https://share2.dexcom.com/ShareWebServices/Services/General/AuthenticatePublisherAccount
+2025-10-06 20:52:35,097 [130.1348524093628] urllib3.connectionpool DEBUG: Starting new HTTPS connection (1): share2.dexcom.com:443
+2025-10-06 20:52:35,178 [130.21511840820312] urllib3.connectionpool DEBUG: https://share2.dexcom.com:443 "POST /ShareWebServices/Services/Publisher/ReadPublisherLatestGlucoseValues?sessionId=44e04ff2-8dbc-4731-b619-98f41bf42804&minutes=1440&maxCount=1 HTTP/1.1" 200 None
+2025-10-06 20:52:35,178 [130.21511840820312] notifier INFO: Requesting url https://share2.dexcom.com/ShareWebServices/Services
+2025-10-06 20:52:35,178 [130.21511840820312] pydexcom DEBUG: Retrieve glucose readings from the glucose readings endpoint
+2025-10-06 20:52:35,287 [130.32427334785461] urllib3.connectionpool DEBUG: https://share2.dexcom.com:443 "GET /ShareWebServices/Services/General/AuthenticatePublisherAccount HTTP/1.1" 405 176
+2025-10-06 20:52:35,292 [130.32928562164307] urllib3.connectionpool DEBUG: https://share2.dexcom.com:443 "POST /ShareWebServices/Services/Publisher/ReadPublisherLatestGlucoseValues?sessionId=44e04ff2-8dbc-4731-b619-98f41bf42804&minutes=1440&maxCount=1 HTTP/1.1" 200 None
+2025-10-06 20:52:35,386 [130.42380380630493] pydexcom DEBUG: Retrieve glucose readings from the glucose readings endpoint
+2025-10-06 20:52:35,501 [130.53847932815552] urllib3.connectionpool DEBUG: https://share2.dexcom.com:443 "POST /ShareWebServices/Services/Publisher/ReadPublisherLatestGlucoseValues?sessionId=44e04ff2-8dbc-4731-b619-98f41bf42804&minutes=1440&maxCount=1 HTTP/1.1" 200 None
+2025-10-06 20:52:36,289 [131.32626461982727] status INFO: Requesting url: https://share2.dexcom.com/ShareWebServices/Services/General/AuthenticatePublisherAccount
+2025-10-06 20:52:36,290 [131.32761240005493] urllib3.connectionpool DEBUG: Starting new HTTPS connection (1): share2.dexcom.com:443
+2025-10-06 20:52:36,294 [131.33104968070984] notifier INFO: Requesting url https://share2.dexcom.com/ShareWebServices/Services
+2025-10-06 20:52:36,294 [131.33104968070984] pydexcom DEBUG: Retrieve glucose readings from the glucose readings endpoint
+2025-10-06 20:52:36,393 [131.4307403564453] urllib3.connectionpool DEBUG: https://share2.dexcom.com:443 "POST /ShareWebServices/Services/Publisher/ReadPublisherLatestGlucoseValues?sessionId=44e04ff2-8dbc-4731-b619-98f41bf42804&minutes=1440&maxCount=1 HTTP/1.1" 200 None
+2025-10-06 20:52:36,393 [131.4307403564453] notifier INFO: Requesting url https://share2.dexcom.com/ShareWebServices/Services
+2025-10-06 20:52:36,395 [131.43281650543213] pydexcom DEBUG: Retrieve glucose readings from the glucose readings endpoint
+2025-10-06 20:52:36,478 [131.5156672000885] urllib3.connectionpool DEBUG: https://share2.dexcom.com:443 "GET /ShareWebServices/Services/General/AuthenticatePublisherAccount HTTP/1.1" 405 176
+2025-10-06 20:52:36,508 [131.54533505439758] urllib3.connectionpool DEBUG: https://share2.dexcom.com:443 "POST /ShareWebServices/Services/Publisher/ReadPublisherLatestGlucoseValues?sessionId=44e04ff2-8dbc-4731-b619-98f41bf42804&minutes=1440&maxCount=1 HTTP/1.1" 200 None
+2025-10-06 20:52:37,484 [132.5213885307312] status INFO: Requesting url: https://share2.dexcom.com/ShareWebServices/Services/General/AuthenticatePublisherAccount
+2025-10-06 20:52:37,484 [132.5213885307312] urllib3.connectionpool DEBUG: Starting new HTTPS connection (1): share2.dexcom.com:443
+2025-10-06 20:52:37,510 [132.54752898216248] notifier INFO: Requesting url https://share2.dexcom.com/ShareWebServices/Services
+2025-10-06 20:52:37,510 [132.54752898216248] pydexcom DEBUG: Retrieve glucose readings from the glucose readings endpoint
+2025-10-06 20:52:37,606 [132.64311838150024] urllib3.connectionpool DEBUG: https://share2.dexcom.com:443 "POST /ShareWebServices/Services/Publisher/ReadPublisherLatestGlucoseValues?sessionId=44e04ff2-8dbc-4731-b619-98f41bf42804&minutes=1440&maxCount=1 HTTP/1.1" 200 None
+2025-10-06 20:52:37,606 [132.64311838150024] notifier INFO: Requesting url https://share2.dexcom.com/ShareWebServices/Services
+2025-10-06 20:52:37,606 [132.64311838150024] pydexcom DEBUG: Retrieve glucose readings from the glucose readings endpoint
+2025-10-06 20:52:37,664 [132.7019076347351] urllib3.connectionpool DEBUG: https://share2.dexcom.com:443 "GET /ShareWebServices/Services/General/AuthenticatePublisherAccount HTTP/1.1" 405 176
+2025-10-06 20:52:37,725 [132.7628664970398] urllib3.connectionpool DEBUG: https://share2.dexcom.com:443 "POST /ShareWebServices/Services/Publisher/ReadPublisherLatestGlucoseValues?sessionId=44e04ff2-8dbc-4731-b619-98f41bf42804&minutes=1440&maxCount=1 HTTP/1.1" 200 None
+2025-10-06 20:52:38,669 [133.70605969429016] status INFO: Requesting url: https://share2.dexcom.com/ShareWebServices/Services/General/AuthenticatePublisherAccount
+2025-10-06 20:52:38,670 [133.70707297325134] urllib3.connectionpool DEBUG: Starting new HTTPS connection (1): share2.dexcom.com:443
+2025-10-06 20:52:38,728 [133.76571035385132] notifier INFO: Requesting url https://share2.dexcom.com/ShareWebServices/Services
+2025-10-06 20:52:38,728 [133.76673674583435] pydexcom DEBUG: Retrieve glucose readings from the glucose readings endpoint
+2025-10-06 20:52:38,848 [133.88571405410767] urllib3.connectionpool DEBUG: https://share2.dexcom.com:443 "POST /ShareWebServices/Services/Publisher/ReadPublisherLatestGlucoseValues?sessionId=44e04ff2-8dbc-4731-b619-98f41bf42804&minutes=1440&maxCount=1 HTTP/1.1" 200 None
+2025-10-06 20:52:38,848 [133.88571405410767] notifier INFO: Requesting url https://share2.dexcom.com/ShareWebServices/Services
+2025-10-06 20:52:38,848 [133.88571405410767] pydexcom DEBUG: Retrieve glucose readings from the glucose readings endpoint
+2025-10-06 20:52:38,897 [133.93450140953064] urllib3.connectionpool DEBUG: https://share2.dexcom.com:443 "GET /ShareWebServices/Services/General/AuthenticatePublisherAccount HTTP/1.1" 405 176
+2025-10-06 20:52:38,956 [133.9939305782318] urllib3.connectionpool DEBUG: https://share2.dexcom.com:443 "POST /ShareWebServices/Services/Publisher/ReadPublisherLatestGlucoseValues?sessionId=44e04ff2-8dbc-4731-b619-98f41bf42804&minutes=1440&maxCount=1 HTTP/1.1" 200 None
+2025-10-06 20:52:39,903 [134.9402575492859] status INFO: Requesting url: https://share2.dexcom.com/ShareWebServices/Services/General/AuthenticatePublisherAccount
+2025-10-06 20:52:39,905 [134.94199514389038] urllib3.connectionpool DEBUG: Starting new HTTPS connection (1): share2.dexcom.com:443
+2025-10-06 20:52:39,958 [134.9955222606659] notifier INFO: Requesting url https://share2.dexcom.com/ShareWebServices/Services
+2025-10-06 20:52:39,958 [134.9955222606659] pydexcom DEBUG: Retrieve glucose readings from the glucose readings endpoint
+2025-10-06 20:52:39,989 [135.02606797218323] notifier INFO: Requesting url General/AuthenticatePublisherAccount
+2025-10-06 20:52:39,989 [135.02714848518372] pydexcom DEBUG: Retrieve account ID from the authentication endpoint
+2025-10-06 20:52:39,990 [135.02714848518372] urllib3.connectionpool DEBUG: Starting new HTTPS connection (1): share2.dexcom.com:443
+2025-10-06 20:52:40,093 [135.13083839416504] urllib3.connectionpool DEBUG: https://share2.dexcom.com:443 "POST /ShareWebServices/Services/Publisher/ReadPublisherLatestGlucoseValues?sessionId=44e04ff2-8dbc-4731-b619-98f41bf42804&minutes=1440&maxCount=1 HTTP/1.1" 200 None
+2025-10-06 20:52:40,098 [135.13580346107483] notifier INFO: Requesting url https://share2.dexcom.com/ShareWebServices/Services
+2025-10-06 20:52:40,098 [135.13580346107483] pydexcom DEBUG: Retrieve glucose readings from the glucose readings endpoint
+2025-10-06 20:52:40,098 [135.13580346107483] urllib3.connectionpool DEBUG: https://share2.dexcom.com:443 "GET /ShareWebServices/Services/General/AuthenticatePublisherAccount HTTP/1.1" 405 176
+2025-10-06 20:52:40,234 [135.27101111412048] urllib3.connectionpool DEBUG: https://share2.dexcom.com:443 "POST /ShareWebServices/Services/Publisher/ReadPublisherLatestGlucoseValues?sessionId=44e04ff2-8dbc-4731-b619-98f41bf42804&minutes=1440&maxCount=1 HTTP/1.1" 200 None
+2025-10-06 20:52:40,453 [135.4903769493103] urllib3.connectionpool DEBUG: https://share2.dexcom.com:443 "POST /ShareWebServices/Services/General/AuthenticatePublisherAccount HTTP/1.1" 200 38
+2025-10-06 20:52:40,453 [135.49089217185974] pydexcom DEBUG: Retrieve session ID from the login endpoint
+2025-10-06 20:52:40,513 [135.5509431362152] pydexcom DEBUG: Retrieve glucose readings from the glucose readings endpoint
+2025-10-06 20:52:40,633 [135.6700723171234] urllib3.connectionpool DEBUG: https://share2.dexcom.com:443 "POST /ShareWebServices/Services/Publisher/ReadPublisherLatestGlucoseValues?sessionId=44e04ff2-8dbc-4731-b619-98f41bf42804&minutes=1440&maxCount=1 HTTP/1.1" 200 None
+2025-10-06 20:52:40,999 [136.03658533096313] urllib3.connectionpool DEBUG: https://share2.dexcom.com:443 "POST /ShareWebServices/Services/General/LoginPublisherAccountById HTTP/1.1" 200 38
+2025-10-06 20:52:41,018 [136.0549829006195] pydexcom DEBUG: Retrieve glucose readings from the glucose readings endpoint
+2025-10-06 20:52:41,103 [136.14015412330627] status INFO: Requesting url: https://share2.dexcom.com/ShareWebServices/Services/General/AuthenticatePublisherAccount
+2025-10-06 20:52:41,103 [136.14065885543823] urllib3.connectionpool DEBUG: Starting new HTTPS connection (1): share2.dexcom.com:443
+2025-10-06 20:52:41,121 [136.15825152397156] urllib3.connectionpool DEBUG: https://share2.dexcom.com:443 "POST /ShareWebServices/Services/Publisher/ReadPublisherLatestGlucoseValues?sessionId=44e04ff2-8dbc-4731-b619-98f41bf42804&minutes=1440&maxCount=1 HTTP/1.1" 200 None
+2025-10-06 20:52:41,235 [136.27334713935852] notifier INFO: Requesting url https://share2.dexcom.com/ShareWebServices/Services
+2025-10-06 20:52:41,236 [136.27334713935852] pydexcom DEBUG: Retrieve glucose readings from the glucose readings endpoint
+2025-10-06 20:52:41,312 [136.3495388031006] urllib3.connectionpool DEBUG: https://share2.dexcom.com:443 "GET /ShareWebServices/Services/General/AuthenticatePublisherAccount HTTP/1.1" 405 176
+2025-10-06 20:52:41,355 [136.39282965660095] urllib3.connectionpool DEBUG: https://share2.dexcom.com:443 "POST /ShareWebServices/Services/Publisher/ReadPublisherLatestGlucoseValues?sessionId=44e04ff2-8dbc-4731-b619-98f41bf42804&minutes=1440&maxCount=1 HTTP/1.1" 200 None
+2025-10-06 20:52:41,355 [136.39282965660095] notifier INFO: Requesting url https://share2.dexcom.com/ShareWebServices/Services
+2025-10-06 20:52:41,355 [136.39282965660095] pydexcom DEBUG: Retrieve glucose readings from the glucose readings endpoint
+2025-10-06 20:52:41,473 [136.51070189476013] urllib3.connectionpool DEBUG: https://share2.dexcom.com:443 "POST /ShareWebServices/Services/Publisher/ReadPublisherLatestGlucoseValues?sessionId=44e04ff2-8dbc-4731-b619-98f41bf42804&minutes=1440&maxCount=1 HTTP/1.1" 200 None
+2025-10-06 20:52:42,315 [137.3521192073822] status INFO: Requesting url: https://share2.dexcom.com/ShareWebServices/Services/General/AuthenticatePublisherAccount
+2025-10-06 20:52:42,316 [137.3531618118286] urllib3.connectionpool DEBUG: Starting new HTTPS connection (1): share2.dexcom.com:443
+2025-10-06 20:52:42,475 [137.51199316978455] notifier INFO: Requesting url https://share2.dexcom.com/ShareWebServices/Services
+2025-10-06 20:52:42,475 [137.51199316978455] pydexcom DEBUG: Retrieve glucose readings from the glucose readings endpoint
+2025-10-06 20:52:42,523 [137.5608434677124] urllib3.connectionpool DEBUG: https://share2.dexcom.com:443 "GET /ShareWebServices/Services/General/AuthenticatePublisherAccount HTTP/1.1" 405 176
+2025-10-06 20:52:42,588 [137.6251769065857] urllib3.connectionpool DEBUG: https://share2.dexcom.com:443 "POST /ShareWebServices/Services/Publisher/ReadPublisherLatestGlucoseValues?sessionId=44e04ff2-8dbc-4731-b619-98f41bf42804&minutes=1440&maxCount=1 HTTP/1.1" 200 None
+2025-10-06 20:52:42,589 [137.62617874145508] notifier INFO: Requesting url https://share2.dexcom.com/ShareWebServices/Services
+2025-10-06 20:52:42,589 [137.62617874145508] pydexcom DEBUG: Retrieve glucose readings from the glucose readings endpoint
+2025-10-06 20:52:42,702 [137.7390022277832] urllib3.connectionpool DEBUG: https://share2.dexcom.com:443 "POST /ShareWebServices/Services/Publisher/ReadPublisherLatestGlucoseValues?sessionId=44e04ff2-8dbc-4731-b619-98f41bf42804&minutes=1440&maxCount=1 HTTP/1.1" 200 None
+2025-10-06 20:52:43,526 [138.56297159194946] status INFO: Requesting url: https://share2.dexcom.com/ShareWebServices/Services/General/AuthenticatePublisherAccount
+2025-10-06 20:52:43,528 [138.5649778842926] urllib3.connectionpool DEBUG: Starting new HTTPS connection (1): share2.dexcom.com:443
+2025-10-06 20:52:43,703 [138.74094223976135] notifier INFO: Requesting url https://share2.dexcom.com/ShareWebServices/Services
+2025-10-06 20:52:43,703 [138.74094223976135] pydexcom DEBUG: Retrieve glucose readings from the glucose readings endpoint
+2025-10-06 20:52:43,722 [138.76066899299622] urllib3.connectionpool DEBUG: https://share2.dexcom.com:443 "GET /ShareWebServices/Services/General/AuthenticatePublisherAccount HTTP/1.1" 405 176
+2025-10-06 20:52:43,793 [138.83086943626404] urllib3.connectionpool DEBUG: https://share2.dexcom.com:443 "POST /ShareWebServices/Services/Publisher/ReadPublisherLatestGlucoseValues?sessionId=44e04ff2-8dbc-4731-b619-98f41bf42804&minutes=1440&maxCount=1 HTTP/1.1" 200 None
+2025-10-06 20:52:43,803 [138.84062361717224] notifier INFO: Requesting url https://share2.dexcom.com/ShareWebServices/Services
+2025-10-06 20:52:43,803 [138.84062361717224] pydexcom DEBUG: Retrieve glucose readings from the glucose readings endpoint
+2025-10-06 20:52:43,907 [138.94470977783203] urllib3.connectionpool DEBUG: https://share2.dexcom.com:443 "POST /ShareWebServices/Services/Publisher/ReadPublisherLatestGlucoseValues?sessionId=44e04ff2-8dbc-4731-b619-98f41bf42804&minutes=1440&maxCount=1 HTTP/1.1" 200 None
+2025-10-06 20:52:44,725 [139.76224064826965] status INFO: Requesting url: https://share2.dexcom.com/ShareWebServices/Services/General/AuthenticatePublisherAccount
+2025-10-06 20:52:44,725 [139.7627727985382] urllib3.connectionpool DEBUG: Starting new HTTPS connection (1): share2.dexcom.com:443
+2025-10-06 20:52:44,913 [139.95008659362793] notifier INFO: Requesting url https://share2.dexcom.com/ShareWebServices/Services
+2025-10-06 20:52:44,913 [139.95008659362793] pydexcom DEBUG: Retrieve glucose readings from the glucose readings endpoint
+2025-10-06 20:52:44,992 [140.02955102920532] urllib3.connectionpool DEBUG: https://share2.dexcom.com:443 "GET /ShareWebServices/Services/General/AuthenticatePublisherAccount HTTP/1.1" 405 176
+2025-10-06 20:52:45,041 [140.07854080200195] urllib3.connectionpool DEBUG: https://share2.dexcom.com:443 "POST /ShareWebServices/Services/Publisher/ReadPublisherLatestGlucoseValues?sessionId=44e04ff2-8dbc-4731-b619-98f41bf42804&minutes=1440&maxCount=1 HTTP/1.1" 200 None
+2025-10-06 20:52:45,042 [140.07954144477844] notifier INFO: Requesting url https://share2.dexcom.com/ShareWebServices/Services
+2025-10-06 20:52:45,042 [140.07954144477844] pydexcom DEBUG: Retrieve glucose readings from the glucose readings endpoint
+2025-10-06 20:52:45,145 [140.1829354763031] urllib3.connectionpool DEBUG: https://share2.dexcom.com:443 "POST /ShareWebServices/Services/Publisher/ReadPublisherLatestGlucoseValues?sessionId=44e04ff2-8dbc-4731-b619-98f41bf42804&minutes=1440&maxCount=1 HTTP/1.1" 200 None
+2025-10-06 20:52:45,641 [140.67857265472412] pydexcom DEBUG: Retrieve glucose readings from the glucose readings endpoint
+2025-10-06 20:52:45,757 [140.79489493370056] urllib3.connectionpool DEBUG: https://share2.dexcom.com:443 "POST /ShareWebServices/Services/Publisher/ReadPublisherLatestGlucoseValues?sessionId=44e04ff2-8dbc-4731-b619-98f41bf42804&minutes=1440&maxCount=1 HTTP/1.1" 200 None
+2025-10-06 20:52:45,995 [141.0323965549469] status INFO: Requesting url: https://share2.dexcom.com/ShareWebServices/Services/General/AuthenticatePublisherAccount
+2025-10-06 20:52:45,996 [141.03393626213074] urllib3.connectionpool DEBUG: Starting new HTTPS connection (1): share2.dexcom.com:443
+2025-10-06 20:52:46,125 [141.16275906562805] notifier INFO: Requesting url General/AuthenticatePublisherAccount
+2025-10-06 20:52:46,125 [141.16275906562805] pydexcom DEBUG: Retrieve account ID from the authentication endpoint
+2025-10-06 20:52:46,125 [141.16275906562805] urllib3.connectionpool DEBUG: Starting new HTTPS connection (1): share2.dexcom.com:443
+2025-10-06 20:52:46,149 [141.18635177612305] notifier INFO: Requesting url https://share2.dexcom.com/ShareWebServices/Services
+2025-10-06 20:52:46,149 [141.18635177612305] pydexcom DEBUG: Retrieve glucose readings from the glucose readings endpoint
+2025-10-06 20:52:46,198 [141.235933303833] urllib3.connectionpool DEBUG: https://share2.dexcom.com:443 "GET /ShareWebServices/Services/General/AuthenticatePublisherAccount HTTP/1.1" 405 176
+2025-10-06 20:52:46,273 [141.31006383895874] urllib3.connectionpool DEBUG: https://share2.dexcom.com:443 "POST /ShareWebServices/Services/Publisher/ReadPublisherLatestGlucoseValues?sessionId=44e04ff2-8dbc-4731-b619-98f41bf42804&minutes=1440&maxCount=1 HTTP/1.1" 200 None
+2025-10-06 20:52:46,273 [141.31065011024475] notifier INFO: Requesting url https://share2.dexcom.com/ShareWebServices/Services
+2025-10-06 20:52:46,273 [141.31065011024475] pydexcom DEBUG: Retrieve glucose readings from the glucose readings endpoint
+2025-10-06 20:52:46,377 [141.41475653648376] urllib3.connectionpool DEBUG: https://share2.dexcom.com:443 "POST /ShareWebServices/Services/Publisher/ReadPublisherLatestGlucoseValues?sessionId=44e04ff2-8dbc-4731-b619-98f41bf42804&minutes=1440&maxCount=1 HTTP/1.1" 200 None
+2025-10-06 20:52:46,616 [141.65307188034058] urllib3.connectionpool DEBUG: https://share2.dexcom.com:443 "POST /ShareWebServices/Services/General/AuthenticatePublisherAccount HTTP/1.1" 200 38
+2025-10-06 20:52:46,616 [141.65307188034058] pydexcom DEBUG: Retrieve session ID from the login endpoint
+2025-10-06 20:52:47,024 [142.06106162071228] urllib3.connectionpool DEBUG: https://share2.dexcom.com:443 "POST /ShareWebServices/Services/General/LoginPublisherAccountById HTTP/1.1" 200 38
+2025-10-06 20:52:47,036 [142.07338643074036] pydexcom DEBUG: Retrieve glucose readings from the glucose readings endpoint
+2025-10-06 20:52:47,165 [142.20282983779907] urllib3.connectionpool DEBUG: https://share2.dexcom.com:443 "POST /ShareWebServices/Services/Publisher/ReadPublisherLatestGlucoseValues?sessionId=44e04ff2-8dbc-4731-b619-98f41bf42804&minutes=1440&maxCount=1 HTTP/1.1" 200 None
+2025-10-06 20:52:47,201 [142.23827528953552] status INFO: Requesting url: https://share2.dexcom.com/ShareWebServices/Services/General/AuthenticatePublisherAccount
+2025-10-06 20:52:47,201 [142.23827528953552] urllib3.connectionpool DEBUG: Starting new HTTPS connection (1): share2.dexcom.com:443
+2025-10-06 20:52:47,369 [142.40674757957458] urllib3.connectionpool DEBUG: https://share2.dexcom.com:443 "GET /ShareWebServices/Services/General/AuthenticatePublisherAccount HTTP/1.1" 405 176
+2025-10-06 20:52:47,384 [142.421306848526] notifier INFO: Requesting url https://share2.dexcom.com/ShareWebServices/Services
+2025-10-06 20:52:47,384 [142.421306848526] pydexcom DEBUG: Retrieve glucose readings from the glucose readings endpoint
+2025-10-06 20:52:47,493 [142.53076577186584] urllib3.connectionpool DEBUG: https://share2.dexcom.com:443 "POST /ShareWebServices/Services/Publisher/ReadPublisherLatestGlucoseValues?sessionId=44e04ff2-8dbc-4731-b619-98f41bf42804&minutes=1440&maxCount=1 HTTP/1.1" 200 None
+2025-10-06 20:52:47,493 [142.53076577186584] notifier INFO: Requesting url https://share2.dexcom.com/ShareWebServices/Services
+2025-10-06 20:52:47,493 [142.53076577186584] pydexcom DEBUG: Retrieve glucose readings from the glucose readings endpoint
+2025-10-06 20:52:47,607 [142.6443932056427] urllib3.connectionpool DEBUG: https://share2.dexcom.com:443 "POST /ShareWebServices/Services/Publisher/ReadPublisherLatestGlucoseValues?sessionId=44e04ff2-8dbc-4731-b619-98f41bf42804&minutes=1440&maxCount=1 HTTP/1.1" 200 None
+2025-10-06 20:52:48,371 [143.40887761116028] status INFO: Requesting url: https://share2.dexcom.com/ShareWebServices/Services/General/AuthenticatePublisherAccount
+2025-10-06 20:52:48,372 [143.4099419116974] urllib3.connectionpool DEBUG: Starting new HTTPS connection (1): share2.dexcom.com:443
+2025-10-06 20:52:48,539 [143.576758146286] urllib3.connectionpool DEBUG: https://share2.dexcom.com:443 "GET /ShareWebServices/Services/General/AuthenticatePublisherAccount HTTP/1.1" 405 176
+2025-10-06 20:52:48,609 [143.64610934257507] notifier INFO: Requesting url https://share2.dexcom.com/ShareWebServices/Services
+2025-10-06 20:52:48,609 [143.64610934257507] pydexcom DEBUG: Retrieve glucose readings from the glucose readings endpoint
+2025-10-06 20:52:48,726 [143.76303148269653] urllib3.connectionpool DEBUG: https://share2.dexcom.com:443 "POST /ShareWebServices/Services/Publisher/ReadPublisherLatestGlucoseValues?sessionId=44e04ff2-8dbc-4731-b619-98f41bf42804&minutes=1440&maxCount=1 HTTP/1.1" 200 None
+2025-10-06 20:52:48,726 [143.76303148269653] notifier INFO: Requesting url https://share2.dexcom.com/ShareWebServices/Services
+2025-10-06 20:52:48,726 [143.76303148269653] pydexcom DEBUG: Retrieve glucose readings from the glucose readings endpoint
+2025-10-06 20:52:48,864 [143.90107250213623] urllib3.connectionpool DEBUG: https://share2.dexcom.com:443 "POST /ShareWebServices/Services/Publisher/ReadPublisherLatestGlucoseValues?sessionId=44e04ff2-8dbc-4731-b619-98f41bf42804&minutes=1440&maxCount=1 HTTP/1.1" 200 None
+2025-10-06 20:52:49,543 [144.58089923858643] status INFO: Requesting url: https://share2.dexcom.com/ShareWebServices/Services/General/AuthenticatePublisherAccount
+2025-10-06 20:52:49,545 [144.5829529762268] urllib3.connectionpool DEBUG: Starting new HTTPS connection (1): share2.dexcom.com:443
+2025-10-06 20:52:49,744 [144.7809977531433] urllib3.connectionpool DEBUG: https://share2.dexcom.com:443 "GET /ShareWebServices/Services/General/AuthenticatePublisherAccount HTTP/1.1" 405 176
+2025-10-06 20:52:49,869 [144.90742206573486] notifier INFO: Requesting url https://share2.dexcom.com/ShareWebServices/Services
+2025-10-06 20:52:49,870 [144.90742206573486] pydexcom DEBUG: Retrieve glucose readings from the glucose readings endpoint
+2025-10-06 20:52:49,977 [145.0148561000824] urllib3.connectionpool DEBUG: https://share2.dexcom.com:443 "POST /ShareWebServices/Services/Publisher/ReadPublisherLatestGlucoseValues?sessionId=44e04ff2-8dbc-4731-b619-98f41bf42804&minutes=1440&maxCount=1 HTTP/1.1" 200 None
+2025-10-06 20:52:49,978 [145.01585483551025] notifier INFO: Requesting url https://share2.dexcom.com/ShareWebServices/Services
+2025-10-06 20:52:49,978 [145.01585483551025] pydexcom DEBUG: Retrieve glucose readings from the glucose readings endpoint
+2025-10-06 20:52:50,090 [145.12754607200623] urllib3.connectionpool DEBUG: https://share2.dexcom.com:443 "POST /ShareWebServices/Services/Publisher/ReadPublisherLatestGlucoseValues?sessionId=44e04ff2-8dbc-4731-b619-98f41bf42804&minutes=1440&maxCount=1 HTTP/1.1" 200 None
+2025-10-06 20:52:50,749 [145.78643655776978] status INFO: Requesting url: https://share2.dexcom.com/ShareWebServices/Services/General/AuthenticatePublisherAccount
+2025-10-06 20:52:50,750 [145.78745102882385] urllib3.connectionpool DEBUG: Starting new HTTPS connection (1): share2.dexcom.com:443
+2025-10-06 20:52:50,766 [145.80471014976501] pydexcom DEBUG: Retrieve glucose readings from the glucose readings endpoint
+2025-10-06 20:52:50,881 [145.91841435432434] urllib3.connectionpool DEBUG: https://share2.dexcom.com:443 "POST /ShareWebServices/Services/Publisher/ReadPublisherLatestGlucoseValues?sessionId=44e04ff2-8dbc-4731-b619-98f41bf42804&minutes=1440&maxCount=1 HTTP/1.1" 200 None
+2025-10-06 20:52:50,930 [145.96711897850037] urllib3.connectionpool DEBUG: https://share2.dexcom.com:443 "GET /ShareWebServices/Services/General/AuthenticatePublisherAccount HTTP/1.1" 405 176
+2025-10-06 20:52:51,094 [146.13130450248718] notifier INFO: Requesting url https://share2.dexcom.com/ShareWebServices/Services
+2025-10-06 20:52:51,094 [146.13130450248718] pydexcom DEBUG: Retrieve glucose readings from the glucose readings endpoint
+2025-10-06 20:52:51,187 [146.22487950325012] urllib3.connectionpool DEBUG: https://share2.dexcom.com:443 "POST /ShareWebServices/Services/Publisher/ReadPublisherLatestGlucoseValues?sessionId=44e04ff2-8dbc-4731-b619-98f41bf42804&minutes=1440&maxCount=1 HTTP/1.1" 200 None
+2025-10-06 20:52:51,187 [146.22487950325012] notifier INFO: Requesting url https://share2.dexcom.com/ShareWebServices/Services
+2025-10-06 20:52:51,187 [146.22487950325012] pydexcom DEBUG: Retrieve glucose readings from the glucose readings endpoint
+2025-10-06 20:52:51,302 [146.33949875831604] urllib3.connectionpool DEBUG: https://share2.dexcom.com:443 "POST /ShareWebServices/Services/Publisher/ReadPublisherLatestGlucoseValues?sessionId=44e04ff2-8dbc-4731-b619-98f41bf42804&minutes=1440&maxCount=1 HTTP/1.1" 200 None
+2025-10-06 20:52:51,931 [146.96864914894104] status INFO: Requesting url: https://share2.dexcom.com/ShareWebServices/Services/General/AuthenticatePublisherAccount
+2025-10-06 20:52:51,931 [146.96864914894104] urllib3.connectionpool DEBUG: Starting new HTTPS connection (1): share2.dexcom.com:443
+2025-10-06 20:52:52,122 [147.15954971313477] urllib3.connectionpool DEBUG: https://share2.dexcom.com:443 "GET /ShareWebServices/Services/General/AuthenticatePublisherAccount HTTP/1.1" 405 176
+2025-10-06 20:52:52,171 [147.20823287963867] notifier INFO: Requesting url General/AuthenticatePublisherAccount
+2025-10-06 20:52:52,171 [147.20823287963867] pydexcom DEBUG: Retrieve account ID from the authentication endpoint
+2025-10-06 20:52:52,172 [147.20923328399658] urllib3.connectionpool DEBUG: Starting new HTTPS connection (1): share2.dexcom.com:443
+2025-10-06 20:52:52,304 [147.34109473228455] notifier INFO: Requesting url https://share2.dexcom.com/ShareWebServices/Services
+2025-10-06 20:52:52,304 [147.34109473228455] pydexcom DEBUG: Retrieve glucose readings from the glucose readings endpoint
+2025-10-06 20:52:52,408 [147.44576501846313] urllib3.connectionpool DEBUG: https://share2.dexcom.com:443 "POST /ShareWebServices/Services/Publisher/ReadPublisherLatestGlucoseValues?sessionId=44e04ff2-8dbc-4731-b619-98f41bf42804&minutes=1440&maxCount=1 HTTP/1.1" 200 None
+2025-10-06 20:52:52,409 [147.44676876068115] notifier INFO: Requesting url https://share2.dexcom.com/ShareWebServices/Services
+2025-10-06 20:52:52,409 [147.44676876068115] pydexcom DEBUG: Retrieve glucose readings from the glucose readings endpoint
+2025-10-06 20:52:52,556 [147.5936028957367] urllib3.connectionpool DEBUG: https://share2.dexcom.com:443 "POST /ShareWebServices/Services/Publisher/ReadPublisherLatestGlucoseValues?sessionId=44e04ff2-8dbc-4731-b619-98f41bf42804&minutes=1440&maxCount=1 HTTP/1.1" 200 None
+2025-10-06 20:52:52,621 [147.65838980674744] urllib3.connectionpool DEBUG: https://share2.dexcom.com:443 "POST /ShareWebServices/Services/General/AuthenticatePublisherAccount HTTP/1.1" 200 38
+2025-10-06 20:52:52,622 [147.6593894958496] pydexcom DEBUG: Retrieve session ID from the login endpoint
+2025-10-06 20:52:53,035 [148.07293391227722] urllib3.connectionpool DEBUG: https://share2.dexcom.com:443 "POST /ShareWebServices/Services/General/LoginPublisherAccountById HTTP/1.1" 200 38
+2025-10-06 20:52:53,058 [148.0959370136261] pydexcom DEBUG: Retrieve glucose readings from the glucose readings endpoint
+2025-10-06 20:52:53,123 [148.1609218120575] status INFO: Requesting url: https://share2.dexcom.com/ShareWebServices/Services/General/AuthenticatePublisherAccount
+2025-10-06 20:52:53,123 [148.1609218120575] urllib3.connectionpool DEBUG: Starting new HTTPS connection (1): share2.dexcom.com:443
+2025-10-06 20:52:53,173 [148.21009969711304] urllib3.connectionpool DEBUG: https://share2.dexcom.com:443 "POST /ShareWebServices/Services/Publisher/ReadPublisherLatestGlucoseValues?sessionId=44e04ff2-8dbc-4731-b619-98f41bf42804&minutes=1440&maxCount=1 HTTP/1.1" 200 None
+2025-10-06 20:52:53,326 [148.36308765411377] urllib3.connectionpool DEBUG: https://share2.dexcom.com:443 "GET /ShareWebServices/Services/General/AuthenticatePublisherAccount HTTP/1.1" 405 176
+2025-10-06 20:52:53,563 [148.60009288787842] notifier INFO: Requesting url https://share2.dexcom.com/ShareWebServices/Services
+2025-10-06 20:52:53,563 [148.60009288787842] pydexcom DEBUG: Retrieve glucose readings from the glucose readings endpoint
+2025-10-06 20:52:53,694 [148.73101425170898] urllib3.connectionpool DEBUG: https://share2.dexcom.com:443 "POST /ShareWebServices/Services/Publisher/ReadPublisherLatestGlucoseValues?sessionId=44e04ff2-8dbc-4731-b619-98f41bf42804&minutes=1440&maxCount=1 HTTP/1.1" 200 None
+2025-10-06 20:52:53,694 [148.73101425170898] notifier INFO: Requesting url https://share2.dexcom.com/ShareWebServices/Services
+2025-10-06 20:52:53,694 [148.73101425170898] pydexcom DEBUG: Retrieve glucose readings from the glucose readings endpoint
+2025-10-06 20:52:53,806 [148.84305095672607] urllib3.connectionpool DEBUG: https://share2.dexcom.com:443 "POST /ShareWebServices/Services/Publisher/ReadPublisherLatestGlucoseValues?sessionId=44e04ff2-8dbc-4731-b619-98f41bf42804&minutes=1440&maxCount=1 HTTP/1.1" 200 None
+2025-10-06 20:52:54,329 [149.36664581298828] status INFO: Requesting url: https://share2.dexcom.com/ShareWebServices/Services/General/AuthenticatePublisherAccount
+2025-10-06 20:52:54,329 [149.36664581298828] urllib3.connectionpool DEBUG: Starting new HTTPS connection (1): share2.dexcom.com:443
+2025-10-06 20:52:54,516 [149.5536060333252] urllib3.connectionpool DEBUG: https://share2.dexcom.com:443 "GET /ShareWebServices/Services/General/AuthenticatePublisherAccount HTTP/1.1" 405 176
+2025-10-06 20:52:54,814 [149.85112071037292] notifier INFO: Requesting url https://share2.dexcom.com/ShareWebServices/Services
+2025-10-06 20:52:54,815 [149.85213589668274] pydexcom DEBUG: Retrieve glucose readings from the glucose readings endpoint
+2025-10-06 20:52:54,936 [149.9738748073578] urllib3.connectionpool DEBUG: https://share2.dexcom.com:443 "POST /ShareWebServices/Services/Publisher/ReadPublisherLatestGlucoseValues?sessionId=44e04ff2-8dbc-4731-b619-98f41bf42804&minutes=1440&maxCount=1 HTTP/1.1" 200 None
+2025-10-06 20:52:54,936 [149.9738748073578] notifier INFO: Requesting url https://share2.dexcom.com/ShareWebServices/Services
+2025-10-06 20:52:54,936 [149.9738748073578] pydexcom DEBUG: Retrieve glucose readings from the glucose readings endpoint
+2025-10-06 20:52:55,051 [150.0884256362915] urllib3.connectionpool DEBUG: https://share2.dexcom.com:443 "POST /ShareWebServices/Services/Publisher/ReadPublisherLatestGlucoseValues?sessionId=44e04ff2-8dbc-4731-b619-98f41bf42804&minutes=1440&maxCount=1 HTTP/1.1" 200 None
+2025-10-06 20:52:55,518 [150.5558271408081] status INFO: Requesting url: https://share2.dexcom.com/ShareWebServices/Services/General/AuthenticatePublisherAccount
+2025-10-06 20:52:55,520 [150.55716252326965] urllib3.connectionpool DEBUG: Starting new HTTPS connection (1): share2.dexcom.com:443
+2025-10-06 20:52:55,726 [150.7633957862854] urllib3.connectionpool DEBUG: https://share2.dexcom.com:443 "GET /ShareWebServices/Services/General/AuthenticatePublisherAccount HTTP/1.1" 405 176
+2025-10-06 20:52:55,891 [150.92815041542053] pydexcom DEBUG: Retrieve glucose readings from the glucose readings endpoint
+2025-10-06 20:52:56,003 [151.04174256324768] urllib3.connectionpool DEBUG: https://share2.dexcom.com:443 "POST /ShareWebServices/Services/Publisher/ReadPublisherLatestGlucoseValues?sessionId=44e04ff2-8dbc-4731-b619-98f41bf42804&minutes=1440&maxCount=1 HTTP/1.1" 200 None
+2025-10-06 20:52:56,052 [151.0898175239563] notifier INFO: Requesting url https://share2.dexcom.com/ShareWebServices/Services
+2025-10-06 20:52:56,052 [151.0898175239563] pydexcom DEBUG: Retrieve glucose readings from the glucose readings endpoint
+2025-10-06 20:52:56,174 [151.21195793151855] urllib3.connectionpool DEBUG: https://share2.dexcom.com:443 "POST /ShareWebServices/Services/Publisher/ReadPublisherLatestGlucoseValues?sessionId=44e04ff2-8dbc-4731-b619-98f41bf42804&minutes=1440&maxCount=1 HTTP/1.1" 200 None
+2025-10-06 20:52:56,174 [151.21195793151855] notifier INFO: Requesting url https://share2.dexcom.com/ShareWebServices/Services
+2025-10-06 20:52:56,174 [151.21195793151855] pydexcom DEBUG: Retrieve glucose readings from the glucose readings endpoint
+2025-10-06 20:52:56,275 [151.31280708312988] urllib3.connectionpool DEBUG: https://share2.dexcom.com:443 "POST /ShareWebServices/Services/Publisher/ReadPublisherLatestGlucoseValues?sessionId=44e04ff2-8dbc-4731-b619-98f41bf42804&minutes=1440&maxCount=1 HTTP/1.1" 200 None
+2025-10-06 20:52:56,728 [151.76498699188232] status INFO: Requesting url: https://share2.dexcom.com/ShareWebServices/Services/General/AuthenticatePublisherAccount
+2025-10-06 20:52:56,729 [151.76599979400635] urllib3.connectionpool DEBUG: Starting new HTTPS connection (1): share2.dexcom.com:443
+2025-10-06 20:52:56,928 [151.96514248847961] urllib3.connectionpool DEBUG: https://share2.dexcom.com:443 "GET /ShareWebServices/Services/General/AuthenticatePublisherAccount HTTP/1.1" 405 176
+2025-10-06 20:52:57,284 [152.32192373275757] notifier INFO: Requesting url https://share2.dexcom.com/ShareWebServices/Services
+2025-10-06 20:52:57,285 [152.32274866104126] pydexcom DEBUG: Retrieve glucose readings from the glucose readings endpoint
+2025-10-06 20:52:57,396 [152.43300104141235] urllib3.connectionpool DEBUG: https://share2.dexcom.com:443 "POST /ShareWebServices/Services/Publisher/ReadPublisherLatestGlucoseValues?sessionId=44e04ff2-8dbc-4731-b619-98f41bf42804&minutes=1440&maxCount=1 HTTP/1.1" 200 None
+2025-10-06 20:52:57,397 [152.4341037273407] notifier INFO: Requesting url https://share2.dexcom.com/ShareWebServices/Services
+2025-10-06 20:52:57,397 [152.4341037273407] pydexcom DEBUG: Retrieve glucose readings from the glucose readings endpoint
+2025-10-06 20:52:57,522 [152.55966782569885] urllib3.connectionpool DEBUG: https://share2.dexcom.com:443 "POST /ShareWebServices/Services/Publisher/ReadPublisherLatestGlucoseValues?sessionId=44e04ff2-8dbc-4731-b619-98f41bf42804&minutes=1440&maxCount=1 HTTP/1.1" 200 None
+2025-10-06 20:52:57,929 [152.96687602996826] status INFO: Requesting url: https://share2.dexcom.com/ShareWebServices/Services/General/AuthenticatePublisherAccount
+2025-10-06 20:52:57,930 [152.9679012298584] urllib3.connectionpool DEBUG: Starting new HTTPS connection (1): share2.dexcom.com:443
+2025-10-06 20:52:58,112 [153.1498441696167] urllib3.connectionpool DEBUG: https://share2.dexcom.com:443 "GET /ShareWebServices/Services/General/AuthenticatePublisherAccount HTTP/1.1" 405 176
+2025-10-06 20:52:58,189 [153.2261860370636] notifier INFO: Requesting url General/AuthenticatePublisherAccount
+2025-10-06 20:52:58,189 [153.2261860370636] pydexcom DEBUG: Retrieve account ID from the authentication endpoint
+2025-10-06 20:52:58,190 [153.22720384597778] urllib3.connectionpool DEBUG: Starting new HTTPS connection (1): share2.dexcom.com:443
+2025-10-06 20:52:58,524 [153.56130695343018] notifier INFO: Requesting url https://share2.dexcom.com/ShareWebServices/Services
+2025-10-06 20:52:58,524 [153.56130695343018] pydexcom DEBUG: Retrieve glucose readings from the glucose readings endpoint
+2025-10-06 20:52:58,638 [153.67501187324524] urllib3.connectionpool DEBUG: https://share2.dexcom.com:443 "POST /ShareWebServices/Services/Publisher/ReadPublisherLatestGlucoseValues?sessionId=44e04ff2-8dbc-4731-b619-98f41bf42804&minutes=1440&maxCount=1 HTTP/1.1" 200 None
+2025-10-06 20:52:58,638 [153.67501187324524] notifier INFO: Requesting url https://share2.dexcom.com/ShareWebServices/Services
+2025-10-06 20:52:58,638 [153.67501187324524] pydexcom DEBUG: Retrieve glucose readings from the glucose readings endpoint
+2025-10-06 20:52:58,649 [153.6860225200653] urllib3.connectionpool DEBUG: https://share2.dexcom.com:443 "POST /ShareWebServices/Services/General/AuthenticatePublisherAccount HTTP/1.1" 200 38
+2025-10-06 20:52:58,649 [153.6860225200653] pydexcom DEBUG: Retrieve session ID from the login endpoint
+2025-10-06 20:52:58,736 [153.77392411231995] urllib3.connectionpool DEBUG: https://share2.dexcom.com:443 "POST /ShareWebServices/Services/Publisher/ReadPublisherLatestGlucoseValues?sessionId=44e04ff2-8dbc-4731-b619-98f41bf42804&minutes=1440&maxCount=1 HTTP/1.1" 200 None
+2025-10-06 20:52:59,013 [154.05077028274536] urllib3.connectionpool DEBUG: https://share2.dexcom.com:443 "POST /ShareWebServices/Services/General/LoginPublisherAccountById HTTP/1.1" 200 38
+2025-10-06 20:52:59,022 [154.05975818634033] pydexcom DEBUG: Retrieve glucose readings from the glucose readings endpoint
+2025-10-06 20:52:59,113 [154.15076994895935] status INFO: Requesting url: https://share2.dexcom.com/ShareWebServices/Services/General/AuthenticatePublisherAccount
+2025-10-06 20:52:59,114 [154.15177536010742] urllib3.connectionpool DEBUG: Starting new HTTPS connection (1): share2.dexcom.com:443
+2025-10-06 20:52:59,133 [154.17083144187927] urllib3.connectionpool DEBUG: https://share2.dexcom.com:443 "POST /ShareWebServices/Services/Publisher/ReadPublisherLatestGlucoseValues?sessionId=44e04ff2-8dbc-4731-b619-98f41bf42804&minutes=1440&maxCount=1 HTTP/1.1" 200 None
+2025-10-06 20:52:59,313 [154.350093126297] urllib3.connectionpool DEBUG: https://share2.dexcom.com:443 "GET /ShareWebServices/Services/General/AuthenticatePublisherAccount HTTP/1.1" 405 176
+2025-10-06 20:52:59,759 [154.79688262939453] notifier INFO: Requesting url https://share2.dexcom.com/ShareWebServices/Services
+2025-10-06 20:52:59,759 [154.79688262939453] pydexcom DEBUG: Retrieve glucose readings from the glucose readings endpoint
+2025-10-06 20:52:59,872 [154.90996265411377] urllib3.connectionpool DEBUG: https://share2.dexcom.com:443 "POST /ShareWebServices/Services/Publisher/ReadPublisherLatestGlucoseValues?sessionId=44e04ff2-8dbc-4731-b619-98f41bf42804&minutes=1440&maxCount=1 HTTP/1.1" 200 None
+2025-10-06 20:52:59,874 [154.91098141670227] notifier INFO: Requesting url https://share2.dexcom.com/ShareWebServices/Services
+2025-10-06 20:52:59,874 [154.91098141670227] pydexcom DEBUG: Retrieve glucose readings from the glucose readings endpoint
+2025-10-06 20:52:59,981 [155.01841735839844] urllib3.connectionpool DEBUG: https://share2.dexcom.com:443 "POST /ShareWebServices/Services/Publisher/ReadPublisherLatestGlucoseValues?sessionId=44e04ff2-8dbc-4731-b619-98f41bf42804&minutes=1440&maxCount=1 HTTP/1.1" 200 None
+2025-10-06 20:53:00,314 [155.35130739212036] status INFO: Requesting url: https://share2.dexcom.com/ShareWebServices/Services/General/AuthenticatePublisherAccount
+2025-10-06 20:53:00,314 [155.35130739212036] urllib3.connectionpool DEBUG: Starting new HTTPS connection (1): share2.dexcom.com:443
+2025-10-06 20:53:00,508 [155.5450656414032] urllib3.connectionpool DEBUG: https://share2.dexcom.com:443 "GET /ShareWebServices/Services/General/AuthenticatePublisherAccount HTTP/1.1" 405 176
+2025-10-06 20:53:00,983 [156.0206446647644] notifier INFO: Requesting url https://share2.dexcom.com/ShareWebServices/Services
+2025-10-06 20:53:00,983 [156.0206446647644] pydexcom DEBUG: Retrieve glucose readings from the glucose readings endpoint
+2025-10-06 20:53:01,008 [156.04519319534302] pydexcom DEBUG: Retrieve glucose readings from the glucose readings endpoint
+2025-10-06 20:53:01,089 [156.126394033432] urllib3.connectionpool DEBUG: https://share2.dexcom.com:443 "POST /ShareWebServices/Services/Publisher/ReadPublisherLatestGlucoseValues?sessionId=44e04ff2-8dbc-4731-b619-98f41bf42804&minutes=1440&maxCount=1 HTTP/1.1" 200 None
+2025-10-06 20:53:01,090 [156.1273934841156] notifier INFO: Requesting url https://share2.dexcom.com/ShareWebServices/Services
+2025-10-06 20:53:01,090 [156.1273934841156] pydexcom DEBUG: Retrieve glucose readings from the glucose readings endpoint
+2025-10-06 20:53:01,128 [156.16564536094666] urllib3.connectionpool DEBUG: https://share2.dexcom.com:443 "POST /ShareWebServices/Services/Publisher/ReadPublisherLatestGlucoseValues?sessionId=44e04ff2-8dbc-4731-b619-98f41bf42804&minutes=1440&maxCount=1 HTTP/1.1" 200 None
+2025-10-06 20:53:01,196 [156.23319363594055] urllib3.connectionpool DEBUG: https://share2.dexcom.com:443 "POST /ShareWebServices/Services/Publisher/ReadPublisherLatestGlucoseValues?sessionId=44e04ff2-8dbc-4731-b619-98f41bf42804&minutes=1440&maxCount=1 HTTP/1.1" 200 None
+2025-10-06 20:53:01,509 [156.54657220840454] status INFO: Requesting url: https://share2.dexcom.com/ShareWebServices/Services/General/AuthenticatePublisherAccount
+2025-10-06 20:53:01,509 [156.54657220840454] urllib3.connectionpool DEBUG: Starting new HTTPS connection (1): share2.dexcom.com:443
+2025-10-06 20:53:01,768 [156.80510687828064] urllib3.connectionpool DEBUG: https://share2.dexcom.com:443 "GET /ShareWebServices/Services/General/AuthenticatePublisherAccount HTTP/1.1" 405 176
+2025-10-06 20:53:02,202 [157.23906064033508] notifier INFO: Requesting url https://share2.dexcom.com/ShareWebServices/Services
+2025-10-06 20:53:02,202 [157.23906064033508] pydexcom DEBUG: Retrieve glucose readings from the glucose readings endpoint
+2025-10-06 20:53:02,313 [157.35091590881348] urllib3.connectionpool DEBUG: https://share2.dexcom.com:443 "POST /ShareWebServices/Services/Publisher/ReadPublisherLatestGlucoseValues?sessionId=44e04ff2-8dbc-4731-b619-98f41bf42804&minutes=1440&maxCount=1 HTTP/1.1" 200 None
+2025-10-06 20:53:02,313 [157.35091590881348] notifier INFO: Requesting url https://share2.dexcom.com/ShareWebServices/Services
+2025-10-06 20:53:02,313 [157.35091590881348] pydexcom DEBUG: Retrieve glucose readings from the glucose readings endpoint
+2025-10-06 20:53:02,426 [157.46310424804688] urllib3.connectionpool DEBUG: https://share2.dexcom.com:443 "POST /ShareWebServices/Services/Publisher/ReadPublisherLatestGlucoseValues?sessionId=44e04ff2-8dbc-4731-b619-98f41bf42804&minutes=1440&maxCount=1 HTTP/1.1" 200 None
+2025-10-06 20:53:02,770 [157.80720472335815] status INFO: Requesting url: https://share2.dexcom.com/ShareWebServices/Services/General/AuthenticatePublisherAccount
+2025-10-06 20:53:02,772 [157.80922412872314] urllib3.connectionpool DEBUG: Starting new HTTPS connection (1): share2.dexcom.com:443
+2025-10-06 20:53:03,006 [158.0432243347168] urllib3.connectionpool DEBUG: https://share2.dexcom.com:443 "GET /ShareWebServices/Services/General/AuthenticatePublisherAccount HTTP/1.1" 405 176
+2025-10-06 20:53:03,429 [158.46660804748535] notifier INFO: Requesting url https://share2.dexcom.com/ShareWebServices/Services
+2025-10-06 20:53:03,429 [158.46660804748535] pydexcom DEBUG: Retrieve glucose readings from the glucose readings endpoint
+2025-10-06 20:53:03,539 [158.5765244960785] urllib3.connectionpool DEBUG: https://share2.dexcom.com:443 "POST /ShareWebServices/Services/Publisher/ReadPublisherLatestGlucoseValues?sessionId=44e04ff2-8dbc-4731-b619-98f41bf42804&minutes=1440&maxCount=1 HTTP/1.1" 200 None
+2025-10-06 20:53:03,539 [158.5765244960785] notifier INFO: Requesting url https://share2.dexcom.com/ShareWebServices/Services
+2025-10-06 20:53:03,539 [158.5765244960785] pydexcom DEBUG: Retrieve glucose readings from the glucose readings endpoint
+2025-10-06 20:53:03,651 [158.6881639957428] urllib3.connectionpool DEBUG: https://share2.dexcom.com:443 "POST /ShareWebServices/Services/Publisher/ReadPublisherLatestGlucoseValues?sessionId=44e04ff2-8dbc-4731-b619-98f41bf42804&minutes=1440&maxCount=1 HTTP/1.1" 200 None
+2025-10-06 20:53:04,008 [159.0457992553711] status INFO: Requesting url: https://share2.dexcom.com/ShareWebServices/Services/General/AuthenticatePublisherAccount
+2025-10-06 20:53:04,008 [159.0457992553711] urllib3.connectionpool DEBUG: Starting new HTTPS connection (1): share2.dexcom.com:443
+2025-10-06 20:53:04,139 [159.17695593833923] notifier INFO: Requesting url General/AuthenticatePublisherAccount
+2025-10-06 20:53:04,139 [159.17695593833923] pydexcom DEBUG: Retrieve account ID from the authentication endpoint
+2025-10-06 20:53:04,139 [159.17695593833923] urllib3.connectionpool DEBUG: Starting new HTTPS connection (1): share2.dexcom.com:443
+2025-10-06 20:53:04,202 [159.23904180526733] urllib3.connectionpool DEBUG: https://share2.dexcom.com:443 "GET /ShareWebServices/Services/General/AuthenticatePublisherAccount HTTP/1.1" 405 176
+2025-10-06 20:53:04,625 [159.66210293769836] urllib3.connectionpool DEBUG: https://share2.dexcom.com:443 "POST /ShareWebServices/Services/General/AuthenticatePublisherAccount HTTP/1.1" 200 38
+2025-10-06 20:53:04,625 [159.66210293769836] pydexcom DEBUG: Retrieve session ID from the login endpoint
+2025-10-06 20:53:04,652 [159.6899552345276] notifier INFO: Requesting url https://share2.dexcom.com/ShareWebServices/Services
+2025-10-06 20:53:04,652 [159.6899552345276] pydexcom DEBUG: Retrieve glucose readings from the glucose readings endpoint
+2025-10-06 20:53:04,762 [159.79906487464905] urllib3.connectionpool DEBUG: https://share2.dexcom.com:443 "POST /ShareWebServices/Services/Publisher/ReadPublisherLatestGlucoseValues?sessionId=44e04ff2-8dbc-4731-b619-98f41bf42804&minutes=1440&maxCount=1 HTTP/1.1" 200 None
+2025-10-06 20:53:04,762 [159.79906487464905] notifier INFO: Requesting url https://share2.dexcom.com/ShareWebServices/Services
+2025-10-06 20:53:04,764 [159.80107927322388] pydexcom DEBUG: Retrieve glucose readings from the glucose readings endpoint
+2025-10-06 20:53:04,872 [159.90911841392517] urllib3.connectionpool DEBUG: https://share2.dexcom.com:443 "POST /ShareWebServices/Services/Publisher/ReadPublisherLatestGlucoseValues?sessionId=44e04ff2-8dbc-4731-b619-98f41bf42804&minutes=1440&maxCount=1 HTTP/1.1" 200 None
+2025-10-06 20:53:05,072 [160.10975122451782] urllib3.connectionpool DEBUG: https://share2.dexcom.com:443 "POST /ShareWebServices/Services/General/LoginPublisherAccountById HTTP/1.1" 200 38
+2025-10-06 20:53:05,076 [160.1132001876831] pydexcom DEBUG: Retrieve glucose readings from the glucose readings endpoint
+2025-10-06 20:53:05,187 [160.22433924674988] urllib3.connectionpool DEBUG: https://share2.dexcom.com:443 "POST /ShareWebServices/Services/Publisher/ReadPublisherLatestGlucoseValues?sessionId=44e04ff2-8dbc-4731-b619-98f41bf42804&minutes=1440&maxCount=1 HTTP/1.1" 200 None
+2025-10-06 20:53:05,203 [160.24095463752747] status INFO: Requesting url: https://share2.dexcom.com/ShareWebServices/Services/General/AuthenticatePublisherAccount
+2025-10-06 20:53:05,203 [160.24095463752747] urllib3.connectionpool DEBUG: Starting new HTTPS connection (1): share2.dexcom.com:443
+2025-10-06 20:53:05,378 [160.41582369804382] urllib3.connectionpool DEBUG: https://share2.dexcom.com:443 "GET /ShareWebServices/Services/General/AuthenticatePublisherAccount HTTP/1.1" 405 176
+2025-10-06 20:53:05,873 [160.9106833934784] notifier INFO: Requesting url https://share2.dexcom.com/ShareWebServices/Services
+2025-10-06 20:53:05,873 [160.9106833934784] pydexcom DEBUG: Retrieve glucose readings from the glucose readings endpoint
+2025-10-06 20:53:05,975 [161.01284289360046] urllib3.connectionpool DEBUG: https://share2.dexcom.com:443 "POST /ShareWebServices/Services/Publisher/ReadPublisherLatestGlucoseValues?sessionId=44e04ff2-8dbc-4731-b619-98f41bf42804&minutes=1440&maxCount=1 HTTP/1.1" 200 None
+2025-10-06 20:53:05,977 [161.01490545272827] notifier INFO: Requesting url https://share2.dexcom.com/ShareWebServices/Services
+2025-10-06 20:53:05,977 [161.01490545272827] pydexcom DEBUG: Retrieve glucose readings from the glucose readings endpoint
+2025-10-06 20:53:06,076 [161.1134533882141] urllib3.connectionpool DEBUG: https://share2.dexcom.com:443 "POST /ShareWebServices/Services/Publisher/ReadPublisherLatestGlucoseValues?sessionId=44e04ff2-8dbc-4731-b619-98f41bf42804&minutes=1440&maxCount=1 HTTP/1.1" 200 None
+2025-10-06 20:53:06,145 [161.1828670501709] pydexcom DEBUG: Retrieve glucose readings from the glucose readings endpoint
+2025-10-06 20:53:06,251 [161.2889485359192] urllib3.connectionpool DEBUG: https://share2.dexcom.com:443 "POST /ShareWebServices/Services/Publisher/ReadPublisherLatestGlucoseValues?sessionId=44e04ff2-8dbc-4731-b619-98f41bf42804&minutes=1440&maxCount=1 HTTP/1.1" 200 None
+2025-10-06 20:53:06,380 [161.41772842407227] status INFO: Requesting url: https://share2.dexcom.com/ShareWebServices/Services/General/AuthenticatePublisherAccount
+2025-10-06 20:53:06,381 [161.41873860359192] urllib3.connectionpool DEBUG: Starting new HTTPS connection (1): share2.dexcom.com:443
+2025-10-06 20:53:06,671 [161.7088758945465] urllib3.connectionpool DEBUG: https://share2.dexcom.com:443 "GET /ShareWebServices/Services/General/AuthenticatePublisherAccount HTTP/1.1" 405 176
+2025-10-06 20:53:07,078 [162.1157717704773] notifier INFO: Requesting url https://share2.dexcom.com/ShareWebServices/Services
+2025-10-06 20:53:07,079 [162.11679124832153] pydexcom DEBUG: Retrieve glucose readings from the glucose readings endpoint
+2025-10-06 20:53:07,187 [162.2248694896698] urllib3.connectionpool DEBUG: https://share2.dexcom.com:443 "POST /ShareWebServices/Services/Publisher/ReadPublisherLatestGlucoseValues?sessionId=44e04ff2-8dbc-4731-b619-98f41bf42804&minutes=1440&maxCount=1 HTTP/1.1" 200 None
+2025-10-06 20:53:07,187 [162.2248694896698] notifier INFO: Requesting url https://share2.dexcom.com/ShareWebServices/Services
+2025-10-06 20:53:07,187 [162.2248694896698] pydexcom DEBUG: Retrieve glucose readings from the glucose readings endpoint
+2025-10-06 20:53:07,318 [162.3566188812256] urllib3.connectionpool DEBUG: https://share2.dexcom.com:443 "POST /ShareWebServices/Services/Publisher/ReadPublisherLatestGlucoseValues?sessionId=44e04ff2-8dbc-4731-b619-98f41bf42804&minutes=1440&maxCount=1 HTTP/1.1" 200 None
+2025-10-06 20:53:07,673 [162.71029925346375] status INFO: Requesting url: https://share2.dexcom.com/ShareWebServices/Services/General/AuthenticatePublisherAccount
+2025-10-06 20:53:07,673 [162.71082091331482] urllib3.connectionpool DEBUG: Starting new HTTPS connection (1): share2.dexcom.com:443
+2025-10-06 20:53:07,897 [162.93478417396545] urllib3.connectionpool DEBUG: https://share2.dexcom.com:443 "GET /ShareWebServices/Services/General/AuthenticatePublisherAccount HTTP/1.1" 405 176
+2025-10-06 20:53:08,320 [163.35745072364807] notifier INFO: Requesting url https://share2.dexcom.com/ShareWebServices/Services
+2025-10-06 20:53:08,320 [163.35745072364807] pydexcom DEBUG: Retrieve glucose readings from the glucose readings endpoint
+2025-10-06 20:53:08,443 [163.48000025749207] urllib3.connectionpool DEBUG: https://share2.dexcom.com:443 "POST /ShareWebServices/Services/Publisher/ReadPublisherLatestGlucoseValues?sessionId=44e04ff2-8dbc-4731-b619-98f41bf42804&minutes=1440&maxCount=1 HTTP/1.1" 200 None
+2025-10-06 20:53:08,443 [163.48000025749207] notifier INFO: Requesting url https://share2.dexcom.com/ShareWebServices/Services
+2025-10-06 20:53:08,444 [163.48100113868713] pydexcom DEBUG: Retrieve glucose readings from the glucose readings endpoint
+2025-10-06 20:53:08,564 [163.6019048690796] urllib3.connectionpool DEBUG: https://share2.dexcom.com:443 "POST /ShareWebServices/Services/Publisher/ReadPublisherLatestGlucoseValues?sessionId=44e04ff2-8dbc-4731-b619-98f41bf42804&minutes=1440&maxCount=1 HTTP/1.1" 200 None
+2025-10-06 20:53:08,899 [163.93696689605713] status INFO: Requesting url: https://share2.dexcom.com/ShareWebServices/Services/General/AuthenticatePublisherAccount
+2025-10-06 20:53:08,899 [163.93696689605713] urllib3.connectionpool DEBUG: Starting new HTTPS connection (1): share2.dexcom.com:443
+2025-10-06 20:53:09,119 [164.1565136909485] urllib3.connectionpool DEBUG: https://share2.dexcom.com:443 "GET /ShareWebServices/Services/General/AuthenticatePublisherAccount HTTP/1.1" 405 176
+2025-10-06 20:53:09,567 [164.60411024093628] notifier INFO: Requesting url https://share2.dexcom.com/ShareWebServices/Services
+2025-10-06 20:53:09,567 [164.60411024093628] pydexcom DEBUG: Retrieve glucose readings from the glucose readings endpoint
+2025-10-06 20:53:09,673 [164.71067476272583] urllib3.connectionpool DEBUG: https://share2.dexcom.com:443 "POST /ShareWebServices/Services/Publisher/ReadPublisherLatestGlucoseValues?sessionId=44e04ff2-8dbc-4731-b619-98f41bf42804&minutes=1440&maxCount=1 HTTP/1.1" 200 None
+2025-10-06 20:53:09,673 [164.71067476272583] notifier INFO: Requesting url https://share2.dexcom.com/ShareWebServices/Services
+2025-10-06 20:53:09,673 [164.71067476272583] pydexcom DEBUG: Retrieve glucose readings from the glucose readings endpoint
+2025-10-06 20:53:09,798 [164.8359022140503] urllib3.connectionpool DEBUG: https://share2.dexcom.com:443 "POST /ShareWebServices/Services/Publisher/ReadPublisherLatestGlucoseValues?sessionId=44e04ff2-8dbc-4731-b619-98f41bf42804&minutes=1440&maxCount=1 HTTP/1.1" 200 None
+2025-10-06 20:53:10,122 [165.15951490402222] status INFO: Requesting url: https://share2.dexcom.com/ShareWebServices/Services/General/AuthenticatePublisherAccount
+2025-10-06 20:53:10,124 [165.1610312461853] urllib3.connectionpool DEBUG: Starting new HTTPS connection (1): share2.dexcom.com:443
+2025-10-06 20:53:10,194 [165.2311131954193] notifier INFO: Requesting url General/AuthenticatePublisherAccount
+2025-10-06 20:53:10,194 [165.2311131954193] pydexcom DEBUG: Retrieve account ID from the authentication endpoint
+2025-10-06 20:53:10,196 [165.2331280708313] urllib3.connectionpool DEBUG: Starting new HTTPS connection (1): share2.dexcom.com:443
+2025-10-06 20:53:10,296 [165.33322405815125] urllib3.connectionpool DEBUG: https://share2.dexcom.com:443 "GET /ShareWebServices/Services/General/AuthenticatePublisherAccount HTTP/1.1" 405 176
+2025-10-06 20:53:10,800 [165.8371548652649] notifier INFO: Requesting url https://share2.dexcom.com/ShareWebServices/Services
+2025-10-06 20:53:10,800 [165.8371548652649] pydexcom DEBUG: Retrieve glucose readings from the glucose readings endpoint
+2025-10-06 20:53:10,824 [165.86181640625] urllib3.connectionpool DEBUG: https://share2.dexcom.com:443 "POST /ShareWebServices/Services/General/AuthenticatePublisherAccount HTTP/1.1" 200 38
+2025-10-06 20:53:10,824 [165.86181640625] pydexcom DEBUG: Retrieve session ID from the login endpoint
+2025-10-06 20:53:10,903 [165.94085025787354] urllib3.connectionpool DEBUG: https://share2.dexcom.com:443 "POST /ShareWebServices/Services/Publisher/ReadPublisherLatestGlucoseValues?sessionId=44e04ff2-8dbc-4731-b619-98f41bf42804&minutes=1440&maxCount=1 HTTP/1.1" 200 None
+2025-10-06 20:53:10,903 [165.94085025787354] notifier INFO: Requesting url https://share2.dexcom.com/ShareWebServices/Services
+2025-10-06 20:53:10,903 [165.94085025787354] pydexcom DEBUG: Retrieve glucose readings from the glucose readings endpoint
+2025-10-06 20:53:11,011 [166.048193693161] urllib3.connectionpool DEBUG: https://share2.dexcom.com:443 "POST /ShareWebServices/Services/Publisher/ReadPublisherLatestGlucoseValues?sessionId=44e04ff2-8dbc-4731-b619-98f41bf42804&minutes=1440&maxCount=1 HTTP/1.1" 200 None
+2025-10-06 20:53:11,220 [166.2578468322754] urllib3.connectionpool DEBUG: https://share2.dexcom.com:443 "POST /ShareWebServices/Services/General/LoginPublisherAccountById HTTP/1.1" 200 38
+2025-10-06 20:53:11,248 [166.28582215309143] pydexcom DEBUG: Retrieve glucose readings from the glucose readings endpoint
+2025-10-06 20:53:11,262 [166.2992639541626] pydexcom DEBUG: Retrieve glucose readings from the glucose readings endpoint
+2025-10-06 20:53:11,302 [166.3392210006714] status INFO: Requesting url: https://share2.dexcom.com/ShareWebServices/Services/General/AuthenticatePublisherAccount
+2025-10-06 20:53:11,304 [166.34110856056213] urllib3.connectionpool DEBUG: Starting new HTTPS connection (1): share2.dexcom.com:443
+2025-10-06 20:53:11,363 [166.40077185630798] urllib3.connectionpool DEBUG: https://share2.dexcom.com:443 "POST /ShareWebServices/Services/Publisher/ReadPublisherLatestGlucoseValues?sessionId=44e04ff2-8dbc-4731-b619-98f41bf42804&minutes=1440&maxCount=1 HTTP/1.1" 200 None
+2025-10-06 20:53:11,370 [166.40712094306946] urllib3.connectionpool DEBUG: https://share2.dexcom.com:443 "POST /ShareWebServices/Services/Publisher/ReadPublisherLatestGlucoseValues?sessionId=44e04ff2-8dbc-4731-b619-98f41bf42804&minutes=1440&maxCount=1 HTTP/1.1" 200 None
+2025-10-06 20:53:11,516 [166.5531406402588] urllib3.connectionpool DEBUG: https://share2.dexcom.com:443 "GET /ShareWebServices/Services/General/AuthenticatePublisherAccount HTTP/1.1" 405 176
+2025-10-06 20:53:12,013 [167.05008363723755] notifier INFO: Requesting url https://share2.dexcom.com/ShareWebServices/Services
+2025-10-06 20:53:12,014 [167.05111026763916] pydexcom DEBUG: Retrieve glucose readings from the glucose readings endpoint
+2025-10-06 20:53:12,131 [167.16839289665222] urllib3.connectionpool DEBUG: https://share2.dexcom.com:443 "POST /ShareWebServices/Services/Publisher/ReadPublisherLatestGlucoseValues?sessionId=44e04ff2-8dbc-4731-b619-98f41bf42804&minutes=1440&maxCount=1 HTTP/1.1" 200 None
+2025-10-06 20:53:12,133 [167.17093014717102] notifier INFO: Requesting url https://share2.dexcom.com/ShareWebServices/Services
+2025-10-06 20:53:12,133 [167.17093014717102] pydexcom DEBUG: Retrieve glucose readings from the glucose readings endpoint
+2025-10-06 20:53:12,243 [167.28081512451172] urllib3.connectionpool DEBUG: https://share2.dexcom.com:443 "POST /ShareWebServices/Services/Publisher/ReadPublisherLatestGlucoseValues?sessionId=44e04ff2-8dbc-4731-b619-98f41bf42804&minutes=1440&maxCount=1 HTTP/1.1" 200 None
+2025-10-06 20:53:12,518 [167.55578708648682] status INFO: Requesting url: https://share2.dexcom.com/ShareWebServices/Services/General/AuthenticatePublisherAccount
+2025-10-06 20:53:12,518 [167.55578708648682] urllib3.connectionpool DEBUG: Starting new HTTPS connection (1): share2.dexcom.com:443
+2025-10-06 20:53:12,721 [167.75837898254395] urllib3.connectionpool DEBUG: https://share2.dexcom.com:443 "GET /ShareWebServices/Services/General/AuthenticatePublisherAccount HTTP/1.1" 405 176
+2025-10-06 20:53:13,245 [168.28293704986572] notifier INFO: Requesting url https://share2.dexcom.com/ShareWebServices/Services
+2025-10-06 20:53:13,245 [168.28293704986572] pydexcom DEBUG: Retrieve glucose readings from the glucose readings endpoint
+2025-10-06 20:53:13,408 [168.44498252868652] urllib3.connectionpool DEBUG: https://share2.dexcom.com:443 "POST /ShareWebServices/Services/Publisher/ReadPublisherLatestGlucoseValues?sessionId=44e04ff2-8dbc-4731-b619-98f41bf42804&minutes=1440&maxCount=1 HTTP/1.1" 200 None
+2025-10-06 20:53:13,408 [168.44498252868652] notifier INFO: Requesting url https://share2.dexcom.com/ShareWebServices/Services
+2025-10-06 20:53:13,408 [168.44498252868652] pydexcom DEBUG: Retrieve glucose readings from the glucose readings endpoint
+2025-10-06 20:53:13,537 [168.57468724250793] urllib3.connectionpool DEBUG: https://share2.dexcom.com:443 "POST /ShareWebServices/Services/Publisher/ReadPublisherLatestGlucoseValues?sessionId=44e04ff2-8dbc-4731-b619-98f41bf42804&minutes=1440&maxCount=1 HTTP/1.1" 200 None
+2025-10-06 20:53:13,722 [168.75983667373657] status INFO: Requesting url: https://share2.dexcom.com/ShareWebServices/Services/General/AuthenticatePublisherAccount
+2025-10-06 20:53:13,723 [168.76087141036987] urllib3.connectionpool DEBUG: Starting new HTTPS connection (1): share2.dexcom.com:443
+2025-10-06 20:53:13,917 [168.95479559898376] urllib3.connectionpool DEBUG: https://share2.dexcom.com:443 "GET /ShareWebServices/Services/General/AuthenticatePublisherAccount HTTP/1.1" 405 176
+2025-10-06 20:53:14,542 [169.5797517299652] notifier INFO: Requesting url https://share2.dexcom.com/ShareWebServices/Services
+2025-10-06 20:53:14,542 [169.58079314231873] pydexcom DEBUG: Retrieve glucose readings from the glucose readings endpoint
+2025-10-06 20:53:14,655 [169.6929063796997] urllib3.connectionpool DEBUG: https://share2.dexcom.com:443 "POST /ShareWebServices/Services/Publisher/ReadPublisherLatestGlucoseValues?sessionId=44e04ff2-8dbc-4731-b619-98f41bf42804&minutes=1440&maxCount=1 HTTP/1.1" 200 None
+2025-10-06 20:53:14,657 [169.69441151618958] notifier INFO: Requesting url https://share2.dexcom.com/ShareWebServices/Services
+2025-10-06 20:53:14,657 [169.69441151618958] pydexcom DEBUG: Retrieve glucose readings from the glucose readings endpoint
+2025-10-06 20:53:14,792 [169.82990789413452] urllib3.connectionpool DEBUG: https://share2.dexcom.com:443 "POST /ShareWebServices/Services/Publisher/ReadPublisherLatestGlucoseValues?sessionId=44e04ff2-8dbc-4731-b619-98f41bf42804&minutes=1440&maxCount=1 HTTP/1.1" 200 None
+2025-10-06 20:53:14,919 [169.95631647109985] status INFO: Requesting url: https://share2.dexcom.com/ShareWebServices/Services/General/AuthenticatePublisherAccount
+2025-10-06 20:53:14,920 [169.95704817771912] urllib3.connectionpool DEBUG: Starting new HTTPS connection (1): share2.dexcom.com:443
+2025-10-06 20:53:15,123 [170.16080284118652] urllib3.connectionpool DEBUG: https://share2.dexcom.com:443 "GET /ShareWebServices/Services/General/AuthenticatePublisherAccount HTTP/1.1" 405 176
+2025-10-06 20:53:15,794 [170.83137893676758] notifier INFO: Requesting url https://share2.dexcom.com/ShareWebServices/Services
+2025-10-06 20:53:15,794 [170.83137893676758] pydexcom DEBUG: Retrieve glucose readings from the glucose readings endpoint
+2025-10-06 20:53:15,907 [170.9446084499359] urllib3.connectionpool DEBUG: https://share2.dexcom.com:443 "POST /ShareWebServices/Services/Publisher/ReadPublisherLatestGlucoseValues?sessionId=44e04ff2-8dbc-4731-b619-98f41bf42804&minutes=1440&maxCount=1 HTTP/1.1" 200 None
+2025-10-06 20:53:15,907 [170.9446084499359] notifier INFO: Requesting url https://share2.dexcom.com/ShareWebServices/Services
+2025-10-06 20:53:15,907 [170.9446084499359] pydexcom DEBUG: Retrieve glucose readings from the glucose readings endpoint
+2025-10-06 20:53:16,008 [171.04528665542603] urllib3.connectionpool DEBUG: https://share2.dexcom.com:443 "POST /ShareWebServices/Services/Publisher/ReadPublisherLatestGlucoseValues?sessionId=44e04ff2-8dbc-4731-b619-98f41bf42804&minutes=1440&maxCount=1 HTTP/1.1" 200 None
+2025-10-06 20:53:16,125 [171.16253352165222] status INFO: Requesting url: https://share2.dexcom.com/ShareWebServices/Services/General/AuthenticatePublisherAccount
+2025-10-06 20:53:16,126 [171.1630527973175] urllib3.connectionpool DEBUG: Starting new HTTPS connection (1): share2.dexcom.com:443
+2025-10-06 20:53:16,357 [171.39459896087646] urllib3.connectionpool DEBUG: https://share2.dexcom.com:443 "GET /ShareWebServices/Services/General/AuthenticatePublisherAccount HTTP/1.1" 405 176
+2025-10-06 20:53:16,376 [171.41354298591614] notifier INFO: Requesting url General/AuthenticatePublisherAccount
+2025-10-06 20:53:16,379 [171.4160635471344] pydexcom DEBUG: Retrieve account ID from the authentication endpoint
+2025-10-06 20:53:16,385 [171.4223072528839] urllib3.connectionpool DEBUG: Starting new HTTPS connection (1): share2.dexcom.com:443
+2025-10-06 20:53:16,386 [171.4243037700653] pydexcom DEBUG: Retrieve glucose readings from the glucose readings endpoint
+2025-10-06 20:53:16,488 [171.52581453323364] urllib3.connectionpool DEBUG: https://share2.dexcom.com:443 "POST /ShareWebServices/Services/Publisher/ReadPublisherLatestGlucoseValues?sessionId=44e04ff2-8dbc-4731-b619-98f41bf42804&minutes=1440&maxCount=1 HTTP/1.1" 200 None
+2025-10-06 20:53:16,824 [171.86101126670837] urllib3.connectionpool DEBUG: https://share2.dexcom.com:443 "POST /ShareWebServices/Services/General/AuthenticatePublisherAccount HTTP/1.1" 200 38
+2025-10-06 20:53:16,826 [171.86309266090393] pydexcom DEBUG: Retrieve session ID from the login endpoint
+2025-10-06 20:53:17,013 [172.05070662498474] notifier INFO: Requesting url https://share2.dexcom.com/ShareWebServices/Services
+2025-10-06 20:53:17,013 [172.05070662498474] pydexcom DEBUG: Retrieve glucose readings from the glucose readings endpoint
+2025-10-06 20:53:17,133 [172.17074608802795] urllib3.connectionpool DEBUG: https://share2.dexcom.com:443 "POST /ShareWebServices/Services/Publisher/ReadPublisherLatestGlucoseValues?sessionId=44e04ff2-8dbc-4731-b619-98f41bf42804&minutes=1440&maxCount=1 HTTP/1.1" 200 None
+2025-10-06 20:53:17,134 [172.17175555229187] notifier INFO: Requesting url https://share2.dexcom.com/ShareWebServices/Services
+2025-10-06 20:53:17,134 [172.17175555229187] pydexcom DEBUG: Retrieve glucose readings from the glucose readings endpoint
+2025-10-06 20:53:17,226 [172.2633831501007] urllib3.connectionpool DEBUG: https://share2.dexcom.com:443 "POST /ShareWebServices/Services/Publisher/ReadPublisherLatestGlucoseValues?sessionId=44e04ff2-8dbc-4731-b619-98f41bf42804&minutes=1440&maxCount=1 HTTP/1.1" 200 None
+2025-10-06 20:53:17,354 [172.39125752449036] urllib3.connectionpool DEBUG: https://share2.dexcom.com:443 "POST /ShareWebServices/Services/General/LoginPublisherAccountById HTTP/1.1" 200 38
+2025-10-06 20:53:17,359 [172.39661931991577] status INFO: Requesting url: https://share2.dexcom.com/ShareWebServices/Services/General/AuthenticatePublisherAccount
+2025-10-06 20:53:17,360 [172.39763522148132] urllib3.connectionpool DEBUG: Starting new HTTPS connection (1): share2.dexcom.com:443
+2025-10-06 20:53:17,382 [172.41954731941223] pydexcom DEBUG: Retrieve glucose readings from the glucose readings endpoint
+2025-10-06 20:53:17,486 [172.52339720726013] urllib3.connectionpool DEBUG: https://share2.dexcom.com:443 "POST /ShareWebServices/Services/Publisher/ReadPublisherLatestGlucoseValues?sessionId=44e04ff2-8dbc-4731-b619-98f41bf42804&minutes=1440&maxCount=1 HTTP/1.1" 200 None
+2025-10-06 20:53:17,538 [172.57584071159363] urllib3.connectionpool DEBUG: https://share2.dexcom.com:443 "GET /ShareWebServices/Services/General/AuthenticatePublisherAccount HTTP/1.1" 405 176
+2025-10-06 20:53:18,228 [173.26507019996643] notifier INFO: Requesting url https://share2.dexcom.com/ShareWebServices/Services
+2025-10-06 20:53:18,228 [173.26507019996643] pydexcom DEBUG: Retrieve glucose readings from the glucose readings endpoint
+2025-10-06 20:53:18,341 [173.37846398353577] urllib3.connectionpool DEBUG: https://share2.dexcom.com:443 "POST /ShareWebServices/Services/Publisher/ReadPublisherLatestGlucoseValues?sessionId=44e04ff2-8dbc-4731-b619-98f41bf42804&minutes=1440&maxCount=1 HTTP/1.1" 200 None
+2025-10-06 20:53:18,342 [173.3794708251953] notifier INFO: Requesting url https://share2.dexcom.com/ShareWebServices/Services
+2025-10-06 20:53:18,342 [173.3794708251953] pydexcom DEBUG: Retrieve glucose readings from the glucose readings endpoint
+2025-10-06 20:53:18,472 [173.50960636138916] urllib3.connectionpool DEBUG: https://share2.dexcom.com:443 "POST /ShareWebServices/Services/Publisher/ReadPublisherLatestGlucoseValues?sessionId=44e04ff2-8dbc-4731-b619-98f41bf42804&minutes=1440&maxCount=1 HTTP/1.1" 200 None
+2025-10-06 20:53:18,540 [173.57724905014038] status INFO: Requesting url: https://share2.dexcom.com/ShareWebServices/Services/General/AuthenticatePublisherAccount
+2025-10-06 20:53:18,540 [173.57778811454773] urllib3.connectionpool DEBUG: Starting new HTTPS connection (1): share2.dexcom.com:443
+2025-10-06 20:53:19,021 [174.05831837654114] urllib3.connectionpool DEBUG: https://share2.dexcom.com:443 "GET /ShareWebServices/Services/General/AuthenticatePublisherAccount HTTP/1.1" 405 176
+2025-10-06 20:53:19,474 [174.51126074790955] notifier INFO: Requesting url https://share2.dexcom.com/ShareWebServices/Services
+2025-10-06 20:53:19,474 [174.51126074790955] pydexcom DEBUG: Retrieve glucose readings from the glucose readings endpoint
+2025-10-06 20:53:19,613 [174.6509666442871] urllib3.connectionpool DEBUG: https://share2.dexcom.com:443 "POST /ShareWebServices/Services/Publisher/ReadPublisherLatestGlucoseValues?sessionId=44e04ff2-8dbc-4731-b619-98f41bf42804&minutes=1440&maxCount=1 HTTP/1.1" 200 None
+2025-10-06 20:53:19,618 [174.65506839752197] notifier INFO: Requesting url https://share2.dexcom.com/ShareWebServices/Services
+2025-10-06 20:53:19,618 [174.65506839752197] pydexcom DEBUG: Retrieve glucose readings from the glucose readings endpoint
+2025-10-06 20:53:19,776 [174.81355476379395] urllib3.connectionpool DEBUG: https://share2.dexcom.com:443 "POST /ShareWebServices/Services/Publisher/ReadPublisherLatestGlucoseValues?sessionId=44e04ff2-8dbc-4731-b619-98f41bf42804&minutes=1440&maxCount=1 HTTP/1.1" 200 None
+2025-10-06 20:53:20,023 [175.06010484695435] status INFO: Requesting url: https://share2.dexcom.com/ShareWebServices/Services/General/AuthenticatePublisherAccount
+2025-10-06 20:53:20,023 [175.0606288909912] urllib3.connectionpool DEBUG: Starting new HTTPS connection (1): share2.dexcom.com:443
+2025-10-06 20:53:20,218 [175.25593519210815] urllib3.connectionpool DEBUG: https://share2.dexcom.com:443 "GET /ShareWebServices/Services/General/AuthenticatePublisherAccount HTTP/1.1" 405 176
+2025-10-06 20:53:20,778 [175.81549620628357] notifier INFO: Requesting url https://share2.dexcom.com/ShareWebServices/Services
+2025-10-06 20:53:20,778 [175.81549620628357] pydexcom DEBUG: Retrieve glucose readings from the glucose readings endpoint
+2025-10-06 20:53:20,892 [175.9297125339508] urllib3.connectionpool DEBUG: https://share2.dexcom.com:443 "POST /ShareWebServices/Services/Publisher/ReadPublisherLatestGlucoseValues?sessionId=44e04ff2-8dbc-4731-b619-98f41bf42804&minutes=1440&maxCount=1 HTTP/1.1" 200 None
+2025-10-06 20:53:20,893 [175.93071508407593] notifier INFO: Requesting url https://share2.dexcom.com/ShareWebServices/Services
+2025-10-06 20:53:20,893 [175.93071508407593] pydexcom DEBUG: Retrieve glucose readings from the glucose readings endpoint
+2025-10-06 20:53:21,001 [176.0384087562561] urllib3.connectionpool DEBUG: https://share2.dexcom.com:443 "POST /ShareWebServices/Services/Publisher/ReadPublisherLatestGlucoseValues?sessionId=44e04ff2-8dbc-4731-b619-98f41bf42804&minutes=1440&maxCount=1 HTTP/1.1" 200 None
+2025-10-06 20:53:21,220 [176.25747227668762] status INFO: Requesting url: https://share2.dexcom.com/ShareWebServices/Services/General/AuthenticatePublisherAccount
+2025-10-06 20:53:21,220 [176.25747227668762] urllib3.connectionpool DEBUG: Starting new HTTPS connection (1): share2.dexcom.com:443
+2025-10-06 20:53:21,401 [176.43821597099304] urllib3.connectionpool DEBUG: https://share2.dexcom.com:443 "GET /ShareWebServices/Services/General/AuthenticatePublisherAccount HTTP/1.1" 405 176
+2025-10-06 20:53:21,500 [176.537029504776] pydexcom DEBUG: Retrieve glucose readings from the glucose readings endpoint
+2025-10-06 20:53:21,611 [176.64894151687622] urllib3.connectionpool DEBUG: https://share2.dexcom.com:443 "POST /ShareWebServices/Services/Publisher/ReadPublisherLatestGlucoseValues?sessionId=44e04ff2-8dbc-4731-b619-98f41bf42804&minutes=1440&maxCount=1 HTTP/1.1" 200 None
+2025-10-06 20:53:22,003 [177.04061818122864] notifier INFO: Requesting url https://share2.dexcom.com/ShareWebServices/Services
+2025-10-06 20:53:22,004 [177.04162454605103] pydexcom DEBUG: Retrieve glucose readings from the glucose readings endpoint
+2025-10-06 20:53:22,122 [177.15910696983337] urllib3.connectionpool DEBUG: https://share2.dexcom.com:443 "POST /ShareWebServices/Services/Publisher/ReadPublisherLatestGlucoseValues?sessionId=44e04ff2-8dbc-4731-b619-98f41bf42804&minutes=1440&maxCount=1 HTTP/1.1" 200 None
+2025-10-06 20:53:22,127 [177.16471600532532] notifier INFO: Requesting url https://share2.dexcom.com/ShareWebServices/Services
+2025-10-06 20:53:22,127 [177.16471600532532] pydexcom DEBUG: Retrieve glucose readings from the glucose readings endpoint
+2025-10-06 20:53:22,253 [177.29082560539246] urllib3.connectionpool DEBUG: https://share2.dexcom.com:443 "POST /ShareWebServices/Services/Publisher/ReadPublisherLatestGlucoseValues?sessionId=44e04ff2-8dbc-4731-b619-98f41bf42804&minutes=1440&maxCount=1 HTTP/1.1" 200 None
+2025-10-06 20:53:22,402 [177.43977522850037] status INFO: Requesting url: https://share2.dexcom.com/ShareWebServices/Services/General/AuthenticatePublisherAccount
+2025-10-06 20:53:22,403 [177.44078087806702] urllib3.connectionpool DEBUG: Starting new HTTPS connection (1): share2.dexcom.com:443
+2025-10-06 20:53:22,515 [177.55286312103271] notifier INFO: Requesting url General/AuthenticatePublisherAccount
+2025-10-06 20:53:22,515 [177.55286312103271] pydexcom DEBUG: Retrieve account ID from the authentication endpoint
+2025-10-06 20:53:22,516 [177.55392289161682] urllib3.connectionpool DEBUG: Starting new HTTPS connection (1): share2.dexcom.com:443
+2025-10-06 20:53:22,571 [177.60882472991943] urllib3.connectionpool DEBUG: https://share2.dexcom.com:443 "GET /ShareWebServices/Services/General/AuthenticatePublisherAccount HTTP/1.1" 405 176
+2025-10-06 20:53:22,908 [177.94523072242737] urllib3.connectionpool DEBUG: https://share2.dexcom.com:443 "POST /ShareWebServices/Services/General/AuthenticatePublisherAccount HTTP/1.1" 200 38
+2025-10-06 20:53:22,909 [177.94624018669128] pydexcom DEBUG: Retrieve session ID from the login endpoint
+2025-10-06 20:53:23,255 [178.29275751113892] notifier INFO: Requesting url https://share2.dexcom.com/ShareWebServices/Services
+2025-10-06 20:53:23,256 [178.29376459121704] pydexcom DEBUG: Retrieve glucose readings from the glucose readings endpoint
+2025-10-06 20:53:23,363 [178.40078902244568] urllib3.connectionpool DEBUG: https://share2.dexcom.com:443 "POST /ShareWebServices/Services/Publisher/ReadPublisherLatestGlucoseValues?sessionId=44e04ff2-8dbc-4731-b619-98f41bf42804&minutes=1440&maxCount=1 HTTP/1.1" 200 None
+2025-10-06 20:53:23,369 [178.40629291534424] urllib3.connectionpool DEBUG: https://share2.dexcom.com:443 "POST /ShareWebServices/Services/General/LoginPublisherAccountById HTTP/1.1" 200 38
+2025-10-06 20:53:23,369 [178.40629291534424] notifier INFO: Requesting url https://share2.dexcom.com/ShareWebServices/Services
+2025-10-06 20:53:23,369 [178.40629291534424] pydexcom DEBUG: Retrieve glucose readings from the glucose readings endpoint
+2025-10-06 20:53:23,373 [178.41009426116943] pydexcom DEBUG: Retrieve glucose readings from the glucose readings endpoint
+2025-10-06 20:53:23,471 [178.5086555480957] urllib3.connectionpool DEBUG: https://share2.dexcom.com:443 "POST /ShareWebServices/Services/Publisher/ReadPublisherLatestGlucoseValues?sessionId=44e04ff2-8dbc-4731-b619-98f41bf42804&minutes=1440&maxCount=1 HTTP/1.1" 200 None
+2025-10-06 20:53:23,517 [178.5547559261322] urllib3.connectionpool DEBUG: https://share2.dexcom.com:443 "POST /ShareWebServices/Services/Publisher/ReadPublisherLatestGlucoseValues?sessionId=44e04ff2-8dbc-4731-b619-98f41bf42804&minutes=1440&maxCount=1 HTTP/1.1" 200 None
+2025-10-06 20:53:23,573 [178.61019134521484] status INFO: Requesting url: https://share2.dexcom.com/ShareWebServices/Services/General/AuthenticatePublisherAccount
+2025-10-06 20:53:23,573 [178.6107361316681] urllib3.connectionpool DEBUG: Starting new HTTPS connection (1): share2.dexcom.com:443
+2025-10-06 20:53:23,755 [178.79279470443726] urllib3.connectionpool DEBUG: https://share2.dexcom.com:443 "GET /ShareWebServices/Services/General/AuthenticatePublisherAccount HTTP/1.1" 405 176
+2025-10-06 20:53:24,473 [179.510724067688] notifier INFO: Requesting url https://share2.dexcom.com/ShareWebServices/Services
+2025-10-06 20:53:24,473 [179.510724067688] pydexcom DEBUG: Retrieve glucose readings from the glucose readings endpoint
+2025-10-06 20:53:24,577 [179.61482524871826] urllib3.connectionpool DEBUG: https://share2.dexcom.com:443 "POST /ShareWebServices/Services/Publisher/ReadPublisherLatestGlucoseValues?sessionId=44e04ff2-8dbc-4731-b619-98f41bf42804&minutes=1440&maxCount=1 HTTP/1.1" 200 None
+2025-10-06 20:53:24,578 [179.61583828926086] notifier INFO: Requesting url https://share2.dexcom.com/ShareWebServices/Services
+2025-10-06 20:53:24,578 [179.61583828926086] pydexcom DEBUG: Retrieve glucose readings from the glucose readings endpoint
+2025-10-06 20:53:24,709 [179.74650859832764] urllib3.connectionpool DEBUG: https://share2.dexcom.com:443 "POST /ShareWebServices/Services/Publisher/ReadPublisherLatestGlucoseValues?sessionId=44e04ff2-8dbc-4731-b619-98f41bf42804&minutes=1440&maxCount=1 HTTP/1.1" 200 None
+2025-10-06 20:53:24,761 [179.79890370368958] status INFO: Requesting url: https://share2.dexcom.com/ShareWebServices/Services/General/AuthenticatePublisherAccount
+2025-10-06 20:53:24,761 [179.79890370368958] urllib3.connectionpool DEBUG: Starting new HTTPS connection (1): share2.dexcom.com:443
+2025-10-06 20:53:24,959 [179.99616885185242] urllib3.connectionpool DEBUG: https://share2.dexcom.com:443 "GET /ShareWebServices/Services/General/AuthenticatePublisherAccount HTTP/1.1" 405 176
+2025-10-06 20:53:25,714 [180.7510166168213] notifier INFO: Requesting url https://share2.dexcom.com/ShareWebServices/Services
+2025-10-06 20:53:25,714 [180.7510166168213] pydexcom DEBUG: Retrieve glucose readings from the glucose readings endpoint
+2025-10-06 20:53:25,824 [180.86115550994873] urllib3.connectionpool DEBUG: https://share2.dexcom.com:443 "POST /ShareWebServices/Services/Publisher/ReadPublisherLatestGlucoseValues?sessionId=44e04ff2-8dbc-4731-b619-98f41bf42804&minutes=1440&maxCount=1 HTTP/1.1" 200 None
+2025-10-06 20:53:25,826 [180.86323928833008] notifier INFO: Requesting url https://share2.dexcom.com/ShareWebServices/Services
+2025-10-06 20:53:25,826 [180.86323928833008] pydexcom DEBUG: Retrieve glucose readings from the glucose readings endpoint
+2025-10-06 20:53:25,927 [180.96495580673218] urllib3.connectionpool DEBUG: https://share2.dexcom.com:443 "POST /ShareWebServices/Services/Publisher/ReadPublisherLatestGlucoseValues?sessionId=44e04ff2-8dbc-4731-b619-98f41bf42804&minutes=1440&maxCount=1 HTTP/1.1" 200 None
+2025-10-06 20:53:25,961 [180.99869751930237] status INFO: Requesting url: https://share2.dexcom.com/ShareWebServices/Services/General/AuthenticatePublisherAccount
+2025-10-06 20:53:25,962 [180.9997112751007] urllib3.connectionpool DEBUG: Starting new HTTPS connection (1): share2.dexcom.com:443
+2025-10-06 20:53:26,146 [181.18305158615112] urllib3.connectionpool DEBUG: https://share2.dexcom.com:443 "GET /ShareWebServices/Services/General/AuthenticatePublisherAccount HTTP/1.1" 405 176
+2025-10-06 20:53:26,622 [181.6598391532898] pydexcom DEBUG: Retrieve glucose readings from the glucose readings endpoint
+2025-10-06 20:53:26,741 [181.77895188331604] urllib3.connectionpool DEBUG: https://share2.dexcom.com:443 "POST /ShareWebServices/Services/Publisher/ReadPublisherLatestGlucoseValues?sessionId=44e04ff2-8dbc-4731-b619-98f41bf42804&minutes=1440&maxCount=1 HTTP/1.1" 200 None
+2025-10-06 20:53:26,932 [181.969877243042] notifier INFO: Requesting url https://share2.dexcom.com/ShareWebServices/Services
+2025-10-06 20:53:26,932 [181.969877243042] pydexcom DEBUG: Retrieve glucose readings from the glucose readings endpoint
+2025-10-06 20:53:27,046 [182.08335876464844] urllib3.connectionpool DEBUG: https://share2.dexcom.com:443 "POST /ShareWebServices/Services/Publisher/ReadPublisherLatestGlucoseValues?sessionId=44e04ff2-8dbc-4731-b619-98f41bf42804&minutes=1440&maxCount=1 HTTP/1.1" 200 None
+2025-10-06 20:53:27,046 [182.08335876464844] notifier INFO: Requesting url https://share2.dexcom.com/ShareWebServices/Services
+2025-10-06 20:53:27,046 [182.08335876464844] pydexcom DEBUG: Retrieve glucose readings from the glucose readings endpoint
+2025-10-06 20:53:27,148 [182.18546199798584] status INFO: Requesting url: https://share2.dexcom.com/ShareWebServices/Services/General/AuthenticatePublisherAccount
+2025-10-06 20:53:27,150 [182.18747091293335] urllib3.connectionpool DEBUG: Starting new HTTPS connection (1): share2.dexcom.com:443
+2025-10-06 20:53:27,208 [182.24589729309082] urllib3.connectionpool DEBUG: https://share2.dexcom.com:443 "POST /ShareWebServices/Services/Publisher/ReadPublisherLatestGlucoseValues?sessionId=44e04ff2-8dbc-4731-b619-98f41bf42804&minutes=1440&maxCount=1 HTTP/1.1" 200 None
+2025-10-06 20:53:27,400 [182.43795156478882] urllib3.connectionpool DEBUG: https://share2.dexcom.com:443 "GET /ShareWebServices/Services/General/AuthenticatePublisherAccount HTTP/1.1" 405 176
+2025-10-06 20:53:28,210 [183.24733757972717] notifier INFO: Requesting url https://share2.dexcom.com/ShareWebServices/Services
+2025-10-06 20:53:28,211 [183.2483468055725] pydexcom DEBUG: Retrieve glucose readings from the glucose readings endpoint
+2025-10-06 20:53:28,366 [183.4030864238739] urllib3.connectionpool DEBUG: https://share2.dexcom.com:443 "POST /ShareWebServices/Services/Publisher/ReadPublisherLatestGlucoseValues?sessionId=44e04ff2-8dbc-4731-b619-98f41bf42804&minutes=1440&maxCount=1 HTTP/1.1" 200 None
+2025-10-06 20:53:28,366 [183.4030864238739] notifier INFO: Requesting url https://share2.dexcom.com/ShareWebServices/Services
+2025-10-06 20:53:28,367 [183.40459084510803] pydexcom DEBUG: Retrieve glucose readings from the glucose readings endpoint
+2025-10-06 20:53:28,402 [183.43985533714294] status INFO: Requesting url: https://share2.dexcom.com/ShareWebServices/Services/General/AuthenticatePublisherAccount
+2025-10-06 20:53:28,404 [183.4413652420044] urllib3.connectionpool DEBUG: Starting new HTTPS connection (1): share2.dexcom.com:443
+2025-10-06 20:53:28,480 [183.51793766021729] urllib3.connectionpool DEBUG: https://share2.dexcom.com:443 "POST /ShareWebServices/Services/Publisher/ReadPublisherLatestGlucoseValues?sessionId=44e04ff2-8dbc-4731-b619-98f41bf42804&minutes=1440&maxCount=1 HTTP/1.1" 200 None
+2025-10-06 20:53:28,525 [183.5620152950287] notifier INFO: Requesting url General/AuthenticatePublisherAccount
+2025-10-06 20:53:28,525 [183.5620152950287] pydexcom DEBUG: Retrieve account ID from the authentication endpoint
+2025-10-06 20:53:28,526 [183.56302666664124] urllib3.connectionpool DEBUG: Starting new HTTPS connection (1): share2.dexcom.com:443
+2025-10-06 20:53:28,744 [183.78097462654114] urllib3.connectionpool DEBUG: https://share2.dexcom.com:443 "GET /ShareWebServices/Services/General/AuthenticatePublisherAccount HTTP/1.1" 405 176
+2025-10-06 20:53:28,957 [183.99448490142822] urllib3.connectionpool DEBUG: https://share2.dexcom.com:443 "POST /ShareWebServices/Services/General/AuthenticatePublisherAccount HTTP/1.1" 200 38
+2025-10-06 20:53:28,958 [183.99547576904297] pydexcom DEBUG: Retrieve session ID from the login endpoint
+2025-10-06 20:53:29,482 [184.5191149711609] notifier INFO: Requesting url https://share2.dexcom.com/ShareWebServices/Services
+2025-10-06 20:53:29,482 [184.5191149711609] pydexcom DEBUG: Retrieve glucose readings from the glucose readings endpoint
+2025-10-06 20:53:29,636 [184.67298769950867] urllib3.connectionpool DEBUG: https://share2.dexcom.com:443 "POST /ShareWebServices/Services/Publisher/ReadPublisherLatestGlucoseValues?sessionId=44e04ff2-8dbc-4731-b619-98f41bf42804&minutes=1440&maxCount=1 HTTP/1.1" 200 None
+2025-10-06 20:53:29,636 [184.67298769950867] notifier INFO: Requesting url https://share2.dexcom.com/ShareWebServices/Services
+2025-10-06 20:53:29,637 [184.67449426651] pydexcom DEBUG: Retrieve glucose readings from the glucose readings endpoint
+2025-10-06 20:53:29,752 [184.78931283950806] status INFO: Requesting url: https://share2.dexcom.com/ShareWebServices/Services/General/AuthenticatePublisherAccount
+2025-10-06 20:53:29,752 [184.78931283950806] urllib3.connectionpool DEBUG: https://share2.dexcom.com:443 "POST /ShareWebServices/Services/Publisher/ReadPublisherLatestGlucoseValues?sessionId=44e04ff2-8dbc-4731-b619-98f41bf42804&minutes=1440&maxCount=1 HTTP/1.1" 200 None
+2025-10-06 20:53:29,753 [184.79082989692688] urllib3.connectionpool DEBUG: Starting new HTTPS connection (1): share2.dexcom.com:443
+2025-10-06 20:53:29,822 [184.85959911346436] urllib3.connectionpool DEBUG: https://share2.dexcom.com:443 "POST /ShareWebServices/Services/General/LoginPublisherAccountById HTTP/1.1" 200 38
+2025-10-06 20:53:29,826 [184.8631293773651] pydexcom DEBUG: Retrieve glucose readings from the glucose readings endpoint
+2025-10-06 20:53:29,929 [184.9664282798767] urllib3.connectionpool DEBUG: https://share2.dexcom.com:443 "POST /ShareWebServices/Services/Publisher/ReadPublisherLatestGlucoseValues?sessionId=44e04ff2-8dbc-4731-b619-98f41bf42804&minutes=1440&maxCount=1 HTTP/1.1" 200 None
+2025-10-06 20:53:30,117 [185.15474796295166] urllib3.connectionpool DEBUG: https://share2.dexcom.com:443 "GET /ShareWebServices/Services/General/AuthenticatePublisherAccount HTTP/1.1" 405 176
+2025-10-06 20:53:30,754 [185.7914261817932] notifier INFO: Requesting url https://share2.dexcom.com/ShareWebServices/Services
+2025-10-06 20:53:30,754 [185.7914261817932] pydexcom DEBUG: Retrieve glucose readings from the glucose readings endpoint
+2025-10-06 20:53:30,872 [185.909517288208] urllib3.connectionpool DEBUG: https://share2.dexcom.com:443 "POST /ShareWebServices/Services/Publisher/ReadPublisherLatestGlucoseValues?sessionId=44e04ff2-8dbc-4731-b619-98f41bf42804&minutes=1440&maxCount=1 HTTP/1.1" 200 None
+2025-10-06 20:53:30,872 [185.909517288208] notifier INFO: Requesting url https://share2.dexcom.com/ShareWebServices/Services
+2025-10-06 20:53:30,872 [185.909517288208] pydexcom DEBUG: Retrieve glucose readings from the glucose readings endpoint
+2025-10-06 20:53:30,991 [186.02799916267395] urllib3.connectionpool DEBUG: https://share2.dexcom.com:443 "POST /ShareWebServices/Services/Publisher/ReadPublisherLatestGlucoseValues?sessionId=44e04ff2-8dbc-4731-b619-98f41bf42804&minutes=1440&maxCount=1 HTTP/1.1" 200 None
+2025-10-06 20:53:31,119 [186.15627121925354] status INFO: Requesting url: https://share2.dexcom.com/ShareWebServices/Services/General/AuthenticatePublisherAccount
+2025-10-06 20:53:31,119 [186.15627121925354] urllib3.connectionpool DEBUG: Starting new HTTPS connection (1): share2.dexcom.com:443
+2025-10-06 20:53:31,339 [186.3765799999237] urllib3.connectionpool DEBUG: https://share2.dexcom.com:443 "GET /ShareWebServices/Services/General/AuthenticatePublisherAccount HTTP/1.1" 405 176
+2025-10-06 20:53:31,754 [186.79180312156677] pydexcom DEBUG: Retrieve glucose readings from the glucose readings endpoint
+2025-10-06 20:53:31,854 [186.8914716243744] urllib3.connectionpool DEBUG: https://share2.dexcom.com:443 "POST /ShareWebServices/Services/Publisher/ReadPublisherLatestGlucoseValues?sessionId=44e04ff2-8dbc-4731-b619-98f41bf42804&minutes=1440&maxCount=1 HTTP/1.1" 200 None
+2025-10-06 20:53:31,992 [187.0298092365265] notifier INFO: Requesting url https://share2.dexcom.com/ShareWebServices/Services
+2025-10-06 20:53:31,992 [187.0298092365265] pydexcom DEBUG: Retrieve glucose readings from the glucose readings endpoint
+2025-10-06 20:53:32,120 [187.15747141838074] urllib3.connectionpool DEBUG: https://share2.dexcom.com:443 "POST /ShareWebServices/Services/Publisher/ReadPublisherLatestGlucoseValues?sessionId=44e04ff2-8dbc-4731-b619-98f41bf42804&minutes=1440&maxCount=1 HTTP/1.1" 200 None
+2025-10-06 20:53:32,121 [187.15847992897034] notifier INFO: Requesting url https://share2.dexcom.com/ShareWebServices/Services
+2025-10-06 20:53:32,121 [187.15847992897034] pydexcom DEBUG: Retrieve glucose readings from the glucose readings endpoint
+2025-10-06 20:53:32,287 [187.32480096817017] urllib3.connectionpool DEBUG: https://share2.dexcom.com:443 "POST /ShareWebServices/Services/Publisher/ReadPublisherLatestGlucoseValues?sessionId=44e04ff2-8dbc-4731-b619-98f41bf42804&minutes=1440&maxCount=1 HTTP/1.1" 200 None
+2025-10-06 20:53:32,341 [187.37857270240784] status INFO: Requesting url: https://share2.dexcom.com/ShareWebServices/Services/General/AuthenticatePublisherAccount
+2025-10-06 20:53:32,341 [187.37857270240784] urllib3.connectionpool DEBUG: Starting new HTTPS connection (1): share2.dexcom.com:443
+2025-10-06 20:53:32,572 [187.60976791381836] urllib3.connectionpool DEBUG: https://share2.dexcom.com:443 "GET /ShareWebServices/Services/General/AuthenticatePublisherAccount HTTP/1.1" 405 176
+2025-10-06 20:53:33,289 [188.3263876438141] notifier INFO: Requesting url https://share2.dexcom.com/ShareWebServices/Services
+2025-10-06 20:53:33,289 [188.3263876438141] pydexcom DEBUG: Retrieve glucose readings from the glucose readings endpoint
+2025-10-06 20:53:33,385 [188.42257595062256] urllib3.connectionpool DEBUG: https://share2.dexcom.com:443 "POST /ShareWebServices/Services/Publisher/ReadPublisherLatestGlucoseValues?sessionId=44e04ff2-8dbc-4731-b619-98f41bf42804&minutes=1440&maxCount=1 HTTP/1.1" 200 None
+2025-10-06 20:53:33,385 [188.42257595062256] notifier INFO: Requesting url https://share2.dexcom.com/ShareWebServices/Services
+2025-10-06 20:53:33,385 [188.42257595062256] pydexcom DEBUG: Retrieve glucose readings from the glucose readings endpoint
+2025-10-06 20:53:33,502 [188.53978967666626] urllib3.connectionpool DEBUG: https://share2.dexcom.com:443 "POST /ShareWebServices/Services/Publisher/ReadPublisherLatestGlucoseValues?sessionId=44e04ff2-8dbc-4731-b619-98f41bf42804&minutes=1440&maxCount=1 HTTP/1.1" 200 None
+2025-10-06 20:53:33,575 [188.61223435401917] status INFO: Requesting url: https://share2.dexcom.com/ShareWebServices/Services/General/AuthenticatePublisherAccount
+2025-10-06 20:53:33,575 [188.6127495765686] urllib3.connectionpool DEBUG: Starting new HTTPS connection (1): share2.dexcom.com:443
+2025-10-06 20:53:33,744 [188.78122401237488] urllib3.connectionpool DEBUG: https://share2.dexcom.com:443 "GET /ShareWebServices/Services/General/AuthenticatePublisherAccount HTTP/1.1" 405 176
+2025-10-06 20:53:34,504 [189.54149866104126] notifier INFO: Requesting url https://share2.dexcom.com/ShareWebServices/Services
+2025-10-06 20:53:34,504 [189.54149866104126] pydexcom DEBUG: Retrieve glucose readings from the glucose readings endpoint
+2025-10-06 20:53:34,618 [189.65577745437622] urllib3.connectionpool DEBUG: https://share2.dexcom.com:443 "POST /ShareWebServices/Services/Publisher/ReadPublisherLatestGlucoseValues?sessionId=44e04ff2-8dbc-4731-b619-98f41bf42804&minutes=1440&maxCount=1 HTTP/1.1" 200 None
+2025-10-06 20:53:34,618 [189.65577745437622] notifier INFO: Requesting url https://share2.dexcom.com/ShareWebServices/Services
+2025-10-06 20:53:34,618 [189.65577745437622] pydexcom DEBUG: Retrieve glucose readings from the glucose readings endpoint
+2025-10-06 20:53:34,726 [189.76332926750183] urllib3.connectionpool DEBUG: https://share2.dexcom.com:443 "POST /ShareWebServices/Services/Publisher/ReadPublisherLatestGlucoseValues?sessionId=44e04ff2-8dbc-4731-b619-98f41bf42804&minutes=1440&maxCount=1 HTTP/1.1" 200 None
+2025-10-06 20:53:34,746 [189.78372263908386] status INFO: Requesting url: https://share2.dexcom.com/ShareWebServices/Services/General/AuthenticatePublisherAccount
+2025-10-06 20:53:34,747 [189.7847661972046] urllib3.connectionpool DEBUG: Starting new HTTPS connection (1): share2.dexcom.com:443
+2025-10-06 20:53:34,935 [189.97294068336487] urllib3.connectionpool DEBUG: https://share2.dexcom.com:443 "GET /ShareWebServices/Services/General/AuthenticatePublisherAccount HTTP/1.1" 405 176
+2025-10-06 20:53:34,950 [189.98756384849548] notifier INFO: Requesting url General/AuthenticatePublisherAccount
+2025-10-06 20:53:34,951 [189.98888897895813] pydexcom DEBUG: Retrieve account ID from the authentication endpoint
+2025-10-06 20:53:34,951 [189.98888897895813] urllib3.connectionpool DEBUG: Starting new HTTPS connection (1): share2.dexcom.com:443
+2025-10-06 20:53:35,453 [190.4907841682434] urllib3.connectionpool DEBUG: https://share2.dexcom.com:443 "POST /ShareWebServices/Services/General/AuthenticatePublisherAccount HTTP/1.1" 200 38
+2025-10-06 20:53:35,453 [190.4907841682434] pydexcom DEBUG: Retrieve session ID from the login endpoint
+2025-10-06 20:53:35,727 [190.7647762298584] notifier INFO: Requesting url https://share2.dexcom.com/ShareWebServices/Services
+2025-10-06 20:53:35,727 [190.7647762298584] pydexcom DEBUG: Retrieve glucose readings from the glucose readings endpoint
+2025-10-06 20:53:35,822 [190.85993194580078] urllib3.connectionpool DEBUG: https://share2.dexcom.com:443 "POST /ShareWebServices/Services/Publisher/ReadPublisherLatestGlucoseValues?sessionId=44e04ff2-8dbc-4731-b619-98f41bf42804&minutes=1440&maxCount=1 HTTP/1.1" 200 None
+2025-10-06 20:53:35,823 [190.86094760894775] notifier INFO: Requesting url https://share2.dexcom.com/ShareWebServices/Services
+2025-10-06 20:53:35,823 [190.86094760894775] pydexcom DEBUG: Retrieve glucose readings from the glucose readings endpoint
+2025-10-06 20:53:35,872 [190.9094181060791] urllib3.connectionpool DEBUG: https://share2.dexcom.com:443 "POST /ShareWebServices/Services/General/LoginPublisherAccountById HTTP/1.1" 200 38
+2025-10-06 20:53:35,875 [190.91293501853943] pydexcom DEBUG: Retrieve glucose readings from the glucose readings endpoint
+2025-10-06 20:53:35,930 [190.9678452014923] urllib3.connectionpool DEBUG: https://share2.dexcom.com:443 "POST /ShareWebServices/Services/Publisher/ReadPublisherLatestGlucoseValues?sessionId=44e04ff2-8dbc-4731-b619-98f41bf42804&minutes=1440&maxCount=1 HTTP/1.1" 200 None
+2025-10-06 20:53:35,939 [190.97598433494568] status INFO: Requesting url: https://share2.dexcom.com/ShareWebServices/Services/General/AuthenticatePublisherAccount
+2025-10-06 20:53:35,940 [190.97700333595276] urllib3.connectionpool DEBUG: Starting new HTTPS connection (1): share2.dexcom.com:443
+2025-10-06 20:53:35,983 [191.02090620994568] urllib3.connectionpool DEBUG: https://share2.dexcom.com:443 "POST /ShareWebServices/Services/Publisher/ReadPublisherLatestGlucoseValues?sessionId=44e04ff2-8dbc-4731-b619-98f41bf42804&minutes=1440&maxCount=1 HTTP/1.1" 200 None
+2025-10-06 20:53:36,116 [191.15390968322754] urllib3.connectionpool DEBUG: https://share2.dexcom.com:443 "GET /ShareWebServices/Services/General/AuthenticatePublisherAccount HTTP/1.1" 405 176
+2025-10-06 20:53:36,867 [191.904394865036] pydexcom DEBUG: Retrieve glucose readings from the glucose readings endpoint
+2025-10-06 20:53:36,932 [191.96946215629578] notifier INFO: Requesting url https://share2.dexcom.com/ShareWebServices/Services
+2025-10-06 20:53:36,932 [191.96946215629578] pydexcom DEBUG: Retrieve glucose readings from the glucose readings endpoint
+2025-10-06 20:53:36,982 [192.01936435699463] urllib3.connectionpool DEBUG: https://share2.dexcom.com:443 "POST /ShareWebServices/Services/Publisher/ReadPublisherLatestGlucoseValues?sessionId=44e04ff2-8dbc-4731-b619-98f41bf42804&minutes=1440&maxCount=1 HTTP/1.1" 200 None
+2025-10-06 20:53:37,057 [192.09444165229797] urllib3.connectionpool DEBUG: https://share2.dexcom.com:443 "POST /ShareWebServices/Services/Publisher/ReadPublisherLatestGlucoseValues?sessionId=44e04ff2-8dbc-4731-b619-98f41bf42804&minutes=1440&maxCount=1 HTTP/1.1" 200 None
+2025-10-06 20:53:37,057 [192.09444165229797] notifier INFO: Requesting url https://share2.dexcom.com/ShareWebServices/Services
+2025-10-06 20:53:37,057 [192.09444165229797] pydexcom DEBUG: Retrieve glucose readings from the glucose readings endpoint
+2025-10-06 20:53:37,118 [192.1555871963501] status INFO: Requesting url: https://share2.dexcom.com/ShareWebServices/Services/General/AuthenticatePublisherAccount
+2025-10-06 20:53:37,118 [192.1555871963501] urllib3.connectionpool DEBUG: Starting new HTTPS connection (1): share2.dexcom.com:443
+2025-10-06 20:53:37,187 [192.22494506835938] urllib3.connectionpool DEBUG: https://share2.dexcom.com:443 "POST /ShareWebServices/Services/Publisher/ReadPublisherLatestGlucoseValues?sessionId=44e04ff2-8dbc-4731-b619-98f41bf42804&minutes=1440&maxCount=1 HTTP/1.1" 200 None
+2025-10-06 20:53:37,362 [192.3998212814331] urllib3.connectionpool DEBUG: https://share2.dexcom.com:443 "GET /ShareWebServices/Services/General/AuthenticatePublisherAccount HTTP/1.1" 405 176
+2025-10-06 20:53:38,191 [193.22806549072266] notifier INFO: Requesting url https://share2.dexcom.com/ShareWebServices/Services
+2025-10-06 20:53:38,191 [193.22806549072266] pydexcom DEBUG: Retrieve glucose readings from the glucose readings endpoint
+2025-10-06 20:53:38,292 [193.32906818389893] urllib3.connectionpool DEBUG: https://share2.dexcom.com:443 "POST /ShareWebServices/Services/Publisher/ReadPublisherLatestGlucoseValues?sessionId=44e04ff2-8dbc-4731-b619-98f41bf42804&minutes=1440&maxCount=1 HTTP/1.1" 200 None
+2025-10-06 20:53:38,293 [193.33008217811584] notifier INFO: Requesting url https://share2.dexcom.com/ShareWebServices/Services
+2025-10-06 20:53:38,293 [193.33008217811584] pydexcom DEBUG: Retrieve glucose readings from the glucose readings endpoint
+2025-10-06 20:53:38,364 [193.40101981163025] status INFO: Requesting url: https://share2.dexcom.com/ShareWebServices/Services/General/AuthenticatePublisherAccount
+2025-10-06 20:53:38,364 [193.40101981163025] urllib3.connectionpool DEBUG: Starting new HTTPS connection (1): share2.dexcom.com:443
+2025-10-06 20:53:38,423 [193.46087098121643] urllib3.connectionpool DEBUG: https://share2.dexcom.com:443 "POST /ShareWebServices/Services/Publisher/ReadPublisherLatestGlucoseValues?sessionId=44e04ff2-8dbc-4731-b619-98f41bf42804&minutes=1440&maxCount=1 HTTP/1.1" 200 None
+2025-10-06 20:53:38,556 [193.59326362609863] urllib3.connectionpool DEBUG: https://share2.dexcom.com:443 "GET /ShareWebServices/Services/General/AuthenticatePublisherAccount HTTP/1.1" 405 176
+2025-10-06 20:53:39,425 [194.46262192726135] notifier INFO: Requesting url https://share2.dexcom.com/ShareWebServices/Services
+2025-10-06 20:53:39,425 [194.46262192726135] pydexcom DEBUG: Retrieve glucose readings from the glucose readings endpoint
+2025-10-06 20:53:39,529 [194.5666422843933] urllib3.connectionpool DEBUG: https://share2.dexcom.com:443 "POST /ShareWebServices/Services/Publisher/ReadPublisherLatestGlucoseValues?sessionId=44e04ff2-8dbc-4731-b619-98f41bf42804&minutes=1440&maxCount=1 HTTP/1.1" 200 None
+2025-10-06 20:53:39,529 [194.5666422843933] notifier INFO: Requesting url https://share2.dexcom.com/ShareWebServices/Services
+2025-10-06 20:53:39,533 [194.5707437992096] pydexcom DEBUG: Retrieve glucose readings from the glucose readings endpoint
+2025-10-06 20:53:39,564 [194.60118317604065] status INFO: Requesting url: https://share2.dexcom.com/ShareWebServices/Services/General/AuthenticatePublisherAccount
+2025-10-06 20:53:39,566 [194.6032063961029] urllib3.connectionpool DEBUG: Starting new HTTPS connection (1): share2.dexcom.com:443
+2025-10-06 20:53:39,680 [194.71710968017578] urllib3.connectionpool DEBUG: https://share2.dexcom.com:443 "POST /ShareWebServices/Services/Publisher/ReadPublisherLatestGlucoseValues?sessionId=44e04ff2-8dbc-4731-b619-98f41bf42804&minutes=1440&maxCount=1 HTTP/1.1" 200 None
+2025-10-06 20:53:39,747 [194.78482055664062] urllib3.connectionpool DEBUG: https://share2.dexcom.com:443 "GET /ShareWebServices/Services/General/AuthenticatePublisherAccount HTTP/1.1" 405 176
+2025-10-06 20:53:40,681 [195.71862983703613] notifier INFO: Requesting url https://share2.dexcom.com/ShareWebServices/Services
+2025-10-06 20:53:40,681 [195.71862983703613] pydexcom DEBUG: Retrieve glucose readings from the glucose readings endpoint
+2025-10-06 20:53:40,753 [195.78998279571533] status INFO: Requesting url: https://share2.dexcom.com/ShareWebServices/Services/General/AuthenticatePublisherAccount
+2025-10-06 20:53:40,754 [195.79103231430054] urllib3.connectionpool DEBUG: Starting new HTTPS connection (1): share2.dexcom.com:443
+2025-10-06 20:53:40,801 [195.8387565612793] urllib3.connectionpool DEBUG: https://share2.dexcom.com:443 "POST /ShareWebServices/Services/Publisher/ReadPublisherLatestGlucoseValues?sessionId=44e04ff2-8dbc-4731-b619-98f41bf42804&minutes=1440&maxCount=1 HTTP/1.1" 200 None
+2025-10-06 20:53:40,803 [195.83999609947205] notifier INFO: Requesting url https://share2.dexcom.com/ShareWebServices/Services
+2025-10-06 20:53:40,803 [195.83999609947205] pydexcom DEBUG: Retrieve glucose readings from the glucose readings endpoint
+2025-10-06 20:53:40,925 [195.9627447128296] urllib3.connectionpool DEBUG: https://share2.dexcom.com:443 "POST /ShareWebServices/Services/Publisher/ReadPublisherLatestGlucoseValues?sessionId=44e04ff2-8dbc-4731-b619-98f41bf42804&minutes=1440&maxCount=1 HTTP/1.1" 200 None
+2025-10-06 20:53:40,957 [195.9949688911438] urllib3.connectionpool DEBUG: https://share2.dexcom.com:443 "GET /ShareWebServices/Services/General/AuthenticatePublisherAccount HTTP/1.1" 405 176
+2025-10-06 20:53:40,988 [196.02569365501404] notifier INFO: Requesting url General/AuthenticatePublisherAccount
+2025-10-06 20:53:40,990 [196.02712512016296] pydexcom DEBUG: Retrieve account ID from the authentication endpoint
+2025-10-06 20:53:40,990 [196.02712512016296] urllib3.connectionpool DEBUG: Starting new HTTPS connection (1): share2.dexcom.com:443
+2025-10-06 20:53:41,451 [196.4884774684906] urllib3.connectionpool DEBUG: https://share2.dexcom.com:443 "POST /ShareWebServices/Services/General/AuthenticatePublisherAccount HTTP/1.1" 200 38
+2025-10-06 20:53:41,452 [196.48947763442993] pydexcom DEBUG: Retrieve session ID from the login endpoint
+2025-10-06 20:53:41,849 [196.88609743118286] urllib3.connectionpool DEBUG: https://share2.dexcom.com:443 "POST /ShareWebServices/Services/General/LoginPublisherAccountById HTTP/1.1" 200 38
+2025-10-06 20:53:41,854 [196.89193153381348] pydexcom DEBUG: Retrieve glucose readings from the glucose readings endpoint
+2025-10-06 20:53:41,928 [196.966162443161] notifier INFO: Requesting url https://share2.dexcom.com/ShareWebServices/Services
+2025-10-06 20:53:41,929 [196.966162443161] pydexcom DEBUG: Retrieve glucose readings from the glucose readings endpoint
+2025-10-06 20:53:41,959 [196.9964234828949] status INFO: Requesting url: https://share2.dexcom.com/ShareWebServices/Services/General/AuthenticatePublisherAccount
+2025-10-06 20:53:41,959 [196.99693179130554] urllib3.connectionpool DEBUG: Starting new HTTPS connection (1): share2.dexcom.com:443
+2025-10-06 20:53:41,987 [197.02484226226807] pydexcom DEBUG: Retrieve glucose readings from the glucose readings endpoint
+2025-10-06 20:53:42,027 [197.06455492973328] urllib3.connectionpool DEBUG: https://share2.dexcom.com:443 "POST /ShareWebServices/Services/Publisher/ReadPublisherLatestGlucoseValues?sessionId=44e04ff2-8dbc-4731-b619-98f41bf42804&minutes=1440&maxCount=1 HTTP/1.1" 200 None
+2025-10-06 20:53:42,038 [197.07526969909668] urllib3.connectionpool DEBUG: https://share2.dexcom.com:443 "POST /ShareWebServices/Services/Publisher/ReadPublisherLatestGlucoseValues?sessionId=44e04ff2-8dbc-4731-b619-98f41bf42804&minutes=1440&maxCount=1 HTTP/1.1" 200 None
+2025-10-06 20:53:42,038 [197.07526969909668] notifier INFO: Requesting url https://share2.dexcom.com/ShareWebServices/Services
+2025-10-06 20:53:42,038 [197.07526969909668] pydexcom DEBUG: Retrieve glucose readings from the glucose readings endpoint
+2025-10-06 20:53:42,154 [197.190984249115] urllib3.connectionpool DEBUG: https://share2.dexcom.com:443 "POST /ShareWebServices/Services/Publisher/ReadPublisherLatestGlucoseValues?sessionId=44e04ff2-8dbc-4731-b619-98f41bf42804&minutes=1440&maxCount=1 HTTP/1.1" 200 None
+2025-10-06 20:53:42,154 [197.19139742851257] urllib3.connectionpool DEBUG: https://share2.dexcom.com:443 "GET /ShareWebServices/Services/General/AuthenticatePublisherAccount HTTP/1.1" 405 176
+2025-10-06 20:53:43,155 [198.19287300109863] status INFO: Requesting url: https://share2.dexcom.com/ShareWebServices/Services/General/AuthenticatePublisherAccount
+2025-10-06 20:53:43,155 [198.19287300109863] notifier INFO: Requesting url https://share2.dexcom.com/ShareWebServices/Services
+2025-10-06 20:53:43,155 [198.19287300109863] pydexcom DEBUG: Retrieve glucose readings from the glucose readings endpoint
+2025-10-06 20:53:43,157 [198.19425106048584] urllib3.connectionpool DEBUG: Starting new HTTPS connection (1): share2.dexcom.com:443
+2025-10-06 20:53:43,285 [198.32280135154724] urllib3.connectionpool DEBUG: https://share2.dexcom.com:443 "POST /ShareWebServices/Services/Publisher/ReadPublisherLatestGlucoseValues?sessionId=44e04ff2-8dbc-4731-b619-98f41bf42804&minutes=1440&maxCount=1 HTTP/1.1" 200 None
+2025-10-06 20:53:43,285 [198.32280135154724] notifier INFO: Requesting url https://share2.dexcom.com/ShareWebServices/Services
+2025-10-06 20:53:43,285 [198.32280135154724] pydexcom DEBUG: Retrieve glucose readings from the glucose readings endpoint
+2025-10-06 20:53:43,377 [198.41481161117554] urllib3.connectionpool DEBUG: https://share2.dexcom.com:443 "GET /ShareWebServices/Services/General/AuthenticatePublisherAccount HTTP/1.1" 405 176
+2025-10-06 20:53:43,393 [198.43089270591736] urllib3.connectionpool DEBUG: https://share2.dexcom.com:443 "POST /ShareWebServices/Services/Publisher/ReadPublisherLatestGlucoseValues?sessionId=44e04ff2-8dbc-4731-b619-98f41bf42804&minutes=1440&maxCount=1 HTTP/1.1" 200 None
+2025-10-06 20:53:44,385 [199.42207407951355] status INFO: Requesting url: https://share2.dexcom.com/ShareWebServices/Services/General/AuthenticatePublisherAccount
+2025-10-06 20:53:44,386 [199.4230842590332] urllib3.connectionpool DEBUG: Starting new HTTPS connection (1): share2.dexcom.com:443
+2025-10-06 20:53:44,395 [199.43275690078735] notifier INFO: Requesting url https://share2.dexcom.com/ShareWebServices/Services
+2025-10-06 20:53:44,395 [199.43275690078735] pydexcom DEBUG: Retrieve glucose readings from the glucose readings endpoint
+2025-10-06 20:53:44,516 [199.5538249015808] urllib3.connectionpool DEBUG: https://share2.dexcom.com:443 "POST /ShareWebServices/Services/Publisher/ReadPublisherLatestGlucoseValues?sessionId=44e04ff2-8dbc-4731-b619-98f41bf42804&minutes=1440&maxCount=1 HTTP/1.1" 200 None
+2025-10-06 20:53:44,517 [199.5543351173401] notifier INFO: Requesting url https://share2.dexcom.com/ShareWebServices/Services
+2025-10-06 20:53:44,517 [199.5543351173401] pydexcom DEBUG: Retrieve glucose readings from the glucose readings endpoint
+2025-10-06 20:53:44,577 [199.61435985565186] urllib3.connectionpool DEBUG: https://share2.dexcom.com:443 "GET /ShareWebServices/Services/General/AuthenticatePublisherAccount HTTP/1.1" 405 176
+2025-10-06 20:53:44,624 [199.66128396987915] urllib3.connectionpool DEBUG: https://share2.dexcom.com:443 "POST /ShareWebServices/Services/Publisher/ReadPublisherLatestGlucoseValues?sessionId=44e04ff2-8dbc-4731-b619-98f41bf42804&minutes=1440&maxCount=1 HTTP/1.1" 200 None
+2025-10-06 20:53:45,582 [200.6192409992218] status INFO: Requesting url: https://share2.dexcom.com/ShareWebServices/Services/General/AuthenticatePublisherAccount
+2025-10-06 20:53:45,583 [200.62079882621765] urllib3.connectionpool DEBUG: Starting new HTTPS connection (1): share2.dexcom.com:443
+2025-10-06 20:53:45,625 [200.66294121742249] notifier INFO: Requesting url https://share2.dexcom.com/ShareWebServices/Services
+2025-10-06 20:53:45,625 [200.66294121742249] pydexcom DEBUG: Retrieve glucose readings from the glucose readings endpoint
+2025-10-06 20:53:45,737 [200.77468729019165] urllib3.connectionpool DEBUG: https://share2.dexcom.com:443 "POST /ShareWebServices/Services/Publisher/ReadPublisherLatestGlucoseValues?sessionId=44e04ff2-8dbc-4731-b619-98f41bf42804&minutes=1440&maxCount=1 HTTP/1.1" 200 None
+2025-10-06 20:53:45,737 [200.77468729019165] notifier INFO: Requesting url https://share2.dexcom.com/ShareWebServices/Services
+2025-10-06 20:53:45,737 [200.77468729019165] pydexcom DEBUG: Retrieve glucose readings from the glucose readings endpoint
+2025-10-06 20:53:45,770 [200.80794310569763] urllib3.connectionpool DEBUG: https://share2.dexcom.com:443 "GET /ShareWebServices/Services/General/AuthenticatePublisherAccount HTTP/1.1" 405 176
+2025-10-06 20:53:45,853 [200.89092302322388] urllib3.connectionpool DEBUG: https://share2.dexcom.com:443 "POST /ShareWebServices/Services/Publisher/ReadPublisherLatestGlucoseValues?sessionId=44e04ff2-8dbc-4731-b619-98f41bf42804&minutes=1440&maxCount=1 HTTP/1.1" 200 None
+2025-10-06 20:53:46,774 [201.81137871742249] status INFO: Requesting url: https://share2.dexcom.com/ShareWebServices/Services/General/AuthenticatePublisherAccount
+2025-10-06 20:53:46,774 [201.81137871742249] urllib3.connectionpool DEBUG: Starting new HTTPS connection (1): share2.dexcom.com:443
+2025-10-06 20:53:46,854 [201.89174342155457] notifier INFO: Requesting url https://share2.dexcom.com/ShareWebServices/Services
+2025-10-06 20:53:46,854 [201.89174342155457] pydexcom DEBUG: Retrieve glucose readings from the glucose readings endpoint
+2025-10-06 20:53:46,967 [202.0041046142578] urllib3.connectionpool DEBUG: https://share2.dexcom.com:443 "GET /ShareWebServices/Services/General/AuthenticatePublisherAccount HTTP/1.1" 405 176
+2025-10-06 20:53:46,967 [202.00455570220947] urllib3.connectionpool DEBUG: https://share2.dexcom.com:443 "POST /ShareWebServices/Services/Publisher/ReadPublisherLatestGlucoseValues?sessionId=44e04ff2-8dbc-4731-b619-98f41bf42804&minutes=1440&maxCount=1 HTTP/1.1" 200 None
+2025-10-06 20:53:46,967 [202.00455570220947] notifier INFO: Requesting url https://share2.dexcom.com/ShareWebServices/Services
+2025-10-06 20:53:46,967 [202.00455570220947] pydexcom DEBUG: Retrieve glucose readings from the glucose readings endpoint
+2025-10-06 20:53:47,050 [202.0873281955719] notifier INFO: Requesting url General/AuthenticatePublisherAccount
+2025-10-06 20:53:47,050 [202.0873281955719] pydexcom DEBUG: Retrieve account ID from the authentication endpoint
+2025-10-06 20:53:47,050 [202.0873281955719] urllib3.connectionpool DEBUG: Starting new HTTPS connection (1): share2.dexcom.com:443
+2025-10-06 20:53:47,082 [202.11934351921082] urllib3.connectionpool DEBUG: https://share2.dexcom.com:443 "POST /ShareWebServices/Services/Publisher/ReadPublisherLatestGlucoseValues?sessionId=44e04ff2-8dbc-4731-b619-98f41bf42804&minutes=1440&maxCount=1 HTTP/1.1" 200 None
+2025-10-06 20:53:47,511 [202.54887413978577] urllib3.connectionpool DEBUG: https://share2.dexcom.com:443 "POST /ShareWebServices/Services/General/AuthenticatePublisherAccount HTTP/1.1" 200 38
+2025-10-06 20:53:47,511 [202.54887413978577] pydexcom DEBUG: Retrieve session ID from the login endpoint
+2025-10-06 20:53:47,944 [202.98103260993958] urllib3.connectionpool DEBUG: https://share2.dexcom.com:443 "POST /ShareWebServices/Services/General/LoginPublisherAccountById HTTP/1.1" 200 38
+2025-10-06 20:53:47,950 [202.98702836036682] pydexcom DEBUG: Retrieve glucose readings from the glucose readings endpoint
+2025-10-06 20:53:47,968 [203.0053961277008] status INFO: Requesting url: https://share2.dexcom.com/ShareWebServices/Services/General/AuthenticatePublisherAccount
+2025-10-06 20:53:47,969 [203.00646901130676] urllib3.connectionpool DEBUG: Starting new HTTPS connection (1): share2.dexcom.com:443
+2025-10-06 20:53:48,070 [203.10734462738037] urllib3.connectionpool DEBUG: https://share2.dexcom.com:443 "POST /ShareWebServices/Services/Publisher/ReadPublisherLatestGlucoseValues?sessionId=44e04ff2-8dbc-4731-b619-98f41bf42804&minutes=1440&maxCount=1 HTTP/1.1" 200 None
+2025-10-06 20:53:48,083 [203.12096524238586] notifier INFO: Requesting url https://share2.dexcom.com/ShareWebServices/Services
+2025-10-06 20:53:48,083 [203.12096524238586] pydexcom DEBUG: Retrieve glucose readings from the glucose readings endpoint
+2025-10-06 20:53:48,153 [203.1900327205658] urllib3.connectionpool DEBUG: https://share2.dexcom.com:443 "GET /ShareWebServices/Services/General/AuthenticatePublisherAccount HTTP/1.1" 405 176
+2025-10-06 20:53:48,188 [203.22532510757446] urllib3.connectionpool DEBUG: https://share2.dexcom.com:443 "POST /ShareWebServices/Services/Publisher/ReadPublisherLatestGlucoseValues?sessionId=44e04ff2-8dbc-4731-b619-98f41bf42804&minutes=1440&maxCount=1 HTTP/1.1" 200 None
+2025-10-06 20:53:48,188 [203.22532510757446] notifier INFO: Requesting url https://share2.dexcom.com/ShareWebServices/Services
+2025-10-06 20:53:48,188 [203.22532510757446] pydexcom DEBUG: Retrieve glucose readings from the glucose readings endpoint
+2025-10-06 20:53:48,324 [203.36103701591492] urllib3.connectionpool DEBUG: https://share2.dexcom.com:443 "POST /ShareWebServices/Services/Publisher/ReadPublisherLatestGlucoseValues?sessionId=44e04ff2-8dbc-4731-b619-98f41bf42804&minutes=1440&maxCount=1 HTTP/1.1" 200 None
+2025-10-06 20:53:49,154 [204.19168090820312] status INFO: Requesting url: https://share2.dexcom.com/ShareWebServices/Services/General/AuthenticatePublisherAccount
+2025-10-06 20:53:49,154 [204.19168090820312] urllib3.connectionpool DEBUG: Starting new HTTPS connection (1): share2.dexcom.com:443
+2025-10-06 20:53:49,329 [204.36779046058655] notifier INFO: Requesting url https://share2.dexcom.com/ShareWebServices/Services
+2025-10-06 20:53:49,330 [204.36779046058655] pydexcom DEBUG: Retrieve glucose readings from the glucose readings endpoint
+2025-10-06 20:53:49,335 [204.380841255188] urllib3.connectionpool DEBUG: https://share2.dexcom.com:443 "GET /ShareWebServices/Services/General/AuthenticatePublisherAccount HTTP/1.1" 405 176
+2025-10-06 20:53:49,438 [204.47504258155823] urllib3.connectionpool DEBUG: https://share2.dexcom.com:443 "POST /ShareWebServices/Services/Publisher/ReadPublisherLatestGlucoseValues?sessionId=44e04ff2-8dbc-4731-b619-98f41bf42804&minutes=1440&maxCount=1 HTTP/1.1" 200 None
+2025-10-06 20:53:49,438 [204.47504258155823] notifier INFO: Requesting url https://share2.dexcom.com/ShareWebServices/Services
+2025-10-06 20:53:49,438 [204.47504258155823] pydexcom DEBUG: Retrieve glucose readings from the glucose readings endpoint
+2025-10-06 20:53:49,550 [204.5870225429535] urllib3.connectionpool DEBUG: https://share2.dexcom.com:443 "POST /ShareWebServices/Services/Publisher/ReadPublisherLatestGlucoseValues?sessionId=44e04ff2-8dbc-4731-b619-98f41bf42804&minutes=1440&maxCount=1 HTTP/1.1" 200 None
+2025-10-06 20:53:50,345 [205.38237619400024] status INFO: Requesting url: https://share2.dexcom.com/ShareWebServices/Services/General/AuthenticatePublisherAccount
+2025-10-06 20:53:50,346 [205.38339161872864] urllib3.connectionpool DEBUG: Starting new HTTPS connection (1): share2.dexcom.com:443
+2025-10-06 20:53:50,554 [205.5912926197052] notifier INFO: Requesting url https://share2.dexcom.com/ShareWebServices/Services
+2025-10-06 20:53:50,554 [205.5912926197052] pydexcom DEBUG: Retrieve glucose readings from the glucose readings endpoint
+2025-10-06 20:53:50,567 [205.60468196868896] urllib3.connectionpool DEBUG: https://share2.dexcom.com:443 "GET /ShareWebServices/Services/General/AuthenticatePublisherAccount HTTP/1.1" 405 176
+2025-10-06 20:53:50,669 [205.7067768573761] urllib3.connectionpool DEBUG: https://share2.dexcom.com:443 "POST /ShareWebServices/Services/Publisher/ReadPublisherLatestGlucoseValues?sessionId=44e04ff2-8dbc-4731-b619-98f41bf42804&minutes=1440&maxCount=1 HTTP/1.1" 200 None
+2025-10-06 20:53:50,670 [205.70777463912964] notifier INFO: Requesting url https://share2.dexcom.com/ShareWebServices/Services
+2025-10-06 20:53:50,670 [205.70777463912964] pydexcom DEBUG: Retrieve glucose readings from the glucose readings endpoint
+2025-10-06 20:53:50,771 [205.80841374397278] urllib3.connectionpool DEBUG: https://share2.dexcom.com:443 "POST /ShareWebServices/Services/Publisher/ReadPublisherLatestGlucoseValues?sessionId=44e04ff2-8dbc-4731-b619-98f41bf42804&minutes=1440&maxCount=1 HTTP/1.1" 200 None
+2025-10-06 20:53:51,570 [206.60717821121216] status INFO: Requesting url: https://share2.dexcom.com/ShareWebServices/Services/General/AuthenticatePublisherAccount
+2025-10-06 20:53:51,570 [206.60717821121216] urllib3.connectionpool DEBUG: Starting new HTTPS connection (1): share2.dexcom.com:443
+2025-10-06 20:53:51,762 [206.79947781562805] urllib3.connectionpool DEBUG: https://share2.dexcom.com:443 "GET /ShareWebServices/Services/General/AuthenticatePublisherAccount HTTP/1.1" 405 176
+2025-10-06 20:53:51,774 [206.8110954761505] notifier INFO: Requesting url https://share2.dexcom.com/ShareWebServices/Services
+2025-10-06 20:53:51,774 [206.8110954761505] pydexcom DEBUG: Retrieve glucose readings from the glucose readings endpoint
+2025-10-06 20:53:51,886 [206.92376828193665] urllib3.connectionpool DEBUG: https://share2.dexcom.com:443 "POST /ShareWebServices/Services/Publisher/ReadPublisherLatestGlucoseValues?sessionId=44e04ff2-8dbc-4731-b619-98f41bf42804&minutes=1440&maxCount=1 HTTP/1.1" 200 None
+2025-10-06 20:53:51,886 [206.92376828193665] notifier INFO: Requesting url https://share2.dexcom.com/ShareWebServices/Services
+2025-10-06 20:53:51,886 [206.92376828193665] pydexcom DEBUG: Retrieve glucose readings from the glucose readings endpoint
+2025-10-06 20:53:51,991 [207.02889466285706] urllib3.connectionpool DEBUG: https://share2.dexcom.com:443 "POST /ShareWebServices/Services/Publisher/ReadPublisherLatestGlucoseValues?sessionId=44e04ff2-8dbc-4731-b619-98f41bf42804&minutes=1440&maxCount=1 HTTP/1.1" 200 None
+2025-10-06 20:53:52,764 [207.8010036945343] status INFO: Requesting url: https://share2.dexcom.com/ShareWebServices/Services/General/AuthenticatePublisherAccount
+2025-10-06 20:53:52,765 [207.80201745033264] urllib3.connectionpool DEBUG: Starting new HTTPS connection (1): share2.dexcom.com:443
+2025-10-06 20:53:52,972 [208.0091381072998] urllib3.connectionpool DEBUG: https://share2.dexcom.com:443 "GET /ShareWebServices/Services/General/AuthenticatePublisherAccount HTTP/1.1" 405 176
+2025-10-06 20:53:52,993 [208.03096437454224] notifier INFO: Requesting url https://share2.dexcom.com/ShareWebServices/Services
+2025-10-06 20:53:52,993 [208.03096437454224] pydexcom DEBUG: Retrieve glucose readings from the glucose readings endpoint
+2025-10-06 20:53:53,101 [208.138427734375] notifier INFO: Requesting url General/AuthenticatePublisherAccount
+2025-10-06 20:53:53,101 [208.13893342018127] pydexcom DEBUG: Retrieve account ID from the authentication endpoint
+2025-10-06 20:53:53,101 [208.13893342018127] urllib3.connectionpool DEBUG: Starting new HTTPS connection (1): share2.dexcom.com:443
+2025-10-06 20:53:53,152 [208.1892545223236] urllib3.connectionpool DEBUG: https://share2.dexcom.com:443 "POST /ShareWebServices/Services/Publisher/ReadPublisherLatestGlucoseValues?sessionId=44e04ff2-8dbc-4731-b619-98f41bf42804&minutes=1440&maxCount=1 HTTP/1.1" 200 None
+2025-10-06 20:53:53,152 [208.1892545223236] notifier INFO: Requesting url https://share2.dexcom.com/ShareWebServices/Services
+2025-10-06 20:53:53,152 [208.1892545223236] pydexcom DEBUG: Retrieve glucose readings from the glucose readings endpoint
+2025-10-06 20:53:53,272 [208.30917763710022] urllib3.connectionpool DEBUG: https://share2.dexcom.com:443 "POST /ShareWebServices/Services/Publisher/ReadPublisherLatestGlucoseValues?sessionId=44e04ff2-8dbc-4731-b619-98f41bf42804&minutes=1440&maxCount=1 HTTP/1.1" 200 None
+2025-10-06 20:53:53,534 [208.57110619544983] urllib3.connectionpool DEBUG: https://share2.dexcom.com:443 "POST /ShareWebServices/Services/General/AuthenticatePublisherAccount HTTP/1.1" 200 38
+2025-10-06 20:53:53,534 [208.57110619544983] pydexcom DEBUG: Retrieve session ID from the login endpoint
+2025-10-06 20:53:53,936 [208.97348403930664] urllib3.connectionpool DEBUG: https://share2.dexcom.com:443 "POST /ShareWebServices/Services/General/LoginPublisherAccountById HTTP/1.1" 200 38
+2025-10-06 20:53:53,939 [208.9768545627594] pydexcom DEBUG: Retrieve glucose readings from the glucose readings endpoint
+2025-10-06 20:53:53,974 [209.01104927062988] status INFO: Requesting url: https://share2.dexcom.com/ShareWebServices/Services/General/AuthenticatePublisherAccount
+2025-10-06 20:53:53,975 [209.0120587348938] urllib3.connectionpool DEBUG: Starting new HTTPS connection (1): share2.dexcom.com:443
+2025-10-06 20:53:54,062 [209.0993971824646] urllib3.connectionpool DEBUG: https://share2.dexcom.com:443 "POST /ShareWebServices/Services/Publisher/ReadPublisherLatestGlucoseValues?sessionId=44e04ff2-8dbc-4731-b619-98f41bf42804&minutes=1440&maxCount=1 HTTP/1.1" 200 None
+2025-10-06 20:53:54,177 [209.2143805027008] urllib3.connectionpool DEBUG: https://share2.dexcom.com:443 "GET /ShareWebServices/Services/General/AuthenticatePublisherAccount HTTP/1.1" 405 176
+2025-10-06 20:53:54,273 [209.3106381893158] notifier INFO: Requesting url https://share2.dexcom.com/ShareWebServices/Services
+2025-10-06 20:53:54,273 [209.3106381893158] pydexcom DEBUG: Retrieve glucose readings from the glucose readings endpoint
+2025-10-06 20:53:54,386 [209.42379927635193] urllib3.connectionpool DEBUG: https://share2.dexcom.com:443 "POST /ShareWebServices/Services/Publisher/ReadPublisherLatestGlucoseValues?sessionId=44e04ff2-8dbc-4731-b619-98f41bf42804&minutes=1440&maxCount=1 HTTP/1.1" 200 None
+2025-10-06 20:53:54,387 [209.42481184005737] notifier INFO: Requesting url https://share2.dexcom.com/ShareWebServices/Services
+2025-10-06 20:53:54,387 [209.42481184005737] pydexcom DEBUG: Retrieve glucose readings from the glucose readings endpoint
+2025-10-06 20:53:54,503 [209.5406048297882] urllib3.connectionpool DEBUG: https://share2.dexcom.com:443 "POST /ShareWebServices/Services/Publisher/ReadPublisherLatestGlucoseValues?sessionId=44e04ff2-8dbc-4731-b619-98f41bf42804&minutes=1440&maxCount=1 HTTP/1.1" 200 None
+2025-10-06 20:53:55,179 [210.21627163887024] status INFO: Requesting url: https://share2.dexcom.com/ShareWebServices/Services/General/AuthenticatePublisherAccount
+2025-10-06 20:53:55,180 [210.21728229522705] urllib3.connectionpool DEBUG: Starting new HTTPS connection (1): share2.dexcom.com:443
+2025-10-06 20:53:55,362 [210.399169921875] urllib3.connectionpool DEBUG: https://share2.dexcom.com:443 "GET /ShareWebServices/Services/General/AuthenticatePublisherAccount HTTP/1.1" 405 176
+2025-10-06 20:53:55,505 [210.54254341125488] notifier INFO: Requesting url https://share2.dexcom.com/ShareWebServices/Services
+2025-10-06 20:53:55,505 [210.54254341125488] pydexcom DEBUG: Retrieve glucose readings from the glucose readings endpoint
+2025-10-06 20:53:55,669 [210.70617699623108] urllib3.connectionpool DEBUG: https://share2.dexcom.com:443 "POST /ShareWebServices/Services/Publisher/ReadPublisherLatestGlucoseValues?sessionId=44e04ff2-8dbc-4731-b619-98f41bf42804&minutes=1440&maxCount=1 HTTP/1.1" 200 None
+2025-10-06 20:53:55,670 [210.7075695991516] notifier INFO: Requesting url https://share2.dexcom.com/ShareWebServices/Services
+2025-10-06 20:53:55,670 [210.7075695991516] pydexcom DEBUG: Retrieve glucose readings from the glucose readings endpoint
+2025-10-06 20:53:55,801 [210.83874535560608] urllib3.connectionpool DEBUG: https://share2.dexcom.com:443 "POST /ShareWebServices/Services/Publisher/ReadPublisherLatestGlucoseValues?sessionId=44e04ff2-8dbc-4731-b619-98f41bf42804&minutes=1440&maxCount=1 HTTP/1.1" 200 None
+2025-10-06 20:53:56,365 [211.40199303627014] status INFO: Requesting url: https://share2.dexcom.com/ShareWebServices/Services/General/AuthenticatePublisherAccount
+2025-10-06 20:53:56,366 [211.4030020236969] urllib3.connectionpool DEBUG: Starting new HTTPS connection (1): share2.dexcom.com:443
+2025-10-06 20:53:56,803 [211.8406822681427] notifier INFO: Requesting url https://share2.dexcom.com/ShareWebServices/Services
+2025-10-06 20:53:56,803 [211.8406822681427] pydexcom DEBUG: Retrieve glucose readings from the glucose readings endpoint
+2025-10-06 20:53:56,854 [211.8918514251709] urllib3.connectionpool DEBUG: https://share2.dexcom.com:443 "GET /ShareWebServices/Services/General/AuthenticatePublisherAccount HTTP/1.1" 405 176
+2025-10-06 20:53:56,907 [211.94398999214172] urllib3.connectionpool DEBUG: https://share2.dexcom.com:443 "POST /ShareWebServices/Services/Publisher/ReadPublisherLatestGlucoseValues?sessionId=44e04ff2-8dbc-4731-b619-98f41bf42804&minutes=1440&maxCount=1 HTTP/1.1" 200 None
+2025-10-06 20:53:56,908 [211.94500184059143] notifier INFO: Requesting url https://share2.dexcom.com/ShareWebServices/Services
+2025-10-06 20:53:56,908 [211.94500184059143] pydexcom DEBUG: Retrieve glucose readings from the glucose readings endpoint
+2025-10-06 20:53:57,008 [212.04587578773499] urllib3.connectionpool DEBUG: https://share2.dexcom.com:443 "POST /ShareWebServices/Services/Publisher/ReadPublisherLatestGlucoseValues?sessionId=44e04ff2-8dbc-4731-b619-98f41bf42804&minutes=1440&maxCount=1 HTTP/1.1" 200 None
+2025-10-06 20:53:57,857 [212.89412665367126] status INFO: Requesting url: https://share2.dexcom.com/ShareWebServices/Services/General/AuthenticatePublisherAccount
+2025-10-06 20:53:57,857 [212.89464616775513] urllib3.connectionpool DEBUG: Starting new HTTPS connection (1): share2.dexcom.com:443
+2025-10-06 20:53:58,010 [213.04740953445435] notifier INFO: Requesting url https://share2.dexcom.com/ShareWebServices/Services
+2025-10-06 20:53:58,010 [213.04740953445435] pydexcom DEBUG: Retrieve glucose readings from the glucose readings endpoint
+2025-10-06 20:53:58,062 [213.0992066860199] urllib3.connectionpool DEBUG: https://share2.dexcom.com:443 "GET /ShareWebServices/Services/General/AuthenticatePublisherAccount HTTP/1.1" 405 176
+2025-10-06 20:53:58,127 [213.16494631767273] urllib3.connectionpool DEBUG: https://share2.dexcom.com:443 "POST /ShareWebServices/Services/Publisher/ReadPublisherLatestGlucoseValues?sessionId=44e04ff2-8dbc-4731-b619-98f41bf42804&minutes=1440&maxCount=1 HTTP/1.1" 200 None
+2025-10-06 20:53:58,127 [213.16494631767273] notifier INFO: Requesting url https://share2.dexcom.com/ShareWebServices/Services
+2025-10-06 20:53:58,127 [213.16494631767273] pydexcom DEBUG: Retrieve glucose readings from the glucose readings endpoint
+2025-10-06 20:53:58,232 [213.26953387260437] urllib3.connectionpool DEBUG: https://share2.dexcom.com:443 "POST /ShareWebServices/Services/Publisher/ReadPublisherLatestGlucoseValues?sessionId=44e04ff2-8dbc-4731-b619-98f41bf42804&minutes=1440&maxCount=1 HTTP/1.1" 200 None
+2025-10-06 20:53:59,064 [214.10117745399475] status INFO: Requesting url: https://share2.dexcom.com/ShareWebServices/Services/General/AuthenticatePublisherAccount
+2025-10-06 20:53:59,064 [214.1027307510376] urllib3.connectionpool DEBUG: Starting new HTTPS connection (1): share2.dexcom.com:443
+2025-10-06 20:53:59,070 [214.1074140071869] notifier INFO: Requesting url General/AuthenticatePublisherAccount
+2025-10-06 20:53:59,070 [214.1074140071869] pydexcom DEBUG: Retrieve account ID from the authentication endpoint
+2025-10-06 20:53:59,071 [214.10841464996338] urllib3.connectionpool DEBUG: Starting new HTTPS connection (1): share2.dexcom.com:443
+2025-10-06 20:53:59,233 [214.27065658569336] notifier INFO: Requesting url https://share2.dexcom.com/ShareWebServices/Services
+2025-10-06 20:53:59,233 [214.27065658569336] pydexcom DEBUG: Retrieve glucose readings from the glucose readings endpoint
+2025-10-06 20:53:59,256 [214.29372262954712] urllib3.connectionpool DEBUG: https://share2.dexcom.com:443 "GET /ShareWebServices/Services/General/AuthenticatePublisherAccount HTTP/1.1" 405 176
+2025-10-06 20:53:59,336 [214.3733229637146] urllib3.connectionpool DEBUG: https://share2.dexcom.com:443 "POST /ShareWebServices/Services/Publisher/ReadPublisherLatestGlucoseValues?sessionId=44e04ff2-8dbc-4731-b619-98f41bf42804&minutes=1440&maxCount=1 HTTP/1.1" 200 None
+2025-10-06 20:53:59,336 [214.3733229637146] notifier INFO: Requesting url https://share2.dexcom.com/ShareWebServices/Services
+2025-10-06 20:53:59,337 [214.37482976913452] pydexcom DEBUG: Retrieve glucose readings from the glucose readings endpoint
+2025-10-06 20:53:59,464 [214.501211643219] urllib3.connectionpool DEBUG: https://share2.dexcom.com:443 "POST /ShareWebServices/Services/Publisher/ReadPublisherLatestGlucoseValues?sessionId=44e04ff2-8dbc-4731-b619-98f41bf42804&minutes=1440&maxCount=1 HTTP/1.1" 200 None
+2025-10-06 20:53:59,466 [214.50346088409424] urllib3.connectionpool DEBUG: https://share2.dexcom.com:443 "POST /ShareWebServices/Services/General/AuthenticatePublisherAccount HTTP/1.1" 200 38
+2025-10-06 20:53:59,467 [214.5044662952423] pydexcom DEBUG: Retrieve session ID from the login endpoint
+2025-10-06 20:53:59,852 [214.88946652412415] urllib3.connectionpool DEBUG: https://share2.dexcom.com:443 "POST /ShareWebServices/Services/General/LoginPublisherAccountById HTTP/1.1" 200 38
+2025-10-06 20:53:59,866 [214.90357947349548] pydexcom DEBUG: Retrieve glucose readings from the glucose readings endpoint
+2025-10-06 20:53:59,981 [215.01887226104736] urllib3.connectionpool DEBUG: https://share2.dexcom.com:443 "POST /ShareWebServices/Services/Publisher/ReadPublisherLatestGlucoseValues?sessionId=44e04ff2-8dbc-4731-b619-98f41bf42804&minutes=1440&maxCount=1 HTTP/1.1" 200 None
+2025-10-06 20:54:00,259 [215.29674530029297] status INFO: Requesting url: https://share2.dexcom.com/ShareWebServices/Services/General/AuthenticatePublisherAccount
+2025-10-06 20:54:00,260 [215.29788279533386] urllib3.connectionpool DEBUG: Starting new HTTPS connection (1): share2.dexcom.com:443
+2025-10-06 20:54:00,443 [215.48016738891602] urllib3.connectionpool DEBUG: https://share2.dexcom.com:443 "GET /ShareWebServices/Services/General/AuthenticatePublisherAccount HTTP/1.1" 405 176
+2025-10-06 20:54:00,466 [215.50322818756104] notifier INFO: Requesting url https://share2.dexcom.com/ShareWebServices/Services
+2025-10-06 20:54:00,466 [215.50322818756104] pydexcom DEBUG: Retrieve glucose readings from the glucose readings endpoint
+2025-10-06 20:54:00,586 [215.62306332588196] urllib3.connectionpool DEBUG: https://share2.dexcom.com:443 "POST /ShareWebServices/Services/Publisher/ReadPublisherLatestGlucoseValues?sessionId=44e04ff2-8dbc-4731-b619-98f41bf42804&minutes=1440&maxCount=1 HTTP/1.1" 200 None
+2025-10-06 20:54:00,587 [215.6240634918213] notifier INFO: Requesting url https://share2.dexcom.com/ShareWebServices/Services
+2025-10-06 20:54:00,587 [215.6240634918213] pydexcom DEBUG: Retrieve glucose readings from the glucose readings endpoint
+2025-10-06 20:54:00,696 [215.73386693000793] urllib3.connectionpool DEBUG: https://share2.dexcom.com:443 "POST /ShareWebServices/Services/Publisher/ReadPublisherLatestGlucoseValues?sessionId=44e04ff2-8dbc-4731-b619-98f41bf42804&minutes=1440&maxCount=1 HTTP/1.1" 200 None
+2025-10-06 20:54:01,445 [216.48224782943726] status INFO: Requesting url: https://share2.dexcom.com/ShareWebServices/Services/General/AuthenticatePublisherAccount
+2025-10-06 20:54:01,446 [216.48375797271729] urllib3.connectionpool DEBUG: Starting new HTTPS connection (1): share2.dexcom.com:443
+2025-10-06 20:54:01,642 [216.67965269088745] urllib3.connectionpool DEBUG: https://share2.dexcom.com:443 "GET /ShareWebServices/Services/General/AuthenticatePublisherAccount HTTP/1.1" 405 176
+2025-10-06 20:54:01,698 [216.73519492149353] notifier INFO: Requesting url https://share2.dexcom.com/ShareWebServices/Services
+2025-10-06 20:54:01,698 [216.73519492149353] pydexcom DEBUG: Retrieve glucose readings from the glucose readings endpoint
+2025-10-06 20:54:01,700 [216.7377164363861] urllib3.connectionpool DEBUG: Starting new HTTPS connection (4): share2.dexcom.com:443
+2025-10-06 20:54:01,952 [216.9894335269928] urllib3.connectionpool DEBUG: https://share2.dexcom.com:443 "POST /ShareWebServices/Services/Publisher/ReadPublisherLatestGlucoseValues?sessionId=44e04ff2-8dbc-4731-b619-98f41bf42804&minutes=1440&maxCount=1 HTTP/1.1" 200 None
+2025-10-06 20:54:01,953 [216.9904978275299] notifier INFO: Requesting url https://share2.dexcom.com/ShareWebServices/Services
+2025-10-06 20:54:01,953 [216.9904978275299] pydexcom DEBUG: Retrieve glucose readings from the glucose readings endpoint
+2025-10-06 20:54:02,102 [217.1392970085144] urllib3.connectionpool DEBUG: https://share2.dexcom.com:443 "POST /ShareWebServices/Services/Publisher/ReadPublisherLatestGlucoseValues?sessionId=44e04ff2-8dbc-4731-b619-98f41bf42804&minutes=1440&maxCount=1 HTTP/1.1" 200 None
+2025-10-06 20:54:02,644 [217.68154525756836] status INFO: Requesting url: https://share2.dexcom.com/ShareWebServices/Services/General/AuthenticatePublisherAccount
+2025-10-06 20:54:02,645 [217.6825771331787] urllib3.connectionpool DEBUG: Starting new HTTPS connection (1): share2.dexcom.com:443
+2025-10-06 20:54:02,852 [217.88913989067078] urllib3.connectionpool DEBUG: https://share2.dexcom.com:443 "GET /ShareWebServices/Services/General/AuthenticatePublisherAccount HTTP/1.1" 405 176
+2025-10-06 20:54:03,103 [218.14052891731262] notifier INFO: Requesting url https://share2.dexcom.com/ShareWebServices/Services
+2025-10-06 20:54:03,103 [218.14052891731262] pydexcom DEBUG: Retrieve glucose readings from the glucose readings endpoint
+2025-10-06 20:54:03,220 [218.25783610343933] urllib3.connectionpool DEBUG: https://share2.dexcom.com:443 "POST /ShareWebServices/Services/Publisher/ReadPublisherLatestGlucoseValues?sessionId=44e04ff2-8dbc-4731-b619-98f41bf42804&minutes=1440&maxCount=1 HTTP/1.1" 200 None
+2025-10-06 20:54:03,221 [218.25883388519287] notifier INFO: Requesting url https://share2.dexcom.com/ShareWebServices/Services
+2025-10-06 20:54:03,221 [218.25883388519287] pydexcom DEBUG: Retrieve glucose readings from the glucose readings endpoint
+2025-10-06 20:54:03,332 [218.369389295578] urllib3.connectionpool DEBUG: https://share2.dexcom.com:443 "POST /ShareWebServices/Services/Publisher/ReadPublisherLatestGlucoseValues?sessionId=44e04ff2-8dbc-4731-b619-98f41bf42804&minutes=1440&maxCount=1 HTTP/1.1" 200 None
+2025-10-06 20:54:03,853 [218.89095091819763] status INFO: Requesting url: https://share2.dexcom.com/ShareWebServices/Services/General/AuthenticatePublisherAccount
+2025-10-06 20:54:03,855 [218.89202213287354] urllib3.connectionpool DEBUG: Starting new HTTPS connection (1): share2.dexcom.com:443
+2025-10-06 20:54:04,071 [219.10837173461914] urllib3.connectionpool DEBUG: https://share2.dexcom.com:443 "GET /ShareWebServices/Services/General/AuthenticatePublisherAccount HTTP/1.1" 405 176
+2025-10-06 20:54:04,333 [219.37040734291077] notifier INFO: Requesting url https://share2.dexcom.com/ShareWebServices/Services
+2025-10-06 20:54:04,333 [219.37040734291077] pydexcom DEBUG: Retrieve glucose readings from the glucose readings endpoint
+2025-10-06 20:54:04,435 [219.47293186187744] urllib3.connectionpool DEBUG: https://share2.dexcom.com:443 "POST /ShareWebServices/Services/Publisher/ReadPublisherLatestGlucoseValues?sessionId=44e04ff2-8dbc-4731-b619-98f41bf42804&minutes=1440&maxCount=1 HTTP/1.1" 200 None
+2025-10-06 20:54:04,435 [219.47293186187744] notifier INFO: Requesting url https://share2.dexcom.com/ShareWebServices/Services
+2025-10-06 20:54:04,435 [219.47293186187744] pydexcom DEBUG: Retrieve glucose readings from the glucose readings endpoint
+2025-10-06 20:54:04,537 [219.57434010505676] urllib3.connectionpool DEBUG: https://share2.dexcom.com:443 "POST /ShareWebServices/Services/Publisher/ReadPublisherLatestGlucoseValues?sessionId=44e04ff2-8dbc-4731-b619-98f41bf42804&minutes=1440&maxCount=1 HTTP/1.1" 200 None
+2025-10-06 20:54:05,009 [220.04622840881348] notifier INFO: Requesting url General/AuthenticatePublisherAccount
+2025-10-06 20:54:05,009 [220.04622840881348] pydexcom DEBUG: Retrieve account ID from the authentication endpoint
+2025-10-06 20:54:05,010 [220.04822444915771] urllib3.connectionpool DEBUG: Starting new HTTPS connection (1): share2.dexcom.com:443
+2025-10-06 20:54:05,073 [220.11036324501038] status INFO: Requesting url: https://share2.dexcom.com/ShareWebServices/Services/General/AuthenticatePublisherAccount
+2025-10-06 20:54:05,074 [220.11148929595947] urllib3.connectionpool DEBUG: Starting new HTTPS connection (1): share2.dexcom.com:443
+2025-10-06 20:54:05,263 [220.30124640464783] urllib3.connectionpool DEBUG: https://share2.dexcom.com:443 "GET /ShareWebServices/Services/General/AuthenticatePublisherAccount HTTP/1.1" 405 176
+2025-10-06 20:54:05,456 [220.4937505722046] urllib3.connectionpool DEBUG: https://share2.dexcom.com:443 "POST /ShareWebServices/Services/General/AuthenticatePublisherAccount HTTP/1.1" 200 38
+2025-10-06 20:54:05,456 [220.4937505722046] pydexcom DEBUG: Retrieve session ID from the login endpoint
+2025-10-06 20:54:05,538 [220.57580494880676] notifier INFO: Requesting url https://share2.dexcom.com/ShareWebServices/Services
+2025-10-06 20:54:05,538 [220.57580494880676] pydexcom DEBUG: Retrieve glucose readings from the glucose readings endpoint
+2025-10-06 20:54:05,652 [220.68923163414001] urllib3.connectionpool DEBUG: https://share2.dexcom.com:443 "POST /ShareWebServices/Services/Publisher/ReadPublisherLatestGlucoseValues?sessionId=44e04ff2-8dbc-4731-b619-98f41bf42804&minutes=1440&maxCount=1 HTTP/1.1" 200 None
+2025-10-06 20:54:05,653 [220.69023060798645] notifier INFO: Requesting url https://share2.dexcom.com/ShareWebServices/Services
+2025-10-06 20:54:05,653 [220.69023060798645] pydexcom DEBUG: Retrieve glucose readings from the glucose readings endpoint
+2025-10-06 20:54:05,817 [220.85409998893738] urllib3.connectionpool DEBUG: https://share2.dexcom.com:443 "POST /ShareWebServices/Services/Publisher/ReadPublisherLatestGlucoseValues?sessionId=44e04ff2-8dbc-4731-b619-98f41bf42804&minutes=1440&maxCount=1 HTTP/1.1" 200 None
+2025-10-06 20:54:05,911 [220.9489529132843] urllib3.connectionpool DEBUG: https://share2.dexcom.com:443 "POST /ShareWebServices/Services/General/LoginPublisherAccountById HTTP/1.1" 200 38
+2025-10-06 20:54:05,915 [220.95296025276184] pydexcom DEBUG: Retrieve glucose readings from the glucose readings endpoint
+2025-10-06 20:54:06,031 [221.06800413131714] urllib3.connectionpool DEBUG: https://share2.dexcom.com:443 "POST /ShareWebServices/Services/Publisher/ReadPublisherLatestGlucoseValues?sessionId=44e04ff2-8dbc-4731-b619-98f41bf42804&minutes=1440&maxCount=1 HTTP/1.1" 200 None
+2025-10-06 20:54:06,210 [221.24717235565186] pydexcom DEBUG: Retrieve glucose readings from the glucose readings endpoint
+2025-10-06 20:54:06,265 [221.3023726940155] status INFO: Requesting url: https://share2.dexcom.com/ShareWebServices/Services/General/AuthenticatePublisherAccount
+2025-10-06 20:54:06,266 [221.3033962249756] urllib3.connectionpool DEBUG: Starting new HTTPS connection (1): share2.dexcom.com:443
+2025-10-06 20:54:06,350 [221.38767457008362] urllib3.connectionpool DEBUG: https://share2.dexcom.com:443 "POST /ShareWebServices/Services/Publisher/ReadPublisherLatestGlucoseValues?sessionId=44e04ff2-8dbc-4731-b619-98f41bf42804&minutes=1440&maxCount=1 HTTP/1.1" 200 None
+2025-10-06 20:54:06,511 [221.5480923652649] urllib3.connectionpool DEBUG: https://share2.dexcom.com:443 "GET /ShareWebServices/Services/General/AuthenticatePublisherAccount HTTP/1.1" 405 176
+2025-10-06 20:54:06,818 [221.8550820350647] notifier INFO: Requesting url https://share2.dexcom.com/ShareWebServices/Services
+2025-10-06 20:54:06,818 [221.85559606552124] pydexcom DEBUG: Retrieve glucose readings from the glucose readings endpoint
+2025-10-06 20:54:06,978 [222.01521372795105] urllib3.connectionpool DEBUG: https://share2.dexcom.com:443 "POST /ShareWebServices/Services/Publisher/ReadPublisherLatestGlucoseValues?sessionId=44e04ff2-8dbc-4731-b619-98f41bf42804&minutes=1440&maxCount=1 HTTP/1.1" 200 None
+2025-10-06 20:54:06,979 [222.01621890068054] notifier INFO: Requesting url https://share2.dexcom.com/ShareWebServices/Services
+2025-10-06 20:54:06,979 [222.01621890068054] pydexcom DEBUG: Retrieve glucose readings from the glucose readings endpoint
+2025-10-06 20:54:07,120 [222.15710353851318] urllib3.connectionpool DEBUG: https://share2.dexcom.com:443 "POST /ShareWebServices/Services/Publisher/ReadPublisherLatestGlucoseValues?sessionId=44e04ff2-8dbc-4731-b619-98f41bf42804&minutes=1440&maxCount=1 HTTP/1.1" 200 None
+2025-10-06 20:54:07,512 [222.54989194869995] status INFO: Requesting url: https://share2.dexcom.com/ShareWebServices/Services/General/AuthenticatePublisherAccount
+2025-10-06 20:54:07,513 [222.55040073394775] urllib3.connectionpool DEBUG: Starting new HTTPS connection (1): share2.dexcom.com:443
+2025-10-06 20:54:07,815 [222.85200142860413] urllib3.connectionpool DEBUG: https://share2.dexcom.com:443 "GET /ShareWebServices/Services/General/AuthenticatePublisherAccount HTTP/1.1" 405 176
+2025-10-06 20:54:08,122 [223.1592733860016] notifier INFO: Requesting url https://share2.dexcom.com/ShareWebServices/Services
+2025-10-06 20:54:08,122 [223.1592733860016] pydexcom DEBUG: Retrieve glucose readings from the glucose readings endpoint
+2025-10-06 20:54:08,245 [223.28259420394897] urllib3.connectionpool DEBUG: https://share2.dexcom.com:443 "POST /ShareWebServices/Services/Publisher/ReadPublisherLatestGlucoseValues?sessionId=44e04ff2-8dbc-4731-b619-98f41bf42804&minutes=1440&maxCount=1 HTTP/1.1" 200 None
+2025-10-06 20:54:08,246 [223.28359413146973] notifier INFO: Requesting url https://share2.dexcom.com/ShareWebServices/Services
+2025-10-06 20:54:08,246 [223.28359413146973] pydexcom DEBUG: Retrieve glucose readings from the glucose readings endpoint
+2025-10-06 20:54:08,379 [223.41666269302368] urllib3.connectionpool DEBUG: https://share2.dexcom.com:443 "POST /ShareWebServices/Services/Publisher/ReadPublisherLatestGlucoseValues?sessionId=44e04ff2-8dbc-4731-b619-98f41bf42804&minutes=1440&maxCount=1 HTTP/1.1" 200 None
+2025-10-06 20:54:08,817 [223.85416507720947] status INFO: Requesting url: https://share2.dexcom.com/ShareWebServices/Services/General/AuthenticatePublisherAccount
+2025-10-06 20:54:08,818 [223.85517287254333] urllib3.connectionpool DEBUG: Starting new HTTPS connection (1): share2.dexcom.com:443
+2025-10-06 20:54:08,995 [224.03285574913025] urllib3.connectionpool DEBUG: https://share2.dexcom.com:443 "GET /ShareWebServices/Services/General/AuthenticatePublisherAccount HTTP/1.1" 405 176
+2025-10-06 20:54:09,380 [224.41764378547668] notifier INFO: Requesting url https://share2.dexcom.com/ShareWebServices/Services
+2025-10-06 20:54:09,380 [224.41764378547668] pydexcom DEBUG: Retrieve glucose readings from the glucose readings endpoint
+2025-10-06 20:54:09,493 [224.5315568447113] urllib3.connectionpool DEBUG: https://share2.dexcom.com:443 "POST /ShareWebServices/Services/Publisher/ReadPublisherLatestGlucoseValues?sessionId=44e04ff2-8dbc-4731-b619-98f41bf42804&minutes=1440&maxCount=1 HTTP/1.1" 200 None
+2025-10-06 20:54:09,494 [224.5315568447113] notifier INFO: Requesting url https://share2.dexcom.com/ShareWebServices/Services
+2025-10-06 20:54:09,494 [224.5315568447113] pydexcom DEBUG: Retrieve glucose readings from the glucose readings endpoint
+2025-10-06 20:54:09,605 [224.64288330078125] urllib3.connectionpool DEBUG: https://share2.dexcom.com:443 "POST /ShareWebServices/Services/Publisher/ReadPublisherLatestGlucoseValues?sessionId=44e04ff2-8dbc-4731-b619-98f41bf42804&minutes=1440&maxCount=1 HTTP/1.1" 200 None
+2025-10-06 20:54:09,997 [225.03489637374878] status INFO: Requesting url: https://share2.dexcom.com/ShareWebServices/Services/General/AuthenticatePublisherAccount
+2025-10-06 20:54:09,998 [225.03590893745422] urllib3.connectionpool DEBUG: Starting new HTTPS connection (1): share2.dexcom.com:443
+2025-10-06 20:54:10,221 [225.25836849212646] urllib3.connectionpool DEBUG: https://share2.dexcom.com:443 "GET /ShareWebServices/Services/General/AuthenticatePublisherAccount HTTP/1.1" 405 176
+2025-10-06 20:54:10,607 [225.64466643333435] notifier INFO: Requesting url https://share2.dexcom.com/ShareWebServices/Services
+2025-10-06 20:54:10,607 [225.64466643333435] pydexcom DEBUG: Retrieve glucose readings from the glucose readings endpoint
+2025-10-06 20:54:10,751 [225.78845882415771] urllib3.connectionpool DEBUG: https://share2.dexcom.com:443 "POST /ShareWebServices/Services/Publisher/ReadPublisherLatestGlucoseValues?sessionId=44e04ff2-8dbc-4731-b619-98f41bf42804&minutes=1440&maxCount=1 HTTP/1.1" 200 None
+2025-10-06 20:54:10,752 [225.78946089744568] notifier INFO: Requesting url https://share2.dexcom.com/ShareWebServices/Services
+2025-10-06 20:54:10,752 [225.78946089744568] pydexcom DEBUG: Retrieve glucose readings from the glucose readings endpoint
+2025-10-06 20:54:10,870 [225.90700268745422] urllib3.connectionpool DEBUG: https://share2.dexcom.com:443 "POST /ShareWebServices/Services/Publisher/ReadPublisherLatestGlucoseValues?sessionId=44e04ff2-8dbc-4731-b619-98f41bf42804&minutes=1440&maxCount=1 HTTP/1.1" 200 None
+2025-10-06 20:54:11,053 [226.09022426605225] notifier INFO: Requesting url General/AuthenticatePublisherAccount
+2025-10-06 20:54:11,053 [226.09022426605225] pydexcom DEBUG: Retrieve account ID from the authentication endpoint
+2025-10-06 20:54:11,054 [226.09122014045715] urllib3.connectionpool DEBUG: Starting new HTTPS connection (1): share2.dexcom.com:443
+2025-10-06 20:54:11,223 [226.26056623458862] status INFO: Requesting url: https://share2.dexcom.com/ShareWebServices/Services/General/AuthenticatePublisherAccount
+2025-10-06 20:54:11,223 [226.2609405517578] urllib3.connectionpool DEBUG: Starting new HTTPS connection (1): share2.dexcom.com:443
+2025-10-06 20:54:11,359 [226.39663743972778] pydexcom DEBUG: Retrieve glucose readings from the glucose readings endpoint
+2025-10-06 20:54:11,417 [226.45451736450195] urllib3.connectionpool DEBUG: https://share2.dexcom.com:443 "GET /ShareWebServices/Services/General/AuthenticatePublisherAccount HTTP/1.1" 405 176
+2025-10-06 20:54:11,462 [226.49940133094788] urllib3.connectionpool DEBUG: https://share2.dexcom.com:443 "POST /ShareWebServices/Services/Publisher/ReadPublisherLatestGlucoseValues?sessionId=44e04ff2-8dbc-4731-b619-98f41bf42804&minutes=1440&maxCount=1 HTTP/1.1" 200 None
+2025-10-06 20:54:11,526 [226.56367921829224] urllib3.connectionpool DEBUG: https://share2.dexcom.com:443 "POST /ShareWebServices/Services/General/AuthenticatePublisherAccount HTTP/1.1" 200 38
+2025-10-06 20:54:11,526 [226.56367921829224] pydexcom DEBUG: Retrieve session ID from the login endpoint
+2025-10-06 20:54:11,871 [226.90849924087524] notifier INFO: Requesting url https://share2.dexcom.com/ShareWebServices/Services
+2025-10-06 20:54:11,872 [226.90951418876648] pydexcom DEBUG: Retrieve glucose readings from the glucose readings endpoint
+2025-10-06 20:54:11,971 [227.00842261314392] urllib3.connectionpool DEBUG: https://share2.dexcom.com:443 "POST /ShareWebServices/Services/Publisher/ReadPublisherLatestGlucoseValues?sessionId=44e04ff2-8dbc-4731-b619-98f41bf42804&minutes=1440&maxCount=1 HTTP/1.1" 200 None
+2025-10-06 20:54:11,972 [227.0094187259674] notifier INFO: Requesting url https://share2.dexcom.com/ShareWebServices/Services
+2025-10-06 20:54:11,972 [227.0094187259674] pydexcom DEBUG: Retrieve glucose readings from the glucose readings endpoint
+2025-10-06 20:54:11,972 [227.0094187259674] urllib3.connectionpool DEBUG: https://share2.dexcom.com:443 "POST /ShareWebServices/Services/General/LoginPublisherAccountById HTTP/1.1" 200 38
+2025-10-06 20:54:11,999 [227.0364978313446] pydexcom DEBUG: Retrieve glucose readings from the glucose readings endpoint
+2025-10-06 20:54:12,096 [227.13327264785767] urllib3.connectionpool DEBUG: https://share2.dexcom.com:443 "POST /ShareWebServices/Services/Publisher/ReadPublisherLatestGlucoseValues?sessionId=44e04ff2-8dbc-4731-b619-98f41bf42804&minutes=1440&maxCount=1 HTTP/1.1" 200 None
+2025-10-06 20:54:12,122 [227.15922713279724] urllib3.connectionpool DEBUG: https://share2.dexcom.com:443 "POST /ShareWebServices/Services/Publisher/ReadPublisherLatestGlucoseValues?sessionId=44e04ff2-8dbc-4731-b619-98f41bf42804&minutes=1440&maxCount=1 HTTP/1.1" 200 None
+2025-10-06 20:54:12,419 [227.4567449092865] status INFO: Requesting url: https://share2.dexcom.com/ShareWebServices/Services/General/AuthenticatePublisherAccount
+2025-10-06 20:54:12,420 [227.45726227760315] urllib3.connectionpool DEBUG: Starting new HTTPS connection (1): share2.dexcom.com:443
+2025-10-06 20:54:12,632 [227.66972088813782] urllib3.connectionpool DEBUG: https://share2.dexcom.com:443 "GET /ShareWebServices/Services/General/AuthenticatePublisherAccount HTTP/1.1" 405 176
+2025-10-06 20:54:13,097 [228.13464736938477] notifier INFO: Requesting url https://share2.dexcom.com/ShareWebServices/Services
+2025-10-06 20:54:13,097 [228.13464736938477] pydexcom DEBUG: Retrieve glucose readings from the glucose readings endpoint
+2025-10-06 20:54:13,211 [228.24816465377808] urllib3.connectionpool DEBUG: https://share2.dexcom.com:443 "POST /ShareWebServices/Services/Publisher/ReadPublisherLatestGlucoseValues?sessionId=44e04ff2-8dbc-4731-b619-98f41bf42804&minutes=1440&maxCount=1 HTTP/1.1" 200 None
+2025-10-06 20:54:13,212 [228.24916791915894] notifier INFO: Requesting url https://share2.dexcom.com/ShareWebServices/Services
+2025-10-06 20:54:13,212 [228.24916791915894] pydexcom DEBUG: Retrieve glucose readings from the glucose readings endpoint
+2025-10-06 20:54:13,321 [228.3583526611328] urllib3.connectionpool DEBUG: https://share2.dexcom.com:443 "POST /ShareWebServices/Services/Publisher/ReadPublisherLatestGlucoseValues?sessionId=44e04ff2-8dbc-4731-b619-98f41bf42804&minutes=1440&maxCount=1 HTTP/1.1" 200 None
+2025-10-06 20:54:13,634 [228.67130875587463] status INFO: Requesting url: https://share2.dexcom.com/ShareWebServices/Services/General/AuthenticatePublisherAccount
+2025-10-06 20:54:13,635 [228.67232012748718] urllib3.connectionpool DEBUG: Starting new HTTPS connection (1): share2.dexcom.com:443
+2025-10-06 20:54:13,816 [228.85362648963928] urllib3.connectionpool DEBUG: https://share2.dexcom.com:443 "GET /ShareWebServices/Services/General/AuthenticatePublisherAccount HTTP/1.1" 405 176
+2025-10-06 20:54:14,323 [229.36028790473938] notifier INFO: Requesting url https://share2.dexcom.com/ShareWebServices/Services
+2025-10-06 20:54:14,323 [229.36028790473938] pydexcom DEBUG: Retrieve glucose readings from the glucose readings endpoint
+2025-10-06 20:54:14,432 [229.47065997123718] urllib3.connectionpool DEBUG: https://share2.dexcom.com:443 "POST /ShareWebServices/Services/Publisher/ReadPublisherLatestGlucoseValues?sessionId=44e04ff2-8dbc-4731-b619-98f41bf42804&minutes=1440&maxCount=1 HTTP/1.1" 200 None
+2025-10-06 20:54:14,433 [229.47065997123718] notifier INFO: Requesting url https://share2.dexcom.com/ShareWebServices/Services
+2025-10-06 20:54:14,433 [229.47065997123718] pydexcom DEBUG: Retrieve glucose readings from the glucose readings endpoint
+2025-10-06 20:54:14,552 [229.58902072906494] urllib3.connectionpool DEBUG: https://share2.dexcom.com:443 "POST /ShareWebServices/Services/Publisher/ReadPublisherLatestGlucoseValues?sessionId=44e04ff2-8dbc-4731-b619-98f41bf42804&minutes=1440&maxCount=1 HTTP/1.1" 200 None
+2025-10-06 20:54:14,819 [229.85607266426086] status INFO: Requesting url: https://share2.dexcom.com/ShareWebServices/Services/General/AuthenticatePublisherAccount
+2025-10-06 20:54:14,820 [229.85729360580444] urllib3.connectionpool DEBUG: Starting new HTTPS connection (1): share2.dexcom.com:443
+2025-10-06 20:54:15,047 [230.08454155921936] urllib3.connectionpool DEBUG: https://share2.dexcom.com:443 "GET /ShareWebServices/Services/General/AuthenticatePublisherAccount HTTP/1.1" 405 176
+2025-10-06 20:54:15,553 [230.59051656723022] notifier INFO: Requesting url https://share2.dexcom.com/ShareWebServices/Services
+2025-10-06 20:54:15,553 [230.59051656723022] pydexcom DEBUG: Retrieve glucose readings from the glucose readings endpoint
+2025-10-06 20:54:15,671 [230.70853853225708] urllib3.connectionpool DEBUG: https://share2.dexcom.com:443 "POST /ShareWebServices/Services/Publisher/ReadPublisherLatestGlucoseValues?sessionId=44e04ff2-8dbc-4731-b619-98f41bf42804&minutes=1440&maxCount=1 HTTP/1.1" 200 None
+2025-10-06 20:54:15,671 [230.70954060554504] notifier INFO: Requesting url https://share2.dexcom.com/ShareWebServices/Services
+2025-10-06 20:54:15,672 [230.70954060554504] pydexcom DEBUG: Retrieve glucose readings from the glucose readings endpoint
+2025-10-06 20:54:15,787 [230.82473373413086] urllib3.connectionpool DEBUG: https://share2.dexcom.com:443 "POST /ShareWebServices/Services/Publisher/ReadPublisherLatestGlucoseValues?sessionId=44e04ff2-8dbc-4731-b619-98f41bf42804&minutes=1440&maxCount=1 HTTP/1.1" 200 None
+2025-10-06 20:54:16,049 [231.08600997924805] status INFO: Requesting url: https://share2.dexcom.com/ShareWebServices/Services/General/AuthenticatePublisherAccount
+2025-10-06 20:54:16,049 [231.08651757240295] urllib3.connectionpool DEBUG: Starting new HTTPS connection (1): share2.dexcom.com:443
+2025-10-06 20:54:16,246 [231.28453063964844] urllib3.connectionpool DEBUG: https://share2.dexcom.com:443 "GET /ShareWebServices/Services/General/AuthenticatePublisherAccount HTTP/1.1" 405 176
+2025-10-06 20:54:16,471 [231.50844526290894] pydexcom DEBUG: Retrieve glucose readings from the glucose readings endpoint
+2025-10-06 20:54:16,585 [231.6224594116211] urllib3.connectionpool DEBUG: https://share2.dexcom.com:443 "POST /ShareWebServices/Services/Publisher/ReadPublisherLatestGlucoseValues?sessionId=44e04ff2-8dbc-4731-b619-98f41bf42804&minutes=1440&maxCount=1 HTTP/1.1" 200 None
+2025-10-06 20:54:16,788 [231.82585835456848] notifier INFO: Requesting url https://share2.dexcom.com/ShareWebServices/Services
+2025-10-06 20:54:16,788 [231.82585835456848] pydexcom DEBUG: Retrieve glucose readings from the glucose readings endpoint
+2025-10-06 20:54:16,899 [231.93614983558655] urllib3.connectionpool DEBUG: https://share2.dexcom.com:443 "POST /ShareWebServices/Services/Publisher/ReadPublisherLatestGlucoseValues?sessionId=44e04ff2-8dbc-4731-b619-98f41bf42804&minutes=1440&maxCount=1 HTTP/1.1" 200 None
+2025-10-06 20:54:16,902 [231.93991255760193] notifier INFO: Requesting url https://share2.dexcom.com/ShareWebServices/Services
+2025-10-06 20:54:16,902 [231.93991255760193] pydexcom DEBUG: Retrieve glucose readings from the glucose readings endpoint
+2025-10-06 20:54:17,006 [232.04395961761475] urllib3.connectionpool DEBUG: https://share2.dexcom.com:443 "POST /ShareWebServices/Services/Publisher/ReadPublisherLatestGlucoseValues?sessionId=44e04ff2-8dbc-4731-b619-98f41bf42804&minutes=1440&maxCount=1 HTTP/1.1" 200 None
+2025-10-06 20:54:17,126 [232.16380548477173] notifier INFO: Requesting url General/AuthenticatePublisherAccount
+2025-10-06 20:54:17,127 [232.1648142337799] pydexcom DEBUG: Retrieve account ID from the authentication endpoint
+2025-10-06 20:54:17,128 [232.16581106185913] urllib3.connectionpool DEBUG: Starting new HTTPS connection (1): share2.dexcom.com:443
+2025-10-06 20:54:17,249 [232.28598356246948] status INFO: Requesting url: https://share2.dexcom.com/ShareWebServices/Services/General/AuthenticatePublisherAccount
+2025-10-06 20:54:17,250 [232.28729128837585] urllib3.connectionpool DEBUG: Starting new HTTPS connection (1): share2.dexcom.com:443
+2025-10-06 20:54:17,441 [232.47852325439453] urllib3.connectionpool DEBUG: https://share2.dexcom.com:443 "GET /ShareWebServices/Services/General/AuthenticatePublisherAccount HTTP/1.1" 405 176
+2025-10-06 20:54:17,654 [232.69139099121094] urllib3.connectionpool DEBUG: https://share2.dexcom.com:443 "POST /ShareWebServices/Services/General/AuthenticatePublisherAccount HTTP/1.1" 200 38
+2025-10-06 20:54:17,656 [232.69389843940735] pydexcom DEBUG: Retrieve session ID from the login endpoint
+2025-10-06 20:54:18,008 [233.0451798439026] notifier INFO: Requesting url https://share2.dexcom.com/ShareWebServices/Services
+2025-10-06 20:54:18,008 [233.0451798439026] pydexcom DEBUG: Retrieve glucose readings from the glucose readings endpoint
+2025-10-06 20:54:18,061 [233.0984604358673] urllib3.connectionpool DEBUG: https://share2.dexcom.com:443 "POST /ShareWebServices/Services/General/LoginPublisherAccountById HTTP/1.1" 200 38
+2025-10-06 20:54:18,064 [233.10146522521973] pydexcom DEBUG: Retrieve glucose readings from the glucose readings endpoint
+2025-10-06 20:54:18,258 [233.29502034187317] urllib3.connectionpool DEBUG: https://share2.dexcom.com:443 "POST /ShareWebServices/Services/Publisher/ReadPublisherLatestGlucoseValues?sessionId=44e04ff2-8dbc-4731-b619-98f41bf42804&minutes=1440&maxCount=1 HTTP/1.1" 200 None
+2025-10-06 20:54:18,259 [233.2960319519043] notifier INFO: Requesting url https://share2.dexcom.com/ShareWebServices/Services
+2025-10-06 20:54:18,259 [233.2960319519043] pydexcom DEBUG: Retrieve glucose readings from the glucose readings endpoint
+2025-10-06 20:54:18,306 [233.34366989135742] urllib3.connectionpool DEBUG: https://share2.dexcom.com:443 "POST /ShareWebServices/Services/Publisher/ReadPublisherLatestGlucoseValues?sessionId=44e04ff2-8dbc-4731-b619-98f41bf42804&minutes=1440&maxCount=1 HTTP/1.1" 200 None
+2025-10-06 20:54:18,441 [233.4784300327301] urllib3.connectionpool DEBUG: https://share2.dexcom.com:443 "POST /ShareWebServices/Services/Publisher/ReadPublisherLatestGlucoseValues?sessionId=44e04ff2-8dbc-4731-b619-98f41bf42804&minutes=1440&maxCount=1 HTTP/1.1" 200 None
+2025-10-06 20:54:18,443 [233.48093247413635] status INFO: Requesting url: https://share2.dexcom.com/ShareWebServices/Services/General/AuthenticatePublisherAccount
+2025-10-06 20:54:18,444 [233.48195099830627] urllib3.connectionpool DEBUG: Starting new HTTPS connection (1): share2.dexcom.com:443
+2025-10-06 20:54:18,687 [233.72406840324402] urllib3.connectionpool DEBUG: https://share2.dexcom.com:443 "GET /ShareWebServices/Services/General/AuthenticatePublisherAccount HTTP/1.1" 405 176
+2025-10-06 20:54:19,442 [234.47951698303223] notifier INFO: Requesting url https://share2.dexcom.com/ShareWebServices/Services
+2025-10-06 20:54:19,442 [234.47951698303223] pydexcom DEBUG: Retrieve glucose readings from the glucose readings endpoint
+2025-10-06 20:54:19,554 [234.59173202514648] urllib3.connectionpool DEBUG: https://share2.dexcom.com:443 "POST /ShareWebServices/Services/Publisher/ReadPublisherLatestGlucoseValues?sessionId=44e04ff2-8dbc-4731-b619-98f41bf42804&minutes=1440&maxCount=1 HTTP/1.1" 200 None
+2025-10-06 20:54:19,555 [234.59285044670105] notifier INFO: Requesting url https://share2.dexcom.com/ShareWebServices/Services
+2025-10-06 20:54:19,555 [234.59285044670105] pydexcom DEBUG: Retrieve glucose readings from the glucose readings endpoint
+2025-10-06 20:54:19,666 [234.70365262031555] urllib3.connectionpool DEBUG: https://share2.dexcom.com:443 "POST /ShareWebServices/Services/Publisher/ReadPublisherLatestGlucoseValues?sessionId=44e04ff2-8dbc-4731-b619-98f41bf42804&minutes=1440&maxCount=1 HTTP/1.1" 200 None
+2025-10-06 20:54:19,689 [234.7261893749237] status INFO: Requesting url: https://share2.dexcom.com/ShareWebServices/Services/General/AuthenticatePublisherAccount
+2025-10-06 20:54:19,689 [234.72671175003052] urllib3.connectionpool DEBUG: Starting new HTTPS connection (1): share2.dexcom.com:443
+2025-10-06 20:54:19,882 [234.91960668563843] urllib3.connectionpool DEBUG: https://share2.dexcom.com:443 "GET /ShareWebServices/Services/General/AuthenticatePublisherAccount HTTP/1.1" 405 176
+2025-10-06 20:54:20,668 [235.70565128326416] notifier INFO: Requesting url https://share2.dexcom.com/ShareWebServices/Services
+2025-10-06 20:54:20,668 [235.70565128326416] pydexcom DEBUG: Retrieve glucose readings from the glucose readings endpoint
+2025-10-06 20:54:20,782 [235.81950306892395] urllib3.connectionpool DEBUG: https://share2.dexcom.com:443 "POST /ShareWebServices/Services/Publisher/ReadPublisherLatestGlucoseValues?sessionId=44e04ff2-8dbc-4731-b619-98f41bf42804&minutes=1440&maxCount=1 HTTP/1.1" 200 None
+2025-10-06 20:54:20,782 [235.81950306892395] notifier INFO: Requesting url https://share2.dexcom.com/ShareWebServices/Services
+2025-10-06 20:54:20,782 [235.81950306892395] pydexcom DEBUG: Retrieve glucose readings from the glucose readings endpoint
+2025-10-06 20:54:20,884 [235.92108488082886] status INFO: Requesting url: https://share2.dexcom.com/ShareWebServices/Services/General/AuthenticatePublisherAccount
+2025-10-06 20:54:20,885 [235.92211246490479] urllib3.connectionpool DEBUG: Starting new HTTPS connection (1): share2.dexcom.com:443
+2025-10-06 20:54:20,906 [235.94305682182312] urllib3.connectionpool DEBUG: https://share2.dexcom.com:443 "POST /ShareWebServices/Services/Publisher/ReadPublisherLatestGlucoseValues?sessionId=44e04ff2-8dbc-4731-b619-98f41bf42804&minutes=1440&maxCount=1 HTTP/1.1" 200 None
+2025-10-06 20:54:21,081 [236.11870050430298] urllib3.connectionpool DEBUG: https://share2.dexcom.com:443 "GET /ShareWebServices/Services/General/AuthenticatePublisherAccount HTTP/1.1" 405 176
+2025-10-06 20:54:21,594 [236.63224291801453] pydexcom DEBUG: Retrieve glucose readings from the glucose readings endpoint
+2025-10-06 20:54:21,701 [236.7389154434204] urllib3.connectionpool DEBUG: https://share2.dexcom.com:443 "POST /ShareWebServices/Services/Publisher/ReadPublisherLatestGlucoseValues?sessionId=44e04ff2-8dbc-4731-b619-98f41bf42804&minutes=1440&maxCount=1 HTTP/1.1" 200 None
+2025-10-06 20:54:21,910 [236.94775485992432] notifier INFO: Requesting url https://share2.dexcom.com/ShareWebServices/Services
+2025-10-06 20:54:21,910 [236.94775485992432] pydexcom DEBUG: Retrieve glucose readings from the glucose readings endpoint
+2025-10-06 20:54:22,035 [237.07258677482605] urllib3.connectionpool DEBUG: https://share2.dexcom.com:443 "POST /ShareWebServices/Services/Publisher/ReadPublisherLatestGlucoseValues?sessionId=44e04ff2-8dbc-4731-b619-98f41bf42804&minutes=1440&maxCount=1 HTTP/1.1" 200 None
+2025-10-06 20:54:22,035 [237.07258677482605] notifier INFO: Requesting url https://share2.dexcom.com/ShareWebServices/Services
+2025-10-06 20:54:22,035 [237.07258677482605] pydexcom DEBUG: Retrieve glucose readings from the glucose readings endpoint
+2025-10-06 20:54:22,083 [237.12069535255432] status INFO: Requesting url: https://share2.dexcom.com/ShareWebServices/Services/General/AuthenticatePublisherAccount
+2025-10-06 20:54:22,083 [237.12170672416687] urllib3.connectionpool DEBUG: Starting new HTTPS connection (1): share2.dexcom.com:443
+2025-10-06 20:54:22,169 [237.20687460899353] urllib3.connectionpool DEBUG: https://share2.dexcom.com:443 "POST /ShareWebServices/Services/Publisher/ReadPublisherLatestGlucoseValues?sessionId=44e04ff2-8dbc-4731-b619-98f41bf42804&minutes=1440&maxCount=1 HTTP/1.1" 200 None
+2025-10-06 20:54:22,255 [237.2920219898224] urllib3.connectionpool DEBUG: https://share2.dexcom.com:443 "GET /ShareWebServices/Services/General/AuthenticatePublisherAccount HTTP/1.1" 405 176
+2025-10-06 20:54:23,171 [238.2080798149109] notifier INFO: Requesting url https://share2.dexcom.com/ShareWebServices/Services
+2025-10-06 20:54:23,171 [238.2080798149109] pydexcom DEBUG: Retrieve glucose readings from the glucose readings endpoint
+2025-10-06 20:54:23,262 [238.29971146583557] status INFO: Requesting url: https://share2.dexcom.com/ShareWebServices/Services/General/AuthenticatePublisherAccount
+2025-10-06 20:54:23,262 [238.29971146583557] urllib3.connectionpool DEBUG: Starting new HTTPS connection (1): share2.dexcom.com:443
+2025-10-06 20:54:23,295 [238.33266162872314] urllib3.connectionpool DEBUG: https://share2.dexcom.com:443 "POST /ShareWebServices/Services/Publisher/ReadPublisherLatestGlucoseValues?sessionId=44e04ff2-8dbc-4731-b619-98f41bf42804&minutes=1440&maxCount=1 HTTP/1.1" 200 None
+2025-10-06 20:54:23,296 [238.33366322517395] notifier INFO: Requesting url https://share2.dexcom.com/ShareWebServices/Services
+2025-10-06 20:54:23,296 [238.33366322517395] pydexcom DEBUG: Retrieve glucose readings from the glucose readings endpoint
+2025-10-06 20:54:23,311 [238.34888553619385] notifier INFO: Requesting url General/AuthenticatePublisherAccount
+2025-10-06 20:54:23,311 [238.34888553619385] pydexcom DEBUG: Retrieve account ID from the authentication endpoint
+2025-10-06 20:54:23,312 [238.34988808631897] urllib3.connectionpool DEBUG: Starting new HTTPS connection (1): share2.dexcom.com:443
+2025-10-06 20:54:23,398 [238.43561244010925] urllib3.connectionpool DEBUG: https://share2.dexcom.com:443 "POST /ShareWebServices/Services/Publisher/ReadPublisherLatestGlucoseValues?sessionId=44e04ff2-8dbc-4731-b619-98f41bf42804&minutes=1440&maxCount=1 HTTP/1.1" 200 None
+2025-10-06 20:54:23,456 [238.49365735054016] urllib3.connectionpool DEBUG: https://share2.dexcom.com:443 "GET /ShareWebServices/Services/General/AuthenticatePublisherAccount HTTP/1.1" 405 176
+2025-10-06 20:54:23,840 [238.87764430046082] urllib3.connectionpool DEBUG: https://share2.dexcom.com:443 "POST /ShareWebServices/Services/General/AuthenticatePublisherAccount HTTP/1.1" 200 38
+2025-10-06 20:54:23,841 [238.87804865837097] pydexcom DEBUG: Retrieve session ID from the login endpoint
+2025-10-06 20:54:24,221 [239.2581193447113] urllib3.connectionpool DEBUG: https://share2.dexcom.com:443 "POST /ShareWebServices/Services/General/LoginPublisherAccountById HTTP/1.1" 200 38
+2025-10-06 20:54:24,226 [239.2637116909027] pydexcom DEBUG: Retrieve glucose readings from the glucose readings endpoint
+2025-10-06 20:54:24,343 [239.38050818443298] urllib3.connectionpool DEBUG: https://share2.dexcom.com:443 "POST /ShareWebServices/Services/Publisher/ReadPublisherLatestGlucoseValues?sessionId=44e04ff2-8dbc-4731-b619-98f41bf42804&minutes=1440&maxCount=1 HTTP/1.1" 200 None
+2025-10-06 20:54:24,399 [239.43661546707153] notifier INFO: Requesting url https://share2.dexcom.com/ShareWebServices/Services
+2025-10-06 20:54:24,399 [239.43661546707153] pydexcom DEBUG: Retrieve glucose readings from the glucose readings endpoint
+2025-10-06 20:54:24,458 [239.49525237083435] status INFO: Requesting url: https://share2.dexcom.com/ShareWebServices/Services/General/AuthenticatePublisherAccount
+2025-10-06 20:54:24,459 [239.49626469612122] urllib3.connectionpool DEBUG: Starting new HTTPS connection (1): share2.dexcom.com:443
+2025-10-06 20:54:24,506 [239.54382491111755] urllib3.connectionpool DEBUG: https://share2.dexcom.com:443 "POST /ShareWebServices/Services/Publisher/ReadPublisherLatestGlucoseValues?sessionId=44e04ff2-8dbc-4731-b619-98f41bf42804&minutes=1440&maxCount=1 HTTP/1.1" 200 None
+2025-10-06 20:54:24,517 [239.55458331108093] notifier INFO: Requesting url https://share2.dexcom.com/ShareWebServices/Services
+2025-10-06 20:54:24,517 [239.55458331108093] pydexcom DEBUG: Retrieve glucose readings from the glucose readings endpoint
+2025-10-06 20:54:24,709 [239.74629068374634] urllib3.connectionpool DEBUG: https://share2.dexcom.com:443 "GET /ShareWebServices/Services/General/AuthenticatePublisherAccount HTTP/1.1" 405 176
+2025-10-06 20:54:24,806 [239.84347105026245] urllib3.connectionpool DEBUG: https://share2.dexcom.com:443 "POST /ShareWebServices/Services/Publisher/ReadPublisherLatestGlucoseValues?sessionId=44e04ff2-8dbc-4731-b619-98f41bf42804&minutes=1440&maxCount=1 HTTP/1.1" 200 None
+2025-10-06 20:54:25,712 [240.74989819526672] status INFO: Requesting url: https://share2.dexcom.com/ShareWebServices/Services/General/AuthenticatePublisherAccount
+2025-10-06 20:54:25,714 [240.75101852416992] urllib3.connectionpool DEBUG: Starting new HTTPS connection (1): share2.dexcom.com:443
+2025-10-06 20:54:25,808 [240.84503030776978] notifier INFO: Requesting url https://share2.dexcom.com/ShareWebServices/Services
+2025-10-06 20:54:25,808 [240.84503030776978] pydexcom DEBUG: Retrieve glucose readings from the glucose readings endpoint
+2025-10-06 20:54:25,966 [241.00354743003845] urllib3.connectionpool DEBUG: https://share2.dexcom.com:443 "POST /ShareWebServices/Services/Publisher/ReadPublisherLatestGlucoseValues?sessionId=44e04ff2-8dbc-4731-b619-98f41bf42804&minutes=1440&maxCount=1 HTTP/1.1" 200 None
+2025-10-06 20:54:25,967 [241.00455260276794] notifier INFO: Requesting url https://share2.dexcom.com/ShareWebServices/Services
+2025-10-06 20:54:25,967 [241.00455260276794] urllib3.connectionpool DEBUG: https://share2.dexcom.com:443 "GET /ShareWebServices/Services/General/AuthenticatePublisherAccount HTTP/1.1" 405 176
+2025-10-06 20:54:25,967 [241.0055546760559] pydexcom DEBUG: Retrieve glucose readings from the glucose readings endpoint
+2025-10-06 20:54:26,152 [241.18991875648499] urllib3.connectionpool DEBUG: https://share2.dexcom.com:443 "POST /ShareWebServices/Services/Publisher/ReadPublisherLatestGlucoseValues?sessionId=44e04ff2-8dbc-4731-b619-98f41bf42804&minutes=1440&maxCount=1 HTTP/1.1" 200 None
+2025-10-06 20:54:26,715 [241.752046585083] pydexcom DEBUG: Retrieve glucose readings from the glucose readings endpoint
+2025-10-06 20:54:26,821 [241.85814452171326] urllib3.connectionpool DEBUG: https://share2.dexcom.com:443 "POST /ShareWebServices/Services/Publisher/ReadPublisherLatestGlucoseValues?sessionId=44e04ff2-8dbc-4731-b619-98f41bf42804&minutes=1440&maxCount=1 HTTP/1.1" 200 None
+2025-10-06 20:54:26,969 [242.00688791275024] status INFO: Requesting url: https://share2.dexcom.com/ShareWebServices/Services/General/AuthenticatePublisherAccount
+2025-10-06 20:54:26,970 [242.00789856910706] urllib3.connectionpool DEBUG: Starting new HTTPS connection (1): share2.dexcom.com:443
+2025-10-06 20:54:27,157 [242.1947419643402] notifier INFO: Requesting url https://share2.dexcom.com/ShareWebServices/Services
+2025-10-06 20:54:27,157 [242.1947419643402] pydexcom DEBUG: Retrieve glucose readings from the glucose readings endpoint
+2025-10-06 20:54:27,187 [242.22418975830078] urllib3.connectionpool DEBUG: https://share2.dexcom.com:443 "GET /ShareWebServices/Services/General/AuthenticatePublisherAccount HTTP/1.1" 405 176
+2025-10-06 20:54:27,288 [242.3257200717926] urllib3.connectionpool DEBUG: https://share2.dexcom.com:443 "POST /ShareWebServices/Services/Publisher/ReadPublisherLatestGlucoseValues?sessionId=44e04ff2-8dbc-4731-b619-98f41bf42804&minutes=1440&maxCount=1 HTTP/1.1" 200 None
+2025-10-06 20:54:27,288 [242.3257200717926] notifier INFO: Requesting url https://share2.dexcom.com/ShareWebServices/Services
+2025-10-06 20:54:27,288 [242.3257200717926] pydexcom DEBUG: Retrieve glucose readings from the glucose readings endpoint
+2025-10-06 20:54:27,394 [242.43398094177246] urllib3.connectionpool DEBUG: https://share2.dexcom.com:443 "POST /ShareWebServices/Services/Publisher/ReadPublisherLatestGlucoseValues?sessionId=44e04ff2-8dbc-4731-b619-98f41bf42804&minutes=1440&maxCount=1 HTTP/1.1" 200 None
+2025-10-06 20:54:28,189 [243.22607827186584] status INFO: Requesting url: https://share2.dexcom.com/ShareWebServices/Services/General/AuthenticatePublisherAccount
+2025-10-06 20:54:28,189 [243.22607827186584] urllib3.connectionpool DEBUG: Starting new HTTPS connection (1): share2.dexcom.com:443
+2025-10-06 20:54:28,398 [243.435161113739] notifier INFO: Requesting url https://share2.dexcom.com/ShareWebServices/Services
+2025-10-06 20:54:28,398 [243.435161113739] pydexcom DEBUG: Retrieve glucose readings from the glucose readings endpoint
+2025-10-06 20:54:28,424 [243.46196174621582] urllib3.connectionpool DEBUG: https://share2.dexcom.com:443 "GET /ShareWebServices/Services/General/AuthenticatePublisherAccount HTTP/1.1" 405 176
+2025-10-06 20:54:28,525 [243.56224417686462] urllib3.connectionpool DEBUG: https://share2.dexcom.com:443 "POST /ShareWebServices/Services/Publisher/ReadPublisherLatestGlucoseValues?sessionId=44e04ff2-8dbc-4731-b619-98f41bf42804&minutes=1440&maxCount=1 HTTP/1.1" 200 None
+2025-10-06 20:54:28,525 [243.56224417686462] notifier INFO: Requesting url https://share2.dexcom.com/ShareWebServices/Services
+2025-10-06 20:54:28,525 [243.56224417686462] pydexcom DEBUG: Retrieve glucose readings from the glucose readings endpoint
+2025-10-06 20:54:28,636 [243.67379522323608] urllib3.connectionpool DEBUG: https://share2.dexcom.com:443 "POST /ShareWebServices/Services/Publisher/ReadPublisherLatestGlucoseValues?sessionId=44e04ff2-8dbc-4731-b619-98f41bf42804&minutes=1440&maxCount=1 HTTP/1.1" 200 None
+2025-10-06 20:54:29,348 [244.38541841506958] notifier INFO: Requesting url General/AuthenticatePublisherAccount
+2025-10-06 20:54:29,348 [244.38541841506958] pydexcom DEBUG: Retrieve account ID from the authentication endpoint
+2025-10-06 20:54:29,349 [244.38642597198486] urllib3.connectionpool DEBUG: Starting new HTTPS connection (1): share2.dexcom.com:443
+2025-10-06 20:54:29,429 [244.4661054611206] status INFO: Requesting url: https://share2.dexcom.com/ShareWebServices/Services/General/AuthenticatePublisherAccount
+2025-10-06 20:54:29,429 [244.4661054611206] urllib3.connectionpool DEBUG: Starting new HTTPS connection (1): share2.dexcom.com:443
+2025-10-06 20:54:29,596 [244.63390684127808] urllib3.connectionpool DEBUG: https://share2.dexcom.com:443 "GET /ShareWebServices/Services/General/AuthenticatePublisherAccount HTTP/1.1" 405 176
+2025-10-06 20:54:29,644 [244.6815004348755] notifier INFO: Requesting url https://share2.dexcom.com/ShareWebServices/Services
+2025-10-06 20:54:29,644 [244.6815004348755] pydexcom DEBUG: Retrieve glucose readings from the glucose readings endpoint
+2025-10-06 20:54:29,758 [244.79575753211975] urllib3.connectionpool DEBUG: https://share2.dexcom.com:443 "POST /ShareWebServices/Services/Publisher/ReadPublisherLatestGlucoseValues?sessionId=44e04ff2-8dbc-4731-b619-98f41bf42804&minutes=1440&maxCount=1 HTTP/1.1" 200 None
+2025-10-06 20:54:29,758 [244.79575753211975] notifier INFO: Requesting url https://share2.dexcom.com/ShareWebServices/Services
+2025-10-06 20:54:29,758 [244.79575753211975] pydexcom DEBUG: Retrieve glucose readings from the glucose readings endpoint
+2025-10-06 20:54:29,800 [244.83891415596008] urllib3.connectionpool DEBUG: https://share2.dexcom.com:443 "POST /ShareWebServices/Services/General/AuthenticatePublisherAccount HTTP/1.1" 200 38
+2025-10-06 20:54:29,801 [244.83891415596008] pydexcom DEBUG: Retrieve session ID from the login endpoint
+2025-10-06 20:54:29,866 [244.90380716323853] urllib3.connectionpool DEBUG: https://share2.dexcom.com:443 "POST /ShareWebServices/Services/Publisher/ReadPublisherLatestGlucoseValues?sessionId=44e04ff2-8dbc-4731-b619-98f41bf42804&minutes=1440&maxCount=1 HTTP/1.1" 200 None
+2025-10-06 20:54:30,214 [245.25189018249512] urllib3.connectionpool DEBUG: https://share2.dexcom.com:443 "POST /ShareWebServices/Services/General/LoginPublisherAccountById HTTP/1.1" 200 38
+2025-10-06 20:54:30,235 [245.2720592021942] pydexcom DEBUG: Retrieve glucose readings from the glucose readings endpoint
+2025-10-06 20:54:30,352 [245.38962244987488] urllib3.connectionpool DEBUG: https://share2.dexcom.com:443 "POST /ShareWebServices/Services/Publisher/ReadPublisherLatestGlucoseValues?sessionId=44e04ff2-8dbc-4731-b619-98f41bf42804&minutes=1440&maxCount=1 HTTP/1.1" 200 None
+2025-10-06 20:54:30,598 [245.63497352600098] status INFO: Requesting url: https://share2.dexcom.com/ShareWebServices/Services/General/AuthenticatePublisherAccount
+2025-10-06 20:54:30,598 [245.63497352600098] urllib3.connectionpool DEBUG: Starting new HTTPS connection (1): share2.dexcom.com:443
+2025-10-06 20:54:30,836 [245.8739197254181] urllib3.connectionpool DEBUG: https://share2.dexcom.com:443 "GET /ShareWebServices/Services/General/AuthenticatePublisherAccount HTTP/1.1" 405 176
+2025-10-06 20:54:30,867 [245.904611825943] notifier INFO: Requesting url https://share2.dexcom.com/ShareWebServices/Services
+2025-10-06 20:54:30,868 [245.90563035011292] pydexcom DEBUG: Retrieve glucose readings from the glucose readings endpoint
+2025-10-06 20:54:30,971 [246.00892901420593] urllib3.connectionpool DEBUG: https://share2.dexcom.com:443 "POST /ShareWebServices/Services/Publisher/ReadPublisherLatestGlucoseValues?sessionId=44e04ff2-8dbc-4731-b619-98f41bf42804&minutes=1440&maxCount=1 HTTP/1.1" 200 None
+2025-10-06 20:54:30,972 [246.0099368095398] notifier INFO: Requesting url https://share2.dexcom.com/ShareWebServices/Services
+2025-10-06 20:54:30,972 [246.0099368095398] pydexcom DEBUG: Retrieve glucose readings from the glucose readings endpoint
+2025-10-06 20:54:31,068 [246.10553574562073] urllib3.connectionpool DEBUG: https://share2.dexcom.com:443 "POST /ShareWebServices/Services/Publisher/ReadPublisherLatestGlucoseValues?sessionId=44e04ff2-8dbc-4731-b619-98f41bf42804&minutes=1440&maxCount=1 HTTP/1.1" 200 None
+2025-10-06 20:54:31,828 [246.86590361595154] pydexcom DEBUG: Retrieve glucose readings from the glucose readings endpoint
+2025-10-06 20:54:31,838 [246.8758568763733] status INFO: Requesting url: https://share2.dexcom.com/ShareWebServices/Services/General/AuthenticatePublisherAccount
+2025-10-06 20:54:31,839 [246.8768699169159] urllib3.connectionpool DEBUG: Starting new HTTPS connection (1): share2.dexcom.com:443
+2025-10-06 20:54:31,936 [246.9729709625244] urllib3.connectionpool DEBUG: https://share2.dexcom.com:443 "POST /ShareWebServices/Services/Publisher/ReadPublisherLatestGlucoseValues?sessionId=44e04ff2-8dbc-4731-b619-98f41bf42804&minutes=1440&maxCount=1 HTTP/1.1" 200 None
+2025-10-06 20:54:32,054 [247.09097957611084] urllib3.connectionpool DEBUG: https://share2.dexcom.com:443 "GET /ShareWebServices/Services/General/AuthenticatePublisherAccount HTTP/1.1" 405 176
+2025-10-06 20:54:32,079 [247.1167905330658] notifier INFO: Requesting url https://share2.dexcom.com/ShareWebServices/Services
+2025-10-06 20:54:32,079 [247.1167905330658] pydexcom DEBUG: Retrieve glucose readings from the glucose readings endpoint
+2025-10-06 20:54:32,201 [247.23817420005798] urllib3.connectionpool DEBUG: https://share2.dexcom.com:443 "POST /ShareWebServices/Services/Publisher/ReadPublisherLatestGlucoseValues?sessionId=44e04ff2-8dbc-4731-b619-98f41bf42804&minutes=1440&maxCount=1 HTTP/1.1" 200 None
+2025-10-06 20:54:32,202 [247.2395887374878] notifier INFO: Requesting url https://share2.dexcom.com/ShareWebServices/Services
+2025-10-06 20:54:32,202 [247.2395887374878] pydexcom DEBUG: Retrieve glucose readings from the glucose readings endpoint
+2025-10-06 20:54:32,302 [247.33905220031738] urllib3.connectionpool DEBUG: https://share2.dexcom.com:443 "POST /ShareWebServices/Services/Publisher/ReadPublisherLatestGlucoseValues?sessionId=44e04ff2-8dbc-4731-b619-98f41bf42804&minutes=1440&maxCount=1 HTTP/1.1" 200 None
+2025-10-06 20:54:33,055 [248.09280133247375] status INFO: Requesting url: https://share2.dexcom.com/ShareWebServices/Services/General/AuthenticatePublisherAccount
+2025-10-06 20:54:33,055 [248.09280133247375] urllib3.connectionpool DEBUG: Starting new HTTPS connection (1): share2.dexcom.com:443
+2025-10-06 20:54:33,231 [248.2688057422638] urllib3.connectionpool DEBUG: https://share2.dexcom.com:443 "GET /ShareWebServices/Services/General/AuthenticatePublisherAccount HTTP/1.1" 405 176
+2025-10-06 20:54:33,305 [248.3420910835266] notifier INFO: Requesting url https://share2.dexcom.com/ShareWebServices/Services
+2025-10-06 20:54:33,305 [248.3420910835266] pydexcom DEBUG: Retrieve glucose readings from the glucose readings endpoint
+2025-10-06 20:54:33,406 [248.4436593055725] urllib3.connectionpool DEBUG: https://share2.dexcom.com:443 "POST /ShareWebServices/Services/Publisher/ReadPublisherLatestGlucoseValues?sessionId=44e04ff2-8dbc-4731-b619-98f41bf42804&minutes=1440&maxCount=1 HTTP/1.1" 200 None
+2025-10-06 20:54:33,407 [248.44466257095337] notifier INFO: Requesting url https://share2.dexcom.com/ShareWebServices/Services
+2025-10-06 20:54:33,407 [248.44466257095337] pydexcom DEBUG: Retrieve glucose readings from the glucose readings endpoint
+2025-10-06 20:54:33,537 [248.57453417778015] urllib3.connectionpool DEBUG: https://share2.dexcom.com:443 "POST /ShareWebServices/Services/Publisher/ReadPublisherLatestGlucoseValues?sessionId=44e04ff2-8dbc-4731-b619-98f41bf42804&minutes=1440&maxCount=1 HTTP/1.1" 200 None
+2025-10-06 20:54:34,234 [249.27157163619995] status INFO: Requesting url: https://share2.dexcom.com/ShareWebServices/Services/General/AuthenticatePublisherAccount
+2025-10-06 20:54:34,235 [249.27257990837097] urllib3.connectionpool DEBUG: Starting new HTTPS connection (1): share2.dexcom.com:443
+2025-10-06 20:54:34,440 [249.4776632785797] urllib3.connectionpool DEBUG: https://share2.dexcom.com:443 "GET /ShareWebServices/Services/General/AuthenticatePublisherAccount HTTP/1.1" 405 176
+2025-10-06 20:54:34,542 [249.57988619804382] notifier INFO: Requesting url https://share2.dexcom.com/ShareWebServices/Services
+2025-10-06 20:54:34,542 [249.57988619804382] pydexcom DEBUG: Retrieve glucose readings from the glucose readings endpoint
+2025-10-06 20:54:34,638 [249.67575526237488] urllib3.connectionpool DEBUG: https://share2.dexcom.com:443 "POST /ShareWebServices/Services/Publisher/ReadPublisherLatestGlucoseValues?sessionId=44e04ff2-8dbc-4731-b619-98f41bf42804&minutes=1440&maxCount=1 HTTP/1.1" 200 None
+2025-10-06 20:54:34,652 [249.6891279220581] notifier INFO: Requesting url https://share2.dexcom.com/ShareWebServices/Services
+2025-10-06 20:54:34,652 [249.6891279220581] pydexcom DEBUG: Retrieve glucose readings from the glucose readings endpoint
+2025-10-06 20:54:34,757 [249.79432797431946] urllib3.connectionpool DEBUG: https://share2.dexcom.com:443 "POST /ShareWebServices/Services/Publisher/ReadPublisherLatestGlucoseValues?sessionId=44e04ff2-8dbc-4731-b619-98f41bf42804&minutes=1440&maxCount=1 HTTP/1.1" 200 None
+2025-10-06 20:54:35,356 [250.39384818077087] notifier INFO: Requesting url General/AuthenticatePublisherAccount
+2025-10-06 20:54:35,356 [250.39384818077087] pydexcom DEBUG: Retrieve account ID from the authentication endpoint
+2025-10-06 20:54:35,358 [250.3959538936615] urllib3.connectionpool DEBUG: Starting new HTTPS connection (1): share2.dexcom.com:443
+2025-10-06 20:54:35,441 [250.47875142097473] status INFO: Requesting url: https://share2.dexcom.com/ShareWebServices/Services/General/AuthenticatePublisherAccount
+2025-10-06 20:54:35,442 [250.47925853729248] urllib3.connectionpool DEBUG: Starting new HTTPS connection (1): share2.dexcom.com:443
+2025-10-06 20:54:35,647 [250.68420267105103] urllib3.connectionpool DEBUG: https://share2.dexcom.com:443 "GET /ShareWebServices/Services/General/AuthenticatePublisherAccount HTTP/1.1" 405 176
+2025-10-06 20:54:35,765 [250.8024718761444] notifier INFO: Requesting url https://share2.dexcom.com/ShareWebServices/Services
+2025-10-06 20:54:35,765 [250.8024718761444] pydexcom DEBUG: Retrieve glucose readings from the glucose readings endpoint
+2025-10-06 20:54:35,815 [250.85266828536987] urllib3.connectionpool DEBUG: https://share2.dexcom.com:443 "POST /ShareWebServices/Services/General/AuthenticatePublisherAccount HTTP/1.1" 200 38
+2025-10-06 20:54:35,815 [250.85266828536987] pydexcom DEBUG: Retrieve session ID from the login endpoint
+2025-10-06 20:54:35,886 [250.92372369766235] urllib3.connectionpool DEBUG: https://share2.dexcom.com:443 "POST /ShareWebServices/Services/Publisher/ReadPublisherLatestGlucoseValues?sessionId=44e04ff2-8dbc-4731-b619-98f41bf42804&minutes=1440&maxCount=1 HTTP/1.1" 200 None
+2025-10-06 20:54:35,886 [250.92372369766235] notifier INFO: Requesting url https://share2.dexcom.com/ShareWebServices/Services
+2025-10-06 20:54:35,886 [250.92372369766235] pydexcom DEBUG: Retrieve glucose readings from the glucose readings endpoint
+2025-10-06 20:54:35,996 [251.0336992740631] urllib3.connectionpool DEBUG: https://share2.dexcom.com:443 "POST /ShareWebServices/Services/Publisher/ReadPublisherLatestGlucoseValues?sessionId=44e04ff2-8dbc-4731-b619-98f41bf42804&minutes=1440&maxCount=1 HTTP/1.1" 200 None
+2025-10-06 20:54:36,219 [251.25633645057678] urllib3.connectionpool DEBUG: https://share2.dexcom.com:443 "POST /ShareWebServices/Services/General/LoginPublisherAccountById HTTP/1.1" 200 38
+2025-10-06 20:54:36,219 [251.25633645057678] pydexcom DEBUG: Retrieve glucose readings from the glucose readings endpoint
+2025-10-06 20:54:36,333 [251.37182903289795] urllib3.connectionpool DEBUG: https://share2.dexcom.com:443 "POST /ShareWebServices/Services/Publisher/ReadPublisherLatestGlucoseValues?sessionId=44e04ff2-8dbc-4731-b619-98f41bf42804&minutes=1440&maxCount=1 HTTP/1.1" 200 None
+2025-10-06 20:54:36,648 [251.68566608428955] status INFO: Requesting url: https://share2.dexcom.com/ShareWebServices/Services/General/AuthenticatePublisherAccount
+2025-10-06 20:54:36,648 [251.68566608428955] urllib3.connectionpool DEBUG: Starting new HTTPS connection (1): share2.dexcom.com:443
+2025-10-06 20:54:36,818 [251.855792760849] urllib3.connectionpool DEBUG: https://share2.dexcom.com:443 "GET /ShareWebServices/Services/General/AuthenticatePublisherAccount HTTP/1.1" 405 176
+2025-10-06 20:54:36,943 [251.98062419891357] pydexcom DEBUG: Retrieve glucose readings from the glucose readings endpoint
+2025-10-06 20:54:36,998 [252.03498339653015] notifier INFO: Requesting url https://share2.dexcom.com/ShareWebServices/Services
+2025-10-06 20:54:36,998 [252.03498339653015] pydexcom DEBUG: Retrieve glucose readings from the glucose readings endpoint
+2025-10-06 20:54:37,034 [252.07167983055115] urllib3.connectionpool DEBUG: https://share2.dexcom.com:443 "POST /ShareWebServices/Services/Publisher/ReadPublisherLatestGlucoseValues?sessionId=44e04ff2-8dbc-4731-b619-98f41bf42804&minutes=1440&maxCount=1 HTTP/1.1" 200 None
+2025-10-06 20:54:37,100 [252.1371328830719] urllib3.connectionpool DEBUG: https://share2.dexcom.com:443 "POST /ShareWebServices/Services/Publisher/ReadPublisherLatestGlucoseValues?sessionId=44e04ff2-8dbc-4731-b619-98f41bf42804&minutes=1440&maxCount=1 HTTP/1.1" 200 None
+2025-10-06 20:54:37,107 [252.14397716522217] notifier INFO: Requesting url https://share2.dexcom.com/ShareWebServices/Services
+2025-10-06 20:54:37,107 [252.14397716522217] pydexcom DEBUG: Retrieve glucose readings from the glucose readings endpoint
+2025-10-06 20:54:37,206 [252.24372625350952] urllib3.connectionpool DEBUG: https://share2.dexcom.com:443 "POST /ShareWebServices/Services/Publisher/ReadPublisherLatestGlucoseValues?sessionId=44e04ff2-8dbc-4731-b619-98f41bf42804&minutes=1440&maxCount=1 HTTP/1.1" 200 None
+2025-10-06 20:54:37,821 [252.85877919197083] status INFO: Requesting url: https://share2.dexcom.com/ShareWebServices/Services/General/AuthenticatePublisherAccount
+2025-10-06 20:54:37,822 [252.85979390144348] urllib3.connectionpool DEBUG: Starting new HTTPS connection (1): share2.dexcom.com:443
+2025-10-06 20:54:37,992 [253.02916169166565] urllib3.connectionpool DEBUG: https://share2.dexcom.com:443 "GET /ShareWebServices/Services/General/AuthenticatePublisherAccount HTTP/1.1" 405 176
+2025-10-06 20:54:38,210 [253.2471785545349] notifier INFO: Requesting url https://share2.dexcom.com/ShareWebServices/Services
+2025-10-06 20:54:38,210 [253.2471785545349] pydexcom DEBUG: Retrieve glucose readings from the glucose readings endpoint
+2025-10-06 20:54:38,317 [253.3547351360321] urllib3.connectionpool DEBUG: https://share2.dexcom.com:443 "POST /ShareWebServices/Services/Publisher/ReadPublisherLatestGlucoseValues?sessionId=44e04ff2-8dbc-4731-b619-98f41bf42804&minutes=1440&maxCount=1 HTTP/1.1" 200 None
+2025-10-06 20:54:38,317 [253.3547351360321] notifier INFO: Requesting url https://share2.dexcom.com/ShareWebServices/Services
+2025-10-06 20:54:38,317 [253.3547351360321] pydexcom DEBUG: Retrieve glucose readings from the glucose readings endpoint
+2025-10-06 20:54:38,433 [253.4701807498932] urllib3.connectionpool DEBUG: https://share2.dexcom.com:443 "POST /ShareWebServices/Services/Publisher/ReadPublisherLatestGlucoseValues?sessionId=44e04ff2-8dbc-4731-b619-98f41bf42804&minutes=1440&maxCount=1 HTTP/1.1" 200 None
+2025-10-06 20:54:38,994 [254.03103876113892] status INFO: Requesting url: https://share2.dexcom.com/ShareWebServices/Services/General/AuthenticatePublisherAccount
+2025-10-06 20:54:38,994 [254.03103876113892] urllib3.connectionpool DEBUG: Starting new HTTPS connection (1): share2.dexcom.com:443
+2025-10-06 20:54:39,216 [254.2538239955902] urllib3.connectionpool DEBUG: https://share2.dexcom.com:443 "GET /ShareWebServices/Services/General/AuthenticatePublisherAccount HTTP/1.1" 405 176
+2025-10-06 20:54:39,434 [254.4715600013733] notifier INFO: Requesting url https://share2.dexcom.com/ShareWebServices/Services
+2025-10-06 20:54:39,434 [254.4715600013733] pydexcom DEBUG: Retrieve glucose readings from the glucose readings endpoint
+2025-10-06 20:54:39,552 [254.58932948112488] urllib3.connectionpool DEBUG: https://share2.dexcom.com:443 "POST /ShareWebServices/Services/Publisher/ReadPublisherLatestGlucoseValues?sessionId=44e04ff2-8dbc-4731-b619-98f41bf42804&minutes=1440&maxCount=1 HTTP/1.1" 200 None
+2025-10-06 20:54:39,552 [254.58932948112488] notifier INFO: Requesting url https://share2.dexcom.com/ShareWebServices/Services
+2025-10-06 20:54:39,552 [254.58932948112488] pydexcom DEBUG: Retrieve glucose readings from the glucose readings endpoint
+2025-10-06 20:54:39,682 [254.71920680999756] urllib3.connectionpool DEBUG: https://share2.dexcom.com:443 "POST /ShareWebServices/Services/Publisher/ReadPublisherLatestGlucoseValues?sessionId=44e04ff2-8dbc-4731-b619-98f41bf42804&minutes=1440&maxCount=1 HTTP/1.1" 200 None
+2025-10-06 20:54:40,218 [255.25564122200012] status INFO: Requesting url: https://share2.dexcom.com/ShareWebServices/Services/General/AuthenticatePublisherAccount
+2025-10-06 20:54:40,219 [255.25665974617004] urllib3.connectionpool DEBUG: Starting new HTTPS connection (1): share2.dexcom.com:443
+2025-10-06 20:54:40,419 [255.4563648700714] urllib3.connectionpool DEBUG: https://share2.dexcom.com:443 "GET /ShareWebServices/Services/General/AuthenticatePublisherAccount HTTP/1.1" 405 176
+2025-10-06 20:54:40,688 [255.72572684288025] notifier INFO: Requesting url https://share2.dexcom.com/ShareWebServices/Services
+2025-10-06 20:54:40,688 [255.72572684288025] pydexcom DEBUG: Retrieve glucose readings from the glucose readings endpoint
+2025-10-06 20:54:40,796 [255.83371114730835] urllib3.connectionpool DEBUG: https://share2.dexcom.com:443 "POST /ShareWebServices/Services/Publisher/ReadPublisherLatestGlucoseValues?sessionId=44e04ff2-8dbc-4731-b619-98f41bf42804&minutes=1440&maxCount=1 HTTP/1.1" 200 None
+2025-10-06 20:54:40,796 [255.83371114730835] notifier INFO: Requesting url https://share2.dexcom.com/ShareWebServices/Services
+2025-10-06 20:54:40,796 [255.83371114730835] pydexcom DEBUG: Retrieve glucose readings from the glucose readings endpoint
+2025-10-06 20:54:40,906 [255.94393110275269] urllib3.connectionpool DEBUG: https://share2.dexcom.com:443 "POST /ShareWebServices/Services/Publisher/ReadPublisherLatestGlucoseValues?sessionId=44e04ff2-8dbc-4731-b619-98f41bf42804&minutes=1440&maxCount=1 HTTP/1.1" 200 None
+2025-10-06 20:54:41,350 [256.3879129886627] notifier INFO: Requesting url General/AuthenticatePublisherAccount
+2025-10-06 20:54:41,350 [256.3879129886627] pydexcom DEBUG: Retrieve account ID from the authentication endpoint
+2025-10-06 20:54:41,350 [256.3879129886627] urllib3.connectionpool DEBUG: Starting new HTTPS connection (1): share2.dexcom.com:443
+2025-10-06 20:54:41,423 [256.4604208469391] status INFO: Requesting url: https://share2.dexcom.com/ShareWebServices/Services/General/AuthenticatePublisherAccount
+2025-10-06 20:54:41,423 [256.4604208469391] urllib3.connectionpool DEBUG: Starting new HTTPS connection (1): share2.dexcom.com:443
+2025-10-06 20:54:41,606 [256.64349937438965] urllib3.connectionpool DEBUG: https://share2.dexcom.com:443 "GET /ShareWebServices/Services/General/AuthenticatePublisherAccount HTTP/1.1" 405 176
+2025-10-06 20:54:41,800 [256.83775639533997] urllib3.connectionpool DEBUG: https://share2.dexcom.com:443 "POST /ShareWebServices/Services/General/AuthenticatePublisherAccount HTTP/1.1" 200 38
+2025-10-06 20:54:41,800 [256.83775639533997] pydexcom DEBUG: Retrieve session ID from the login endpoint
+2025-10-06 20:54:41,908 [256.9451937675476] notifier INFO: Requesting url https://share2.dexcom.com/ShareWebServices/Services
+2025-10-06 20:54:41,908 [256.9451937675476] pydexcom DEBUG: Retrieve glucose readings from the glucose readings endpoint
+2025-10-06 20:54:42,051 [257.08869671821594] pydexcom DEBUG: Retrieve glucose readings from the glucose readings endpoint
+2025-10-06 20:54:42,094 [257.1314377784729] urllib3.connectionpool DEBUG: https://share2.dexcom.com:443 "POST /ShareWebServices/Services/Publisher/ReadPublisherLatestGlucoseValues?sessionId=44e04ff2-8dbc-4731-b619-98f41bf42804&minutes=1440&maxCount=1 HTTP/1.1" 200 None
+2025-10-06 20:54:42,095 [257.132524728775] notifier INFO: Requesting url https://share2.dexcom.com/ShareWebServices/Services
+2025-10-06 20:54:42,095 [257.132524728775] pydexcom DEBUG: Retrieve glucose readings from the glucose readings endpoint
+2025-10-06 20:54:42,209 [257.24796772003174] urllib3.connectionpool DEBUG: https://share2.dexcom.com:443 "POST /ShareWebServices/Services/Publisher/ReadPublisherLatestGlucoseValues?sessionId=44e04ff2-8dbc-4731-b619-98f41bf42804&minutes=1440&maxCount=1 HTTP/1.1" 200 None
+2025-10-06 20:54:42,221 [257.2587649822235] urllib3.connectionpool DEBUG: https://share2.dexcom.com:443 "POST /ShareWebServices/Services/Publisher/ReadPublisherLatestGlucoseValues?sessionId=44e04ff2-8dbc-4731-b619-98f41bf42804&minutes=1440&maxCount=1 HTTP/1.1" 200 None
+2025-10-06 20:54:42,251 [257.2881393432617] urllib3.connectionpool DEBUG: https://share2.dexcom.com:443 "POST /ShareWebServices/Services/General/LoginPublisherAccountById HTTP/1.1" 200 38
+2025-10-06 20:54:42,280 [257.3179292678833] pydexcom DEBUG: Retrieve glucose readings from the glucose readings endpoint
+2025-10-06 20:54:42,403 [257.4404978752136] urllib3.connectionpool DEBUG: https://share2.dexcom.com:443 "POST /ShareWebServices/Services/Publisher/ReadPublisherLatestGlucoseValues?sessionId=44e04ff2-8dbc-4731-b619-98f41bf42804&minutes=1440&maxCount=1 HTTP/1.1" 200 None
+2025-10-06 20:54:42,607 [257.6449284553528] status INFO: Requesting url: https://share2.dexcom.com/ShareWebServices/Services/General/AuthenticatePublisherAccount
+2025-10-06 20:54:42,609 [257.6464464664459] urllib3.connectionpool DEBUG: Starting new HTTPS connection (1): share2.dexcom.com:443
+2025-10-06 20:54:42,825 [257.8625371456146] urllib3.connectionpool DEBUG: https://share2.dexcom.com:443 "GET /ShareWebServices/Services/General/AuthenticatePublisherAccount HTTP/1.1" 405 176
+2025-10-06 20:54:43,215 [258.25198912620544] notifier INFO: Requesting url https://share2.dexcom.com/ShareWebServices/Services
+2025-10-06 20:54:43,215 [258.25198912620544] pydexcom DEBUG: Retrieve glucose readings from the glucose readings endpoint
+2025-10-06 20:54:43,336 [258.3739204406738] urllib3.connectionpool DEBUG: https://share2.dexcom.com:443 "POST /ShareWebServices/Services/Publisher/ReadPublisherLatestGlucoseValues?sessionId=44e04ff2-8dbc-4731-b619-98f41bf42804&minutes=1440&maxCount=1 HTTP/1.1" 200 None
+2025-10-06 20:54:43,336 [258.3739204406738] notifier INFO: Requesting url https://share2.dexcom.com/ShareWebServices/Services
+2025-10-06 20:54:43,336 [258.3739204406738] pydexcom DEBUG: Retrieve glucose readings from the glucose readings endpoint
+2025-10-06 20:54:43,448 [258.48553919792175] urllib3.connectionpool DEBUG: https://share2.dexcom.com:443 "POST /ShareWebServices/Services/Publisher/ReadPublisherLatestGlucoseValues?sessionId=44e04ff2-8dbc-4731-b619-98f41bf42804&minutes=1440&maxCount=1 HTTP/1.1" 200 None
+2025-10-06 20:54:43,834 [258.87156653404236] status INFO: Requesting url: https://share2.dexcom.com/ShareWebServices/Services/General/AuthenticatePublisherAccount
+2025-10-06 20:54:43,834 [258.87156653404236] urllib3.connectionpool DEBUG: Starting new HTTPS connection (1): share2.dexcom.com:443
+2025-10-06 20:54:44,168 [259.2058548927307] urllib3.connectionpool DEBUG: https://share2.dexcom.com:443 "GET /ShareWebServices/Services/General/AuthenticatePublisherAccount HTTP/1.1" 405 176
+2025-10-06 20:54:44,451 [259.4889233112335] notifier INFO: Requesting url https://share2.dexcom.com/ShareWebServices/Services
+2025-10-06 20:54:44,451 [259.4889233112335] pydexcom DEBUG: Retrieve glucose readings from the glucose readings endpoint
+2025-10-06 20:54:44,559 [259.5967743396759] urllib3.connectionpool DEBUG: https://share2.dexcom.com:443 "POST /ShareWebServices/Services/Publisher/ReadPublisherLatestGlucoseValues?sessionId=44e04ff2-8dbc-4731-b619-98f41bf42804&minutes=1440&maxCount=1 HTTP/1.1" 200 None
+2025-10-06 20:54:44,560 [259.5977725982666] notifier INFO: Requesting url https://share2.dexcom.com/ShareWebServices/Services
+2025-10-06 20:54:44,560 [259.5977725982666] pydexcom DEBUG: Retrieve glucose readings from the glucose readings endpoint
+2025-10-06 20:54:44,663 [259.70035576820374] urllib3.connectionpool DEBUG: https://share2.dexcom.com:443 "POST /ShareWebServices/Services/Publisher/ReadPublisherLatestGlucoseValues?sessionId=44e04ff2-8dbc-4731-b619-98f41bf42804&minutes=1440&maxCount=1 HTTP/1.1" 200 None
+2025-10-06 20:54:45,171 [260.2081890106201] status INFO: Requesting url: https://share2.dexcom.com/ShareWebServices/Services/General/AuthenticatePublisherAccount
+2025-10-06 20:54:45,171 [260.2081890106201] urllib3.connectionpool DEBUG: Starting new HTTPS connection (1): share2.dexcom.com:443
+2025-10-06 20:54:45,526 [260.5637686252594] urllib3.connectionpool DEBUG: https://share2.dexcom.com:443 "GET /ShareWebServices/Services/General/AuthenticatePublisherAccount HTTP/1.1" 405 176
+2025-10-06 20:54:45,665 [260.7021963596344] notifier INFO: Requesting url https://share2.dexcom.com/ShareWebServices/Services
+2025-10-06 20:54:45,665 [260.7021963596344] pydexcom DEBUG: Retrieve glucose readings from the glucose readings endpoint
+2025-10-06 20:54:45,820 [260.8585731983185] urllib3.connectionpool DEBUG: https://share2.dexcom.com:443 "POST /ShareWebServices/Services/Publisher/ReadPublisherLatestGlucoseValues?sessionId=44e04ff2-8dbc-4731-b619-98f41bf42804&minutes=1440&maxCount=1 HTTP/1.1" 200 None
+2025-10-06 20:54:45,821 [260.8585731983185] notifier INFO: Requesting url https://share2.dexcom.com/ShareWebServices/Services
+2025-10-06 20:54:45,821 [260.8585731983185] pydexcom DEBUG: Retrieve glucose readings from the glucose readings endpoint
+2025-10-06 20:54:45,957 [260.9942717552185] urllib3.connectionpool DEBUG: https://share2.dexcom.com:443 "POST /ShareWebServices/Services/Publisher/ReadPublisherLatestGlucoseValues?sessionId=44e04ff2-8dbc-4731-b619-98f41bf42804&minutes=1440&maxCount=1 HTTP/1.1" 200 None
+2025-10-06 20:54:46,528 [261.5655126571655] status INFO: Requesting url: https://share2.dexcom.com/ShareWebServices/Services/General/AuthenticatePublisherAccount
+2025-10-06 20:54:46,529 [261.5665271282196] urllib3.connectionpool DEBUG: Starting new HTTPS connection (1): share2.dexcom.com:443
+2025-10-06 20:54:46,839 [261.8767170906067] urllib3.connectionpool DEBUG: https://share2.dexcom.com:443 "GET /ShareWebServices/Services/General/AuthenticatePublisherAccount HTTP/1.1" 405 176
+2025-10-06 20:54:46,960 [261.99755573272705] notifier INFO: Requesting url https://share2.dexcom.com/ShareWebServices/Services
+2025-10-06 20:54:46,960 [261.99755573272705] pydexcom DEBUG: Retrieve glucose readings from the glucose readings endpoint
+2025-10-06 20:54:47,153 [262.1903955936432] urllib3.connectionpool DEBUG: https://share2.dexcom.com:443 "POST /ShareWebServices/Services/Publisher/ReadPublisherLatestGlucoseValues?sessionId=44e04ff2-8dbc-4731-b619-98f41bf42804&minutes=1440&maxCount=1 HTTP/1.1" 200 None
+2025-10-06 20:54:47,154 [262.1913983821869] notifier INFO: Requesting url https://share2.dexcom.com/ShareWebServices/Services
+2025-10-06 20:54:47,154 [262.1913983821869] pydexcom DEBUG: Retrieve glucose readings from the glucose readings endpoint
+2025-10-06 20:54:47,235 [262.27199602127075] pydexcom DEBUG: Retrieve glucose readings from the glucose readings endpoint
+2025-10-06 20:54:47,290 [262.32784366607666] urllib3.connectionpool DEBUG: https://share2.dexcom.com:443 "POST /ShareWebServices/Services/Publisher/ReadPublisherLatestGlucoseValues?sessionId=44e04ff2-8dbc-4731-b619-98f41bf42804&minutes=1440&maxCount=1 HTTP/1.1" 200 None
+2025-10-06 20:54:47,383 [262.4201741218567] urllib3.connectionpool DEBUG: https://share2.dexcom.com:443 "POST /ShareWebServices/Services/Publisher/ReadPublisherLatestGlucoseValues?sessionId=44e04ff2-8dbc-4731-b619-98f41bf42804&minutes=1440&maxCount=1 HTTP/1.1" 200 None
+2025-10-06 20:54:47,429 [262.4664101600647] notifier INFO: Requesting url General/AuthenticatePublisherAccount
+2025-10-06 20:54:47,429 [262.4664101600647] pydexcom DEBUG: Retrieve account ID from the authentication endpoint
+2025-10-06 20:54:47,429 [262.4664101600647] urllib3.connectionpool DEBUG: Starting new HTTPS connection (1): share2.dexcom.com:443
+2025-10-06 20:54:47,841 [262.8789064884186] status INFO: Requesting url: https://share2.dexcom.com/ShareWebServices/Services/General/AuthenticatePublisherAccount
+2025-10-06 20:54:47,841 [262.8789064884186] urllib3.connectionpool DEBUG: Starting new HTTPS connection (1): share2.dexcom.com:443
+2025-10-06 20:54:47,972 [263.00931191444397] urllib3.connectionpool DEBUG: https://share2.dexcom.com:443 "POST /ShareWebServices/Services/General/AuthenticatePublisherAccount HTTP/1.1" 200 38
+2025-10-06 20:54:47,973 [263.0103232860565] pydexcom DEBUG: Retrieve session ID from the login endpoint
+2025-10-06 20:54:48,138 [263.17575097084045] urllib3.connectionpool DEBUG: https://share2.dexcom.com:443 "GET /ShareWebServices/Services/General/AuthenticatePublisherAccount HTTP/1.1" 405 176
+2025-10-06 20:54:48,292 [263.32910895347595] notifier INFO: Requesting url https://share2.dexcom.com/ShareWebServices/Services
+2025-10-06 20:54:48,292 [263.32910895347595] pydexcom DEBUG: Retrieve glucose readings from the glucose readings endpoint
+2025-10-06 20:54:48,415 [263.45203018188477] urllib3.connectionpool DEBUG: https://share2.dexcom.com:443 "POST /ShareWebServices/Services/General/LoginPublisherAccountById HTTP/1.1" 200 38
+2025-10-06 20:54:48,430 [263.4676322937012] pydexcom DEBUG: Retrieve glucose readings from the glucose readings endpoint
+2025-10-06 20:54:48,437 [263.4742133617401] urllib3.connectionpool DEBUG: https://share2.dexcom.com:443 "POST /ShareWebServices/Services/Publisher/ReadPublisherLatestGlucoseValues?sessionId=44e04ff2-8dbc-4731-b619-98f41bf42804&minutes=1440&maxCount=1 HTTP/1.1" 200 None
+2025-10-06 20:54:48,438 [263.47522258758545] notifier INFO: Requesting url https://share2.dexcom.com/ShareWebServices/Services
+2025-10-06 20:54:48,438 [263.47522258758545] pydexcom DEBUG: Retrieve glucose readings from the glucose readings endpoint
+2025-10-06 20:54:48,562 [263.5998899936676] urllib3.connectionpool DEBUG: https://share2.dexcom.com:443 "POST /ShareWebServices/Services/Publisher/ReadPublisherLatestGlucoseValues?sessionId=44e04ff2-8dbc-4731-b619-98f41bf42804&minutes=1440&maxCount=1 HTTP/1.1" 200 None
+2025-10-06 20:54:48,586 [263.62473320961] urllib3.connectionpool DEBUG: https://share2.dexcom.com:443 "POST /ShareWebServices/Services/Publisher/ReadPublisherLatestGlucoseValues?sessionId=44e04ff2-8dbc-4731-b619-98f41bf42804&minutes=1440&maxCount=1 HTTP/1.1" 200 None
+2025-10-06 20:54:49,140 [264.17725563049316] status INFO: Requesting url: https://share2.dexcom.com/ShareWebServices/Services/General/AuthenticatePublisherAccount
+2025-10-06 20:54:49,140 [264.17776894569397] urllib3.connectionpool DEBUG: Starting new HTTPS connection (1): share2.dexcom.com:443
+2025-10-06 20:54:49,397 [264.4342579841614] urllib3.connectionpool DEBUG: https://share2.dexcom.com:443 "GET /ShareWebServices/Services/General/AuthenticatePublisherAccount HTTP/1.1" 405 176
+2025-10-06 20:54:49,564 [264.6016457080841] notifier INFO: Requesting url https://share2.dexcom.com/ShareWebServices/Services
+2025-10-06 20:54:49,564 [264.6016457080841] pydexcom DEBUG: Retrieve glucose readings from the glucose readings endpoint
+2025-10-06 20:54:49,683 [264.7205123901367] urllib3.connectionpool DEBUG: https://share2.dexcom.com:443 "POST /ShareWebServices/Services/Publisher/ReadPublisherLatestGlucoseValues?sessionId=44e04ff2-8dbc-4731-b619-98f41bf42804&minutes=1440&maxCount=1 HTTP/1.1" 200 None
+2025-10-06 20:54:49,683 [264.7205123901367] notifier INFO: Requesting url https://share2.dexcom.com/ShareWebServices/Services
+2025-10-06 20:54:49,683 [264.7205123901367] pydexcom DEBUG: Retrieve glucose readings from the glucose readings endpoint
+2025-10-06 20:54:49,806 [264.84354281425476] urllib3.connectionpool DEBUG: https://share2.dexcom.com:443 "POST /ShareWebServices/Services/Publisher/ReadPublisherLatestGlucoseValues?sessionId=44e04ff2-8dbc-4731-b619-98f41bf42804&minutes=1440&maxCount=1 HTTP/1.1" 200 None
+2025-10-06 20:54:50,398 [265.4359450340271] status INFO: Requesting url: https://share2.dexcom.com/ShareWebServices/Services/General/AuthenticatePublisherAccount
+2025-10-06 20:54:50,400 [265.43717432022095] urllib3.connectionpool DEBUG: Starting new HTTPS connection (1): share2.dexcom.com:443
+2025-10-06 20:54:50,693 [265.73000264167786] urllib3.connectionpool DEBUG: https://share2.dexcom.com:443 "GET /ShareWebServices/Services/General/AuthenticatePublisherAccount HTTP/1.1" 405 176
+2025-10-06 20:54:50,812 [265.84928703308105] notifier INFO: Requesting url https://share2.dexcom.com/ShareWebServices/Services
+2025-10-06 20:54:50,812 [265.84928703308105] pydexcom DEBUG: Retrieve glucose readings from the glucose readings endpoint
+2025-10-06 20:54:50,948 [265.98529028892517] urllib3.connectionpool DEBUG: https://share2.dexcom.com:443 "POST /ShareWebServices/Services/Publisher/ReadPublisherLatestGlucoseValues?sessionId=44e04ff2-8dbc-4731-b619-98f41bf42804&minutes=1440&maxCount=1 HTTP/1.1" 200 None
+2025-10-06 20:54:50,948 [265.98529028892517] notifier INFO: Requesting url https://share2.dexcom.com/ShareWebServices/Services
+2025-10-06 20:54:50,948 [265.98529028892517] pydexcom DEBUG: Retrieve glucose readings from the glucose readings endpoint
+2025-10-06 20:54:51,088 [266.1250820159912] urllib3.connectionpool DEBUG: https://share2.dexcom.com:443 "POST /ShareWebServices/Services/Publisher/ReadPublisherLatestGlucoseValues?sessionId=44e04ff2-8dbc-4731-b619-98f41bf42804&minutes=1440&maxCount=1 HTTP/1.1" 200 None
+2025-10-06 20:54:51,694 [266.73141646385193] status INFO: Requesting url: https://share2.dexcom.com/ShareWebServices/Services/General/AuthenticatePublisherAccount
+2025-10-06 20:54:51,695 [266.73243594169617] urllib3.connectionpool DEBUG: Starting new HTTPS connection (1): share2.dexcom.com:443
+2025-10-06 20:54:51,899 [266.93671464920044] urllib3.connectionpool DEBUG: https://share2.dexcom.com:443 "GET /ShareWebServices/Services/General/AuthenticatePublisherAccount HTTP/1.1" 405 176
+2025-10-06 20:54:52,088 [267.1259512901306] notifier INFO: Requesting url https://share2.dexcom.com/ShareWebServices/Services
+2025-10-06 20:54:52,088 [267.1259512901306] pydexcom DEBUG: Retrieve glucose readings from the glucose readings endpoint
+2025-10-06 20:54:52,201 [267.23822689056396] urllib3.connectionpool DEBUG: https://share2.dexcom.com:443 "POST /ShareWebServices/Services/Publisher/ReadPublisherLatestGlucoseValues?sessionId=44e04ff2-8dbc-4731-b619-98f41bf42804&minutes=1440&maxCount=1 HTTP/1.1" 200 None
+2025-10-06 20:54:52,201 [267.23822689056396] notifier INFO: Requesting url https://share2.dexcom.com/ShareWebServices/Services
+2025-10-06 20:54:52,201 [267.23822689056396] pydexcom DEBUG: Retrieve glucose readings from the glucose readings endpoint
+2025-10-06 20:54:52,315 [267.35280418395996] urllib3.connectionpool DEBUG: https://share2.dexcom.com:443 "POST /ShareWebServices/Services/Publisher/ReadPublisherLatestGlucoseValues?sessionId=44e04ff2-8dbc-4731-b619-98f41bf42804&minutes=1440&maxCount=1 HTTP/1.1" 200 None
+2025-10-06 20:54:52,390 [267.4273147583008] pydexcom DEBUG: Retrieve glucose readings from the glucose readings endpoint
+2025-10-06 20:54:52,509 [267.54607009887695] urllib3.connectionpool DEBUG: https://share2.dexcom.com:443 "POST /ShareWebServices/Services/Publisher/ReadPublisherLatestGlucoseValues?sessionId=44e04ff2-8dbc-4731-b619-98f41bf42804&minutes=1440&maxCount=1 HTTP/1.1" 200 None
+2025-10-06 20:54:52,901 [267.93845796585083] status INFO: Requesting url: https://share2.dexcom.com/ShareWebServices/Services/General/AuthenticatePublisherAccount
+2025-10-06 20:54:52,901 [267.93845796585083] urllib3.connectionpool DEBUG: Starting new HTTPS connection (1): share2.dexcom.com:443
+2025-10-06 20:54:53,106 [268.1435503959656] urllib3.connectionpool DEBUG: https://share2.dexcom.com:443 "GET /ShareWebServices/Services/General/AuthenticatePublisherAccount HTTP/1.1" 405 176
+2025-10-06 20:54:53,317 [268.35442066192627] notifier INFO: Requesting url https://share2.dexcom.com/ShareWebServices/Services
+2025-10-06 20:54:53,317 [268.35442066192627] pydexcom DEBUG: Retrieve glucose readings from the glucose readings endpoint
+2025-10-06 20:54:53,426 [268.4634871482849] urllib3.connectionpool DEBUG: https://share2.dexcom.com:443 "POST /ShareWebServices/Services/Publisher/ReadPublisherLatestGlucoseValues?sessionId=44e04ff2-8dbc-4731-b619-98f41bf42804&minutes=1440&maxCount=1 HTTP/1.1" 200 None
+2025-10-06 20:54:53,426 [268.4634871482849] notifier INFO: Requesting url https://share2.dexcom.com/ShareWebServices/Services
+2025-10-06 20:54:53,426 [268.4634871482849] pydexcom DEBUG: Retrieve glucose readings from the glucose readings endpoint
+2025-10-06 20:54:53,537 [268.57468843460083] urllib3.connectionpool DEBUG: https://share2.dexcom.com:443 "POST /ShareWebServices/Services/Publisher/ReadPublisherLatestGlucoseValues?sessionId=44e04ff2-8dbc-4731-b619-98f41bf42804&minutes=1440&maxCount=1 HTTP/1.1" 200 None
+2025-10-06 20:54:53,617 [268.6544885635376] notifier INFO: Requesting url General/AuthenticatePublisherAccount
+2025-10-06 20:54:53,617 [268.6544885635376] pydexcom DEBUG: Retrieve account ID from the authentication endpoint
+2025-10-06 20:54:53,618 [268.65549635887146] urllib3.connectionpool DEBUG: Starting new HTTPS connection (1): share2.dexcom.com:443
+2025-10-06 20:54:54,061 [269.09864139556885] urllib3.connectionpool DEBUG: https://share2.dexcom.com:443 "POST /ShareWebServices/Services/General/AuthenticatePublisherAccount HTTP/1.1" 200 38
+2025-10-06 20:54:54,063 [269.10010170936584] pydexcom DEBUG: Retrieve session ID from the login endpoint
+2025-10-06 20:54:54,107 [269.14492201805115] status INFO: Requesting url: https://share2.dexcom.com/ShareWebServices/Services/General/AuthenticatePublisherAccount
+2025-10-06 20:54:54,108 [269.14593291282654] urllib3.connectionpool DEBUG: Starting new HTTPS connection (1): share2.dexcom.com:443
+2025-10-06 20:54:54,318 [269.35501623153687] urllib3.connectionpool DEBUG: https://share2.dexcom.com:443 "GET /ShareWebServices/Services/General/AuthenticatePublisherAccount HTTP/1.1" 405 176
+2025-10-06 20:54:54,542 [269.57948303222656] notifier INFO: Requesting url https://share2.dexcom.com/ShareWebServices/Services
+2025-10-06 20:54:54,542 [269.57948303222656] pydexcom DEBUG: Retrieve glucose readings from the glucose readings endpoint
+2025-10-06 20:54:54,648 [269.6850354671478] urllib3.connectionpool DEBUG: https://share2.dexcom.com:443 "POST /ShareWebServices/Services/Publisher/ReadPublisherLatestGlucoseValues?sessionId=44e04ff2-8dbc-4731-b619-98f41bf42804&minutes=1440&maxCount=1 HTTP/1.1" 200 None
+2025-10-06 20:54:54,648 [269.6850354671478] notifier INFO: Requesting url https://share2.dexcom.com/ShareWebServices/Services
+2025-10-06 20:54:54,648 [269.6850354671478] pydexcom DEBUG: Retrieve glucose readings from the glucose readings endpoint
+2025-10-06 20:54:54,670 [269.7075719833374] urllib3.connectionpool DEBUG: https://share2.dexcom.com:443 "POST /ShareWebServices/Services/General/LoginPublisherAccountById HTTP/1.1" 200 38
+2025-10-06 20:54:54,691 [269.7284278869629] pydexcom DEBUG: Retrieve glucose readings from the glucose readings endpoint
+2025-10-06 20:54:54,770 [269.8078863620758] urllib3.connectionpool DEBUG: https://share2.dexcom.com:443 "POST /ShareWebServices/Services/Publisher/ReadPublisherLatestGlucoseValues?sessionId=44e04ff2-8dbc-4731-b619-98f41bf42804&minutes=1440&maxCount=1 HTTP/1.1" 200 None
+2025-10-06 20:54:54,802 [269.83922600746155] urllib3.connectionpool DEBUG: https://share2.dexcom.com:443 "POST /ShareWebServices/Services/Publisher/ReadPublisherLatestGlucoseValues?sessionId=44e04ff2-8dbc-4731-b619-98f41bf42804&minutes=1440&maxCount=1 HTTP/1.1" 200 None
+2025-10-06 20:54:55,319 [270.3559765815735] status INFO: Requesting url: https://share2.dexcom.com/ShareWebServices/Services/General/AuthenticatePublisherAccount
+2025-10-06 20:54:55,320 [270.3569848537445] urllib3.connectionpool DEBUG: Starting new HTTPS connection (1): share2.dexcom.com:443
+2025-10-06 20:54:55,548 [270.5859353542328] urllib3.connectionpool DEBUG: https://share2.dexcom.com:443 "GET /ShareWebServices/Services/General/AuthenticatePublisherAccount HTTP/1.1" 405 176
+2025-10-06 20:54:55,772 [270.8097620010376] notifier INFO: Requesting url https://share2.dexcom.com/ShareWebServices/Services
+2025-10-06 20:54:55,772 [270.8097620010376] pydexcom DEBUG: Retrieve glucose readings from the glucose readings endpoint
+2025-10-06 20:54:55,901 [270.93890476226807] urllib3.connectionpool DEBUG: https://share2.dexcom.com:443 "POST /ShareWebServices/Services/Publisher/ReadPublisherLatestGlucoseValues?sessionId=44e04ff2-8dbc-4731-b619-98f41bf42804&minutes=1440&maxCount=1 HTTP/1.1" 200 None
+2025-10-06 20:54:55,901 [270.93890476226807] notifier INFO: Requesting url https://share2.dexcom.com/ShareWebServices/Services
+2025-10-06 20:54:55,902 [270.93991112709045] pydexcom DEBUG: Retrieve glucose readings from the glucose readings endpoint
+2025-10-06 20:54:56,010 [271.04760670661926] urllib3.connectionpool DEBUG: https://share2.dexcom.com:443 "POST /ShareWebServices/Services/Publisher/ReadPublisherLatestGlucoseValues?sessionId=44e04ff2-8dbc-4731-b619-98f41bf42804&minutes=1440&maxCount=1 HTTP/1.1" 200 None
+2025-10-06 20:54:56,550 [271.5878939628601] status INFO: Requesting url: https://share2.dexcom.com/ShareWebServices/Services/General/AuthenticatePublisherAccount
+2025-10-06 20:54:56,550 [271.5878939628601] urllib3.connectionpool DEBUG: Starting new HTTPS connection (1): share2.dexcom.com:443
+2025-10-06 20:54:56,796 [271.833847284317] urllib3.connectionpool DEBUG: https://share2.dexcom.com:443 "GET /ShareWebServices/Services/General/AuthenticatePublisherAccount HTTP/1.1" 405 176
+2025-10-06 20:54:57,011 [272.0489354133606] notifier INFO: Requesting url https://share2.dexcom.com/ShareWebServices/Services
+2025-10-06 20:54:57,011 [272.0489354133606] pydexcom DEBUG: Retrieve glucose readings from the glucose readings endpoint
+2025-10-06 20:54:57,156 [272.19299602508545] urllib3.connectionpool DEBUG: https://share2.dexcom.com:443 "POST /ShareWebServices/Services/Publisher/ReadPublisherLatestGlucoseValues?sessionId=44e04ff2-8dbc-4731-b619-98f41bf42804&minutes=1440&maxCount=1 HTTP/1.1" 200 None
+2025-10-06 20:54:57,156 [272.19299602508545] notifier INFO: Requesting url https://share2.dexcom.com/ShareWebServices/Services
+2025-10-06 20:54:57,156 [272.19299602508545] pydexcom DEBUG: Retrieve glucose readings from the glucose readings endpoint
+2025-10-06 20:54:57,259 [272.296870470047] urllib3.connectionpool DEBUG: https://share2.dexcom.com:443 "POST /ShareWebServices/Services/Publisher/ReadPublisherLatestGlucoseValues?sessionId=44e04ff2-8dbc-4731-b619-98f41bf42804&minutes=1440&maxCount=1 HTTP/1.1" 200 None
+2025-10-06 20:54:57,511 [272.5480465888977] pydexcom DEBUG: Retrieve glucose readings from the glucose readings endpoint
+2025-10-06 20:54:57,650 [272.6870918273926] urllib3.connectionpool DEBUG: https://share2.dexcom.com:443 "POST /ShareWebServices/Services/Publisher/ReadPublisherLatestGlucoseValues?sessionId=44e04ff2-8dbc-4731-b619-98f41bf42804&minutes=1440&maxCount=1 HTTP/1.1" 200 None
+2025-10-06 20:54:57,798 [272.83585476875305] status INFO: Requesting url: https://share2.dexcom.com/ShareWebServices/Services/General/AuthenticatePublisherAccount
+2025-10-06 20:54:57,800 [272.8373775482178] urllib3.connectionpool DEBUG: Starting new HTTPS connection (1): share2.dexcom.com:443
+2025-10-06 20:54:58,000 [273.0375077724457] urllib3.connectionpool DEBUG: https://share2.dexcom.com:443 "GET /ShareWebServices/Services/General/AuthenticatePublisherAccount HTTP/1.1" 405 176
+2025-10-06 20:54:58,261 [273.2981765270233] notifier INFO: Requesting url https://share2.dexcom.com/ShareWebServices/Services
+2025-10-06 20:54:58,261 [273.2981765270233] pydexcom DEBUG: Retrieve glucose readings from the glucose readings endpoint
+2025-10-06 20:54:58,365 [273.4024956226349] urllib3.connectionpool DEBUG: https://share2.dexcom.com:443 "POST /ShareWebServices/Services/Publisher/ReadPublisherLatestGlucoseValues?sessionId=44e04ff2-8dbc-4731-b619-98f41bf42804&minutes=1440&maxCount=1 HTTP/1.1" 200 None
+2025-10-06 20:54:58,367 [273.4040024280548] notifier INFO: Requesting url https://share2.dexcom.com/ShareWebServices/Services
+2025-10-06 20:54:58,367 [273.4040024280548] pydexcom DEBUG: Retrieve glucose readings from the glucose readings endpoint
+2025-10-06 20:54:58,476 [273.5137028694153] urllib3.connectionpool DEBUG: https://share2.dexcom.com:443 "POST /ShareWebServices/Services/Publisher/ReadPublisherLatestGlucoseValues?sessionId=44e04ff2-8dbc-4731-b619-98f41bf42804&minutes=1440&maxCount=1 HTTP/1.1" 200 None
+2025-10-06 20:54:59,005 [274.0429620742798] status INFO: Requesting url: https://share2.dexcom.com/ShareWebServices/Services/General/AuthenticatePublisherAccount
+2025-10-06 20:54:59,007 [274.0440003871918] urllib3.connectionpool DEBUG: Starting new HTTPS connection (1): share2.dexcom.com:443
+2025-10-06 20:54:59,212 [274.2492835521698] urllib3.connectionpool DEBUG: https://share2.dexcom.com:443 "GET /ShareWebServices/Services/General/AuthenticatePublisherAccount HTTP/1.1" 405 176
+2025-10-06 20:54:59,483 [274.520653963089] notifier INFO: Requesting url https://share2.dexcom.com/ShareWebServices/Services
+2025-10-06 20:54:59,483 [274.520653963089] pydexcom DEBUG: Retrieve glucose readings from the glucose readings endpoint
+2025-10-06 20:54:59,589 [274.62620210647583] urllib3.connectionpool DEBUG: https://share2.dexcom.com:443 "POST /ShareWebServices/Services/Publisher/ReadPublisherLatestGlucoseValues?sessionId=44e04ff2-8dbc-4731-b619-98f41bf42804&minutes=1440&maxCount=1 HTTP/1.1" 200 None
+2025-10-06 20:54:59,589 [274.62620210647583] notifier INFO: Requesting url https://share2.dexcom.com/ShareWebServices/Services
+2025-10-06 20:54:59,589 [274.62620210647583] pydexcom DEBUG: Retrieve glucose readings from the glucose readings endpoint
+2025-10-06 20:54:59,701 [274.7383453845978] urllib3.connectionpool DEBUG: https://share2.dexcom.com:443 "POST /ShareWebServices/Services/Publisher/ReadPublisherLatestGlucoseValues?sessionId=44e04ff2-8dbc-4731-b619-98f41bf42804&minutes=1440&maxCount=1 HTTP/1.1" 200 None
+2025-10-06 20:54:59,806 [274.84347915649414] notifier INFO: Requesting url General/AuthenticatePublisherAccount
+2025-10-06 20:54:59,806 [274.84347915649414] pydexcom DEBUG: Retrieve account ID from the authentication endpoint
+2025-10-06 20:54:59,808 [274.84593057632446] urllib3.connectionpool DEBUG: Starting new HTTPS connection (1): share2.dexcom.com:443
+2025-10-06 20:55:00,214 [275.25105714797974] status INFO: Requesting url: https://share2.dexcom.com/ShareWebServices/Services/General/AuthenticatePublisherAccount
+2025-10-06 20:55:00,215 [275.2520651817322] urllib3.connectionpool DEBUG: Starting new HTTPS connection (1): share2.dexcom.com:443
+2025-10-06 20:55:00,250 [275.28778529167175] urllib3.connectionpool DEBUG: https://share2.dexcom.com:443 "POST /ShareWebServices/Services/General/AuthenticatePublisherAccount HTTP/1.1" 200 38
+2025-10-06 20:55:00,250 [275.28778529167175] pydexcom DEBUG: Retrieve session ID from the login endpoint
+2025-10-06 20:55:00,409 [275.44615745544434] urllib3.connectionpool DEBUG: https://share2.dexcom.com:443 "GET /ShareWebServices/Services/General/AuthenticatePublisherAccount HTTP/1.1" 405 176
+2025-10-06 20:55:00,646 [275.68378043174744] urllib3.connectionpool DEBUG: https://share2.dexcom.com:443 "POST /ShareWebServices/Services/General/LoginPublisherAccountById HTTP/1.1" 200 38
+2025-10-06 20:55:00,648 [275.68580508232117] pydexcom DEBUG: Retrieve glucose readings from the glucose readings endpoint
+2025-10-06 20:55:00,702 [275.7398748397827] notifier INFO: Requesting url https://share2.dexcom.com/ShareWebServices/Services
+2025-10-06 20:55:00,702 [275.7398748397827] pydexcom DEBUG: Retrieve glucose readings from the glucose readings endpoint
+2025-10-06 20:55:00,756 [275.79361844062805] urllib3.connectionpool DEBUG: https://share2.dexcom.com:443 "POST /ShareWebServices/Services/Publisher/ReadPublisherLatestGlucoseValues?sessionId=44e04ff2-8dbc-4731-b619-98f41bf42804&minutes=1440&maxCount=1 HTTP/1.1" 200 None
+2025-10-06 20:55:00,811 [275.8483064174652] urllib3.connectionpool DEBUG: https://share2.dexcom.com:443 "POST /ShareWebServices/Services/Publisher/ReadPublisherLatestGlucoseValues?sessionId=44e04ff2-8dbc-4731-b619-98f41bf42804&minutes=1440&maxCount=1 HTTP/1.1" 200 None
+2025-10-06 20:55:00,811 [275.8483064174652] notifier INFO: Requesting url https://share2.dexcom.com/ShareWebServices/Services
+2025-10-06 20:55:00,811 [275.8483064174652] pydexcom DEBUG: Retrieve glucose readings from the glucose readings endpoint
+2025-10-06 20:55:00,935 [275.97229170799255] urllib3.connectionpool DEBUG: https://share2.dexcom.com:443 "POST /ShareWebServices/Services/Publisher/ReadPublisherLatestGlucoseValues?sessionId=44e04ff2-8dbc-4731-b619-98f41bf42804&minutes=1440&maxCount=1 HTTP/1.1" 200 None
+2025-10-06 20:55:01,411 [276.44828152656555] status INFO: Requesting url: https://share2.dexcom.com/ShareWebServices/Services/General/AuthenticatePublisherAccount
+2025-10-06 20:55:01,411 [276.44828152656555] urllib3.connectionpool DEBUG: Starting new HTTPS connection (1): share2.dexcom.com:443
+2025-10-06 20:55:01,626 [276.66401505470276] urllib3.connectionpool DEBUG: https://share2.dexcom.com:443 "GET /ShareWebServices/Services/General/AuthenticatePublisherAccount HTTP/1.1" 405 176
+2025-10-06 20:55:01,937 [276.97434282302856] notifier INFO: Requesting url https://share2.dexcom.com/ShareWebServices/Services
+2025-10-06 20:55:01,937 [276.97434282302856] pydexcom DEBUG: Retrieve glucose readings from the glucose readings endpoint
+2025-10-06 20:55:02,035 [277.07268953323364] urllib3.connectionpool DEBUG: https://share2.dexcom.com:443 "POST /ShareWebServices/Services/Publisher/ReadPublisherLatestGlucoseValues?sessionId=44e04ff2-8dbc-4731-b619-98f41bf42804&minutes=1440&maxCount=1 HTTP/1.1" 200 None
+2025-10-06 20:55:02,035 [277.07268953323364] notifier INFO: Requesting url https://share2.dexcom.com/ShareWebServices/Services
+2025-10-06 20:55:02,035 [277.07268953323364] pydexcom DEBUG: Retrieve glucose readings from the glucose readings endpoint
+2025-10-06 20:55:02,151 [277.18889570236206] urllib3.connectionpool DEBUG: https://share2.dexcom.com:443 "POST /ShareWebServices/Services/Publisher/ReadPublisherLatestGlucoseValues?sessionId=44e04ff2-8dbc-4731-b619-98f41bf42804&minutes=1440&maxCount=1 HTTP/1.1" 200 None
+2025-10-06 20:55:02,628 [277.6650564670563] status INFO: Requesting url: https://share2.dexcom.com/ShareWebServices/Services/General/AuthenticatePublisherAccount
+2025-10-06 20:55:02,629 [277.6664824485779] urllib3.connectionpool DEBUG: Starting new HTTPS connection (1): share2.dexcom.com:443
+2025-10-06 20:55:02,661 [277.6985926628113] pydexcom DEBUG: Retrieve glucose readings from the glucose readings endpoint
+2025-10-06 20:55:02,776 [277.8137118816376] urllib3.connectionpool DEBUG: https://share2.dexcom.com:443 "POST /ShareWebServices/Services/Publisher/ReadPublisherLatestGlucoseValues?sessionId=44e04ff2-8dbc-4731-b619-98f41bf42804&minutes=1440&maxCount=1 HTTP/1.1" 200 None
+2025-10-06 20:55:02,849 [277.88604187965393] urllib3.connectionpool DEBUG: https://share2.dexcom.com:443 "GET /ShareWebServices/Services/General/AuthenticatePublisherAccount HTTP/1.1" 405 176
+2025-10-06 20:55:03,158 [278.19516682624817] notifier INFO: Requesting url https://share2.dexcom.com/ShareWebServices/Services
+2025-10-06 20:55:03,158 [278.19516682624817] pydexcom DEBUG: Retrieve glucose readings from the glucose readings endpoint
+2025-10-06 20:55:03,258 [278.2958278656006] urllib3.connectionpool DEBUG: https://share2.dexcom.com:443 "POST /ShareWebServices/Services/Publisher/ReadPublisherLatestGlucoseValues?sessionId=44e04ff2-8dbc-4731-b619-98f41bf42804&minutes=1440&maxCount=1 HTTP/1.1" 200 None
+2025-10-06 20:55:03,258 [278.2958278656006] notifier INFO: Requesting url https://share2.dexcom.com/ShareWebServices/Services
+2025-10-06 20:55:03,258 [278.2958278656006] pydexcom DEBUG: Retrieve glucose readings from the glucose readings endpoint
+2025-10-06 20:55:03,387 [278.424613237381] urllib3.connectionpool DEBUG: https://share2.dexcom.com:443 "POST /ShareWebServices/Services/Publisher/ReadPublisherLatestGlucoseValues?sessionId=44e04ff2-8dbc-4731-b619-98f41bf42804&minutes=1440&maxCount=1 HTTP/1.1" 200 None
+2025-10-06 20:55:03,852 [278.88991475105286] status INFO: Requesting url: https://share2.dexcom.com/ShareWebServices/Services/General/AuthenticatePublisherAccount
+2025-10-06 20:55:03,853 [278.89092469215393] urllib3.connectionpool DEBUG: Starting new HTTPS connection (1): share2.dexcom.com:443
+2025-10-06 20:55:04,032 [279.0696129798889] urllib3.connectionpool DEBUG: https://share2.dexcom.com:443 "GET /ShareWebServices/Services/General/AuthenticatePublisherAccount HTTP/1.1" 405 176
+2025-10-06 20:55:04,388 [279.4253525733948] notifier INFO: Requesting url https://share2.dexcom.com/ShareWebServices/Services
+2025-10-06 20:55:04,388 [279.4253525733948] pydexcom DEBUG: Retrieve glucose readings from the glucose readings endpoint
+2025-10-06 20:55:04,500 [279.5375323295593] urllib3.connectionpool DEBUG: https://share2.dexcom.com:443 "POST /ShareWebServices/Services/Publisher/ReadPublisherLatestGlucoseValues?sessionId=44e04ff2-8dbc-4731-b619-98f41bf42804&minutes=1440&maxCount=1 HTTP/1.1" 200 None
+2025-10-06 20:55:04,501 [279.5385322570801] notifier INFO: Requesting url https://share2.dexcom.com/ShareWebServices/Services
+2025-10-06 20:55:04,501 [279.5385322570801] pydexcom DEBUG: Retrieve glucose readings from the glucose readings endpoint
+2025-10-06 20:55:04,618 [279.65544390678406] urllib3.connectionpool DEBUG: https://share2.dexcom.com:443 "POST /ShareWebServices/Services/Publisher/ReadPublisherLatestGlucoseValues?sessionId=44e04ff2-8dbc-4731-b619-98f41bf42804&minutes=1440&maxCount=1 HTTP/1.1" 200 None
+2025-10-06 20:55:05,034 [280.0714604854584] status INFO: Requesting url: https://share2.dexcom.com/ShareWebServices/Services/General/AuthenticatePublisherAccount
+2025-10-06 20:55:05,035 [280.07246494293213] urllib3.connectionpool DEBUG: Starting new HTTPS connection (1): share2.dexcom.com:443
+2025-10-06 20:55:05,219 [280.25611662864685] urllib3.connectionpool DEBUG: https://share2.dexcom.com:443 "GET /ShareWebServices/Services/General/AuthenticatePublisherAccount HTTP/1.1" 405 176
+2025-10-06 20:55:05,619 [280.6567642688751] notifier INFO: Requesting url https://share2.dexcom.com/ShareWebServices/Services
+2025-10-06 20:55:05,619 [280.6567642688751] pydexcom DEBUG: Retrieve glucose readings from the glucose readings endpoint
+2025-10-06 20:55:05,746 [280.7834117412567] urllib3.connectionpool DEBUG: https://share2.dexcom.com:443 "POST /ShareWebServices/Services/Publisher/ReadPublisherLatestGlucoseValues?sessionId=44e04ff2-8dbc-4731-b619-98f41bf42804&minutes=1440&maxCount=1 HTTP/1.1" 200 None
+2025-10-06 20:55:05,746 [280.78391885757446] notifier INFO: Requesting url https://share2.dexcom.com/ShareWebServices/Services
+2025-10-06 20:55:05,746 [280.78391885757446] pydexcom DEBUG: Retrieve glucose readings from the glucose readings endpoint
+2025-10-06 20:55:05,759 [280.7968122959137] notifier INFO: Requesting url General/AuthenticatePublisherAccount
+2025-10-06 20:55:05,759 [280.7968122959137] pydexcom DEBUG: Retrieve account ID from the authentication endpoint
+2025-10-06 20:55:05,759 [280.7968122959137] urllib3.connectionpool DEBUG: Starting new HTTPS connection (1): share2.dexcom.com:443
+2025-10-06 20:55:05,850 [280.8876187801361] urllib3.connectionpool DEBUG: https://share2.dexcom.com:443 "POST /ShareWebServices/Services/Publisher/ReadPublisherLatestGlucoseValues?sessionId=44e04ff2-8dbc-4731-b619-98f41bf42804&minutes=1440&maxCount=1 HTTP/1.1" 200 None
+2025-10-06 20:55:06,223 [281.2604773044586] status INFO: Requesting url: https://share2.dexcom.com/ShareWebServices/Services/General/AuthenticatePublisherAccount
+2025-10-06 20:55:06,224 [281.2617344856262] urllib3.connectionpool DEBUG: Starting new HTTPS connection (1): share2.dexcom.com:443
+2025-10-06 20:55:06,265 [281.30216813087463] urllib3.connectionpool DEBUG: https://share2.dexcom.com:443 "POST /ShareWebServices/Services/General/AuthenticatePublisherAccount HTTP/1.1" 200 38
+2025-10-06 20:55:06,266 [281.30367374420166] pydexcom DEBUG: Retrieve session ID from the login endpoint
+2025-10-06 20:55:06,428 [281.4658405780792] urllib3.connectionpool DEBUG: https://share2.dexcom.com:443 "GET /ShareWebServices/Services/General/AuthenticatePublisherAccount HTTP/1.1" 405 176
+2025-10-06 20:55:06,730 [281.76747965812683] urllib3.connectionpool DEBUG: https://share2.dexcom.com:443 "POST /ShareWebServices/Services/General/LoginPublisherAccountById HTTP/1.1" 200 38
+2025-10-06 20:55:06,755 [281.7920186519623] pydexcom DEBUG: Retrieve glucose readings from the glucose readings endpoint
+2025-10-06 20:55:06,853 [281.8906795978546] notifier INFO: Requesting url https://share2.dexcom.com/ShareWebServices/Services
+2025-10-06 20:55:06,853 [281.8906795978546] pydexcom DEBUG: Retrieve glucose readings from the glucose readings endpoint
+2025-10-06 20:55:06,860 [281.8970880508423] urllib3.connectionpool DEBUG: https://share2.dexcom.com:443 "POST /ShareWebServices/Services/Publisher/ReadPublisherLatestGlucoseValues?sessionId=44e04ff2-8dbc-4731-b619-98f41bf42804&minutes=1440&maxCount=1 HTTP/1.1" 200 None
+2025-10-06 20:55:06,979 [282.0163929462433] urllib3.connectionpool DEBUG: https://share2.dexcom.com:443 "POST /ShareWebServices/Services/Publisher/ReadPublisherLatestGlucoseValues?sessionId=44e04ff2-8dbc-4731-b619-98f41bf42804&minutes=1440&maxCount=1 HTTP/1.1" 200 None
+2025-10-06 20:55:06,979 [282.0163929462433] notifier INFO: Requesting url https://share2.dexcom.com/ShareWebServices/Services
+2025-10-06 20:55:06,979 [282.0163929462433] pydexcom DEBUG: Retrieve glucose readings from the glucose readings endpoint
+2025-10-06 20:55:07,082 [282.11904978752136] urllib3.connectionpool DEBUG: https://share2.dexcom.com:443 "POST /ShareWebServices/Services/Publisher/ReadPublisherLatestGlucoseValues?sessionId=44e04ff2-8dbc-4731-b619-98f41bf42804&minutes=1440&maxCount=1 HTTP/1.1" 200 None
+2025-10-06 20:55:07,430 [282.46770906448364] status INFO: Requesting url: https://share2.dexcom.com/ShareWebServices/Services/General/AuthenticatePublisherAccount
+2025-10-06 20:55:07,430 [282.469096660614] urllib3.connectionpool DEBUG: Starting new HTTPS connection (1): share2.dexcom.com:443
+2025-10-06 20:55:07,619 [282.6565716266632] urllib3.connectionpool DEBUG: https://share2.dexcom.com:443 "GET /ShareWebServices/Services/General/AuthenticatePublisherAccount HTTP/1.1" 405 176
+2025-10-06 20:55:07,788 [282.82554507255554] pydexcom DEBUG: Retrieve glucose readings from the glucose readings endpoint
+2025-10-06 20:55:07,900 [282.937379360199] urllib3.connectionpool DEBUG: https://share2.dexcom.com:443 "POST /ShareWebServices/Services/Publisher/ReadPublisherLatestGlucoseValues?sessionId=44e04ff2-8dbc-4731-b619-98f41bf42804&minutes=1440&maxCount=1 HTTP/1.1" 200 None
+2025-10-06 20:55:08,089 [283.1269254684448] notifier INFO: Requesting url https://share2.dexcom.com/ShareWebServices/Services
+2025-10-06 20:55:08,089 [283.1269254684448] pydexcom DEBUG: Retrieve glucose readings from the glucose readings endpoint
+2025-10-06 20:55:08,186 [283.22353434562683] urllib3.connectionpool DEBUG: https://share2.dexcom.com:443 "POST /ShareWebServices/Services/Publisher/ReadPublisherLatestGlucoseValues?sessionId=44e04ff2-8dbc-4731-b619-98f41bf42804&minutes=1440&maxCount=1 HTTP/1.1" 200 None
+2025-10-06 20:55:08,186 [283.22353434562683] notifier INFO: Requesting url https://share2.dexcom.com/ShareWebServices/Services
+2025-10-06 20:55:08,186 [283.22353434562683] pydexcom DEBUG: Retrieve glucose readings from the glucose readings endpoint
+2025-10-06 20:55:08,332 [283.36974716186523] urllib3.connectionpool DEBUG: https://share2.dexcom.com:443 "POST /ShareWebServices/Services/Publisher/ReadPublisherLatestGlucoseValues?sessionId=44e04ff2-8dbc-4731-b619-98f41bf42804&minutes=1440&maxCount=1 HTTP/1.1" 200 None
+2025-10-06 20:55:08,627 [283.66450333595276] status INFO: Requesting url: https://share2.dexcom.com/ShareWebServices/Services/General/AuthenticatePublisherAccount
+2025-10-06 20:55:08,627 [283.66450333595276] urllib3.connectionpool DEBUG: Starting new HTTPS connection (1): share2.dexcom.com:443
+2025-10-06 20:55:08,911 [283.9489326477051] urllib3.connectionpool DEBUG: https://share2.dexcom.com:443 "GET /ShareWebServices/Services/General/AuthenticatePublisherAccount HTTP/1.1" 405 176
+2025-10-06 20:55:09,333 [284.37075448036194] notifier INFO: Requesting url https://share2.dexcom.com/ShareWebServices/Services
+2025-10-06 20:55:09,333 [284.37075448036194] pydexcom DEBUG: Retrieve glucose readings from the glucose readings endpoint
+2025-10-06 20:55:09,436 [284.47389483451843] urllib3.connectionpool DEBUG: https://share2.dexcom.com:443 "POST /ShareWebServices/Services/Publisher/ReadPublisherLatestGlucoseValues?sessionId=44e04ff2-8dbc-4731-b619-98f41bf42804&minutes=1440&maxCount=1 HTTP/1.1" 200 None
+2025-10-06 20:55:09,436 [284.47389483451843] notifier INFO: Requesting url https://share2.dexcom.com/ShareWebServices/Services
+2025-10-06 20:55:09,436 [284.47389483451843] pydexcom DEBUG: Retrieve glucose readings from the glucose readings endpoint
+2025-10-06 20:55:09,551 [284.5889196395874] urllib3.connectionpool DEBUG: https://share2.dexcom.com:443 "POST /ShareWebServices/Services/Publisher/ReadPublisherLatestGlucoseValues?sessionId=44e04ff2-8dbc-4731-b619-98f41bf42804&minutes=1440&maxCount=1 HTTP/1.1" 200 None
+2025-10-06 20:55:09,913 [284.95066714286804] status INFO: Requesting url: https://share2.dexcom.com/ShareWebServices/Services/General/AuthenticatePublisherAccount
+2025-10-06 20:55:09,914 [284.95118975639343] urllib3.connectionpool DEBUG: Starting new HTTPS connection (1): share2.dexcom.com:443
+2025-10-06 20:55:10,117 [285.1542136669159] urllib3.connectionpool DEBUG: https://share2.dexcom.com:443 "GET /ShareWebServices/Services/General/AuthenticatePublisherAccount HTTP/1.1" 405 176
+2025-10-06 20:55:10,555 [285.592205286026] notifier INFO: Requesting url https://share2.dexcom.com/ShareWebServices/Services
+2025-10-06 20:55:10,555 [285.592205286026] pydexcom DEBUG: Retrieve glucose readings from the glucose readings endpoint
+2025-10-06 20:55:10,663 [285.70002245903015] urllib3.connectionpool DEBUG: https://share2.dexcom.com:443 "POST /ShareWebServices/Services/Publisher/ReadPublisherLatestGlucoseValues?sessionId=44e04ff2-8dbc-4731-b619-98f41bf42804&minutes=1440&maxCount=1 HTTP/1.1" 200 None
+2025-10-06 20:55:10,663 [285.70053005218506] notifier INFO: Requesting url https://share2.dexcom.com/ShareWebServices/Services
+2025-10-06 20:55:10,663 [285.70053005218506] pydexcom DEBUG: Retrieve glucose readings from the glucose readings endpoint
+2025-10-06 20:55:10,762 [285.7999587059021] urllib3.connectionpool DEBUG: https://share2.dexcom.com:443 "POST /ShareWebServices/Services/Publisher/ReadPublisherLatestGlucoseValues?sessionId=44e04ff2-8dbc-4731-b619-98f41bf42804&minutes=1440&maxCount=1 HTTP/1.1" 200 None
+2025-10-06 20:55:11,119 [286.1562912464142] status INFO: Requesting url: https://share2.dexcom.com/ShareWebServices/Services/General/AuthenticatePublisherAccount
+2025-10-06 20:55:11,119 [286.1562912464142] urllib3.connectionpool DEBUG: Starting new HTTPS connection (1): share2.dexcom.com:443
+2025-10-06 20:55:11,296 [286.3338167667389] urllib3.connectionpool DEBUG: https://share2.dexcom.com:443 "GET /ShareWebServices/Services/General/AuthenticatePublisherAccount HTTP/1.1" 405 176
+2025-10-06 20:55:11,764 [286.8013334274292] notifier INFO: Requesting url https://share2.dexcom.com/ShareWebServices/Services
+2025-10-06 20:55:11,764 [286.80224800109863] pydexcom DEBUG: Retrieve glucose readings from the glucose readings endpoint
+2025-10-06 20:55:11,870 [286.9075665473938] notifier INFO: Requesting url General/AuthenticatePublisherAccount
+2025-10-06 20:55:11,870 [286.9075665473938] pydexcom DEBUG: Retrieve account ID from the authentication endpoint
+2025-10-06 20:55:11,871 [286.9085693359375] urllib3.connectionpool DEBUG: Starting new HTTPS connection (1): share2.dexcom.com:443
+2025-10-06 20:55:11,899 [286.93627071380615] urllib3.connectionpool DEBUG: https://share2.dexcom.com:443 "POST /ShareWebServices/Services/Publisher/ReadPublisherLatestGlucoseValues?sessionId=44e04ff2-8dbc-4731-b619-98f41bf42804&minutes=1440&maxCount=1 HTTP/1.1" 200 None
+2025-10-06 20:55:11,899 [286.93627071380615] notifier INFO: Requesting url https://share2.dexcom.com/ShareWebServices/Services
+2025-10-06 20:55:11,899 [286.93627071380615] pydexcom DEBUG: Retrieve glucose readings from the glucose readings endpoint
+2025-10-06 20:55:12,005 [287.04199028015137] urllib3.connectionpool DEBUG: https://share2.dexcom.com:443 "POST /ShareWebServices/Services/Publisher/ReadPublisherLatestGlucoseValues?sessionId=44e04ff2-8dbc-4731-b619-98f41bf42804&minutes=1440&maxCount=1 HTTP/1.1" 200 None
+2025-10-06 20:55:12,266 [287.30380153656006] urllib3.connectionpool DEBUG: https://share2.dexcom.com:443 "POST /ShareWebServices/Services/General/AuthenticatePublisherAccount HTTP/1.1" 200 38
+2025-10-06 20:55:12,266 [287.30380153656006] pydexcom DEBUG: Retrieve session ID from the login endpoint
+2025-10-06 20:55:12,297 [287.33486437797546] status INFO: Requesting url: https://share2.dexcom.com/ShareWebServices/Services/General/AuthenticatePublisherAccount
+2025-10-06 20:55:12,299 [287.3361277580261] urllib3.connectionpool DEBUG: Starting new HTTPS connection (1): share2.dexcom.com:443
+2025-10-06 20:55:12,497 [287.5339822769165] urllib3.connectionpool DEBUG: https://share2.dexcom.com:443 "GET /ShareWebServices/Services/General/AuthenticatePublisherAccount HTTP/1.1" 405 176
+2025-10-06 20:55:12,681 [287.7187113761902] urllib3.connectionpool DEBUG: https://share2.dexcom.com:443 "POST /ShareWebServices/Services/General/LoginPublisherAccountById HTTP/1.1" 200 38
+2025-10-06 20:55:12,705 [287.7422697544098] pydexcom DEBUG: Retrieve glucose readings from the glucose readings endpoint
+2025-10-06 20:55:12,821 [287.8587284088135] urllib3.connectionpool DEBUG: https://share2.dexcom.com:443 "POST /ShareWebServices/Services/Publisher/ReadPublisherLatestGlucoseValues?sessionId=44e04ff2-8dbc-4731-b619-98f41bf42804&minutes=1440&maxCount=1 HTTP/1.1" 200 None
+2025-10-06 20:55:12,915 [287.9526057243347] pydexcom DEBUG: Retrieve glucose readings from the glucose readings endpoint
+2025-10-06 20:55:13,007 [288.0442337989807] notifier INFO: Requesting url https://share2.dexcom.com/ShareWebServices/Services
+2025-10-06 20:55:13,007 [288.0442337989807] pydexcom DEBUG: Retrieve glucose readings from the glucose readings endpoint
+2025-10-06 20:55:13,041 [288.07862734794617] urllib3.connectionpool DEBUG: https://share2.dexcom.com:443 "POST /ShareWebServices/Services/Publisher/ReadPublisherLatestGlucoseValues?sessionId=44e04ff2-8dbc-4731-b619-98f41bf42804&minutes=1440&maxCount=1 HTTP/1.1" 200 None
+2025-10-06 20:55:13,122 [288.1592161655426] urllib3.connectionpool DEBUG: https://share2.dexcom.com:443 "POST /ShareWebServices/Services/Publisher/ReadPublisherLatestGlucoseValues?sessionId=44e04ff2-8dbc-4731-b619-98f41bf42804&minutes=1440&maxCount=1 HTTP/1.1" 200 None
+2025-10-06 20:55:13,123 [288.16021633148193] notifier INFO: Requesting url https://share2.dexcom.com/ShareWebServices/Services
+2025-10-06 20:55:13,123 [288.16021633148193] pydexcom DEBUG: Retrieve glucose readings from the glucose readings endpoint
+2025-10-06 20:55:13,249 [288.28663635253906] urllib3.connectionpool DEBUG: https://share2.dexcom.com:443 "POST /ShareWebServices/Services/Publisher/ReadPublisherLatestGlucoseValues?sessionId=44e04ff2-8dbc-4731-b619-98f41bf42804&minutes=1440&maxCount=1 HTTP/1.1" 200 None
+2025-10-06 20:55:13,498 [288.53572177886963] status INFO: Requesting url: https://share2.dexcom.com/ShareWebServices/Services/General/AuthenticatePublisherAccount
+2025-10-06 20:55:13,499 [288.53673338890076] urllib3.connectionpool DEBUG: Starting new HTTPS connection (1): share2.dexcom.com:443
+2025-10-06 20:55:13,701 [288.7382423877716] urllib3.connectionpool DEBUG: https://share2.dexcom.com:443 "GET /ShareWebServices/Services/General/AuthenticatePublisherAccount HTTP/1.1" 405 176
+2025-10-06 20:55:14,258 [289.2954134941101] notifier INFO: Requesting url https://share2.dexcom.com/ShareWebServices/Services
+2025-10-06 20:55:14,258 [289.2954134941101] pydexcom DEBUG: Retrieve glucose readings from the glucose readings endpoint
+2025-10-06 20:55:14,366 [289.40361189842224] urllib3.connectionpool DEBUG: https://share2.dexcom.com:443 "POST /ShareWebServices/Services/Publisher/ReadPublisherLatestGlucoseValues?sessionId=44e04ff2-8dbc-4731-b619-98f41bf42804&minutes=1440&maxCount=1 HTTP/1.1" 200 None
+2025-10-06 20:55:14,367 [289.40420269966125] notifier INFO: Requesting url https://share2.dexcom.com/ShareWebServices/Services
+2025-10-06 20:55:14,367 [289.40420269966125] pydexcom DEBUG: Retrieve glucose readings from the glucose readings endpoint
+2025-10-06 20:55:14,487 [289.5242757797241] urllib3.connectionpool DEBUG: https://share2.dexcom.com:443 "POST /ShareWebServices/Services/Publisher/ReadPublisherLatestGlucoseValues?sessionId=44e04ff2-8dbc-4731-b619-98f41bf42804&minutes=1440&maxCount=1 HTTP/1.1" 200 None
+2025-10-06 20:55:14,704 [289.7413959503174] status INFO: Requesting url: https://share2.dexcom.com/ShareWebServices/Services/General/AuthenticatePublisherAccount
+2025-10-06 20:55:14,704 [289.741899728775] urllib3.connectionpool DEBUG: Starting new HTTPS connection (1): share2.dexcom.com:443
+2025-10-06 20:55:14,904 [289.94122791290283] urllib3.connectionpool DEBUG: https://share2.dexcom.com:443 "GET /ShareWebServices/Services/General/AuthenticatePublisherAccount HTTP/1.1" 405 176
+2025-10-06 20:55:15,488 [290.5257842540741] notifier INFO: Requesting url https://share2.dexcom.com/ShareWebServices/Services
+2025-10-06 20:55:15,488 [290.5257842540741] pydexcom DEBUG: Retrieve glucose readings from the glucose readings endpoint
+2025-10-06 20:55:15,596 [290.6334981918335] urllib3.connectionpool DEBUG: https://share2.dexcom.com:443 "POST /ShareWebServices/Services/Publisher/ReadPublisherLatestGlucoseValues?sessionId=44e04ff2-8dbc-4731-b619-98f41bf42804&minutes=1440&maxCount=1 HTTP/1.1" 200 None
+2025-10-06 20:55:15,597 [290.63487696647644] notifier INFO: Requesting url https://share2.dexcom.com/ShareWebServices/Services
+2025-10-06 20:55:15,597 [290.63487696647644] pydexcom DEBUG: Retrieve glucose readings from the glucose readings endpoint
+2025-10-06 20:55:15,711 [290.74881768226624] urllib3.connectionpool DEBUG: https://share2.dexcom.com:443 "POST /ShareWebServices/Services/Publisher/ReadPublisherLatestGlucoseValues?sessionId=44e04ff2-8dbc-4731-b619-98f41bf42804&minutes=1440&maxCount=1 HTTP/1.1" 200 None
+2025-10-06 20:55:15,906 [290.9431462287903] status INFO: Requesting url: https://share2.dexcom.com/ShareWebServices/Services/General/AuthenticatePublisherAccount
+2025-10-06 20:55:15,906 [290.9436752796173] urllib3.connectionpool DEBUG: Starting new HTTPS connection (1): share2.dexcom.com:443
+2025-10-06 20:55:16,100 [291.1370279788971] urllib3.connectionpool DEBUG: https://share2.dexcom.com:443 "GET /ShareWebServices/Services/General/AuthenticatePublisherAccount HTTP/1.1" 405 176
+2025-10-06 20:55:16,713 [291.75018644332886] notifier INFO: Requesting url https://share2.dexcom.com/ShareWebServices/Services
+2025-10-06 20:55:16,713 [291.7507092952728] pydexcom DEBUG: Retrieve glucose readings from the glucose readings endpoint
+2025-10-06 20:55:16,815 [291.85295581817627] urllib3.connectionpool DEBUG: https://share2.dexcom.com:443 "POST /ShareWebServices/Services/Publisher/ReadPublisherLatestGlucoseValues?sessionId=44e04ff2-8dbc-4731-b619-98f41bf42804&minutes=1440&maxCount=1 HTTP/1.1" 200 None
+2025-10-06 20:55:16,817 [291.85397696495056] notifier INFO: Requesting url https://share2.dexcom.com/ShareWebServices/Services
+2025-10-06 20:55:16,817 [291.85397696495056] pydexcom DEBUG: Retrieve glucose readings from the glucose readings endpoint
+2025-10-06 20:55:16,916 [291.95365929603577] urllib3.connectionpool DEBUG: https://share2.dexcom.com:443 "POST /ShareWebServices/Services/Publisher/ReadPublisherLatestGlucoseValues?sessionId=44e04ff2-8dbc-4731-b619-98f41bf42804&minutes=1440&maxCount=1 HTTP/1.1" 200 None
+2025-10-06 20:55:17,102 [292.1399042606354] status INFO: Requesting url: https://share2.dexcom.com/ShareWebServices/Services/General/AuthenticatePublisherAccount
+2025-10-06 20:55:17,102 [292.1399042606354] urllib3.connectionpool DEBUG: Starting new HTTPS connection (1): share2.dexcom.com:443
+2025-10-06 20:55:17,386 [292.42369961738586] urllib3.connectionpool DEBUG: https://share2.dexcom.com:443 "GET /ShareWebServices/Services/General/AuthenticatePublisherAccount HTTP/1.1" 405 176
+2025-10-06 20:55:17,826 [292.86385560035706] notifier INFO: Requesting url General/AuthenticatePublisherAccount
+2025-10-06 20:55:17,826 [292.86385560035706] pydexcom DEBUG: Retrieve account ID from the authentication endpoint
+2025-10-06 20:55:17,830 [292.86700677871704] urllib3.connectionpool DEBUG: Starting new HTTPS connection (1): share2.dexcom.com:443
+2025-10-06 20:55:17,925 [292.9621887207031] notifier INFO: Requesting url https://share2.dexcom.com/ShareWebServices/Services
+2025-10-06 20:55:17,925 [292.9621887207031] pydexcom DEBUG: Retrieve glucose readings from the glucose readings endpoint
+2025-10-06 20:55:18,033 [293.07055926322937] urllib3.connectionpool DEBUG: https://share2.dexcom.com:443 "POST /ShareWebServices/Services/Publisher/ReadPublisherLatestGlucoseValues?sessionId=44e04ff2-8dbc-4731-b619-98f41bf42804&minutes=1440&maxCount=1 HTTP/1.1" 200 None
+2025-10-06 20:55:18,033 [293.07055926322937] notifier INFO: Requesting url https://share2.dexcom.com/ShareWebServices/Services
+2025-10-06 20:55:18,033 [293.07055926322937] pydexcom DEBUG: Retrieve glucose readings from the glucose readings endpoint
+2025-10-06 20:55:18,049 [293.0867669582367] pydexcom DEBUG: Retrieve glucose readings from the glucose readings endpoint
+2025-10-06 20:55:18,145 [293.18291425704956] urllib3.connectionpool DEBUG: https://share2.dexcom.com:443 "POST /ShareWebServices/Services/Publisher/ReadPublisherLatestGlucoseValues?sessionId=44e04ff2-8dbc-4731-b619-98f41bf42804&minutes=1440&maxCount=1 HTTP/1.1" 200 None
+2025-10-06 20:55:18,158 [293.1958417892456] urllib3.connectionpool DEBUG: https://share2.dexcom.com:443 "POST /ShareWebServices/Services/Publisher/ReadPublisherLatestGlucoseValues?sessionId=44e04ff2-8dbc-4731-b619-98f41bf42804&minutes=1440&maxCount=1 HTTP/1.1" 200 None
+2025-10-06 20:55:18,322 [293.35955715179443] urllib3.connectionpool DEBUG: https://share2.dexcom.com:443 "POST /ShareWebServices/Services/General/AuthenticatePublisherAccount HTTP/1.1" 200 38
+2025-10-06 20:55:18,322 [293.35955715179443] pydexcom DEBUG: Retrieve session ID from the login endpoint
+2025-10-06 20:55:18,394 [293.4311306476593] status INFO: Requesting url: https://share2.dexcom.com/ShareWebServices/Services/General/AuthenticatePublisherAccount
+2025-10-06 20:55:18,394 [293.4311306476593] urllib3.connectionpool DEBUG: Starting new HTTPS connection (1): share2.dexcom.com:443
+2025-10-06 20:55:18,570 [293.60742831230164] urllib3.connectionpool DEBUG: https://share2.dexcom.com:443 "GET /ShareWebServices/Services/General/AuthenticatePublisherAccount HTTP/1.1" 405 176
+2025-10-06 20:55:18,686 [293.72353291511536] urllib3.connectionpool DEBUG: https://share2.dexcom.com:443 "POST /ShareWebServices/Services/General/LoginPublisherAccountById HTTP/1.1" 200 38
+2025-10-06 20:55:18,699 [293.7368290424347] pydexcom DEBUG: Retrieve glucose readings from the glucose readings endpoint
+2025-10-06 20:55:18,796 [293.8339238166809] urllib3.connectionpool DEBUG: https://share2.dexcom.com:443 "POST /ShareWebServices/Services/Publisher/ReadPublisherLatestGlucoseValues?sessionId=44e04ff2-8dbc-4731-b619-98f41bf42804&minutes=1440&maxCount=1 HTTP/1.1" 200 None
+2025-10-06 20:55:19,147 [294.184175491333] notifier INFO: Requesting url https://share2.dexcom.com/ShareWebServices/Services
+2025-10-06 20:55:19,147 [294.184175491333] pydexcom DEBUG: Retrieve glucose readings from the glucose readings endpoint
+2025-10-06 20:55:19,266 [294.30369997024536] urllib3.connectionpool DEBUG: https://share2.dexcom.com:443 "POST /ShareWebServices/Services/Publisher/ReadPublisherLatestGlucoseValues?sessionId=44e04ff2-8dbc-4731-b619-98f41bf42804&minutes=1440&maxCount=1 HTTP/1.1" 200 None
+2025-10-06 20:55:19,266 [294.30369997024536] notifier INFO: Requesting url https://share2.dexcom.com/ShareWebServices/Services
+2025-10-06 20:55:19,266 [294.30369997024536] pydexcom DEBUG: Retrieve glucose readings from the glucose readings endpoint
+2025-10-06 20:55:19,366 [294.403874874115] urllib3.connectionpool DEBUG: https://share2.dexcom.com:443 "POST /ShareWebServices/Services/Publisher/ReadPublisherLatestGlucoseValues?sessionId=44e04ff2-8dbc-4731-b619-98f41bf42804&minutes=1440&maxCount=1 HTTP/1.1" 200 None
+2025-10-06 20:55:19,577 [294.61468720436096] status INFO: Requesting url: https://share2.dexcom.com/ShareWebServices/Services/General/AuthenticatePublisherAccount
+2025-10-06 20:55:19,578 [294.6157033443451] urllib3.connectionpool DEBUG: Starting new HTTPS connection (1): share2.dexcom.com:443
+2025-10-06 20:55:19,771 [294.8082072734833] urllib3.connectionpool DEBUG: https://share2.dexcom.com:443 "GET /ShareWebServices/Services/General/AuthenticatePublisherAccount HTTP/1.1" 405 176
+2025-10-06 20:55:20,368 [295.40579891204834] notifier INFO: Requesting url https://share2.dexcom.com/ShareWebServices/Services
+2025-10-06 20:55:20,368 [295.40579891204834] pydexcom DEBUG: Retrieve glucose readings from the glucose readings endpoint
+2025-10-06 20:55:20,471 [295.5088469982147] urllib3.connectionpool DEBUG: https://share2.dexcom.com:443 "POST /ShareWebServices/Services/Publisher/ReadPublisherLatestGlucoseValues?sessionId=44e04ff2-8dbc-4731-b619-98f41bf42804&minutes=1440&maxCount=1 HTTP/1.1" 200 None
+2025-10-06 20:55:20,472 [295.50986313819885] notifier INFO: Requesting url https://share2.dexcom.com/ShareWebServices/Services
+2025-10-06 20:55:20,472 [295.50986313819885] pydexcom DEBUG: Retrieve glucose readings from the glucose readings endpoint
+2025-10-06 20:55:20,596 [295.6338245868683] urllib3.connectionpool DEBUG: https://share2.dexcom.com:443 "POST /ShareWebServices/Services/Publisher/ReadPublisherLatestGlucoseValues?sessionId=44e04ff2-8dbc-4731-b619-98f41bf42804&minutes=1440&maxCount=1 HTTP/1.1" 200 None
+2025-10-06 20:55:20,777 [295.8149211406708] status INFO: Requesting url: https://share2.dexcom.com/ShareWebServices/Services/General/AuthenticatePublisherAccount
+2025-10-06 20:55:20,779 [295.8168137073517] urllib3.connectionpool DEBUG: Starting new HTTPS connection (1): share2.dexcom.com:443
+2025-10-06 20:55:20,986 [296.0237526893616] urllib3.connectionpool DEBUG: https://share2.dexcom.com:443 "GET /ShareWebServices/Services/General/AuthenticatePublisherAccount HTTP/1.1" 405 176
+2025-10-06 20:55:21,598 [296.63581132888794] notifier INFO: Requesting url https://share2.dexcom.com/ShareWebServices/Services
+2025-10-06 20:55:21,598 [296.63581132888794] pydexcom DEBUG: Retrieve glucose readings from the glucose readings endpoint
+2025-10-06 20:55:21,699 [296.7365906238556] urllib3.connectionpool DEBUG: https://share2.dexcom.com:443 "POST /ShareWebServices/Services/Publisher/ReadPublisherLatestGlucoseValues?sessionId=44e04ff2-8dbc-4731-b619-98f41bf42804&minutes=1440&maxCount=1 HTTP/1.1" 200 None
+2025-10-06 20:55:21,699 [296.7365906238556] notifier INFO: Requesting url https://share2.dexcom.com/ShareWebServices/Services
+2025-10-06 20:55:21,699 [296.7365906238556] pydexcom DEBUG: Retrieve glucose readings from the glucose readings endpoint
+2025-10-06 20:55:21,834 [296.8712306022644] urllib3.connectionpool DEBUG: https://share2.dexcom.com:443 "POST /ShareWebServices/Services/Publisher/ReadPublisherLatestGlucoseValues?sessionId=44e04ff2-8dbc-4731-b619-98f41bf42804&minutes=1440&maxCount=1 HTTP/1.1" 200 None
+2025-10-06 20:55:21,994 [297.0311062335968] status INFO: Requesting url: https://share2.dexcom.com/ShareWebServices/Services/General/AuthenticatePublisherAccount
+2025-10-06 20:55:21,994 [297.0311062335968] urllib3.connectionpool DEBUG: Starting new HTTPS connection (1): share2.dexcom.com:443
+2025-10-06 20:55:22,200 [297.23720359802246] urllib3.connectionpool DEBUG: https://share2.dexcom.com:443 "GET /ShareWebServices/Services/General/AuthenticatePublisherAccount HTTP/1.1" 405 176
+2025-10-06 20:55:22,835 [297.87244486808777] notifier INFO: Requesting url https://share2.dexcom.com/ShareWebServices/Services
+2025-10-06 20:55:22,835 [297.87244486808777] pydexcom DEBUG: Retrieve glucose readings from the glucose readings endpoint
+2025-10-06 20:55:22,946 [297.98314452171326] urllib3.connectionpool DEBUG: https://share2.dexcom.com:443 "POST /ShareWebServices/Services/Publisher/ReadPublisherLatestGlucoseValues?sessionId=44e04ff2-8dbc-4731-b619-98f41bf42804&minutes=1440&maxCount=1 HTTP/1.1" 200 None
+2025-10-06 20:55:22,947 [297.98465156555176] notifier INFO: Requesting url https://share2.dexcom.com/ShareWebServices/Services
+2025-10-06 20:55:22,947 [297.98465156555176] pydexcom DEBUG: Retrieve glucose readings from the glucose readings endpoint
+2025-10-06 20:55:23,059 [298.09680676460266] urllib3.connectionpool DEBUG: https://share2.dexcom.com:443 "POST /ShareWebServices/Services/Publisher/ReadPublisherLatestGlucoseValues?sessionId=44e04ff2-8dbc-4731-b619-98f41bf42804&minutes=1440&maxCount=1 HTTP/1.1" 200 None
+2025-10-06 20:55:23,170 [298.2076938152313] pydexcom DEBUG: Retrieve glucose readings from the glucose readings endpoint
+2025-10-06 20:55:23,202 [298.2391550540924] status INFO: Requesting url: https://share2.dexcom.com/ShareWebServices/Services/General/AuthenticatePublisherAccount
+2025-10-06 20:55:23,202 [298.2391550540924] urllib3.connectionpool DEBUG: Starting new HTTPS connection (1): share2.dexcom.com:443
+2025-10-06 20:55:23,279 [298.3169541358948] urllib3.connectionpool DEBUG: https://share2.dexcom.com:443 "POST /ShareWebServices/Services/Publisher/ReadPublisherLatestGlucoseValues?sessionId=44e04ff2-8dbc-4731-b619-98f41bf42804&minutes=1440&maxCount=1 HTTP/1.1" 200 None
+2025-10-06 20:55:23,279 [298.3169541358948] pydexcom DEBUG: Retrieve glucose readings from the glucose readings endpoint
+2025-10-06 20:55:23,382 [298.41899132728577] urllib3.connectionpool DEBUG: https://share2.dexcom.com:443 "GET /ShareWebServices/Services/General/AuthenticatePublisherAccount HTTP/1.1" 405 176
+2025-10-06 20:55:23,385 [298.42265367507935] urllib3.connectionpool DEBUG: https://share2.dexcom.com:443 "POST /ShareWebServices/Services/Publisher/ReadPublisherLatestGlucoseValues?sessionId=44e04ff2-8dbc-4731-b619-98f41bf42804&minutes=5&maxCount=1 HTTP/1.1" 200 None
+2025-10-06 20:55:23,808 [298.8450107574463] notifier INFO: Requesting url General/AuthenticatePublisherAccount
+2025-10-06 20:55:23,808 [298.8450107574463] pydexcom DEBUG: Retrieve account ID from the authentication endpoint
+2025-10-06 20:55:23,808 [298.8450107574463] urllib3.connectionpool DEBUG: Starting new HTTPS connection (1): share2.dexcom.com:443
+2025-10-06 20:55:24,062 [299.0990674495697] notifier INFO: Requesting url https://share2.dexcom.com/ShareWebServices/Services
+2025-10-06 20:55:24,063 [299.1002199649811] pydexcom DEBUG: Retrieve glucose readings from the glucose readings endpoint
+2025-10-06 20:55:24,165 [299.2025270462036] urllib3.connectionpool DEBUG: https://share2.dexcom.com:443 "POST /ShareWebServices/Services/Publisher/ReadPublisherLatestGlucoseValues?sessionId=44e04ff2-8dbc-4731-b619-98f41bf42804&minutes=1440&maxCount=1 HTTP/1.1" 200 None
+2025-10-06 20:55:24,165 [299.2025270462036] notifier INFO: Requesting url https://share2.dexcom.com/ShareWebServices/Services
+2025-10-06 20:55:24,167 [299.2040400505066] pydexcom DEBUG: Retrieve glucose readings from the glucose readings endpoint
+2025-10-06 20:55:24,267 [299.3040759563446] urllib3.connectionpool DEBUG: https://share2.dexcom.com:443 "POST /ShareWebServices/Services/General/AuthenticatePublisherAccount HTTP/1.1" 200 38
+2025-10-06 20:55:24,267 [299.3040759563446] pydexcom DEBUG: Retrieve session ID from the login endpoint
+2025-10-06 20:55:24,282 [299.31961965560913] urllib3.connectionpool DEBUG: https://share2.dexcom.com:443 "POST /ShareWebServices/Services/Publisher/ReadPublisherLatestGlucoseValues?sessionId=44e04ff2-8dbc-4731-b619-98f41bf42804&minutes=1440&maxCount=1 HTTP/1.1" 200 None
+2025-10-06 20:55:24,383 [299.4208686351776] status INFO: Requesting url: https://share2.dexcom.com/ShareWebServices/Services/General/AuthenticatePublisherAccount
+2025-10-06 20:55:24,383 [299.4208686351776] urllib3.connectionpool DEBUG: Starting new HTTPS connection (1): share2.dexcom.com:443
+2025-10-06 20:55:24,563 [299.60078287124634] urllib3.connectionpool DEBUG: https://share2.dexcom.com:443 "GET /ShareWebServices/Services/General/AuthenticatePublisherAccount HTTP/1.1" 405 176
+2025-10-06 20:55:24,817 [299.8546772003174] urllib3.connectionpool DEBUG: https://share2.dexcom.com:443 "POST /ShareWebServices/Services/General/LoginPublisherAccountById HTTP/1.1" 200 38
+2025-10-06 20:55:24,846 [299.8837900161743] pydexcom DEBUG: Retrieve glucose readings from the glucose readings endpoint
+2025-10-06 20:55:24,958 [299.99524307250977] urllib3.connectionpool DEBUG: https://share2.dexcom.com:443 "POST /ShareWebServices/Services/Publisher/ReadPublisherLatestGlucoseValues?sessionId=44e04ff2-8dbc-4731-b619-98f41bf42804&minutes=1440&maxCount=1 HTTP/1.1" 200 None
+2025-10-06 20:55:25,283 [300.32084012031555] notifier INFO: Requesting url https://share2.dexcom.com/ShareWebServices/Services
+2025-10-06 20:55:25,283 [300.32084012031555] pydexcom DEBUG: Retrieve glucose readings from the glucose readings endpoint
+2025-10-06 20:55:25,381 [300.4183747768402] urllib3.connectionpool DEBUG: https://share2.dexcom.com:443 "POST /ShareWebServices/Services/Publisher/ReadPublisherLatestGlucoseValues?sessionId=44e04ff2-8dbc-4731-b619-98f41bf42804&minutes=1440&maxCount=1 HTTP/1.1" 200 None
+2025-10-06 20:55:25,381 [300.4183747768402] notifier INFO: Requesting url https://share2.dexcom.com/ShareWebServices/Services
+2025-10-06 20:55:25,381 [300.4183747768402] pydexcom DEBUG: Retrieve glucose readings from the glucose readings endpoint
+2025-10-06 20:55:25,518 [300.5554554462433] urllib3.connectionpool DEBUG: https://share2.dexcom.com:443 "POST /ShareWebServices/Services/Publisher/ReadPublisherLatestGlucoseValues?sessionId=44e04ff2-8dbc-4731-b619-98f41bf42804&minutes=1440&maxCount=1 HTTP/1.1" 200 None
+2025-10-06 20:55:25,567 [300.6043951511383] status INFO: Requesting url: https://share2.dexcom.com/ShareWebServices/Services/General/AuthenticatePublisherAccount
+2025-10-06 20:55:25,568 [300.6054332256317] urllib3.connectionpool DEBUG: Starting new HTTPS connection (1): share2.dexcom.com:443
+2025-10-06 20:55:25,792 [300.8297097682953] urllib3.connectionpool DEBUG: https://share2.dexcom.com:443 "GET /ShareWebServices/Services/General/AuthenticatePublisherAccount HTTP/1.1" 405 176
+2025-10-06 20:55:26,519 [301.5569233894348] notifier INFO: Requesting url https://share2.dexcom.com/ShareWebServices/Services
+2025-10-06 20:55:26,519 [301.5569233894348] pydexcom DEBUG: Retrieve glucose readings from the glucose readings endpoint
+2025-10-06 20:55:26,666 [301.70369029045105] urllib3.connectionpool DEBUG: https://share2.dexcom.com:443 "POST /ShareWebServices/Services/Publisher/ReadPublisherLatestGlucoseValues?sessionId=44e04ff2-8dbc-4731-b619-98f41bf42804&minutes=1440&maxCount=1 HTTP/1.1" 200 None
+2025-10-06 20:55:26,666 [301.70369029045105] notifier INFO: Requesting url https://share2.dexcom.com/ShareWebServices/Services
+2025-10-06 20:55:26,666 [301.70369029045105] pydexcom DEBUG: Retrieve glucose readings from the glucose readings endpoint
+2025-10-06 20:55:26,794 [301.83188033103943] status INFO: Requesting url: https://share2.dexcom.com/ShareWebServices/Services/General/AuthenticatePublisherAccount
+2025-10-06 20:55:26,794 [301.83188033103943] urllib3.connectionpool DEBUG: Starting new HTTPS connection (1): share2.dexcom.com:443
+2025-10-06 20:55:26,808 [301.84589886665344] urllib3.connectionpool DEBUG: https://share2.dexcom.com:443 "POST /ShareWebServices/Services/Publisher/ReadPublisherLatestGlucoseValues?sessionId=44e04ff2-8dbc-4731-b619-98f41bf42804&minutes=1440&maxCount=1 HTTP/1.1" 200 None
+2025-10-06 20:55:27,068 [302.1057987213135] urllib3.connectionpool DEBUG: https://share2.dexcom.com:443 "GET /ShareWebServices/Services/General/AuthenticatePublisherAccount HTTP/1.1" 405 176
+2025-10-06 20:55:27,812 [302.84978103637695] notifier INFO: Requesting url https://share2.dexcom.com/ShareWebServices/Services
+2025-10-06 20:55:27,812 [302.8508002758026] pydexcom DEBUG: Retrieve glucose readings from the glucose readings endpoint
+2025-10-06 20:55:27,934 [302.97104263305664] urllib3.connectionpool DEBUG: https://share2.dexcom.com:443 "POST /ShareWebServices/Services/Publisher/ReadPublisherLatestGlucoseValues?sessionId=44e04ff2-8dbc-4731-b619-98f41bf42804&minutes=1440&maxCount=1 HTTP/1.1" 200 None
+2025-10-06 20:55:27,935 [302.9720516204834] notifier INFO: Requesting url https://share2.dexcom.com/ShareWebServices/Services
+2025-10-06 20:55:27,935 [302.9720516204834] pydexcom DEBUG: Retrieve glucose readings from the glucose readings endpoint
+2025-10-06 20:55:28,039 [303.0767493247986] urllib3.connectionpool DEBUG: https://share2.dexcom.com:443 "POST /ShareWebServices/Services/Publisher/ReadPublisherLatestGlucoseValues?sessionId=44e04ff2-8dbc-4731-b619-98f41bf42804&minutes=1440&maxCount=1 HTTP/1.1" 200 None
+2025-10-06 20:55:28,070 [303.10759115219116] status INFO: Requesting url: https://share2.dexcom.com/ShareWebServices/Services/General/AuthenticatePublisherAccount
+2025-10-06 20:55:28,070 [303.10759115219116] urllib3.connectionpool DEBUG: Starting new HTTPS connection (1): share2.dexcom.com:443
+2025-10-06 20:55:28,316 [303.35373306274414] urllib3.connectionpool DEBUG: https://share2.dexcom.com:443 "GET /ShareWebServices/Services/General/AuthenticatePublisherAccount HTTP/1.1" 405 176
+2025-10-06 20:55:28,388 [303.42547583580017] pydexcom DEBUG: Retrieve glucose readings from the glucose readings endpoint
+2025-10-06 20:55:28,512 [303.5498502254486] urllib3.connectionpool DEBUG: https://share2.dexcom.com:443 "POST /ShareWebServices/Services/Publisher/ReadPublisherLatestGlucoseValues?sessionId=44e04ff2-8dbc-4731-b619-98f41bf42804&minutes=1440&maxCount=1 HTTP/1.1" 200 None
+2025-10-06 20:55:29,042 [304.07942152023315] notifier INFO: Requesting url https://share2.dexcom.com/ShareWebServices/Services
+2025-10-06 20:55:29,042 [304.07942152023315] pydexcom DEBUG: Retrieve glucose readings from the glucose readings endpoint
+2025-10-06 20:55:29,228 [304.2653052806854] urllib3.connectionpool DEBUG: https://share2.dexcom.com:443 "POST /ShareWebServices/Services/Publisher/ReadPublisherLatestGlucoseValues?sessionId=44e04ff2-8dbc-4731-b619-98f41bf42804&minutes=1440&maxCount=1 HTTP/1.1" 200 None
+2025-10-06 20:55:29,229 [304.2663359642029] notifier INFO: Requesting url https://share2.dexcom.com/ShareWebServices/Services
+2025-10-06 20:55:29,229 [304.2663359642029] pydexcom DEBUG: Retrieve glucose readings from the glucose readings endpoint
+2025-10-06 20:55:29,324 [304.3618052005768] status INFO: Requesting url: https://share2.dexcom.com/ShareWebServices/Services/General/AuthenticatePublisherAccount
+2025-10-06 20:55:29,325 [304.3625297546387] urllib3.connectionpool DEBUG: Starting new HTTPS connection (1): share2.dexcom.com:443
+2025-10-06 20:55:29,326 [304.36353397369385] urllib3.connectionpool DEBUG: https://share2.dexcom.com:443 "POST /ShareWebServices/Services/Publisher/ReadPublisherLatestGlucoseValues?sessionId=44e04ff2-8dbc-4731-b619-98f41bf42804&minutes=1440&maxCount=1 HTTP/1.1" 200 None
+2025-10-06 20:55:29,541 [304.5786199569702] urllib3.connectionpool DEBUG: https://share2.dexcom.com:443 "GET /ShareWebServices/Services/General/AuthenticatePublisherAccount HTTP/1.1" 405 176
+2025-10-06 20:55:29,963 [305.000061750412] notifier INFO: Requesting url General/AuthenticatePublisherAccount
+2025-10-06 20:55:29,964 [305.00106263160706] pydexcom DEBUG: Retrieve account ID from the authentication endpoint
+2025-10-06 20:55:29,964 [305.00106263160706] urllib3.connectionpool DEBUG: Starting new HTTPS connection (1): share2.dexcom.com:443
+2025-10-06 20:55:30,336 [305.37395191192627] notifier INFO: Requesting url https://share2.dexcom.com/ShareWebServices/Services
+2025-10-06 20:55:30,336 [305.37395191192627] pydexcom DEBUG: Retrieve glucose readings from the glucose readings endpoint
+2025-10-06 20:55:30,376 [305.41373682022095] urllib3.connectionpool DEBUG: https://share2.dexcom.com:443 "POST /ShareWebServices/Services/General/AuthenticatePublisherAccount HTTP/1.1" 200 38
+2025-10-06 20:55:30,376 [305.41373682022095] pydexcom DEBUG: Retrieve session ID from the login endpoint
+2025-10-06 20:55:30,440 [305.4777364730835] urllib3.connectionpool DEBUG: https://share2.dexcom.com:443 "POST /ShareWebServices/Services/Publisher/ReadPublisherLatestGlucoseValues?sessionId=44e04ff2-8dbc-4731-b619-98f41bf42804&minutes=1440&maxCount=1 HTTP/1.1" 200 None
+2025-10-06 20:55:30,440 [305.4777364730835] notifier INFO: Requesting url https://share2.dexcom.com/ShareWebServices/Services
+2025-10-06 20:55:30,440 [305.4777364730835] pydexcom DEBUG: Retrieve glucose readings from the glucose readings endpoint
+2025-10-06 20:55:30,543 [305.5803520679474] status INFO: Requesting url: https://share2.dexcom.com/ShareWebServices/Services/General/AuthenticatePublisherAccount
+2025-10-06 20:55:30,543 [305.5803520679474] urllib3.connectionpool DEBUG: Starting new HTTPS connection (1): share2.dexcom.com:443
+2025-10-06 20:55:30,546 [305.5837323665619] urllib3.connectionpool DEBUG: https://share2.dexcom.com:443 "POST /ShareWebServices/Services/Publisher/ReadPublisherLatestGlucoseValues?sessionId=44e04ff2-8dbc-4731-b619-98f41bf42804&minutes=1440&maxCount=1 HTTP/1.1" 200 None
+2025-10-06 20:55:30,746 [305.7836232185364] urllib3.connectionpool DEBUG: https://share2.dexcom.com:443 "GET /ShareWebServices/Services/General/AuthenticatePublisherAccount HTTP/1.1" 405 176
+2025-10-06 20:55:30,824 [305.86159324645996] urllib3.connectionpool DEBUG: https://share2.dexcom.com:443 "POST /ShareWebServices/Services/General/LoginPublisherAccountById HTTP/1.1" 200 38
+2025-10-06 20:55:30,839 [305.87651801109314] pydexcom DEBUG: Retrieve glucose readings from the glucose readings endpoint
+2025-10-06 20:55:30,973 [306.01080536842346] urllib3.connectionpool DEBUG: https://share2.dexcom.com:443 "POST /ShareWebServices/Services/Publisher/ReadPublisherLatestGlucoseValues?sessionId=44e04ff2-8dbc-4731-b619-98f41bf42804&minutes=1440&maxCount=1 HTTP/1.1" 200 None
+2025-10-06 20:55:31,562 [306.5990238189697] notifier INFO: Requesting url https://share2.dexcom.com/ShareWebServices/Services
+2025-10-06 20:55:31,562 [306.5990238189697] pydexcom DEBUG: Retrieve glucose readings from the glucose readings endpoint
+2025-10-06 20:55:31,676 [306.71378898620605] urllib3.connectionpool DEBUG: https://share2.dexcom.com:443 "POST /ShareWebServices/Services/Publisher/ReadPublisherLatestGlucoseValues?sessionId=44e04ff2-8dbc-4731-b619-98f41bf42804&minutes=1440&maxCount=1 HTTP/1.1" 200 None
+2025-10-06 20:55:31,678 [306.71582865715027] notifier INFO: Requesting url https://share2.dexcom.com/ShareWebServices/Services
+2025-10-06 20:55:31,678 [306.71582865715027] pydexcom DEBUG: Retrieve glucose readings from the glucose readings endpoint
+2025-10-06 20:55:31,755 [306.7926287651062] status INFO: Requesting url: https://share2.dexcom.com/ShareWebServices/Services/General/AuthenticatePublisherAccount
+2025-10-06 20:55:31,756 [306.793744802475] urllib3.connectionpool DEBUG: Starting new HTTPS connection (1): share2.dexcom.com:443
+2025-10-06 20:55:31,788 [306.8255648612976] urllib3.connectionpool DEBUG: https://share2.dexcom.com:443 "POST /ShareWebServices/Services/Publisher/ReadPublisherLatestGlucoseValues?sessionId=44e04ff2-8dbc-4731-b619-98f41bf42804&minutes=1440&maxCount=1 HTTP/1.1" 200 None
+2025-10-06 20:55:31,932 [306.9692039489746] urllib3.connectionpool DEBUG: https://share2.dexcom.com:443 "GET /ShareWebServices/Services/General/AuthenticatePublisherAccount HTTP/1.1" 405 176
+2025-10-06 20:55:32,790 [307.82698464393616] notifier INFO: Requesting url https://share2.dexcom.com/ShareWebServices/Services
+2025-10-06 20:55:32,790 [307.82698464393616] pydexcom DEBUG: Retrieve glucose readings from the glucose readings endpoint
+2025-10-06 20:55:32,897 [307.93485832214355] urllib3.connectionpool DEBUG: https://share2.dexcom.com:443 "POST /ShareWebServices/Services/Publisher/ReadPublisherLatestGlucoseValues?sessionId=44e04ff2-8dbc-4731-b619-98f41bf42804&minutes=1440&maxCount=1 HTTP/1.1" 200 None
+2025-10-06 20:55:32,906 [307.9434542655945] notifier INFO: Requesting url https://share2.dexcom.com/ShareWebServices/Services
+2025-10-06 20:55:32,906 [307.9434542655945] pydexcom DEBUG: Retrieve glucose readings from the glucose readings endpoint
+2025-10-06 20:55:32,942 [307.97917437553406] status INFO: Requesting url: https://share2.dexcom.com/ShareWebServices/Services/General/AuthenticatePublisherAccount
+2025-10-06 20:55:32,942 [307.97917437553406] urllib3.connectionpool DEBUG: Starting new HTTPS connection (1): share2.dexcom.com:443
+2025-10-06 20:55:33,005 [308.04227328300476] urllib3.connectionpool DEBUG: https://share2.dexcom.com:443 "POST /ShareWebServices/Services/Publisher/ReadPublisherLatestGlucoseValues?sessionId=44e04ff2-8dbc-4731-b619-98f41bf42804&minutes=1440&maxCount=1 HTTP/1.1" 200 None
+2025-10-06 20:55:33,148 [308.18508410453796] urllib3.connectionpool DEBUG: https://share2.dexcom.com:443 "GET /ShareWebServices/Services/General/AuthenticatePublisherAccount HTTP/1.1" 405 176
+2025-10-06 20:55:33,518 [308.5559010505676] pydexcom DEBUG: Retrieve glucose readings from the glucose readings endpoint
+2025-10-06 20:55:33,631 [308.66801047325134] urllib3.connectionpool DEBUG: https://share2.dexcom.com:443 "POST /ShareWebServices/Services/Publisher/ReadPublisherLatestGlucoseValues?sessionId=44e04ff2-8dbc-4731-b619-98f41bf42804&minutes=1440&maxCount=1 HTTP/1.1" 200 None
+2025-10-06 20:55:34,017 [309.05430459976196] notifier INFO: Requesting url https://share2.dexcom.com/ShareWebServices/Services
+2025-10-06 20:55:34,017 [309.05430459976196] pydexcom DEBUG: Retrieve glucose readings from the glucose readings endpoint
+2025-10-06 20:55:34,119 [309.1567966938019] urllib3.connectionpool DEBUG: https://share2.dexcom.com:443 "POST /ShareWebServices/Services/Publisher/ReadPublisherLatestGlucoseValues?sessionId=44e04ff2-8dbc-4731-b619-98f41bf42804&minutes=1440&maxCount=1 HTTP/1.1" 200 None
+2025-10-06 20:55:34,119 [309.1567966938019] notifier INFO: Requesting url https://share2.dexcom.com/ShareWebServices/Services
+2025-10-06 20:55:34,119 [309.1567966938019] pydexcom DEBUG: Retrieve glucose readings from the glucose readings endpoint
+2025-10-06 20:55:34,149 [309.18680787086487] status INFO: Requesting url: https://share2.dexcom.com/ShareWebServices/Services/General/AuthenticatePublisherAccount
+2025-10-06 20:55:34,149 [309.18680787086487] urllib3.connectionpool DEBUG: Starting new HTTPS connection (1): share2.dexcom.com:443
+2025-10-06 20:55:34,226 [309.26364302635193] urllib3.connectionpool DEBUG: https://share2.dexcom.com:443 "POST /ShareWebServices/Services/Publisher/ReadPublisherLatestGlucoseValues?sessionId=44e04ff2-8dbc-4731-b619-98f41bf42804&minutes=1440&maxCount=1 HTTP/1.1" 200 None
+2025-10-06 20:55:34,331 [309.3687934875488] urllib3.connectionpool DEBUG: https://share2.dexcom.com:443 "GET /ShareWebServices/Services/General/AuthenticatePublisherAccount HTTP/1.1" 405 176
+2025-10-06 20:55:35,229 [310.266060590744] notifier INFO: Requesting url https://share2.dexcom.com/ShareWebServices/Services
+2025-10-06 20:55:35,229 [310.266060590744] pydexcom DEBUG: Retrieve glucose readings from the glucose readings endpoint
+2025-10-06 20:55:35,333 [310.37007331848145] status INFO: Requesting url: https://share2.dexcom.com/ShareWebServices/Services/General/AuthenticatePublisherAccount
+2025-10-06 20:55:35,333 [310.37007331848145] urllib3.connectionpool DEBUG: Starting new HTTPS connection (1): share2.dexcom.com:443
+2025-10-06 20:55:35,336 [310.3736209869385] urllib3.connectionpool DEBUG: https://share2.dexcom.com:443 "POST /ShareWebServices/Services/Publisher/ReadPublisherLatestGlucoseValues?sessionId=44e04ff2-8dbc-4731-b619-98f41bf42804&minutes=1440&maxCount=1 HTTP/1.1" 200 None
+2025-10-06 20:55:35,340 [310.3774299621582] notifier INFO: Requesting url https://share2.dexcom.com/ShareWebServices/Services
+2025-10-06 20:55:35,340 [310.3774299621582] pydexcom DEBUG: Retrieve glucose readings from the glucose readings endpoint
+2025-10-06 20:55:35,448 [310.48567390441895] urllib3.connectionpool DEBUG: https://share2.dexcom.com:443 "POST /ShareWebServices/Services/Publisher/ReadPublisherLatestGlucoseValues?sessionId=44e04ff2-8dbc-4731-b619-98f41bf42804&minutes=1440&maxCount=1 HTTP/1.1" 200 None
+2025-10-06 20:55:35,531 [310.5683825016022] urllib3.connectionpool DEBUG: https://share2.dexcom.com:443 "GET /ShareWebServices/Services/General/AuthenticatePublisherAccount HTTP/1.1" 405 176
+2025-10-06 20:55:35,998 [311.036315202713] notifier INFO: Requesting url General/AuthenticatePublisherAccount
+2025-10-06 20:55:35,999 [311.036315202713] pydexcom DEBUG: Retrieve account ID from the authentication endpoint
+2025-10-06 20:55:35,999 [311.036315202713] urllib3.connectionpool DEBUG: Starting new HTTPS connection (1): share2.dexcom.com:443
+2025-10-06 20:55:36,451 [311.4881684780121] notifier INFO: Requesting url https://share2.dexcom.com/ShareWebServices/Services
+2025-10-06 20:55:36,451 [311.4881684780121] pydexcom DEBUG: Retrieve glucose readings from the glucose readings endpoint
+2025-10-06 20:55:36,466 [311.5037450790405] urllib3.connectionpool DEBUG: https://share2.dexcom.com:443 "POST /ShareWebServices/Services/General/AuthenticatePublisherAccount HTTP/1.1" 200 38
+2025-10-06 20:55:36,466 [311.5037450790405] pydexcom DEBUG: Retrieve session ID from the login endpoint
+2025-10-06 20:55:36,539 [311.57606506347656] status INFO: Requesting url: https://share2.dexcom.com/ShareWebServices/Services/General/AuthenticatePublisherAccount
+2025-10-06 20:55:36,539 [311.57606506347656] urllib3.connectionpool DEBUG: Starting new HTTPS connection (1): share2.dexcom.com:443
+2025-10-06 20:55:36,553 [311.59062147140503] urllib3.connectionpool DEBUG: https://share2.dexcom.com:443 "POST /ShareWebServices/Services/Publisher/ReadPublisherLatestGlucoseValues?sessionId=44e04ff2-8dbc-4731-b619-98f41bf42804&minutes=1440&maxCount=1 HTTP/1.1" 200 None
+2025-10-06 20:55:36,553 [311.59062147140503] notifier INFO: Requesting url https://share2.dexcom.com/ShareWebServices/Services
+2025-10-06 20:55:36,553 [311.59062147140503] pydexcom DEBUG: Retrieve glucose readings from the glucose readings endpoint
+2025-10-06 20:55:36,666 [311.7038450241089] urllib3.connectionpool DEBUG: https://share2.dexcom.com:443 "POST /ShareWebServices/Services/Publisher/ReadPublisherLatestGlucoseValues?sessionId=44e04ff2-8dbc-4731-b619-98f41bf42804&minutes=1440&maxCount=1 HTTP/1.1" 200 None
+2025-10-06 20:55:36,716 [311.7536928653717] urllib3.connectionpool DEBUG: https://share2.dexcom.com:443 "GET /ShareWebServices/Services/General/AuthenticatePublisherAccount HTTP/1.1" 405 176
+2025-10-06 20:55:36,945 [311.98252987861633] urllib3.connectionpool DEBUG: https://share2.dexcom.com:443 "POST /ShareWebServices/Services/General/LoginPublisherAccountById HTTP/1.1" 200 38
+2025-10-06 20:55:36,959 [311.9961006641388] pydexcom DEBUG: Retrieve glucose readings from the glucose readings endpoint
+2025-10-06 20:55:37,088 [312.1257495880127] urllib3.connectionpool DEBUG: https://share2.dexcom.com:443 "POST /ShareWebServices/Services/Publisher/ReadPublisherLatestGlucoseValues?sessionId=44e04ff2-8dbc-4731-b619-98f41bf42804&minutes=1440&maxCount=1 HTTP/1.1" 200 None
+2025-10-06 20:55:37,668 [312.70518040657043] notifier INFO: Requesting url https://share2.dexcom.com/ShareWebServices/Services
+2025-10-06 20:55:37,668 [312.70518040657043] pydexcom DEBUG: Retrieve glucose readings from the glucose readings endpoint
+2025-10-06 20:55:37,722 [312.75953555107117] status INFO: Requesting url: https://share2.dexcom.com/ShareWebServices/Services/General/AuthenticatePublisherAccount
+2025-10-06 20:55:37,722 [312.75953555107117] urllib3.connectionpool DEBUG: Starting new HTTPS connection (1): share2.dexcom.com:443
+2025-10-06 20:55:37,770 [312.80790424346924] urllib3.connectionpool DEBUG: https://share2.dexcom.com:443 "POST /ShareWebServices/Services/Publisher/ReadPublisherLatestGlucoseValues?sessionId=44e04ff2-8dbc-4731-b619-98f41bf42804&minutes=1440&maxCount=1 HTTP/1.1" 200 None
+2025-10-06 20:55:37,771 [312.80891156196594] notifier INFO: Requesting url https://share2.dexcom.com/ShareWebServices/Services
+2025-10-06 20:55:37,771 [312.80891156196594] pydexcom DEBUG: Retrieve glucose readings from the glucose readings endpoint
+2025-10-06 20:55:37,870 [312.9079146385193] urllib3.connectionpool DEBUG: https://share2.dexcom.com:443 "POST /ShareWebServices/Services/Publisher/ReadPublisherLatestGlucoseValues?sessionId=44e04ff2-8dbc-4731-b619-98f41bf42804&minutes=1440&maxCount=1 HTTP/1.1" 200 None
+2025-10-06 20:55:37,906 [312.94357776641846] urllib3.connectionpool DEBUG: https://share2.dexcom.com:443 "GET /ShareWebServices/Services/General/AuthenticatePublisherAccount HTTP/1.1" 405 176
+2025-10-06 20:55:38,636 [313.6738021373749] pydexcom DEBUG: Retrieve glucose readings from the glucose readings endpoint
+2025-10-06 20:55:38,757 [313.79430770874023] urllib3.connectionpool DEBUG: https://share2.dexcom.com:443 "POST /ShareWebServices/Services/Publisher/ReadPublisherLatestGlucoseValues?sessionId=44e04ff2-8dbc-4731-b619-98f41bf42804&minutes=1440&maxCount=1 HTTP/1.1" 200 None
+2025-10-06 20:55:38,872 [313.90934801101685] notifier INFO: Requesting url https://share2.dexcom.com/ShareWebServices/Services
+2025-10-06 20:55:38,872 [313.9098536968231] pydexcom DEBUG: Retrieve glucose readings from the glucose readings endpoint
+2025-10-06 20:55:38,908 [313.9456355571747] status INFO: Requesting url: https://share2.dexcom.com/ShareWebServices/Services/General/AuthenticatePublisherAccount
+2025-10-06 20:55:38,908 [313.9456355571747] urllib3.connectionpool DEBUG: Starting new HTTPS connection (1): share2.dexcom.com:443
+2025-10-06 20:55:38,975 [314.0121672153473] urllib3.connectionpool DEBUG: https://share2.dexcom.com:443 "POST /ShareWebServices/Services/Publisher/ReadPublisherLatestGlucoseValues?sessionId=44e04ff2-8dbc-4731-b619-98f41bf42804&minutes=1440&maxCount=1 HTTP/1.1" 200 None
+2025-10-06 20:55:38,975 [314.0121672153473] notifier INFO: Requesting url https://share2.dexcom.com/ShareWebServices/Services
+2025-10-06 20:55:38,975 [314.0121672153473] pydexcom DEBUG: Retrieve glucose readings from the glucose readings endpoint
+2025-10-06 20:55:39,097 [314.13417291641235] urllib3.connectionpool DEBUG: https://share2.dexcom.com:443 "POST /ShareWebServices/Services/Publisher/ReadPublisherLatestGlucoseValues?sessionId=44e04ff2-8dbc-4731-b619-98f41bf42804&minutes=1440&maxCount=1 HTTP/1.1" 200 None
+2025-10-06 20:55:39,097 [314.13417291641235] urllib3.connectionpool DEBUG: https://share2.dexcom.com:443 "GET /ShareWebServices/Services/General/AuthenticatePublisherAccount HTTP/1.1" 405 176
+2025-10-06 20:55:40,098 [315.135701417923] notifier INFO: Requesting url https://share2.dexcom.com/ShareWebServices/Services
+2025-10-06 20:55:40,098 [315.1362190246582] status INFO: Requesting url: https://share2.dexcom.com/ShareWebServices/Services/General/AuthenticatePublisherAccount
+2025-10-06 20:55:40,098 [315.1362190246582] pydexcom DEBUG: Retrieve glucose readings from the glucose readings endpoint
+2025-10-06 20:55:40,099 [315.1362190246582] urllib3.connectionpool DEBUG: Starting new HTTPS connection (1): share2.dexcom.com:443
+2025-10-06 20:55:40,200 [315.2370038032532] urllib3.connectionpool DEBUG: https://share2.dexcom.com:443 "POST /ShareWebServices/Services/Publisher/ReadPublisherLatestGlucoseValues?sessionId=44e04ff2-8dbc-4731-b619-98f41bf42804&minutes=1440&maxCount=1 HTTP/1.1" 200 None
+2025-10-06 20:55:40,200 [315.2370038032532] notifier INFO: Requesting url https://share2.dexcom.com/ShareWebServices/Services
+2025-10-06 20:55:40,200 [315.2370038032532] pydexcom DEBUG: Retrieve glucose readings from the glucose readings endpoint
+2025-10-06 20:55:40,298 [315.3358225822449] urllib3.connectionpool DEBUG: https://share2.dexcom.com:443 "POST /ShareWebServices/Services/Publisher/ReadPublisherLatestGlucoseValues?sessionId=44e04ff2-8dbc-4731-b619-98f41bf42804&minutes=1440&maxCount=1 HTTP/1.1" 200 None
+2025-10-06 20:55:40,306 [315.34357476234436] urllib3.connectionpool DEBUG: https://share2.dexcom.com:443 "GET /ShareWebServices/Services/General/AuthenticatePublisherAccount HTTP/1.1" 405 176
+2025-10-06 20:55:41,306 [316.34385228157043] notifier INFO: Requesting url https://share2.dexcom.com/ShareWebServices/Services
+2025-10-06 20:55:41,306 [316.34385228157043] pydexcom DEBUG: Retrieve glucose readings from the glucose readings endpoint
+2025-10-06 20:55:41,308 [316.3458902835846] status INFO: Requesting url: https://share2.dexcom.com/ShareWebServices/Services/General/AuthenticatePublisherAccount
+2025-10-06 20:55:41,308 [316.3458902835846] urllib3.connectionpool DEBUG: Starting new HTTPS connection (1): share2.dexcom.com:443
+2025-10-06 20:55:41,422 [316.45900201797485] urllib3.connectionpool DEBUG: https://share2.dexcom.com:443 "POST /ShareWebServices/Services/Publisher/ReadPublisherLatestGlucoseValues?sessionId=44e04ff2-8dbc-4731-b619-98f41bf42804&minutes=1440&maxCount=1 HTTP/1.1" 200 None
+2025-10-06 20:55:41,427 [316.4641418457031] notifier INFO: Requesting url https://share2.dexcom.com/ShareWebServices/Services
+2025-10-06 20:55:41,427 [316.4641418457031] pydexcom DEBUG: Retrieve glucose readings from the glucose readings endpoint
+2025-10-06 20:55:41,540 [316.57732009887695] urllib3.connectionpool DEBUG: https://share2.dexcom.com:443 "GET /ShareWebServices/Services/General/AuthenticatePublisherAccount HTTP/1.1" 405 176
+2025-10-06 20:55:41,551 [316.58809995651245] urllib3.connectionpool DEBUG: https://share2.dexcom.com:443 "POST /ShareWebServices/Services/Publisher/ReadPublisherLatestGlucoseValues?sessionId=44e04ff2-8dbc-4731-b619-98f41bf42804&minutes=1440&maxCount=1 HTTP/1.1" 200 None
+2025-10-06 20:55:42,098 [317.135555267334] notifier INFO: Requesting url General/AuthenticatePublisherAccount
+2025-10-06 20:55:42,098 [317.135555267334] pydexcom DEBUG: Retrieve account ID from the authentication endpoint
+2025-10-06 20:55:42,098 [317.135555267334] urllib3.connectionpool DEBUG: Starting new HTTPS connection (1): share2.dexcom.com:443
+2025-10-06 20:55:42,543 [317.58054995536804] status INFO: Requesting url: https://share2.dexcom.com/ShareWebServices/Services/General/AuthenticatePublisherAccount
+2025-10-06 20:55:42,543 [317.58054995536804] urllib3.connectionpool DEBUG: Starting new HTTPS connection (1): share2.dexcom.com:443
+2025-10-06 20:55:42,555 [317.5923798084259] notifier INFO: Requesting url https://share2.dexcom.com/ShareWebServices/Services
+2025-10-06 20:55:42,555 [317.5923798084259] pydexcom DEBUG: Retrieve glucose readings from the glucose readings endpoint
+2025-10-06 20:55:42,663 [317.6999933719635] urllib3.connectionpool DEBUG: https://share2.dexcom.com:443 "POST /ShareWebServices/Services/Publisher/ReadPublisherLatestGlucoseValues?sessionId=44e04ff2-8dbc-4731-b619-98f41bf42804&minutes=1440&maxCount=1 HTTP/1.1" 200 None
+2025-10-06 20:55:42,663 [317.6999933719635] notifier INFO: Requesting url https://share2.dexcom.com/ShareWebServices/Services
+2025-10-06 20:55:42,663 [317.6999933719635] pydexcom DEBUG: Retrieve glucose readings from the glucose readings endpoint
+2025-10-06 20:55:42,748 [317.785409450531] urllib3.connectionpool DEBUG: https://share2.dexcom.com:443 "GET /ShareWebServices/Services/General/AuthenticatePublisherAccount HTTP/1.1" 405 176
+2025-10-06 20:55:42,764 [317.8019473552704] urllib3.connectionpool DEBUG: https://share2.dexcom.com:443 "POST /ShareWebServices/Services/Publisher/ReadPublisherLatestGlucoseValues?sessionId=44e04ff2-8dbc-4731-b619-98f41bf42804&minutes=1440&maxCount=1 HTTP/1.1" 200 None
+2025-10-06 20:55:42,849 [317.88616490364075] urllib3.connectionpool DEBUG: https://share2.dexcom.com:443 "POST /ShareWebServices/Services/General/AuthenticatePublisherAccount HTTP/1.1" 200 38
+2025-10-06 20:55:42,849 [317.88616490364075] pydexcom DEBUG: Retrieve session ID from the login endpoint
+2025-10-06 20:55:43,281 [318.31867933273315] urllib3.connectionpool DEBUG: https://share2.dexcom.com:443 "POST /ShareWebServices/Services/General/LoginPublisherAccountById HTTP/1.1" 200 38
+2025-10-06 20:55:43,288 [318.32506823539734] pydexcom DEBUG: Retrieve glucose readings from the glucose readings endpoint
+2025-10-06 20:55:43,397 [318.4348657131195] urllib3.connectionpool DEBUG: https://share2.dexcom.com:443 "POST /ShareWebServices/Services/Publisher/ReadPublisherLatestGlucoseValues?sessionId=44e04ff2-8dbc-4731-b619-98f41bf42804&minutes=1440&maxCount=1 HTTP/1.1" 200 None
+2025-10-06 20:55:43,752 [318.7894253730774] status INFO: Requesting url: https://share2.dexcom.com/ShareWebServices/Services/General/AuthenticatePublisherAccount
+2025-10-06 20:55:43,752 [318.7899308204651] urllib3.connectionpool DEBUG: Starting new HTTPS connection (1): share2.dexcom.com:443
+2025-10-06 20:55:43,773 [318.8111689090729] notifier INFO: Requesting url https://share2.dexcom.com/ShareWebServices/Services
+2025-10-06 20:55:43,774 [318.8111689090729] pydexcom DEBUG: Retrieve glucose readings from the glucose readings endpoint
+2025-10-06 20:55:43,774 [318.81267976760864] pydexcom DEBUG: Retrieve glucose readings from the glucose readings endpoint
+2025-10-06 20:55:43,898 [318.93541979789734] urllib3.connectionpool DEBUG: https://share2.dexcom.com:443 "POST /ShareWebServices/Services/Publisher/ReadPublisherLatestGlucoseValues?sessionId=44e04ff2-8dbc-4731-b619-98f41bf42804&minutes=1440&maxCount=1 HTTP/1.1" 200 None
+2025-10-06 20:55:43,898 [318.93541979789734] notifier INFO: Requesting url https://share2.dexcom.com/ShareWebServices/Services
+2025-10-06 20:55:43,898 [318.93541979789734] pydexcom DEBUG: Retrieve glucose readings from the glucose readings endpoint
+2025-10-06 20:55:43,916 [318.95312237739563] urllib3.connectionpool DEBUG: https://share2.dexcom.com:443 "POST /ShareWebServices/Services/Publisher/ReadPublisherLatestGlucoseValues?sessionId=44e04ff2-8dbc-4731-b619-98f41bf42804&minutes=1440&maxCount=1 HTTP/1.1" 200 None
+2025-10-06 20:55:43,948 [318.9858343601227] urllib3.connectionpool DEBUG: https://share2.dexcom.com:443 "GET /ShareWebServices/Services/General/AuthenticatePublisherAccount HTTP/1.1" 405 176
+2025-10-06 20:55:44,014 [319.05103874206543] urllib3.connectionpool DEBUG: https://share2.dexcom.com:443 "POST /ShareWebServices/Services/Publisher/ReadPublisherLatestGlucoseValues?sessionId=44e04ff2-8dbc-4731-b619-98f41bf42804&minutes=1440&maxCount=1 HTTP/1.1" 200 None
+2025-10-06 20:55:44,950 [319.9869775772095] status INFO: Requesting url: https://share2.dexcom.com/ShareWebServices/Services/General/AuthenticatePublisherAccount
+2025-10-06 20:55:44,951 [319.98798632621765] urllib3.connectionpool DEBUG: Starting new HTTPS connection (1): share2.dexcom.com:443
+2025-10-06 20:55:45,015 [320.0525538921356] notifier INFO: Requesting url https://share2.dexcom.com/ShareWebServices/Services
+2025-10-06 20:55:45,015 [320.0525538921356] pydexcom DEBUG: Retrieve glucose readings from the glucose readings endpoint
+2025-10-06 20:55:45,112 [320.1490421295166] urllib3.connectionpool DEBUG: https://share2.dexcom.com:443 "POST /ShareWebServices/Services/Publisher/ReadPublisherLatestGlucoseValues?sessionId=44e04ff2-8dbc-4731-b619-98f41bf42804&minutes=1440&maxCount=1 HTTP/1.1" 200 None
+2025-10-06 20:55:45,112 [320.1490421295166] notifier INFO: Requesting url https://share2.dexcom.com/ShareWebServices/Services
+2025-10-06 20:55:45,112 [320.1490421295166] pydexcom DEBUG: Retrieve glucose readings from the glucose readings endpoint
+2025-10-06 20:55:45,147 [320.18404722213745] urllib3.connectionpool DEBUG: https://share2.dexcom.com:443 "GET /ShareWebServices/Services/General/AuthenticatePublisherAccount HTTP/1.1" 405 176
+2025-10-06 20:55:45,255 [320.2920415401459] urllib3.connectionpool DEBUG: https://share2.dexcom.com:443 "POST /ShareWebServices/Services/Publisher/ReadPublisherLatestGlucoseValues?sessionId=44e04ff2-8dbc-4731-b619-98f41bf42804&minutes=1440&maxCount=1 HTTP/1.1" 200 None
+2025-10-06 20:55:46,150 [321.18747663497925] status INFO: Requesting url: https://share2.dexcom.com/ShareWebServices/Services/General/AuthenticatePublisherAccount
+2025-10-06 20:55:46,150 [321.18747663497925] urllib3.connectionpool DEBUG: Starting new HTTPS connection (1): share2.dexcom.com:443
+2025-10-06 20:55:46,262 [321.2996139526367] notifier INFO: Requesting url https://share2.dexcom.com/ShareWebServices/Services
+2025-10-06 20:55:46,262 [321.2996139526367] pydexcom DEBUG: Retrieve glucose readings from the glucose readings endpoint
+2025-10-06 20:55:46,381 [321.4185712337494] urllib3.connectionpool DEBUG: https://share2.dexcom.com:443 "POST /ShareWebServices/Services/Publisher/ReadPublisherLatestGlucoseValues?sessionId=44e04ff2-8dbc-4731-b619-98f41bf42804&minutes=1440&maxCount=1 HTTP/1.1" 200 None
+2025-10-06 20:55:46,391 [321.4288606643677] notifier INFO: Requesting url https://share2.dexcom.com/ShareWebServices/Services
+2025-10-06 20:55:46,391 [321.4288606643677] pydexcom DEBUG: Retrieve glucose readings from the glucose readings endpoint
+2025-10-06 20:55:46,391 [321.4288606643677] urllib3.connectionpool DEBUG: https://share2.dexcom.com:443 "GET /ShareWebServices/Services/General/AuthenticatePublisherAccount HTTP/1.1" 405 176
+2025-10-06 20:55:46,521 [321.5586938858032] urllib3.connectionpool DEBUG: https://share2.dexcom.com:443 "POST /ShareWebServices/Services/Publisher/ReadPublisherLatestGlucoseValues?sessionId=44e04ff2-8dbc-4731-b619-98f41bf42804&minutes=1440&maxCount=1 HTTP/1.1" 200 None
+2025-10-06 20:55:47,396 [322.43310928344727] status INFO: Requesting url: https://share2.dexcom.com/ShareWebServices/Services/General/AuthenticatePublisherAccount
+2025-10-06 20:55:47,396 [322.43364000320435] urllib3.connectionpool DEBUG: Starting new HTTPS connection (1): share2.dexcom.com:443
+2025-10-06 20:55:47,523 [322.56093406677246] notifier INFO: Requesting url https://share2.dexcom.com/ShareWebServices/Services
+2025-10-06 20:55:47,523 [322.56093406677246] pydexcom DEBUG: Retrieve glucose readings from the glucose readings endpoint
+2025-10-06 20:55:47,611 [322.64822578430176] urllib3.connectionpool DEBUG: https://share2.dexcom.com:443 "GET /ShareWebServices/Services/General/AuthenticatePublisherAccount HTTP/1.1" 405 176
+2025-10-06 20:55:47,629 [322.66600036621094] urllib3.connectionpool DEBUG: https://share2.dexcom.com:443 "POST /ShareWebServices/Services/Publisher/ReadPublisherLatestGlucoseValues?sessionId=44e04ff2-8dbc-4731-b619-98f41bf42804&minutes=1440&maxCount=1 HTTP/1.1" 200 None
+2025-10-06 20:55:47,629 [322.66600036621094] notifier INFO: Requesting url https://share2.dexcom.com/ShareWebServices/Services
+2025-10-06 20:55:47,629 [322.66600036621094] pydexcom DEBUG: Retrieve glucose readings from the glucose readings endpoint
+2025-10-06 20:55:47,777 [322.8148510456085] urllib3.connectionpool DEBUG: https://share2.dexcom.com:443 "POST /ShareWebServices/Services/Publisher/ReadPublisherLatestGlucoseValues?sessionId=44e04ff2-8dbc-4731-b619-98f41bf42804&minutes=1440&maxCount=1 HTTP/1.1" 200 None
+2025-10-06 20:55:48,403 [323.44026494026184] notifier INFO: Requesting url General/AuthenticatePublisherAccount
+2025-10-06 20:55:48,403 [323.44026494026184] pydexcom DEBUG: Retrieve account ID from the authentication endpoint
+2025-10-06 20:55:48,406 [323.44380712509155] urllib3.connectionpool DEBUG: Starting new HTTPS connection (1): share2.dexcom.com:443
+2025-10-06 20:55:48,612 [323.649783372879] status INFO: Requesting url: https://share2.dexcom.com/ShareWebServices/Services/General/AuthenticatePublisherAccount
+2025-10-06 20:55:48,613 [323.650288105011] urllib3.connectionpool DEBUG: Starting new HTTPS connection (1): share2.dexcom.com:443
+2025-10-06 20:55:48,779 [323.8164026737213] notifier INFO: Requesting url https://share2.dexcom.com/ShareWebServices/Services
+2025-10-06 20:55:48,779 [323.8164026737213] pydexcom DEBUG: Retrieve glucose readings from the glucose readings endpoint
+2025-10-06 20:55:48,862 [323.89993119239807] urllib3.connectionpool DEBUG: https://share2.dexcom.com:443 "GET /ShareWebServices/Services/General/AuthenticatePublisherAccount HTTP/1.1" 405 176
+2025-10-06 20:55:48,878 [323.91558599472046] urllib3.connectionpool DEBUG: https://share2.dexcom.com:443 "POST /ShareWebServices/Services/Publisher/ReadPublisherLatestGlucoseValues?sessionId=44e04ff2-8dbc-4731-b619-98f41bf42804&minutes=1440&maxCount=1 HTTP/1.1" 200 None
+2025-10-06 20:55:48,878 [323.91558599472046] notifier INFO: Requesting url https://share2.dexcom.com/ShareWebServices/Services
+2025-10-06 20:55:48,878 [323.91558599472046] pydexcom DEBUG: Retrieve glucose readings from the glucose readings endpoint
+2025-10-06 20:55:48,923 [323.9602589607239] pydexcom DEBUG: Retrieve glucose readings from the glucose readings endpoint
+2025-10-06 20:55:48,928 [323.96594309806824] urllib3.connectionpool DEBUG: https://share2.dexcom.com:443 "POST /ShareWebServices/Services/General/AuthenticatePublisherAccount HTTP/1.1" 200 38
+2025-10-06 20:55:48,928 [323.96594309806824] pydexcom DEBUG: Retrieve session ID from the login endpoint
+2025-10-06 20:55:48,976 [324.0137481689453] urllib3.connectionpool DEBUG: https://share2.dexcom.com:443 "POST /ShareWebServices/Services/Publisher/ReadPublisherLatestGlucoseValues?sessionId=44e04ff2-8dbc-4731-b619-98f41bf42804&minutes=1440&maxCount=1 HTTP/1.1" 200 None
+2025-10-06 20:55:49,031 [324.0687382221222] urllib3.connectionpool DEBUG: https://share2.dexcom.com:443 "POST /ShareWebServices/Services/Publisher/ReadPublisherLatestGlucoseValues?sessionId=44e04ff2-8dbc-4731-b619-98f41bf42804&minutes=1440&maxCount=1 HTTP/1.1" 200 None
+2025-10-06 20:55:49,770 [324.80761647224426] urllib3.connectionpool DEBUG: https://share2.dexcom.com:443 "POST /ShareWebServices/Services/General/LoginPublisherAccountById HTTP/1.1" 200 38
+2025-10-06 20:55:49,770 [324.80761647224426] pydexcom DEBUG: Retrieve glucose readings from the glucose readings endpoint
+2025-10-06 20:55:49,864 [324.9016692638397] status INFO: Requesting url: https://share2.dexcom.com/ShareWebServices/Services/General/AuthenticatePublisherAccount
+2025-10-06 20:55:49,864 [324.9016692638397] urllib3.connectionpool DEBUG: Starting new HTTPS connection (1): share2.dexcom.com:443
+2025-10-06 20:55:49,891 [324.92866563796997] urllib3.connectionpool DEBUG: https://share2.dexcom.com:443 "POST /ShareWebServices/Services/Publisher/ReadPublisherLatestGlucoseValues?sessionId=44e04ff2-8dbc-4731-b619-98f41bf42804&minutes=1440&maxCount=1 HTTP/1.1" 200 None
+2025-10-06 20:55:49,983 [325.0202486515045] notifier INFO: Requesting url https://share2.dexcom.com/ShareWebServices/Services
+2025-10-06 20:55:49,983 [325.0202486515045] pydexcom DEBUG: Retrieve glucose readings from the glucose readings endpoint
+2025-10-06 20:55:50,052 [325.089604139328] urllib3.connectionpool DEBUG: https://share2.dexcom.com:443 "GET /ShareWebServices/Services/General/AuthenticatePublisherAccount HTTP/1.1" 405 176
+2025-10-06 20:55:50,108 [325.14592385292053] urllib3.connectionpool DEBUG: https://share2.dexcom.com:443 "POST /ShareWebServices/Services/Publisher/ReadPublisherLatestGlucoseValues?sessionId=44e04ff2-8dbc-4731-b619-98f41bf42804&minutes=1440&maxCount=1 HTTP/1.1" 200 None
+2025-10-06 20:55:50,108 [325.14592385292053] notifier INFO: Requesting url https://share2.dexcom.com/ShareWebServices/Services
+2025-10-06 20:55:50,108 [325.14592385292053] pydexcom DEBUG: Retrieve glucose readings from the glucose readings endpoint
+2025-10-06 20:55:50,220 [325.2573471069336] urllib3.connectionpool DEBUG: https://share2.dexcom.com:443 "POST /ShareWebServices/Services/Publisher/ReadPublisherLatestGlucoseValues?sessionId=44e04ff2-8dbc-4731-b619-98f41bf42804&minutes=1440&maxCount=1 HTTP/1.1" 200 None
+2025-10-06 20:55:51,053 [326.0907242298126] status INFO: Requesting url: https://share2.dexcom.com/ShareWebServices/Services/General/AuthenticatePublisherAccount
+2025-10-06 20:55:51,053 [326.0907242298126] urllib3.connectionpool DEBUG: Starting new HTTPS connection (1): share2.dexcom.com:443
+2025-10-06 20:55:51,223 [326.2600932121277] notifier INFO: Requesting url https://share2.dexcom.com/ShareWebServices/Services
+2025-10-06 20:55:51,223 [326.2600932121277] pydexcom DEBUG: Retrieve glucose readings from the glucose readings endpoint
+2025-10-06 20:55:51,349 [326.3863434791565] urllib3.connectionpool DEBUG: https://share2.dexcom.com:443 "GET /ShareWebServices/Services/General/AuthenticatePublisherAccount HTTP/1.1" 405 176
+2025-10-06 20:55:51,376 [326.4135069847107] urllib3.connectionpool DEBUG: https://share2.dexcom.com:443 "POST /ShareWebServices/Services/Publisher/ReadPublisherLatestGlucoseValues?sessionId=44e04ff2-8dbc-4731-b619-98f41bf42804&minutes=1440&maxCount=1 HTTP/1.1" 200 None
+2025-10-06 20:55:51,376 [326.4135069847107] notifier INFO: Requesting url https://share2.dexcom.com/ShareWebServices/Services
+2025-10-06 20:55:51,376 [326.4135069847107] pydexcom DEBUG: Retrieve glucose readings from the glucose readings endpoint
+2025-10-06 20:55:51,486 [326.52371406555176] urllib3.connectionpool DEBUG: https://share2.dexcom.com:443 "POST /ShareWebServices/Services/Publisher/ReadPublisherLatestGlucoseValues?sessionId=44e04ff2-8dbc-4731-b619-98f41bf42804&minutes=1440&maxCount=1 HTTP/1.1" 200 None
+2025-10-06 20:55:52,353 [327.3903703689575] status INFO: Requesting url: https://share2.dexcom.com/ShareWebServices/Services/General/AuthenticatePublisherAccount
+2025-10-06 20:55:52,353 [327.3903703689575] urllib3.connectionpool DEBUG: Starting new HTTPS connection (1): share2.dexcom.com:443
+2025-10-06 20:55:52,493 [327.53000950813293] notifier INFO: Requesting url https://share2.dexcom.com/ShareWebServices/Services
+2025-10-06 20:55:52,493 [327.53000950813293] pydexcom DEBUG: Retrieve glucose readings from the glucose readings endpoint
+2025-10-06 20:55:52,538 [327.575825214386] urllib3.connectionpool DEBUG: https://share2.dexcom.com:443 "GET /ShareWebServices/Services/General/AuthenticatePublisherAccount HTTP/1.1" 405 176
+2025-10-06 20:55:52,597 [327.6345958709717] urllib3.connectionpool DEBUG: https://share2.dexcom.com:443 "POST /ShareWebServices/Services/Publisher/ReadPublisherLatestGlucoseValues?sessionId=44e04ff2-8dbc-4731-b619-98f41bf42804&minutes=1440&maxCount=1 HTTP/1.1" 200 None
+2025-10-06 20:55:52,598 [327.6355881690979] notifier INFO: Requesting url https://share2.dexcom.com/ShareWebServices/Services
+2025-10-06 20:55:52,598 [327.6355881690979] pydexcom DEBUG: Retrieve glucose readings from the glucose readings endpoint
+2025-10-06 20:55:52,770 [327.8069739341736] urllib3.connectionpool DEBUG: https://share2.dexcom.com:443 "POST /ShareWebServices/Services/Publisher/ReadPublisherLatestGlucoseValues?sessionId=44e04ff2-8dbc-4731-b619-98f41bf42804&minutes=1440&maxCount=1 HTTP/1.1" 200 None
+2025-10-06 20:55:53,540 [328.57757115364075] status INFO: Requesting url: https://share2.dexcom.com/ShareWebServices/Services/General/AuthenticatePublisherAccount
+2025-10-06 20:55:53,540 [328.57757115364075] urllib3.connectionpool DEBUG: Starting new HTTPS connection (1): share2.dexcom.com:443
+2025-10-06 20:55:53,742 [328.77906823158264] urllib3.connectionpool DEBUG: https://share2.dexcom.com:443 "GET /ShareWebServices/Services/General/AuthenticatePublisherAccount HTTP/1.1" 405 176
+2025-10-06 20:55:53,772 [328.80912923812866] notifier INFO: Requesting url https://share2.dexcom.com/ShareWebServices/Services
+2025-10-06 20:55:53,772 [328.80912923812866] pydexcom DEBUG: Retrieve glucose readings from the glucose readings endpoint
+2025-10-06 20:55:53,876 [328.91375613212585] urllib3.connectionpool DEBUG: https://share2.dexcom.com:443 "POST /ShareWebServices/Services/Publisher/ReadPublisherLatestGlucoseValues?sessionId=44e04ff2-8dbc-4731-b619-98f41bf42804&minutes=1440&maxCount=1 HTTP/1.1" 200 None
+2025-10-06 20:55:53,881 [328.91800332069397] notifier INFO: Requesting url https://share2.dexcom.com/ShareWebServices/Services
+2025-10-06 20:55:53,881 [328.91800332069397] pydexcom DEBUG: Retrieve glucose readings from the glucose readings endpoint
+2025-10-06 20:55:53,991 [329.02891063690186] urllib3.connectionpool DEBUG: https://share2.dexcom.com:443 "POST /ShareWebServices/Services/Publisher/ReadPublisherLatestGlucoseValues?sessionId=44e04ff2-8dbc-4731-b619-98f41bf42804&minutes=1440&maxCount=1 HTTP/1.1" 200 None
+2025-10-06 20:55:54,033 [329.0699806213379] pydexcom DEBUG: Retrieve glucose readings from the glucose readings endpoint
+2025-10-06 20:55:54,147 [329.18493390083313] urllib3.connectionpool DEBUG: https://share2.dexcom.com:443 "POST /ShareWebServices/Services/Publisher/ReadPublisherLatestGlucoseValues?sessionId=44e04ff2-8dbc-4731-b619-98f41bf42804&minutes=1440&maxCount=1 HTTP/1.1" 200 None
+2025-10-06 20:55:54,744 [329.78145599365234] status INFO: Requesting url: https://share2.dexcom.com/ShareWebServices/Services/General/AuthenticatePublisherAccount
+2025-10-06 20:55:54,745 [329.7824676036835] urllib3.connectionpool DEBUG: Starting new HTTPS connection (1): share2.dexcom.com:443
+2025-10-06 20:55:54,923 [329.9607136249542] notifier INFO: Requesting url General/AuthenticatePublisherAccount
+2025-10-06 20:55:54,923 [329.9607136249542] pydexcom DEBUG: Retrieve account ID from the authentication endpoint
+2025-10-06 20:55:54,923 [329.9607136249542] urllib3.connectionpool DEBUG: Starting new HTTPS connection (1): share2.dexcom.com:443
+2025-10-06 20:55:54,949 [329.9866509437561] urllib3.connectionpool DEBUG: https://share2.dexcom.com:443 "GET /ShareWebServices/Services/General/AuthenticatePublisherAccount HTTP/1.1" 405 176
+2025-10-06 20:55:54,992 [330.02978706359863] notifier INFO: Requesting url https://share2.dexcom.com/ShareWebServices/Services
+2025-10-06 20:55:54,992 [330.02978706359863] pydexcom DEBUG: Retrieve glucose readings from the glucose readings endpoint
+2025-10-06 20:55:55,099 [330.13684129714966] urllib3.connectionpool DEBUG: https://share2.dexcom.com:443 "POST /ShareWebServices/Services/Publisher/ReadPublisherLatestGlucoseValues?sessionId=44e04ff2-8dbc-4731-b619-98f41bf42804&minutes=1440&maxCount=1 HTTP/1.1" 200 None
+2025-10-06 20:55:55,099 [330.13684129714966] notifier INFO: Requesting url https://share2.dexcom.com/ShareWebServices/Services
+2025-10-06 20:55:55,099 [330.13684129714966] pydexcom DEBUG: Retrieve glucose readings from the glucose readings endpoint
+2025-10-06 20:55:55,199 [330.23604345321655] urllib3.connectionpool DEBUG: https://share2.dexcom.com:443 "POST /ShareWebServices/Services/Publisher/ReadPublisherLatestGlucoseValues?sessionId=44e04ff2-8dbc-4731-b619-98f41bf42804&minutes=1440&maxCount=1 HTTP/1.1" 200 None
+2025-10-06 20:55:55,446 [330.48356461524963] urllib3.connectionpool DEBUG: https://share2.dexcom.com:443 "POST /ShareWebServices/Services/General/AuthenticatePublisherAccount HTTP/1.1" 200 38
+2025-10-06 20:55:55,446 [330.48356461524963] pydexcom DEBUG: Retrieve session ID from the login endpoint
+2025-10-06 20:55:55,898 [330.935506105423] urllib3.connectionpool DEBUG: https://share2.dexcom.com:443 "POST /ShareWebServices/Services/General/LoginPublisherAccountById HTTP/1.1" 200 38
+2025-10-06 20:55:55,929 [330.96683859825134] pydexcom DEBUG: Retrieve glucose readings from the glucose readings endpoint
+2025-10-06 20:55:55,950 [330.9878976345062] status INFO: Requesting url: https://share2.dexcom.com/ShareWebServices/Services/General/AuthenticatePublisherAccount
+2025-10-06 20:55:55,951 [330.988911151886] urllib3.connectionpool DEBUG: Starting new HTTPS connection (1): share2.dexcom.com:443
+2025-10-06 20:55:56,046 [331.08361983299255] urllib3.connectionpool DEBUG: https://share2.dexcom.com:443 "POST /ShareWebServices/Services/Publisher/ReadPublisherLatestGlucoseValues?sessionId=44e04ff2-8dbc-4731-b619-98f41bf42804&minutes=1440&maxCount=1 HTTP/1.1" 200 None
+2025-10-06 20:55:56,165 [331.20275139808655] urllib3.connectionpool DEBUG: https://share2.dexcom.com:443 "GET /ShareWebServices/Services/General/AuthenticatePublisherAccount HTTP/1.1" 405 176
+2025-10-06 20:55:56,202 [331.23968029022217] notifier INFO: Requesting url https://share2.dexcom.com/ShareWebServices/Services
+2025-10-06 20:55:56,202 [331.23968029022217] pydexcom DEBUG: Retrieve glucose readings from the glucose readings endpoint
+2025-10-06 20:55:56,330 [331.3675813674927] urllib3.connectionpool DEBUG: https://share2.dexcom.com:443 "POST /ShareWebServices/Services/Publisher/ReadPublisherLatestGlucoseValues?sessionId=44e04ff2-8dbc-4731-b619-98f41bf42804&minutes=1440&maxCount=1 HTTP/1.1" 200 None
+2025-10-06 20:55:56,330 [331.3675813674927] notifier INFO: Requesting url https://share2.dexcom.com/ShareWebServices/Services
+2025-10-06 20:55:56,330 [331.3675813674927] pydexcom DEBUG: Retrieve glucose readings from the glucose readings endpoint
+2025-10-06 20:55:56,446 [331.48356318473816] urllib3.connectionpool DEBUG: https://share2.dexcom.com:443 "POST /ShareWebServices/Services/Publisher/ReadPublisherLatestGlucoseValues?sessionId=44e04ff2-8dbc-4731-b619-98f41bf42804&minutes=1440&maxCount=1 HTTP/1.1" 200 None
+2025-10-06 20:55:57,167 [332.2044162750244] status INFO: Requesting url: https://share2.dexcom.com/ShareWebServices/Services/General/AuthenticatePublisherAccount
+2025-10-06 20:55:57,167 [332.2044162750244] urllib3.connectionpool DEBUG: Starting new HTTPS connection (1): share2.dexcom.com:443
+2025-10-06 20:55:57,341 [332.37862730026245] urllib3.connectionpool DEBUG: https://share2.dexcom.com:443 "GET /ShareWebServices/Services/General/AuthenticatePublisherAccount HTTP/1.1" 405 176
+2025-10-06 20:55:57,448 [332.48533868789673] notifier INFO: Requesting url https://share2.dexcom.com/ShareWebServices/Services
+2025-10-06 20:55:57,448 [332.48533868789673] pydexcom DEBUG: Retrieve glucose readings from the glucose readings endpoint
+2025-10-06 20:55:57,556 [332.5938985347748] urllib3.connectionpool DEBUG: https://share2.dexcom.com:443 "POST /ShareWebServices/Services/Publisher/ReadPublisherLatestGlucoseValues?sessionId=44e04ff2-8dbc-4731-b619-98f41bf42804&minutes=1440&maxCount=1 HTTP/1.1" 200 None
+2025-10-06 20:55:57,556 [332.5938985347748] notifier INFO: Requesting url https://share2.dexcom.com/ShareWebServices/Services
+2025-10-06 20:55:57,556 [332.5938985347748] pydexcom DEBUG: Retrieve glucose readings from the glucose readings endpoint
+2025-10-06 20:55:57,660 [332.69729566574097] urllib3.connectionpool DEBUG: https://share2.dexcom.com:443 "POST /ShareWebServices/Services/Publisher/ReadPublisherLatestGlucoseValues?sessionId=44e04ff2-8dbc-4731-b619-98f41bf42804&minutes=1440&maxCount=1 HTTP/1.1" 200 None
+2025-10-06 20:55:58,343 [333.38053250312805] status INFO: Requesting url: https://share2.dexcom.com/ShareWebServices/Services/General/AuthenticatePublisherAccount
+2025-10-06 20:55:58,343 [333.38053250312805] urllib3.connectionpool DEBUG: Starting new HTTPS connection (1): share2.dexcom.com:443
+2025-10-06 20:55:58,533 [333.570942401886] urllib3.connectionpool DEBUG: https://share2.dexcom.com:443 "GET /ShareWebServices/Services/General/AuthenticatePublisherAccount HTTP/1.1" 405 176
+2025-10-06 20:55:58,662 [333.6992003917694] notifier INFO: Requesting url https://share2.dexcom.com/ShareWebServices/Services
+2025-10-06 20:55:58,662 [333.6992003917694] pydexcom DEBUG: Retrieve glucose readings from the glucose readings endpoint
+2025-10-06 20:55:58,785 [333.8227598667145] urllib3.connectionpool DEBUG: https://share2.dexcom.com:443 "POST /ShareWebServices/Services/Publisher/ReadPublisherLatestGlucoseValues?sessionId=44e04ff2-8dbc-4731-b619-98f41bf42804&minutes=1440&maxCount=1 HTTP/1.1" 200 None
+2025-10-06 20:55:58,786 [333.82376646995544] notifier INFO: Requesting url https://share2.dexcom.com/ShareWebServices/Services
+2025-10-06 20:55:58,786 [333.82376646995544] pydexcom DEBUG: Retrieve glucose readings from the glucose readings endpoint
+2025-10-06 20:55:58,906 [333.94366478919983] urllib3.connectionpool DEBUG: https://share2.dexcom.com:443 "POST /ShareWebServices/Services/Publisher/ReadPublisherLatestGlucoseValues?sessionId=44e04ff2-8dbc-4731-b619-98f41bf42804&minutes=1440&maxCount=1 HTTP/1.1" 200 None
+2025-10-06 20:55:59,153 [334.19064807891846] pydexcom DEBUG: Retrieve glucose readings from the glucose readings endpoint
+2025-10-06 20:55:59,260 [334.2973530292511] urllib3.connectionpool DEBUG: https://share2.dexcom.com:443 "POST /ShareWebServices/Services/Publisher/ReadPublisherLatestGlucoseValues?sessionId=44e04ff2-8dbc-4731-b619-98f41bf42804&minutes=1440&maxCount=1 HTTP/1.1" 200 None
+2025-10-06 20:55:59,535 [334.57252764701843] status INFO: Requesting url: https://share2.dexcom.com/ShareWebServices/Services/General/AuthenticatePublisherAccount
+2025-10-06 20:55:59,536 [334.573734998703] urllib3.connectionpool DEBUG: Starting new HTTPS connection (1): share2.dexcom.com:443
+2025-10-06 20:55:59,720 [334.75782108306885] urllib3.connectionpool DEBUG: https://share2.dexcom.com:443 "GET /ShareWebServices/Services/General/AuthenticatePublisherAccount HTTP/1.1" 405 176
+2025-10-06 20:55:59,909 [334.9464821815491] notifier INFO: Requesting url https://share2.dexcom.com/ShareWebServices/Services
+2025-10-06 20:55:59,909 [334.9464821815491] pydexcom DEBUG: Retrieve glucose readings from the glucose readings endpoint
+2025-10-06 20:56:00,017 [335.05435943603516] urllib3.connectionpool DEBUG: https://share2.dexcom.com:443 "POST /ShareWebServices/Services/Publisher/ReadPublisherLatestGlucoseValues?sessionId=44e04ff2-8dbc-4731-b619-98f41bf42804&minutes=1440&maxCount=1 HTTP/1.1" 200 None
+2025-10-06 20:56:00,017 [335.0553677082062] notifier INFO: Requesting url https://share2.dexcom.com/ShareWebServices/Services
+2025-10-06 20:56:00,018 [335.0553677082062] pydexcom DEBUG: Retrieve glucose readings from the glucose readings endpoint
+2025-10-06 20:56:00,136 [335.1730258464813] urllib3.connectionpool DEBUG: https://share2.dexcom.com:443 "POST /ShareWebServices/Services/Publisher/ReadPublisherLatestGlucoseValues?sessionId=44e04ff2-8dbc-4731-b619-98f41bf42804&minutes=1440&maxCount=1 HTTP/1.1" 200 None
+2025-10-06 20:56:00,722 [335.75930976867676] status INFO: Requesting url: https://share2.dexcom.com/ShareWebServices/Services/General/AuthenticatePublisherAccount
+2025-10-06 20:56:00,723 [335.7603328227997] urllib3.connectionpool DEBUG: Starting new HTTPS connection (1): share2.dexcom.com:443
+2025-10-06 20:56:00,886 [335.9239149093628] urllib3.connectionpool DEBUG: https://share2.dexcom.com:443 "GET /ShareWebServices/Services/General/AuthenticatePublisherAccount HTTP/1.1" 405 176
+2025-10-06 20:56:01,075 [336.11235523223877] notifier INFO: Requesting url General/AuthenticatePublisherAccount
+2025-10-06 20:56:01,075 [336.11235523223877] pydexcom DEBUG: Retrieve account ID from the authentication endpoint
+2025-10-06 20:56:01,075 [336.11235523223877] urllib3.connectionpool DEBUG: Starting new HTTPS connection (1): share2.dexcom.com:443
+2025-10-06 20:56:01,141 [336.17825746536255] notifier INFO: Requesting url https://share2.dexcom.com/ShareWebServices/Services
+2025-10-06 20:56:01,141 [336.17825746536255] pydexcom DEBUG: Retrieve glucose readings from the glucose readings endpoint
+2025-10-06 20:56:01,270 [336.30767726898193] urllib3.connectionpool DEBUG: https://share2.dexcom.com:443 "POST /ShareWebServices/Services/Publisher/ReadPublisherLatestGlucoseValues?sessionId=44e04ff2-8dbc-4731-b619-98f41bf42804&minutes=1440&maxCount=1 HTTP/1.1" 200 None
+2025-10-06 20:56:01,270 [336.30767726898193] notifier INFO: Requesting url https://share2.dexcom.com/ShareWebServices/Services
+2025-10-06 20:56:01,270 [336.30767726898193] pydexcom DEBUG: Retrieve glucose readings from the glucose readings endpoint
+2025-10-06 20:56:01,388 [336.4257152080536] urllib3.connectionpool DEBUG: https://share2.dexcom.com:443 "POST /ShareWebServices/Services/Publisher/ReadPublisherLatestGlucoseValues?sessionId=44e04ff2-8dbc-4731-b619-98f41bf42804&minutes=1440&maxCount=1 HTTP/1.1" 200 None
+2025-10-06 20:56:01,586 [336.6238260269165] urllib3.connectionpool DEBUG: https://share2.dexcom.com:443 "POST /ShareWebServices/Services/General/AuthenticatePublisherAccount HTTP/1.1" 200 38
+2025-10-06 20:56:01,586 [336.6238260269165] pydexcom DEBUG: Retrieve session ID from the login endpoint
+2025-10-06 20:56:01,888 [336.9252324104309] status INFO: Requesting url: https://share2.dexcom.com/ShareWebServices/Services/General/AuthenticatePublisherAccount
+2025-10-06 20:56:01,888 [336.9252324104309] urllib3.connectionpool DEBUG: Starting new HTTPS connection (1): share2.dexcom.com:443
+2025-10-06 20:56:01,985 [337.02222657203674] urllib3.connectionpool DEBUG: https://share2.dexcom.com:443 "POST /ShareWebServices/Services/General/LoginPublisherAccountById HTTP/1.1" 200 38
+2025-10-06 20:56:01,988 [337.02543926239014] pydexcom DEBUG: Retrieve glucose readings from the glucose readings endpoint
+2025-10-06 20:56:02,081 [337.11833119392395] urllib3.connectionpool DEBUG: https://share2.dexcom.com:443 "GET /ShareWebServices/Services/General/AuthenticatePublisherAccount HTTP/1.1" 405 176
+2025-10-06 20:56:02,098 [337.1354329586029] urllib3.connectionpool DEBUG: https://share2.dexcom.com:443 "POST /ShareWebServices/Services/Publisher/ReadPublisherLatestGlucoseValues?sessionId=44e04ff2-8dbc-4731-b619-98f41bf42804&minutes=1440&maxCount=1 HTTP/1.1" 200 None
+2025-10-06 20:56:02,393 [337.43024802207947] notifier INFO: Requesting url https://share2.dexcom.com/ShareWebServices/Services
+2025-10-06 20:56:02,393 [337.43024802207947] pydexcom DEBUG: Retrieve glucose readings from the glucose readings endpoint
+2025-10-06 20:56:02,505 [337.5429000854492] urllib3.connectionpool DEBUG: https://share2.dexcom.com:443 "POST /ShareWebServices/Services/Publisher/ReadPublisherLatestGlucoseValues?sessionId=44e04ff2-8dbc-4731-b619-98f41bf42804&minutes=1440&maxCount=1 HTTP/1.1" 200 None
+2025-10-06 20:56:02,512 [337.5493860244751] notifier INFO: Requesting url https://share2.dexcom.com/ShareWebServices/Services
+2025-10-06 20:56:02,512 [337.5493860244751] pydexcom DEBUG: Retrieve glucose readings from the glucose readings endpoint
+2025-10-06 20:56:02,616 [337.65393352508545] urllib3.connectionpool DEBUG: https://share2.dexcom.com:443 "POST /ShareWebServices/Services/Publisher/ReadPublisherLatestGlucoseValues?sessionId=44e04ff2-8dbc-4731-b619-98f41bf42804&minutes=1440&maxCount=1 HTTP/1.1" 200 None
+2025-10-06 20:56:03,083 [338.12014174461365] status INFO: Requesting url: https://share2.dexcom.com/ShareWebServices/Services/General/AuthenticatePublisherAccount
+2025-10-06 20:56:03,083 [338.1204786300659] urllib3.connectionpool DEBUG: Starting new HTTPS connection (1): share2.dexcom.com:443
+2025-10-06 20:56:03,277 [338.31479263305664] urllib3.connectionpool DEBUG: https://share2.dexcom.com:443 "GET /ShareWebServices/Services/General/AuthenticatePublisherAccount HTTP/1.1" 405 176
+2025-10-06 20:56:03,621 [338.65862011909485] notifier INFO: Requesting url https://share2.dexcom.com/ShareWebServices/Services
+2025-10-06 20:56:03,621 [338.65862011909485] pydexcom DEBUG: Retrieve glucose readings from the glucose readings endpoint
+2025-10-06 20:56:03,761 [338.7981917858124] urllib3.connectionpool DEBUG: https://share2.dexcom.com:443 "POST /ShareWebServices/Services/Publisher/ReadPublisherLatestGlucoseValues?sessionId=44e04ff2-8dbc-4731-b619-98f41bf42804&minutes=1440&maxCount=1 HTTP/1.1" 200 None
+2025-10-06 20:56:03,762 [338.7991991043091] notifier INFO: Requesting url https://share2.dexcom.com/ShareWebServices/Services
+2025-10-06 20:56:03,762 [338.7991991043091] pydexcom DEBUG: Retrieve glucose readings from the glucose readings endpoint
+2025-10-06 20:56:03,886 [338.92386388778687] urllib3.connectionpool DEBUG: https://share2.dexcom.com:443 "POST /ShareWebServices/Services/Publisher/ReadPublisherLatestGlucoseValues?sessionId=44e04ff2-8dbc-4731-b619-98f41bf42804&minutes=1440&maxCount=1 HTTP/1.1" 200 None
+2025-10-06 20:56:04,265 [339.30270409584045] pydexcom DEBUG: Retrieve glucose readings from the glucose readings endpoint
+2025-10-06 20:56:04,280 [339.31713104248047] status INFO: Requesting url: https://share2.dexcom.com/ShareWebServices/Services/General/AuthenticatePublisherAccount
+2025-10-06 20:56:04,280 [339.31813859939575] urllib3.connectionpool DEBUG: Starting new HTTPS connection (1): share2.dexcom.com:443
+2025-10-06 20:56:04,371 [339.40884041786194] urllib3.connectionpool DEBUG: https://share2.dexcom.com:443 "POST /ShareWebServices/Services/Publisher/ReadPublisherLatestGlucoseValues?sessionId=44e04ff2-8dbc-4731-b619-98f41bf42804&minutes=1440&maxCount=1 HTTP/1.1" 200 None
+2025-10-06 20:56:04,463 [339.5002088546753] urllib3.connectionpool DEBUG: https://share2.dexcom.com:443 "GET /ShareWebServices/Services/General/AuthenticatePublisherAccount HTTP/1.1" 405 176
+2025-10-06 20:56:04,889 [339.926335811615] notifier INFO: Requesting url https://share2.dexcom.com/ShareWebServices/Services
+2025-10-06 20:56:04,889 [339.926335811615] pydexcom DEBUG: Retrieve glucose readings from the glucose readings endpoint
+2025-10-06 20:56:04,999 [340.0362493991852] urllib3.connectionpool DEBUG: https://share2.dexcom.com:443 "POST /ShareWebServices/Services/Publisher/ReadPublisherLatestGlucoseValues?sessionId=44e04ff2-8dbc-4731-b619-98f41bf42804&minutes=1440&maxCount=1 HTTP/1.1" 200 None
+2025-10-06 20:56:04,999 [340.0362493991852] notifier INFO: Requesting url https://share2.dexcom.com/ShareWebServices/Services
+2025-10-06 20:56:04,999 [340.0362493991852] pydexcom DEBUG: Retrieve glucose readings from the glucose readings endpoint
+2025-10-06 20:56:05,100 [340.13718605041504] urllib3.connectionpool DEBUG: https://share2.dexcom.com:443 "POST /ShareWebServices/Services/Publisher/ReadPublisherLatestGlucoseValues?sessionId=44e04ff2-8dbc-4731-b619-98f41bf42804&minutes=1440&maxCount=1 HTTP/1.1" 200 None
+2025-10-06 20:56:05,468 [340.5050542354584] status INFO: Requesting url: https://share2.dexcom.com/ShareWebServices/Services/General/AuthenticatePublisherAccount
+2025-10-06 20:56:05,469 [340.5062141418457] urllib3.connectionpool DEBUG: Starting new HTTPS connection (1): share2.dexcom.com:443
+2025-10-06 20:56:05,669 [340.7065796852112] urllib3.connectionpool DEBUG: https://share2.dexcom.com:443 "GET /ShareWebServices/Services/General/AuthenticatePublisherAccount HTTP/1.1" 405 176
+2025-10-06 20:56:06,107 [341.14405131340027] notifier INFO: Requesting url https://share2.dexcom.com/ShareWebServices/Services
+2025-10-06 20:56:06,107 [341.14405131340027] pydexcom DEBUG: Retrieve glucose readings from the glucose readings endpoint
+2025-10-06 20:56:06,245 [341.282443523407] urllib3.connectionpool DEBUG: https://share2.dexcom.com:443 "POST /ShareWebServices/Services/Publisher/ReadPublisherLatestGlucoseValues?sessionId=44e04ff2-8dbc-4731-b619-98f41bf42804&minutes=1440&maxCount=1 HTTP/1.1" 200 None
+2025-10-06 20:56:06,247 [341.2840347290039] notifier INFO: Requesting url https://share2.dexcom.com/ShareWebServices/Services
+2025-10-06 20:56:06,247 [341.2840347290039] pydexcom DEBUG: Retrieve glucose readings from the glucose readings endpoint
+2025-10-06 20:56:06,348 [341.3857135772705] urllib3.connectionpool DEBUG: https://share2.dexcom.com:443 "POST /ShareWebServices/Services/Publisher/ReadPublisherLatestGlucoseValues?sessionId=44e04ff2-8dbc-4731-b619-98f41bf42804&minutes=1440&maxCount=1 HTTP/1.1" 200 None
+2025-10-06 20:56:06,677 [341.7146062850952] status INFO: Requesting url: https://share2.dexcom.com/ShareWebServices/Services/General/AuthenticatePublisherAccount
+2025-10-06 20:56:06,677 [341.7146062850952] urllib3.connectionpool DEBUG: Starting new HTTPS connection (1): share2.dexcom.com:443
+2025-10-06 20:56:06,856 [341.8935716152191] urllib3.connectionpool DEBUG: https://share2.dexcom.com:443 "GET /ShareWebServices/Services/General/AuthenticatePublisherAccount HTTP/1.1" 405 176
+2025-10-06 20:56:07,104 [342.14145278930664] notifier INFO: Requesting url General/AuthenticatePublisherAccount
+2025-10-06 20:56:07,104 [342.14245533943176] pydexcom DEBUG: Retrieve account ID from the authentication endpoint
+2025-10-06 20:56:07,105 [342.14245533943176] urllib3.connectionpool DEBUG: Starting new HTTPS connection (1): share2.dexcom.com:443
+2025-10-06 20:56:07,351 [342.3886570930481] notifier INFO: Requesting url https://share2.dexcom.com/ShareWebServices/Services
+2025-10-06 20:56:07,351 [342.3886570930481] pydexcom DEBUG: Retrieve glucose readings from the glucose readings endpoint
+2025-10-06 20:56:07,446 [342.48378133773804] urllib3.connectionpool DEBUG: https://share2.dexcom.com:443 "POST /ShareWebServices/Services/Publisher/ReadPublisherLatestGlucoseValues?sessionId=44e04ff2-8dbc-4731-b619-98f41bf42804&minutes=1440&maxCount=1 HTTP/1.1" 200 None
+2025-10-06 20:56:07,446 [342.48378133773804] notifier INFO: Requesting url https://share2.dexcom.com/ShareWebServices/Services
+2025-10-06 20:56:07,446 [342.48378133773804] pydexcom DEBUG: Retrieve glucose readings from the glucose readings endpoint
+2025-10-06 20:56:07,564 [342.6010265350342] urllib3.connectionpool DEBUG: https://share2.dexcom.com:443 "POST /ShareWebServices/Services/Publisher/ReadPublisherLatestGlucoseValues?sessionId=44e04ff2-8dbc-4731-b619-98f41bf42804&minutes=1440&maxCount=1 HTTP/1.1" 200 None
+2025-10-06 20:56:07,614 [342.65172815322876] urllib3.connectionpool DEBUG: https://share2.dexcom.com:443 "POST /ShareWebServices/Services/General/AuthenticatePublisherAccount HTTP/1.1" 200 38
+2025-10-06 20:56:07,614 [342.65172815322876] pydexcom DEBUG: Retrieve session ID from the login endpoint
+2025-10-06 20:56:07,859 [342.8962388038635] status INFO: Requesting url: https://share2.dexcom.com/ShareWebServices/Services/General/AuthenticatePublisherAccount
+2025-10-06 20:56:07,860 [342.89735555648804] urllib3.connectionpool DEBUG: Starting new HTTPS connection (1): share2.dexcom.com:443
+2025-10-06 20:56:08,011 [343.0488212108612] urllib3.connectionpool DEBUG: https://share2.dexcom.com:443 "POST /ShareWebServices/Services/General/LoginPublisherAccountById HTTP/1.1" 200 38
+2025-10-06 20:56:08,015 [343.05254220962524] pydexcom DEBUG: Retrieve glucose readings from the glucose readings endpoint
+2025-10-06 20:56:08,037 [343.07452964782715] urllib3.connectionpool DEBUG: https://share2.dexcom.com:443 "GET /ShareWebServices/Services/General/AuthenticatePublisherAccount HTTP/1.1" 405 176
+2025-10-06 20:56:08,120 [343.1570084095001] urllib3.connectionpool DEBUG: https://share2.dexcom.com:443 "POST /ShareWebServices/Services/Publisher/ReadPublisherLatestGlucoseValues?sessionId=44e04ff2-8dbc-4731-b619-98f41bf42804&minutes=1440&maxCount=1 HTTP/1.1" 200 None
+2025-10-06 20:56:08,567 [343.60462856292725] notifier INFO: Requesting url https://share2.dexcom.com/ShareWebServices/Services
+2025-10-06 20:56:08,567 [343.60462856292725] pydexcom DEBUG: Retrieve glucose readings from the glucose readings endpoint
+2025-10-06 20:56:08,680 [343.7175943851471] urllib3.connectionpool DEBUG: https://share2.dexcom.com:443 "POST /ShareWebServices/Services/Publisher/ReadPublisherLatestGlucoseValues?sessionId=44e04ff2-8dbc-4731-b619-98f41bf42804&minutes=1440&maxCount=1 HTTP/1.1" 200 None
+2025-10-06 20:56:08,680 [343.7175943851471] notifier INFO: Requesting url https://share2.dexcom.com/ShareWebServices/Services
+2025-10-06 20:56:08,680 [343.7175943851471] pydexcom DEBUG: Retrieve glucose readings from the glucose readings endpoint
+2025-10-06 20:56:08,785 [343.8223009109497] urllib3.connectionpool DEBUG: https://share2.dexcom.com:443 "POST /ShareWebServices/Services/Publisher/ReadPublisherLatestGlucoseValues?sessionId=44e04ff2-8dbc-4731-b619-98f41bf42804&minutes=1440&maxCount=1 HTTP/1.1" 200 None
+2025-10-06 20:56:09,043 [344.08040475845337] status INFO: Requesting url: https://share2.dexcom.com/ShareWebServices/Services/General/AuthenticatePublisherAccount
+2025-10-06 20:56:09,043 [344.08040475845337] urllib3.connectionpool DEBUG: Starting new HTTPS connection (1): share2.dexcom.com:443
+2025-10-06 20:56:09,236 [344.27390360832214] urllib3.connectionpool DEBUG: https://share2.dexcom.com:443 "GET /ShareWebServices/Services/General/AuthenticatePublisherAccount HTTP/1.1" 405 176
+2025-10-06 20:56:09,377 [344.4141595363617] pydexcom DEBUG: Retrieve glucose readings from the glucose readings endpoint
+2025-10-06 20:56:09,517 [344.55478620529175] urllib3.connectionpool DEBUG: https://share2.dexcom.com:443 "POST /ShareWebServices/Services/Publisher/ReadPublisherLatestGlucoseValues?sessionId=44e04ff2-8dbc-4731-b619-98f41bf42804&minutes=1440&maxCount=1 HTTP/1.1" 200 None
+2025-10-06 20:56:09,786 [344.8238263130188] notifier INFO: Requesting url https://share2.dexcom.com/ShareWebServices/Services
+2025-10-06 20:56:09,786 [344.8238263130188] pydexcom DEBUG: Retrieve glucose readings from the glucose readings endpoint
+2025-10-06 20:56:09,900 [344.9373791217804] urllib3.connectionpool DEBUG: https://share2.dexcom.com:443 "POST /ShareWebServices/Services/Publisher/ReadPublisherLatestGlucoseValues?sessionId=44e04ff2-8dbc-4731-b619-98f41bf42804&minutes=1440&maxCount=1 HTTP/1.1" 200 None
+2025-10-06 20:56:09,900 [344.9373791217804] notifier INFO: Requesting url https://share2.dexcom.com/ShareWebServices/Services
+2025-10-06 20:56:09,901 [344.9383821487427] pydexcom DEBUG: Retrieve glucose readings from the glucose readings endpoint
+2025-10-06 20:56:10,023 [345.06076836586] urllib3.connectionpool DEBUG: https://share2.dexcom.com:443 "POST /ShareWebServices/Services/Publisher/ReadPublisherLatestGlucoseValues?sessionId=44e04ff2-8dbc-4731-b619-98f41bf42804&minutes=1440&maxCount=1 HTTP/1.1" 200 None
+2025-10-06 20:56:10,237 [345.2748279571533] status INFO: Requesting url: https://share2.dexcom.com/ShareWebServices/Services/General/AuthenticatePublisherAccount
+2025-10-06 20:56:10,237 [345.2748279571533] urllib3.connectionpool DEBUG: Starting new HTTPS connection (1): share2.dexcom.com:443
+2025-10-06 20:56:10,429 [345.46687483787537] urllib3.connectionpool DEBUG: https://share2.dexcom.com:443 "GET /ShareWebServices/Services/General/AuthenticatePublisherAccount HTTP/1.1" 405 176
+2025-10-06 20:56:11,025 [346.062308549881] notifier INFO: Requesting url https://share2.dexcom.com/ShareWebServices/Services
+2025-10-06 20:56:11,025 [346.062308549881] pydexcom DEBUG: Retrieve glucose readings from the glucose readings endpoint
+2025-10-06 20:56:11,128 [346.16588401794434] urllib3.connectionpool DEBUG: https://share2.dexcom.com:443 "POST /ShareWebServices/Services/Publisher/ReadPublisherLatestGlucoseValues?sessionId=44e04ff2-8dbc-4731-b619-98f41bf42804&minutes=1440&maxCount=1 HTTP/1.1" 200 None
+2025-10-06 20:56:11,128 [346.16588401794434] notifier INFO: Requesting url https://share2.dexcom.com/ShareWebServices/Services
+2025-10-06 20:56:11,128 [346.16588401794434] pydexcom DEBUG: Retrieve glucose readings from the glucose readings endpoint
+2025-10-06 20:56:11,258 [346.2957377433777] urllib3.connectionpool DEBUG: https://share2.dexcom.com:443 "POST /ShareWebServices/Services/Publisher/ReadPublisherLatestGlucoseValues?sessionId=44e04ff2-8dbc-4731-b619-98f41bf42804&minutes=1440&maxCount=1 HTTP/1.1" 200 None
+2025-10-06 20:56:11,433 [346.4706175327301] status INFO: Requesting url: https://share2.dexcom.com/ShareWebServices/Services/General/AuthenticatePublisherAccount
+2025-10-06 20:56:11,433 [346.4706175327301] urllib3.connectionpool DEBUG: Starting new HTTPS connection (1): share2.dexcom.com:443
+2025-10-06 20:56:11,679 [346.71681022644043] urllib3.connectionpool DEBUG: https://share2.dexcom.com:443 "GET /ShareWebServices/Services/General/AuthenticatePublisherAccount HTTP/1.1" 405 176
+2025-10-06 20:56:12,260 [347.29720640182495] notifier INFO: Requesting url https://share2.dexcom.com/ShareWebServices/Services
+2025-10-06 20:56:12,260 [347.29720640182495] pydexcom DEBUG: Retrieve glucose readings from the glucose readings endpoint
+2025-10-06 20:56:12,376 [347.4137728214264] urllib3.connectionpool DEBUG: https://share2.dexcom.com:443 "POST /ShareWebServices/Services/Publisher/ReadPublisherLatestGlucoseValues?sessionId=44e04ff2-8dbc-4731-b619-98f41bf42804&minutes=1440&maxCount=1 HTTP/1.1" 200 None
+2025-10-06 20:56:12,377 [347.414781332016] notifier INFO: Requesting url https://share2.dexcom.com/ShareWebServices/Services
+2025-10-06 20:56:12,377 [347.414781332016] pydexcom DEBUG: Retrieve glucose readings from the glucose readings endpoint
+2025-10-06 20:56:12,549 [347.5865797996521] urllib3.connectionpool DEBUG: https://share2.dexcom.com:443 "POST /ShareWebServices/Services/Publisher/ReadPublisherLatestGlucoseValues?sessionId=44e04ff2-8dbc-4731-b619-98f41bf42804&minutes=1440&maxCount=1 HTTP/1.1" 200 None
+2025-10-06 20:56:12,682 [347.71921467781067] status INFO: Requesting url: https://share2.dexcom.com/ShareWebServices/Services/General/AuthenticatePublisherAccount
+2025-10-06 20:56:12,682 [347.71921467781067] urllib3.connectionpool DEBUG: Starting new HTTPS connection (1): share2.dexcom.com:443
+2025-10-06 20:56:12,900 [347.93711280822754] urllib3.connectionpool DEBUG: https://share2.dexcom.com:443 "GET /ShareWebServices/Services/General/AuthenticatePublisherAccount HTTP/1.1" 405 176
+2025-10-06 20:56:13,141 [348.1786723136902] notifier INFO: Requesting url General/AuthenticatePublisherAccount
+2025-10-06 20:56:13,141 [348.1786723136902] pydexcom DEBUG: Retrieve account ID from the authentication endpoint
+2025-10-06 20:56:13,143 [348.18077397346497] urllib3.connectionpool DEBUG: Starting new HTTPS connection (1): share2.dexcom.com:443
+2025-10-06 20:56:13,550 [348.5877320766449] notifier INFO: Requesting url https://share2.dexcom.com/ShareWebServices/Services
+2025-10-06 20:56:13,550 [348.5877320766449] pydexcom DEBUG: Retrieve glucose readings from the glucose readings endpoint
+2025-10-06 20:56:13,680 [348.7171378135681] urllib3.connectionpool DEBUG: https://share2.dexcom.com:443 "POST /ShareWebServices/Services/Publisher/ReadPublisherLatestGlucoseValues?sessionId=44e04ff2-8dbc-4731-b619-98f41bf42804&minutes=1440&maxCount=1 HTTP/1.1" 200 None
+2025-10-06 20:56:13,680 [348.7171378135681] notifier INFO: Requesting url https://share2.dexcom.com/ShareWebServices/Services
+2025-10-06 20:56:13,680 [348.7171378135681] pydexcom DEBUG: Retrieve glucose readings from the glucose readings endpoint
+2025-10-06 20:56:13,788 [348.82588601112366] urllib3.connectionpool DEBUG: https://share2.dexcom.com:443 "POST /ShareWebServices/Services/Publisher/ReadPublisherLatestGlucoseValues?sessionId=44e04ff2-8dbc-4731-b619-98f41bf42804&minutes=1440&maxCount=1 HTTP/1.1" 200 None
+2025-10-06 20:56:13,880 [348.91761922836304] urllib3.connectionpool DEBUG: https://share2.dexcom.com:443 "POST /ShareWebServices/Services/General/AuthenticatePublisherAccount HTTP/1.1" 200 38
+2025-10-06 20:56:13,880 [348.91761922836304] pydexcom DEBUG: Retrieve session ID from the login endpoint
+2025-10-06 20:56:13,909 [348.9467525482178] status INFO: Requesting url: https://share2.dexcom.com/ShareWebServices/Services/General/AuthenticatePublisherAccount
+2025-10-06 20:56:13,911 [348.94800090789795] urllib3.connectionpool DEBUG: Starting new HTTPS connection (1): share2.dexcom.com:443
+2025-10-06 20:56:14,111 [349.14853382110596] urllib3.connectionpool DEBUG: https://share2.dexcom.com:443 "GET /ShareWebServices/Services/General/AuthenticatePublisherAccount HTTP/1.1" 405 176
+2025-10-06 20:56:14,262 [349.2991416454315] urllib3.connectionpool DEBUG: https://share2.dexcom.com:443 "POST /ShareWebServices/Services/General/LoginPublisherAccountById HTTP/1.1" 200 38
+2025-10-06 20:56:14,279 [349.3167419433594] pydexcom DEBUG: Retrieve glucose readings from the glucose readings endpoint
+2025-10-06 20:56:14,379 [349.4161767959595] urllib3.connectionpool DEBUG: https://share2.dexcom.com:443 "POST /ShareWebServices/Services/Publisher/ReadPublisherLatestGlucoseValues?sessionId=44e04ff2-8dbc-4731-b619-98f41bf42804&minutes=1440&maxCount=1 HTTP/1.1" 200 None
+2025-10-06 20:56:14,523 [349.5601556301117] pydexcom DEBUG: Retrieve glucose readings from the glucose readings endpoint
+2025-10-06 20:56:14,619 [349.6560204029083] urllib3.connectionpool DEBUG: https://share2.dexcom.com:443 "POST /ShareWebServices/Services/Publisher/ReadPublisherLatestGlucoseValues?sessionId=44e04ff2-8dbc-4731-b619-98f41bf42804&minutes=1440&maxCount=1 HTTP/1.1" 200 None
+2025-10-06 20:56:14,791 [349.82886147499084] notifier INFO: Requesting url https://share2.dexcom.com/ShareWebServices/Services
+2025-10-06 20:56:14,791 [349.82886147499084] pydexcom DEBUG: Retrieve glucose readings from the glucose readings endpoint
+2025-10-06 20:56:14,900 [349.93736839294434] urllib3.connectionpool DEBUG: https://share2.dexcom.com:443 "POST /ShareWebServices/Services/Publisher/ReadPublisherLatestGlucoseValues?sessionId=44e04ff2-8dbc-4731-b619-98f41bf42804&minutes=1440&maxCount=1 HTTP/1.1" 200 None
+2025-10-06 20:56:14,900 [349.93736839294434] notifier INFO: Requesting url https://share2.dexcom.com/ShareWebServices/Services
+2025-10-06 20:56:14,901 [349.93836760520935] pydexcom DEBUG: Retrieve glucose readings from the glucose readings endpoint
+2025-10-06 20:56:15,006 [350.04386162757874] urllib3.connectionpool DEBUG: https://share2.dexcom.com:443 "POST /ShareWebServices/Services/Publisher/ReadPublisherLatestGlucoseValues?sessionId=44e04ff2-8dbc-4731-b619-98f41bf42804&minutes=1440&maxCount=1 HTTP/1.1" 200 None
+2025-10-06 20:56:15,112 [350.1495544910431] status INFO: Requesting url: https://share2.dexcom.com/ShareWebServices/Services/General/AuthenticatePublisherAccount
+2025-10-06 20:56:15,112 [350.1495544910431] urllib3.connectionpool DEBUG: Starting new HTTPS connection (1): share2.dexcom.com:443
+2025-10-06 20:56:15,302 [350.3394522666931] urllib3.connectionpool DEBUG: https://share2.dexcom.com:443 "GET /ShareWebServices/Services/General/AuthenticatePublisherAccount HTTP/1.1" 405 176
+2025-10-06 20:56:16,013 [351.0500464439392] notifier INFO: Requesting url https://share2.dexcom.com/ShareWebServices/Services
+2025-10-06 20:56:16,013 [351.0500464439392] pydexcom DEBUG: Retrieve glucose readings from the glucose readings endpoint
+2025-10-06 20:56:16,119 [351.15599513053894] urllib3.connectionpool DEBUG: https://share2.dexcom.com:443 "POST /ShareWebServices/Services/Publisher/ReadPublisherLatestGlucoseValues?sessionId=44e04ff2-8dbc-4731-b619-98f41bf42804&minutes=1440&maxCount=1 HTTP/1.1" 200 None
+2025-10-06 20:56:16,119 [351.15599513053894] notifier INFO: Requesting url https://share2.dexcom.com/ShareWebServices/Services
+2025-10-06 20:56:16,119 [351.15599513053894] pydexcom DEBUG: Retrieve glucose readings from the glucose readings endpoint
+2025-10-06 20:56:16,216 [351.2536268234253] urllib3.connectionpool DEBUG: https://share2.dexcom.com:443 "POST /ShareWebServices/Services/Publisher/ReadPublisherLatestGlucoseValues?sessionId=44e04ff2-8dbc-4731-b619-98f41bf42804&minutes=1440&maxCount=1 HTTP/1.1" 200 None
+2025-10-06 20:56:16,305 [351.3427543640137] status INFO: Requesting url: https://share2.dexcom.com/ShareWebServices/Services/General/AuthenticatePublisherAccount
+2025-10-06 20:56:16,305 [351.3427543640137] urllib3.connectionpool DEBUG: Starting new HTTPS connection (1): share2.dexcom.com:443
+2025-10-06 20:56:16,485 [351.52260875701904] urllib3.connectionpool DEBUG: https://share2.dexcom.com:443 "GET /ShareWebServices/Services/General/AuthenticatePublisherAccount HTTP/1.1" 405 176
+2025-10-06 20:56:17,486 [352.5238103866577] status INFO: Requesting url: https://share2.dexcom.com/ShareWebServices/Services/General/AuthenticatePublisherAccount
+2025-10-06 20:56:17,486 [352.5238103866577] urllib3.connectionpool DEBUG: Starting new HTTPS connection (1): share2.dexcom.com:443
+2025-10-06 20:56:17,696 [352.73390793800354] urllib3.connectionpool DEBUG: https://share2.dexcom.com:443 "GET /ShareWebServices/Services/General/AuthenticatePublisherAccount HTTP/1.1" 405 176
+2025-10-06 20:56:18,698 [353.7351944446564] status INFO: Requesting url: https://share2.dexcom.com/ShareWebServices/Services/General/AuthenticatePublisherAccount
+2025-10-06 20:56:18,698 [353.7351944446564] urllib3.connectionpool DEBUG: Starting new HTTPS connection (1): share2.dexcom.com:443
+2025-10-06 20:56:18,880 [353.917049407959] urllib3.connectionpool DEBUG: https://share2.dexcom.com:443 "GET /ShareWebServices/Services/General/AuthenticatePublisherAccount HTTP/1.1" 405 176
+2025-10-06 20:56:19,426 [354.4634602069855] notifier INFO: Requesting url General/AuthenticatePublisherAccount
+2025-10-06 20:56:19,483 [354.5204367637634] main INFO: Requesting url:General/AuthenticatePublisherAccount
+2025-10-06 20:56:19,883 [354.9200053215027] status INFO: Requesting url: https://share2.dexcom.com/ShareWebServices/Services/General/AuthenticatePublisherAccount
+2025-10-06 20:56:19,883 [354.9200053215027] urllib3.connectionpool DEBUG: Starting new HTTPS connection (1): share2.dexcom.com:443
+2025-10-06 20:56:20,115 [355.15372228622437] urllib3.connectionpool DEBUG: https://share2.dexcom.com:443 "GET /ShareWebServices/Services/General/AuthenticatePublisherAccount HTTP/1.1" 405 176
+2025-10-06 20:56:21,119 [356.15633177757263] status INFO: Requesting url: https://share2.dexcom.com/ShareWebServices/Services/General/AuthenticatePublisherAccount
+2025-10-06 20:56:21,120 [356.1571936607361] urllib3.connectionpool DEBUG: Starting new HTTPS connection (1): share2.dexcom.com:443
+2025-10-06 20:56:21,311 [356.34895181655884] urllib3.connectionpool DEBUG: https://share2.dexcom.com:443 "GET /ShareWebServices/Services/General/AuthenticatePublisherAccount HTTP/1.1" 405 176
+2025-10-06 20:56:22,315 [357.3520860671997] status INFO: Requesting url: https://share2.dexcom.com/ShareWebServices/Services/General/AuthenticatePublisherAccount
+2025-10-06 20:56:22,315 [357.3520860671997] urllib3.connectionpool DEBUG: Starting new HTTPS connection (1): share2.dexcom.com:443
+2025-10-06 20:56:22,505 [357.54222893714905] urllib3.connectionpool DEBUG: https://share2.dexcom.com:443 "GET /ShareWebServices/Services/General/AuthenticatePublisherAccount HTTP/1.1" 405 176
+2025-10-06 20:56:23,507 [358.5449390411377] status INFO: Requesting url: https://share2.dexcom.com/ShareWebServices/Services/General/AuthenticatePublisherAccount
+2025-10-06 20:56:23,509 [358.54646372795105] urllib3.connectionpool DEBUG: Starting new HTTPS connection (1): share2.dexcom.com:443
+2025-10-06 20:56:23,719 [358.756662607193] urllib3.connectionpool DEBUG: https://share2.dexcom.com:443 "GET /ShareWebServices/Services/General/AuthenticatePublisherAccount HTTP/1.1" 405 176
+2025-10-06 20:56:24,528 [359.5658483505249] notifier INFO: Requesting url General/AuthenticatePublisherAccount
+2025-10-06 20:56:24,603 [359.6407825946808] main INFO: Requesting url:General/AuthenticatePublisherAccount
+2025-10-06 20:56:24,725 [359.7622334957123] status INFO: Requesting url: https://share2.dexcom.com/ShareWebServices/Services/General/AuthenticatePublisherAccount
+2025-10-06 20:56:24,726 [359.76330280303955] urllib3.connectionpool DEBUG: Starting new HTTPS connection (1): share2.dexcom.com:443
+2025-10-06 20:56:24,926 [359.9639239311218] urllib3.connectionpool DEBUG: https://share2.dexcom.com:443 "GET /ShareWebServices/Services/General/AuthenticatePublisherAccount HTTP/1.1" 405 176
+2025-10-06 20:56:25,928 [360.9658124446869] status INFO: Requesting url: https://share2.dexcom.com/ShareWebServices/Services/General/AuthenticatePublisherAccount
+2025-10-06 20:56:25,928 [360.9658124446869] urllib3.connectionpool DEBUG: Starting new HTTPS connection (1): share2.dexcom.com:443
+2025-10-06 20:56:26,122 [361.1592631340027] urllib3.connectionpool DEBUG: https://share2.dexcom.com:443 "GET /ShareWebServices/Services/General/AuthenticatePublisherAccount HTTP/1.1" 405 176
+2025-10-06 20:56:27,123 [362.1606955528259] status INFO: Requesting url: https://share2.dexcom.com/ShareWebServices/Services/General/AuthenticatePublisherAccount
+2025-10-06 20:56:27,123 [362.1606955528259] urllib3.connectionpool DEBUG: Starting new HTTPS connection (1): share2.dexcom.com:443
+2025-10-06 20:56:27,338 [362.3759410381317] urllib3.connectionpool DEBUG: https://share2.dexcom.com:443 "GET /ShareWebServices/Services/General/AuthenticatePublisherAccount HTTP/1.1" 405 176
+2025-10-06 20:56:28,340 [363.3773181438446] status INFO: Requesting url: https://share2.dexcom.com/ShareWebServices/Services/General/AuthenticatePublisherAccount
+2025-10-06 20:56:28,340 [363.3778200149536] urllib3.connectionpool DEBUG: Starting new HTTPS connection (1): share2.dexcom.com:443
+2025-10-06 20:56:28,537 [363.57401847839355] urllib3.connectionpool DEBUG: https://share2.dexcom.com:443 "GET /ShareWebServices/Services/General/AuthenticatePublisherAccount HTTP/1.1" 405 176
+2025-10-06 20:56:29,539 [364.575980424881] status INFO: Requesting url: https://share2.dexcom.com/ShareWebServices/Services/General/AuthenticatePublisherAccount
+2025-10-06 20:56:29,539 [364.5765025615692] urllib3.connectionpool DEBUG: Starting new HTTPS connection (1): share2.dexcom.com:443
+2025-10-06 20:56:29,671 [364.70869183540344] notifier INFO: Requesting url General/AuthenticatePublisherAccount
+2025-10-06 20:56:29,726 [364.76352858543396] urllib3.connectionpool DEBUG: https://share2.dexcom.com:443 "GET /ShareWebServices/Services/General/AuthenticatePublisherAccount HTTP/1.1" 405 176
+2025-10-06 20:56:29,731 [364.7685549259186] main INFO: Requesting url:General/AuthenticatePublisherAccount
+2025-10-06 20:56:30,727 [365.7644610404968] status INFO: Requesting url: https://share2.dexcom.com/ShareWebServices/Services/General/AuthenticatePublisherAccount
+2025-10-06 20:56:30,727 [365.7644610404968] urllib3.connectionpool DEBUG: Starting new HTTPS connection (1): share2.dexcom.com:443
+2025-10-06 20:56:30,922 [365.95900201797485] urllib3.connectionpool DEBUG: https://share2.dexcom.com:443 "GET /ShareWebServices/Services/General/AuthenticatePublisherAccount HTTP/1.1" 405 176
+2025-10-06 20:56:31,922 [366.9599599838257] status INFO: Requesting url: https://share2.dexcom.com/ShareWebServices/Services/General/AuthenticatePublisherAccount
+2025-10-06 20:56:31,923 [366.96046710014343] urllib3.connectionpool DEBUG: Starting new HTTPS connection (1): share2.dexcom.com:443
+2025-10-06 20:56:32,113 [367.15094661712646] urllib3.connectionpool DEBUG: https://share2.dexcom.com:443 "GET /ShareWebServices/Services/General/AuthenticatePublisherAccount HTTP/1.1" 405 176
+2025-10-06 20:56:33,115 [368.1524565219879] status INFO: Requesting url: https://share2.dexcom.com/ShareWebServices/Services/General/AuthenticatePublisherAccount
+2025-10-06 20:56:33,115 [368.1524565219879] urllib3.connectionpool DEBUG: Starting new HTTPS connection (1): share2.dexcom.com:443
+2025-10-06 20:56:33,294 [368.3312110900879] urllib3.connectionpool DEBUG: https://share2.dexcom.com:443 "GET /ShareWebServices/Services/General/AuthenticatePublisherAccount HTTP/1.1" 405 176
+2025-10-06 20:56:34,306 [369.3436713218689] status INFO: Requesting url: https://share2.dexcom.com/ShareWebServices/Services/General/AuthenticatePublisherAccount
+2025-10-06 20:56:34,306 [369.3436713218689] urllib3.connectionpool DEBUG: Starting new HTTPS connection (1): share2.dexcom.com:443
+2025-10-06 20:56:34,559 [369.59599232673645] urllib3.connectionpool DEBUG: https://share2.dexcom.com:443 "GET /ShareWebServices/Services/General/AuthenticatePublisherAccount HTTP/1.1" 405 176
+2025-10-06 20:56:34,796 [369.8339469432831] notifier INFO: Requesting url General/AuthenticatePublisherAccount
+2025-10-06 20:56:34,852 [369.8896493911743] main INFO: Requesting url:General/AuthenticatePublisherAccount
+2025-10-06 20:56:35,572 [370.6091125011444] status INFO: Requesting url: https://share2.dexcom.com/ShareWebServices/Services/General/AuthenticatePublisherAccount
+2025-10-06 20:56:35,572 [370.6091125011444] urllib3.connectionpool DEBUG: Starting new HTTPS connection (1): share2.dexcom.com:443
+2025-10-06 20:56:35,899 [370.9363224506378] urllib3.connectionpool DEBUG: https://share2.dexcom.com:443 "GET /ShareWebServices/Services/General/AuthenticatePublisherAccount HTTP/1.1" 405 176
+2025-10-06 20:56:36,908 [371.9458816051483] status INFO: Requesting url: https://share2.dexcom.com/ShareWebServices/Services/General/AuthenticatePublisherAccount
+2025-10-06 20:56:36,909 [371.9468514919281] urllib3.connectionpool DEBUG: Starting new HTTPS connection (1): share2.dexcom.com:443
+2025-10-06 20:56:37,093 [372.1300311088562] urllib3.connectionpool DEBUG: https://share2.dexcom.com:443 "GET /ShareWebServices/Services/General/AuthenticatePublisherAccount HTTP/1.1" 405 176
+2025-10-06 20:56:38,097 [373.1342787742615] status INFO: Requesting url: https://share2.dexcom.com/ShareWebServices/Services/General/AuthenticatePublisherAccount
+2025-10-06 20:56:38,097 [373.1342787742615] urllib3.connectionpool DEBUG: Starting new HTTPS connection (1): share2.dexcom.com:443
+2025-10-06 20:56:38,289 [373.3269350528717] urllib3.connectionpool DEBUG: https://share2.dexcom.com:443 "GET /ShareWebServices/Services/General/AuthenticatePublisherAccount HTTP/1.1" 405 176
+2025-10-06 20:56:39,290 [374.32781410217285] status INFO: Requesting url: https://share2.dexcom.com/ShareWebServices/Services/General/AuthenticatePublisherAccount
+2025-10-06 20:56:39,290 [374.32781410217285] urllib3.connectionpool DEBUG: Starting new HTTPS connection (1): share2.dexcom.com:443
+2025-10-06 20:56:39,495 [374.5324845314026] urllib3.connectionpool DEBUG: https://share2.dexcom.com:443 "GET /ShareWebServices/Services/General/AuthenticatePublisherAccount HTTP/1.1" 405 176
+2025-10-06 20:56:39,902 [374.94033432006836] notifier INFO: Requesting url General/AuthenticatePublisherAccount
+2025-10-06 20:56:39,961 [374.9988594055176] main INFO: Requesting url:General/AuthenticatePublisherAccount
+2025-10-06 20:56:40,497 [375.5340163707733] status INFO: Requesting url: https://share2.dexcom.com/ShareWebServices/Services/General/AuthenticatePublisherAccount
+2025-10-06 20:56:40,498 [375.53505659103394] urllib3.connectionpool DEBUG: Starting new HTTPS connection (1): share2.dexcom.com:443
+2025-10-06 20:56:40,690 [375.72773933410645] urllib3.connectionpool DEBUG: https://share2.dexcom.com:443 "GET /ShareWebServices/Services/General/AuthenticatePublisherAccount HTTP/1.1" 405 176
+2025-10-06 20:56:41,692 [376.7296190261841] status INFO: Requesting url: https://share2.dexcom.com/ShareWebServices/Services/General/AuthenticatePublisherAccount
+2025-10-06 20:56:41,693 [376.7306296825409] urllib3.connectionpool DEBUG: Starting new HTTPS connection (1): share2.dexcom.com:443
+2025-10-06 20:56:41,868 [376.9056749343872] urllib3.connectionpool DEBUG: https://share2.dexcom.com:443 "GET /ShareWebServices/Services/General/AuthenticatePublisherAccount HTTP/1.1" 405 176
+2025-10-06 20:56:42,869 [377.9066250324249] status INFO: Requesting url: https://share2.dexcom.com/ShareWebServices/Services/General/AuthenticatePublisherAccount
+2025-10-06 20:56:42,869 [377.9066250324249] urllib3.connectionpool DEBUG: Starting new HTTPS connection (1): share2.dexcom.com:443
+2025-10-06 20:56:43,050 [378.08773136138916] urllib3.connectionpool DEBUG: https://share2.dexcom.com:443 "GET /ShareWebServices/Services/General/AuthenticatePublisherAccount HTTP/1.1" 405 176
+2025-10-06 20:56:44,052 [379.08990931510925] status INFO: Requesting url: https://share2.dexcom.com/ShareWebServices/Services/General/AuthenticatePublisherAccount
+2025-10-06 20:56:44,052 [379.08990931510925] urllib3.connectionpool DEBUG: Starting new HTTPS connection (1): share2.dexcom.com:443
+2025-10-06 20:56:44,226 [379.2636489868164] urllib3.connectionpool DEBUG: https://share2.dexcom.com:443 "GET /ShareWebServices/Services/General/AuthenticatePublisherAccount HTTP/1.1" 405 176
+2025-10-06 20:56:45,010 [380.0470407009125] notifier INFO: Requesting url General/AuthenticatePublisherAccount
+2025-10-06 20:56:45,067 [380.1048536300659] main INFO: Requesting url:General/AuthenticatePublisherAccount
+2025-10-06 20:56:45,228 [380.26532435417175] status INFO: Requesting url: https://share2.dexcom.com/ShareWebServices/Services/General/AuthenticatePublisherAccount
+2025-10-06 20:56:45,228 [380.26563787460327] urllib3.connectionpool DEBUG: Starting new HTTPS connection (1): share2.dexcom.com:443
+2025-10-06 20:56:45,435 [380.47227334976196] urllib3.connectionpool DEBUG: https://share2.dexcom.com:443 "GET /ShareWebServices/Services/General/AuthenticatePublisherAccount HTTP/1.1" 405 176
+2025-10-06 20:56:46,437 [381.4740238189697] status INFO: Requesting url: https://share2.dexcom.com/ShareWebServices/Services/General/AuthenticatePublisherAccount
+2025-10-06 20:56:46,437 [381.4740238189697] urllib3.connectionpool DEBUG: Starting new HTTPS connection (1): share2.dexcom.com:443
+2025-10-06 20:56:46,632 [381.6697657108307] urllib3.connectionpool DEBUG: https://share2.dexcom.com:443 "GET /ShareWebServices/Services/General/AuthenticatePublisherAccount HTTP/1.1" 405 176
+2025-10-06 20:56:47,633 [382.67093658447266] status INFO: Requesting url: https://share2.dexcom.com/ShareWebServices/Services/General/AuthenticatePublisherAccount
+2025-10-06 20:56:47,633 [382.67093658447266] urllib3.connectionpool DEBUG: Starting new HTTPS connection (1): share2.dexcom.com:443
+2025-10-06 20:56:47,852 [382.8894929885864] urllib3.connectionpool DEBUG: https://share2.dexcom.com:443 "GET /ShareWebServices/Services/General/AuthenticatePublisherAccount HTTP/1.1" 405 176
+2025-10-06 20:56:48,853 [383.89082765579224] status INFO: Requesting url: https://share2.dexcom.com/ShareWebServices/Services/General/AuthenticatePublisherAccount
+2025-10-06 20:56:48,853 [383.89082765579224] urllib3.connectionpool DEBUG: Starting new HTTPS connection (1): share2.dexcom.com:443
+2025-10-06 20:56:49,041 [384.0787432193756] urllib3.connectionpool DEBUG: https://share2.dexcom.com:443 "GET /ShareWebServices/Services/General/AuthenticatePublisherAccount HTTP/1.1" 405 176
+2025-10-06 20:56:50,043 [385.0801022052765] status INFO: Requesting url: https://share2.dexcom.com/ShareWebServices/Services/General/AuthenticatePublisherAccount
+2025-10-06 20:56:50,044 [385.0811095237732] urllib3.connectionpool DEBUG: Starting new HTTPS connection (1): share2.dexcom.com:443
+2025-10-06 20:56:50,120 [385.1571309566498] notifier INFO: Requesting url General/AuthenticatePublisherAccount
+2025-10-06 20:56:50,168 [385.20564579963684] main INFO: Requesting url:General/AuthenticatePublisherAccount
+2025-10-06 20:56:50,207 [385.2440631389618] urllib3.connectionpool DEBUG: https://share2.dexcom.com:443 "GET /ShareWebServices/Services/General/AuthenticatePublisherAccount HTTP/1.1" 405 176
+2025-10-06 20:56:51,209 [386.2462480068207] status INFO: Requesting url: https://share2.dexcom.com/ShareWebServices/Services/General/AuthenticatePublisherAccount
+2025-10-06 20:56:51,210 [386.2472643852234] urllib3.connectionpool DEBUG: Starting new HTTPS connection (1): share2.dexcom.com:443
+2025-10-06 20:56:51,396 [386.43355655670166] urllib3.connectionpool DEBUG: https://share2.dexcom.com:443 "GET /ShareWebServices/Services/General/AuthenticatePublisherAccount HTTP/1.1" 405 176
+2025-10-06 20:56:52,399 [387.4362976551056] status INFO: Requesting url: https://share2.dexcom.com/ShareWebServices/Services/General/AuthenticatePublisherAccount
+2025-10-06 20:56:52,399 [387.4362976551056] urllib3.connectionpool DEBUG: Starting new HTTPS connection (1): share2.dexcom.com:443
+2025-10-06 20:56:52,611 [387.6483438014984] urllib3.connectionpool DEBUG: https://share2.dexcom.com:443 "GET /ShareWebServices/Services/General/AuthenticatePublisherAccount HTTP/1.1" 405 176
+2025-10-06 20:56:53,612 [388.6492142677307] status INFO: Requesting url: https://share2.dexcom.com/ShareWebServices/Services/General/AuthenticatePublisherAccount
+2025-10-06 20:56:53,612 [388.6492142677307] urllib3.connectionpool DEBUG: Starting new HTTPS connection (1): share2.dexcom.com:443
+2025-10-06 20:56:53,786 [388.8234705924988] urllib3.connectionpool DEBUG: https://share2.dexcom.com:443 "GET /ShareWebServices/Services/General/AuthenticatePublisherAccount HTTP/1.1" 405 176
+2025-10-06 20:56:54,788 [389.8253049850464] status INFO: Requesting url: https://share2.dexcom.com/ShareWebServices/Services/General/AuthenticatePublisherAccount
+2025-10-06 20:56:54,789 [389.826336145401] urllib3.connectionpool DEBUG: Starting new HTTPS connection (1): share2.dexcom.com:443
+2025-10-06 20:56:54,985 [390.0229024887085] urllib3.connectionpool DEBUG: https://share2.dexcom.com:443 "GET /ShareWebServices/Services/General/AuthenticatePublisherAccount HTTP/1.1" 405 176
+2025-10-06 20:56:55,209 [390.2460298538208] notifier INFO: Requesting url General/AuthenticatePublisherAccount
+2025-10-06 20:56:55,263 [390.3004791736603] main INFO: Requesting url:General/AuthenticatePublisherAccount
+2025-10-06 20:56:55,986 [391.02376198768616] status INFO: Requesting url: https://share2.dexcom.com/ShareWebServices/Services/General/AuthenticatePublisherAccount
+2025-10-06 20:56:55,986 [391.02376198768616] urllib3.connectionpool DEBUG: Starting new HTTPS connection (1): share2.dexcom.com:443
+2025-10-06 20:56:56,300 [391.3374733924866] urllib3.connectionpool DEBUG: https://share2.dexcom.com:443 "GET /ShareWebServices/Services/General/AuthenticatePublisherAccount HTTP/1.1" 405 176
+2025-10-06 20:56:57,301 [392.33892703056335] status INFO: Requesting url: https://share2.dexcom.com/ShareWebServices/Services/General/AuthenticatePublisherAccount
+2025-10-06 20:56:57,301 [392.33892703056335] urllib3.connectionpool DEBUG: Starting new HTTPS connection (1): share2.dexcom.com:443
+2025-10-06 20:56:57,496 [392.53352999687195] urllib3.connectionpool DEBUG: https://share2.dexcom.com:443 "GET /ShareWebServices/Services/General/AuthenticatePublisherAccount HTTP/1.1" 405 176
+2025-10-06 20:56:58,501 [393.5388810634613] status INFO: Requesting url: https://share2.dexcom.com/ShareWebServices/Services/General/AuthenticatePublisherAccount
+2025-10-06 20:56:58,501 [393.5388810634613] urllib3.connectionpool DEBUG: Starting new HTTPS connection (1): share2.dexcom.com:443
+2025-10-06 20:56:58,726 [393.76364398002625] urllib3.connectionpool DEBUG: https://share2.dexcom.com:443 "GET /ShareWebServices/Services/General/AuthenticatePublisherAccount HTTP/1.1" 405 176
+2025-10-06 20:56:59,728 [394.7650909423828] status INFO: Requesting url: https://share2.dexcom.com/ShareWebServices/Services/General/AuthenticatePublisherAccount
+2025-10-06 20:56:59,729 [394.7661073207855] urllib3.connectionpool DEBUG: Starting new HTTPS connection (1): share2.dexcom.com:443
+2025-10-06 20:56:59,911 [394.94876623153687] urllib3.connectionpool DEBUG: https://share2.dexcom.com:443 "GET /ShareWebServices/Services/General/AuthenticatePublisherAccount HTTP/1.1" 405 176
+2025-10-06 20:57:00,328 [395.3658695220947] notifier INFO: Requesting url General/AuthenticatePublisherAccount
+2025-10-06 20:57:00,387 [395.42479515075684] main INFO: Requesting url:General/AuthenticatePublisherAccount
+2025-10-06 20:57:00,916 [395.95393109321594] status INFO: Requesting url: https://share2.dexcom.com/ShareWebServices/Services/General/AuthenticatePublisherAccount
+2025-10-06 20:57:00,916 [395.95393109321594] urllib3.connectionpool DEBUG: Starting new HTTPS connection (1): share2.dexcom.com:443
+2025-10-06 20:57:01,099 [396.13665103912354] urllib3.connectionpool DEBUG: https://share2.dexcom.com:443 "GET /ShareWebServices/Services/General/AuthenticatePublisherAccount HTTP/1.1" 405 176
+2025-10-06 20:57:02,102 [397.13919281959534] status INFO: Requesting url: https://share2.dexcom.com/ShareWebServices/Services/General/AuthenticatePublisherAccount
+2025-10-06 20:57:02,102 [397.13969922065735] urllib3.connectionpool DEBUG: Starting new HTTPS connection (1): share2.dexcom.com:443
+2025-10-06 20:57:02,297 [397.3349070549011] urllib3.connectionpool DEBUG: https://share2.dexcom.com:443 "GET /ShareWebServices/Services/General/AuthenticatePublisherAccount HTTP/1.1" 405 176
+2025-10-06 20:57:03,299 [398.33630180358887] status INFO: Requesting url: https://share2.dexcom.com/ShareWebServices/Services/General/AuthenticatePublisherAccount
+2025-10-06 20:57:03,300 [398.33738827705383] urllib3.connectionpool DEBUG: Starting new HTTPS connection (1): share2.dexcom.com:443
+2025-10-06 20:57:03,566 [398.60367345809937] urllib3.connectionpool DEBUG: https://share2.dexcom.com:443 "GET /ShareWebServices/Services/General/AuthenticatePublisherAccount HTTP/1.1" 405 176
+2025-10-06 20:57:04,568 [399.6055181026459] status INFO: Requesting url: https://share2.dexcom.com/ShareWebServices/Services/General/AuthenticatePublisherAccount
+2025-10-06 20:57:04,569 [399.60602259635925] urllib3.connectionpool DEBUG: Starting new HTTPS connection (1): share2.dexcom.com:443
+2025-10-06 20:57:04,759 [399.7978415489197] urllib3.connectionpool DEBUG: https://share2.dexcom.com:443 "GET /ShareWebServices/Services/General/AuthenticatePublisherAccount HTTP/1.1" 405 176
+2025-10-06 20:57:05,433 [400.47000312805176] notifier INFO: Requesting url General/AuthenticatePublisherAccount
+2025-10-06 20:57:05,490 [400.526976108551] main INFO: Requesting url:General/AuthenticatePublisherAccount
+2025-10-06 20:57:05,761 [400.7987279891968] status INFO: Requesting url: https://share2.dexcom.com/ShareWebServices/Services/General/AuthenticatePublisherAccount
+2025-10-06 20:57:05,762 [400.7992317676544] urllib3.connectionpool DEBUG: Starting new HTTPS connection (1): share2.dexcom.com:443
+2025-10-06 20:57:05,965 [401.00244212150574] urllib3.connectionpool DEBUG: https://share2.dexcom.com:443 "GET /ShareWebServices/Services/General/AuthenticatePublisherAccount HTTP/1.1" 405 176
+2025-10-06 20:57:06,967 [402.0041546821594] status INFO: Requesting url: https://share2.dexcom.com/ShareWebServices/Services/General/AuthenticatePublisherAccount
+2025-10-06 20:57:06,967 [402.0041546821594] urllib3.connectionpool DEBUG: Starting new HTTPS connection (1): share2.dexcom.com:443
+2025-10-06 20:57:07,179 [402.21647357940674] urllib3.connectionpool DEBUG: https://share2.dexcom.com:443 "GET /ShareWebServices/Services/General/AuthenticatePublisherAccount HTTP/1.1" 405 176
+2025-10-06 20:57:08,181 [403.2179985046387] status INFO: Requesting url: https://share2.dexcom.com/ShareWebServices/Services/General/AuthenticatePublisherAccount
+2025-10-06 20:57:08,181 [403.2179985046387] urllib3.connectionpool DEBUG: Starting new HTTPS connection (1): share2.dexcom.com:443
+2025-10-06 20:57:08,405 [403.44235157966614] urllib3.connectionpool DEBUG: https://share2.dexcom.com:443 "GET /ShareWebServices/Services/General/AuthenticatePublisherAccount HTTP/1.1" 405 176
+2025-10-06 20:57:09,406 [404.44366455078125] status INFO: Requesting url: https://share2.dexcom.com/ShareWebServices/Services/General/AuthenticatePublisherAccount
+2025-10-06 20:57:09,408 [404.44507789611816] urllib3.connectionpool DEBUG: Starting new HTTPS connection (1): share2.dexcom.com:443
+2025-10-06 20:57:09,657 [404.6944019794464] urllib3.connectionpool DEBUG: https://share2.dexcom.com:443 "GET /ShareWebServices/Services/General/AuthenticatePublisherAccount HTTP/1.1" 405 176
+2025-10-06 20:57:10,529 [405.5661950111389] notifier INFO: Requesting url General/AuthenticatePublisherAccount
+2025-10-06 20:57:10,595 [405.6321313381195] main INFO: Requesting url:General/AuthenticatePublisherAccount
+2025-10-06 20:57:10,658 [405.69569158554077] status INFO: Requesting url: https://share2.dexcom.com/ShareWebServices/Services/General/AuthenticatePublisherAccount
+2025-10-06 20:57:10,659 [405.6966061592102] urllib3.connectionpool DEBUG: Starting new HTTPS connection (1): share2.dexcom.com:443
+2025-10-06 20:57:10,859 [405.8966956138611] urllib3.connectionpool DEBUG: https://share2.dexcom.com:443 "GET /ShareWebServices/Services/General/AuthenticatePublisherAccount HTTP/1.1" 405 176
+2025-10-06 20:57:11,867 [406.90415930747986] status INFO: Requesting url: https://share2.dexcom.com/ShareWebServices/Services/General/AuthenticatePublisherAccount
+2025-10-06 20:57:11,867 [406.90415930747986] urllib3.connectionpool DEBUG: Starting new HTTPS connection (1): share2.dexcom.com:443
+2025-10-06 20:57:12,070 [407.10742831230164] urllib3.connectionpool DEBUG: https://share2.dexcom.com:443 "GET /ShareWebServices/Services/General/AuthenticatePublisherAccount HTTP/1.1" 405 176
+2025-10-06 20:57:13,071 [408.10866808891296] status INFO: Requesting url: https://share2.dexcom.com/ShareWebServices/Services/General/AuthenticatePublisherAccount
+2025-10-06 20:57:13,071 [408.10866808891296] urllib3.connectionpool DEBUG: Starting new HTTPS connection (1): share2.dexcom.com:443
+2025-10-06 20:57:13,270 [408.3073399066925] urllib3.connectionpool DEBUG: https://share2.dexcom.com:443 "GET /ShareWebServices/Services/General/AuthenticatePublisherAccount HTTP/1.1" 405 176
+2025-10-06 20:57:14,272 [409.3095614910126] status INFO: Requesting url: https://share2.dexcom.com/ShareWebServices/Services/General/AuthenticatePublisherAccount
+2025-10-06 20:57:14,272 [409.3095614910126] urllib3.connectionpool DEBUG: Starting new HTTPS connection (1): share2.dexcom.com:443
+2025-10-06 20:57:14,464 [409.50196528434753] urllib3.connectionpool DEBUG: https://share2.dexcom.com:443 "GET /ShareWebServices/Services/General/AuthenticatePublisherAccount HTTP/1.1" 405 176
+2025-10-06 20:57:15,466 [410.50328493118286] status INFO: Requesting url: https://share2.dexcom.com/ShareWebServices/Services/General/AuthenticatePublisherAccount
+2025-10-06 20:57:15,467 [410.50438690185547] urllib3.connectionpool DEBUG: Starting new HTTPS connection (1): share2.dexcom.com:443
+2025-10-06 20:57:15,638 [410.6750409603119] notifier INFO: Requesting url General/AuthenticatePublisherAccount
+2025-10-06 20:57:15,666 [410.7039134502411] urllib3.connectionpool DEBUG: https://share2.dexcom.com:443 "GET /ShareWebServices/Services/General/AuthenticatePublisherAccount HTTP/1.1" 405 176
+2025-10-06 20:57:15,693 [410.7306578159332] main INFO: Requesting url:General/AuthenticatePublisherAccount
+2025-10-06 20:57:16,668 [411.7051239013672] status INFO: Requesting url: https://share2.dexcom.com/ShareWebServices/Services/General/AuthenticatePublisherAccount
+2025-10-06 20:57:16,668 [411.7056550979614] urllib3.connectionpool DEBUG: Starting new HTTPS connection (1): share2.dexcom.com:443
+2025-10-06 20:57:16,835 [411.8724777698517] urllib3.connectionpool DEBUG: https://share2.dexcom.com:443 "GET /ShareWebServices/Services/General/AuthenticatePublisherAccount HTTP/1.1" 405 176
+2025-10-06 20:57:17,836 [412.8737301826477] status INFO: Requesting url: https://share2.dexcom.com/ShareWebServices/Services/General/AuthenticatePublisherAccount
+2025-10-06 20:57:17,836 [412.8737301826477] urllib3.connectionpool DEBUG: Starting new HTTPS connection (1): share2.dexcom.com:443
+2025-10-06 20:57:18,022 [413.0598781108856] urllib3.connectionpool DEBUG: https://share2.dexcom.com:443 "GET /ShareWebServices/Services/General/AuthenticatePublisherAccount HTTP/1.1" 405 176
+2025-10-06 20:57:19,023 [414.06070828437805] status INFO: Requesting url: https://share2.dexcom.com/ShareWebServices/Services/General/AuthenticatePublisherAccount
+2025-10-06 20:57:19,025 [414.0620803833008] urllib3.connectionpool DEBUG: Starting new HTTPS connection (1): share2.dexcom.com:443
+2025-10-06 20:57:19,232 [414.2691922187805] urllib3.connectionpool DEBUG: https://share2.dexcom.com:443 "GET /ShareWebServices/Services/General/AuthenticatePublisherAccount HTTP/1.1" 405 176
+2025-10-06 20:57:20,233 [415.2702579498291] status INFO: Requesting url: https://share2.dexcom.com/ShareWebServices/Services/General/AuthenticatePublisherAccount
+2025-10-06 20:57:20,233 [415.2702579498291] urllib3.connectionpool DEBUG: Starting new HTTPS connection (1): share2.dexcom.com:443
+2025-10-06 20:57:20,428 [415.4655771255493] urllib3.connectionpool DEBUG: https://share2.dexcom.com:443 "GET /ShareWebServices/Services/General/AuthenticatePublisherAccount HTTP/1.1" 405 176
+2025-10-06 20:57:20,725 [415.76263427734375] notifier INFO: Requesting url General/AuthenticatePublisherAccount
+2025-10-06 20:57:20,802 [415.8391227722168] main INFO: Requesting url:General/AuthenticatePublisherAccount
+2025-10-06 20:57:21,430 [416.46780729293823] status INFO: Requesting url: https://share2.dexcom.com/ShareWebServices/Services/General/AuthenticatePublisherAccount
+2025-10-06 20:57:21,431 [416.46882724761963] urllib3.connectionpool DEBUG: Starting new HTTPS connection (1): share2.dexcom.com:443
+2025-10-06 20:57:21,660 [416.69700360298157] urllib3.connectionpool DEBUG: https://share2.dexcom.com:443 "GET /ShareWebServices/Services/General/AuthenticatePublisherAccount HTTP/1.1" 405 176
+2025-10-06 20:57:22,661 [417.69871401786804] status INFO: Requesting url: https://share2.dexcom.com/ShareWebServices/Services/General/AuthenticatePublisherAccount
+2025-10-06 20:57:22,661 [417.69871401786804] urllib3.connectionpool DEBUG: Starting new HTTPS connection (1): share2.dexcom.com:443
+2025-10-06 20:57:22,822 [417.85956168174744] urllib3.connectionpool DEBUG: https://share2.dexcom.com:443 "GET /ShareWebServices/Services/General/AuthenticatePublisherAccount HTTP/1.1" 405 176
+2025-10-06 20:57:23,824 [418.86116576194763] status INFO: Requesting url: https://share2.dexcom.com/ShareWebServices/Services/General/AuthenticatePublisherAccount
+2025-10-06 20:57:23,824 [418.86116576194763] urllib3.connectionpool DEBUG: Starting new HTTPS connection (1): share2.dexcom.com:443
+2025-10-06 20:57:24,020 [419.0577201843262] urllib3.connectionpool DEBUG: https://share2.dexcom.com:443 "GET /ShareWebServices/Services/General/AuthenticatePublisherAccount HTTP/1.1" 405 176
+2025-10-06 20:57:25,021 [420.0585114955902] status INFO: Requesting url: https://share2.dexcom.com/ShareWebServices/Services/General/AuthenticatePublisherAccount
+2025-10-06 20:57:25,021 [420.05952167510986] urllib3.connectionpool DEBUG: Starting new HTTPS connection (1): share2.dexcom.com:443
+2025-10-06 20:57:25,296 [420.3336977958679] urllib3.connectionpool DEBUG: https://share2.dexcom.com:443 "GET /ShareWebServices/Services/General/AuthenticatePublisherAccount HTTP/1.1" 405 176
+2025-10-06 20:57:25,844 [420.8810546398163] notifier INFO: Requesting url General/AuthenticatePublisherAccount
+2025-10-06 20:57:25,920 [420.95791244506836] main INFO: Requesting url:General/AuthenticatePublisherAccount
+2025-10-06 20:57:26,302 [421.3396978378296] status INFO: Requesting url: https://share2.dexcom.com/ShareWebServices/Services/General/AuthenticatePublisherAccount
+2025-10-06 20:57:26,302 [421.3396978378296] urllib3.connectionpool DEBUG: Starting new HTTPS connection (1): share2.dexcom.com:443
+2025-10-06 20:57:26,500 [421.53718304634094] urllib3.connectionpool DEBUG: https://share2.dexcom.com:443 "GET /ShareWebServices/Services/General/AuthenticatePublisherAccount HTTP/1.1" 405 176
+2025-10-06 20:57:27,501 [422.5385823249817] status INFO: Requesting url: https://share2.dexcom.com/ShareWebServices/Services/General/AuthenticatePublisherAccount
+2025-10-06 20:57:27,501 [422.5385823249817] urllib3.connectionpool DEBUG: Starting new HTTPS connection (1): share2.dexcom.com:443
+2025-10-06 20:57:27,725 [422.76366209983826] urllib3.connectionpool DEBUG: https://share2.dexcom.com:443 "GET /ShareWebServices/Services/General/AuthenticatePublisherAccount HTTP/1.1" 405 176
+2025-10-06 20:57:28,727 [423.7646656036377] status INFO: Requesting url: https://share2.dexcom.com/ShareWebServices/Services/General/AuthenticatePublisherAccount
+2025-10-06 20:57:28,728 [423.7656903266907] urllib3.connectionpool DEBUG: Starting new HTTPS connection (1): share2.dexcom.com:443
+2025-10-06 20:57:28,941 [423.9785358905792] urllib3.connectionpool DEBUG: https://share2.dexcom.com:443 "GET /ShareWebServices/Services/General/AuthenticatePublisherAccount HTTP/1.1" 405 176
+2025-10-06 20:57:29,942 [424.97987484931946] status INFO: Requesting url: https://share2.dexcom.com/ShareWebServices/Services/General/AuthenticatePublisherAccount
+2025-10-06 20:57:29,944 [424.9810962677002] urllib3.connectionpool DEBUG: Starting new HTTPS connection (1): share2.dexcom.com:443
+2025-10-06 20:57:30,138 [425.17582082748413] urllib3.connectionpool DEBUG: https://share2.dexcom.com:443 "GET /ShareWebServices/Services/General/AuthenticatePublisherAccount HTTP/1.1" 405 176
+2025-10-06 20:57:30,959 [425.9964907169342] notifier INFO: Requesting url General/AuthenticatePublisherAccount
+2025-10-06 20:57:31,024 [426.06172275543213] main INFO: Requesting url:General/AuthenticatePublisherAccount
+2025-10-06 20:57:31,140 [426.17727422714233] status INFO: Requesting url: https://share2.dexcom.com/ShareWebServices/Services/General/AuthenticatePublisherAccount
+2025-10-06 20:57:31,140 [426.17727422714233] urllib3.connectionpool DEBUG: Starting new HTTPS connection (1): share2.dexcom.com:443
+2025-10-06 20:57:31,327 [426.3641097545624] urllib3.connectionpool DEBUG: https://share2.dexcom.com:443 "GET /ShareWebServices/Services/General/AuthenticatePublisherAccount HTTP/1.1" 405 176
+2025-10-06 20:57:32,328 [427.3656814098358] status INFO: Requesting url: https://share2.dexcom.com/ShareWebServices/Services/General/AuthenticatePublisherAccount
+2025-10-06 20:57:32,329 [427.366712808609] urllib3.connectionpool DEBUG: Starting new HTTPS connection (1): share2.dexcom.com:443
+2025-10-06 20:57:32,554 [427.5912575721741] urllib3.connectionpool DEBUG: https://share2.dexcom.com:443 "GET /ShareWebServices/Services/General/AuthenticatePublisherAccount HTTP/1.1" 405 176
+2025-10-06 20:57:33,556 [428.59331941604614] status INFO: Requesting url: https://share2.dexcom.com/ShareWebServices/Services/General/AuthenticatePublisherAccount
+2025-10-06 20:57:33,557 [428.59489369392395] urllib3.connectionpool DEBUG: Starting new HTTPS connection (1): share2.dexcom.com:443
+2025-10-06 20:57:33,846 [428.8836750984192] urllib3.connectionpool DEBUG: https://share2.dexcom.com:443 "GET /ShareWebServices/Services/General/AuthenticatePublisherAccount HTTP/1.1" 405 176
+2025-10-06 20:57:34,849 [429.8864872455597] status INFO: Requesting url: https://share2.dexcom.com/ShareWebServices/Services/General/AuthenticatePublisherAccount
+2025-10-06 20:57:34,849 [429.88690423965454] urllib3.connectionpool DEBUG: Starting new HTTPS connection (1): share2.dexcom.com:443
+2025-10-06 20:57:35,104 [430.141930103302] urllib3.connectionpool DEBUG: https://share2.dexcom.com:443 "GET /ShareWebServices/Services/General/AuthenticatePublisherAccount HTTP/1.1" 405 176
+2025-10-06 20:57:36,076 [431.1137843132019] notifier INFO: Requesting url General/AuthenticatePublisherAccount
+2025-10-06 20:57:36,107 [431.1447546482086] status INFO: Requesting url: https://share2.dexcom.com/ShareWebServices/Services/General/AuthenticatePublisherAccount
+2025-10-06 20:57:36,108 [431.14578342437744] urllib3.connectionpool DEBUG: Starting new HTTPS connection (1): share2.dexcom.com:443
+2025-10-06 20:57:36,139 [431.17653369903564] main INFO: Requesting url:General/AuthenticatePublisherAccount
+2025-10-06 20:57:36,391 [431.428546667099] urllib3.connectionpool DEBUG: https://share2.dexcom.com:443 "GET /ShareWebServices/Services/General/AuthenticatePublisherAccount HTTP/1.1" 405 176
+2025-10-06 20:57:37,393 [432.43029499053955] status INFO: Requesting url: https://share2.dexcom.com/ShareWebServices/Services/General/AuthenticatePublisherAccount
+2025-10-06 20:57:37,394 [432.4314343929291] urllib3.connectionpool DEBUG: Starting new HTTPS connection (1): share2.dexcom.com:443
+2025-10-06 20:57:37,578 [432.6152517795563] urllib3.connectionpool DEBUG: https://share2.dexcom.com:443 "GET /ShareWebServices/Services/General/AuthenticatePublisherAccount HTTP/1.1" 405 176
+2025-10-06 20:57:38,582 [433.61964321136475] status INFO: Requesting url: https://share2.dexcom.com/ShareWebServices/Services/General/AuthenticatePublisherAccount
+2025-10-06 20:57:38,582 [433.62065601348877] urllib3.connectionpool DEBUG: Starting new HTTPS connection (1): share2.dexcom.com:443
+2025-10-06 20:57:38,792 [433.8299198150635] urllib3.connectionpool DEBUG: https://share2.dexcom.com:443 "GET /ShareWebServices/Services/General/AuthenticatePublisherAccount HTTP/1.1" 405 176
+2025-10-06 20:57:39,794 [434.8314633369446] status INFO: Requesting url: https://share2.dexcom.com/ShareWebServices/Services/General/AuthenticatePublisherAccount
+2025-10-06 20:57:39,794 [434.8314633369446] urllib3.connectionpool DEBUG: Starting new HTTPS connection (1): share2.dexcom.com:443
+2025-10-06 20:57:40,021 [435.05852031707764] urllib3.connectionpool DEBUG: https://share2.dexcom.com:443 "GET /ShareWebServices/Services/General/AuthenticatePublisherAccount HTTP/1.1" 405 176
+2025-10-06 20:57:41,023 [436.0602979660034] status INFO: Requesting url: https://share2.dexcom.com/ShareWebServices/Services/General/AuthenticatePublisherAccount
+2025-10-06 20:57:41,023 [436.0608072280884] urllib3.connectionpool DEBUG: Starting new HTTPS connection (1): share2.dexcom.com:443
+2025-10-06 20:57:41,193 [436.23064851760864] notifier INFO: Requesting url General/AuthenticatePublisherAccount
+2025-10-06 20:57:41,231 [436.26858282089233] urllib3.connectionpool DEBUG: https://share2.dexcom.com:443 "GET /ShareWebServices/Services/General/AuthenticatePublisherAccount HTTP/1.1" 405 176
+2025-10-06 20:57:41,265 [436.30226969718933] main INFO: Requesting url:General/AuthenticatePublisherAccount
+2025-10-06 20:57:42,232 [437.2696075439453] status INFO: Requesting url: https://share2.dexcom.com/ShareWebServices/Services/General/AuthenticatePublisherAccount
+2025-10-06 20:57:42,233 [437.2701189517975] urllib3.connectionpool DEBUG: Starting new HTTPS connection (1): share2.dexcom.com:443
+2025-10-06 20:57:42,451 [437.48840856552124] urllib3.connectionpool DEBUG: https://share2.dexcom.com:443 "GET /ShareWebServices/Services/General/AuthenticatePublisherAccount HTTP/1.1" 405 176
+2025-10-06 20:57:43,452 [438.48987340927124] status INFO: Requesting url: https://share2.dexcom.com/ShareWebServices/Services/General/AuthenticatePublisherAccount
+2025-10-06 20:57:43,452 [438.48987340927124] urllib3.connectionpool DEBUG: Starting new HTTPS connection (1): share2.dexcom.com:443
+2025-10-06 20:57:43,650 [438.6872673034668] urllib3.connectionpool DEBUG: https://share2.dexcom.com:443 "GET /ShareWebServices/Services/General/AuthenticatePublisherAccount HTTP/1.1" 405 176
+2025-10-06 20:57:44,651 [439.6888179779053] status INFO: Requesting url: https://share2.dexcom.com/ShareWebServices/Services/General/AuthenticatePublisherAccount
+2025-10-06 20:57:44,651 [439.6888179779053] urllib3.connectionpool DEBUG: Starting new HTTPS connection (1): share2.dexcom.com:443
+2025-10-06 20:57:44,859 [439.8964099884033] urllib3.connectionpool DEBUG: https://share2.dexcom.com:443 "GET /ShareWebServices/Services/General/AuthenticatePublisherAccount HTTP/1.1" 405 176
+2025-10-06 20:57:45,861 [440.89808917045593] status INFO: Requesting url: https://share2.dexcom.com/ShareWebServices/Services/General/AuthenticatePublisherAccount
+2025-10-06 20:57:45,861 [440.89808917045593] urllib3.connectionpool DEBUG: Starting new HTTPS connection (1): share2.dexcom.com:443
+2025-10-06 20:57:46,109 [441.1460108757019] urllib3.connectionpool DEBUG: https://share2.dexcom.com:443 "GET /ShareWebServices/Services/General/AuthenticatePublisherAccount HTTP/1.1" 405 176
+2025-10-06 20:57:46,321 [441.3588330745697] notifier INFO: Requesting url General/AuthenticatePublisherAccount
+2025-10-06 20:57:46,386 [441.42368817329407] main INFO: Requesting url:General/AuthenticatePublisherAccount
+2025-10-06 20:57:47,117 [442.15473437309265] status INFO: Requesting url: https://share2.dexcom.com/ShareWebServices/Services/General/AuthenticatePublisherAccount
+2025-10-06 20:57:47,117 [442.15473437309265] urllib3.connectionpool DEBUG: Starting new HTTPS connection (1): share2.dexcom.com:443
+2025-10-06 20:57:47,335 [442.3727626800537] urllib3.connectionpool DEBUG: https://share2.dexcom.com:443 "GET /ShareWebServices/Services/General/AuthenticatePublisherAccount HTTP/1.1" 405 176
+2025-10-06 20:57:48,337 [443.3744204044342] status INFO: Requesting url: https://share2.dexcom.com/ShareWebServices/Services/General/AuthenticatePublisherAccount
+2025-10-06 20:57:48,338 [443.37542963027954] urllib3.connectionpool DEBUG: Starting new HTTPS connection (1): share2.dexcom.com:443
+2025-10-06 20:57:48,538 [443.57591676712036] urllib3.connectionpool DEBUG: https://share2.dexcom.com:443 "GET /ShareWebServices/Services/General/AuthenticatePublisherAccount HTTP/1.1" 405 176
+2025-10-06 20:57:49,540 [444.5779359340668] status INFO: Requesting url: https://share2.dexcom.com/ShareWebServices/Services/General/AuthenticatePublisherAccount
+2025-10-06 20:57:49,541 [444.5789484977722] urllib3.connectionpool DEBUG: Starting new HTTPS connection (1): share2.dexcom.com:443
+2025-10-06 20:57:50,015 [445.0527939796448] urllib3.connectionpool DEBUG: https://share2.dexcom.com:443 "GET /ShareWebServices/Services/General/AuthenticatePublisherAccount HTTP/1.1" 405 176
+2025-10-06 20:57:51,017 [446.05409049987793] status INFO: Requesting url: https://share2.dexcom.com/ShareWebServices/Services/General/AuthenticatePublisherAccount
+2025-10-06 20:57:51,017 [446.05409049987793] urllib3.connectionpool DEBUG: Starting new HTTPS connection (1): share2.dexcom.com:443
+2025-10-06 20:57:51,192 [446.22907638549805] urllib3.connectionpool DEBUG: https://share2.dexcom.com:443 "GET /ShareWebServices/Services/General/AuthenticatePublisherAccount HTTP/1.1" 405 176
+2025-10-06 20:57:51,434 [446.47150182724] notifier INFO: Requesting url General/AuthenticatePublisherAccount
+2025-10-06 20:57:51,492 [446.5298161506653] main INFO: Requesting url:General/AuthenticatePublisherAccount
+2025-10-06 20:57:52,194 [447.23130655288696] status INFO: Requesting url: https://share2.dexcom.com/ShareWebServices/Services/General/AuthenticatePublisherAccount
+2025-10-06 20:57:52,195 [447.23231172561646] urllib3.connectionpool DEBUG: Starting new HTTPS connection (1): share2.dexcom.com:443
+2025-10-06 20:57:52,434 [447.4710702896118] urllib3.connectionpool DEBUG: https://share2.dexcom.com:443 "GET /ShareWebServices/Services/General/AuthenticatePublisherAccount HTTP/1.1" 405 176
+2025-10-06 20:57:53,435 [448.4719717502594] status INFO: Requesting url: https://share2.dexcom.com/ShareWebServices/Services/General/AuthenticatePublisherAccount
+2025-10-06 20:57:53,435 [448.4719717502594] urllib3.connectionpool DEBUG: Starting new HTTPS connection (1): share2.dexcom.com:443
+2025-10-06 20:57:53,624 [448.6619279384613] urllib3.connectionpool DEBUG: https://share2.dexcom.com:443 "GET /ShareWebServices/Services/General/AuthenticatePublisherAccount HTTP/1.1" 405 176
+2025-10-06 20:57:54,626 [449.66396856307983] status INFO: Requesting url: https://share2.dexcom.com/ShareWebServices/Services/General/AuthenticatePublisherAccount
+2025-10-06 20:57:54,627 [449.6646056175232] urllib3.connectionpool DEBUG: Starting new HTTPS connection (1): share2.dexcom.com:443
+2025-10-06 20:57:54,835 [449.872896194458] urllib3.connectionpool DEBUG: https://share2.dexcom.com:443 "GET /ShareWebServices/Services/General/AuthenticatePublisherAccount HTTP/1.1" 405 176
+2025-10-06 20:57:55,836 [450.8736617565155] status INFO: Requesting url: https://share2.dexcom.com/ShareWebServices/Services/General/AuthenticatePublisherAccount
+2025-10-06 20:57:55,837 [450.8741674423218] urllib3.connectionpool DEBUG: Starting new HTTPS connection (1): share2.dexcom.com:443
+2025-10-06 20:57:56,040 [451.07711601257324] urllib3.connectionpool DEBUG: https://share2.dexcom.com:443 "GET /ShareWebServices/Services/General/AuthenticatePublisherAccount HTTP/1.1" 405 176
+2025-10-06 20:57:56,558 [451.59526085853577] notifier INFO: Requesting url General/AuthenticatePublisherAccount
+2025-10-06 20:57:56,619 [451.6560401916504] main INFO: Requesting url:General/AuthenticatePublisherAccount
+2025-10-06 20:57:57,042 [452.07922291755676] status INFO: Requesting url: https://share2.dexcom.com/ShareWebServices/Services/General/AuthenticatePublisherAccount
+2025-10-06 20:57:57,042 [452.07922291755676] urllib3.connectionpool DEBUG: Starting new HTTPS connection (1): share2.dexcom.com:443
+2025-10-06 20:57:57,225 [452.2625651359558] urllib3.connectionpool DEBUG: https://share2.dexcom.com:443 "GET /ShareWebServices/Services/General/AuthenticatePublisherAccount HTTP/1.1" 405 176
+2025-10-06 20:57:58,226 [453.2638313770294] status INFO: Requesting url: https://share2.dexcom.com/ShareWebServices/Services/General/AuthenticatePublisherAccount
+2025-10-06 20:57:58,228 [453.2653651237488] urllib3.connectionpool DEBUG: Starting new HTTPS connection (1): share2.dexcom.com:443
+2025-10-06 20:57:58,403 [453.4403955936432] urllib3.connectionpool DEBUG: https://share2.dexcom.com:443 "GET /ShareWebServices/Services/General/AuthenticatePublisherAccount HTTP/1.1" 405 176
+2025-10-06 20:57:59,404 [454.441819190979] status INFO: Requesting url: https://share2.dexcom.com/ShareWebServices/Services/General/AuthenticatePublisherAccount
+2025-10-06 20:57:59,405 [454.4428336620331] urllib3.connectionpool DEBUG: Starting new HTTPS connection (1): share2.dexcom.com:443
+2025-10-06 20:57:59,595 [454.63208627700806] urllib3.connectionpool DEBUG: https://share2.dexcom.com:443 "GET /ShareWebServices/Services/General/AuthenticatePublisherAccount HTTP/1.1" 405 176
+2025-10-06 20:58:00,596 [455.6338777542114] status INFO: Requesting url: https://share2.dexcom.com/ShareWebServices/Services/General/AuthenticatePublisherAccount
+2025-10-06 20:58:00,596 [455.6338777542114] urllib3.connectionpool DEBUG: Starting new HTTPS connection (1): share2.dexcom.com:443
+2025-10-06 20:58:01,030 [456.0677065849304] urllib3.connectionpool DEBUG: https://share2.dexcom.com:443 "GET /ShareWebServices/Services/General/AuthenticatePublisherAccount HTTP/1.1" 405 176
+2025-10-06 20:58:01,666 [456.7035324573517] notifier INFO: Requesting url General/AuthenticatePublisherAccount
+2025-10-06 20:58:01,720 [456.75757217407227] main INFO: Requesting url:General/AuthenticatePublisherAccount
+2025-10-06 20:58:02,032 [457.0692870616913] status INFO: Requesting url: https://share2.dexcom.com/ShareWebServices/Services/General/AuthenticatePublisherAccount
+2025-10-06 20:58:02,033 [457.07030057907104] urllib3.connectionpool DEBUG: Starting new HTTPS connection (1): share2.dexcom.com:443
+2025-10-06 20:58:02,286 [457.3236379623413] urllib3.connectionpool DEBUG: https://share2.dexcom.com:443 "GET /ShareWebServices/Services/General/AuthenticatePublisherAccount HTTP/1.1" 405 176
+2025-10-06 20:58:03,291 [458.3285138607025] status INFO: Requesting url: https://share2.dexcom.com/ShareWebServices/Services/General/AuthenticatePublisherAccount
+2025-10-06 20:58:03,291 [458.3285138607025] urllib3.connectionpool DEBUG: Starting new HTTPS connection (1): share2.dexcom.com:443
+2025-10-06 20:58:03,511 [458.54833722114563] urllib3.connectionpool DEBUG: https://share2.dexcom.com:443 "GET /ShareWebServices/Services/General/AuthenticatePublisherAccount HTTP/1.1" 405 176
+2025-10-06 20:58:04,512 [459.54934096336365] status INFO: Requesting url: https://share2.dexcom.com/ShareWebServices/Services/General/AuthenticatePublisherAccount
+2025-10-06 20:58:04,512 [459.54934096336365] urllib3.connectionpool DEBUG: Starting new HTTPS connection (1): share2.dexcom.com:443
+2025-10-06 20:58:04,717 [459.75459027290344] urllib3.connectionpool DEBUG: https://share2.dexcom.com:443 "GET /ShareWebServices/Services/General/AuthenticatePublisherAccount HTTP/1.1" 405 176
+2025-10-06 20:58:05,718 [460.7558104991913] status INFO: Requesting url: https://share2.dexcom.com/ShareWebServices/Services/General/AuthenticatePublisherAccount
+2025-10-06 20:58:05,719 [460.7563245296478] urllib3.connectionpool DEBUG: Starting new HTTPS connection (1): share2.dexcom.com:443
+2025-10-06 20:58:06,273 [461.310067653656] urllib3.connectionpool DEBUG: https://share2.dexcom.com:443 "GET /ShareWebServices/Services/General/AuthenticatePublisherAccount HTTP/1.1" 405 176
+2025-10-06 20:58:06,782 [461.81933212280273] notifier INFO: Requesting url General/AuthenticatePublisherAccount
+2025-10-06 20:58:06,842 [461.8798613548279] main INFO: Requesting url:General/AuthenticatePublisherAccount
+2025-10-06 20:58:07,274 [462.31145191192627] status INFO: Requesting url: https://share2.dexcom.com/ShareWebServices/Services/General/AuthenticatePublisherAccount
+2025-10-06 20:58:07,274 [462.31191658973694] urllib3.connectionpool DEBUG: Starting new HTTPS connection (1): share2.dexcom.com:443
+2025-10-06 20:58:07,427 [462.4641797542572] urllib3.connectionpool DEBUG: https://share2.dexcom.com:443 "GET /ShareWebServices/Services/General/AuthenticatePublisherAccount HTTP/1.1" 405 176
+2025-10-06 20:58:08,436 [463.47393918037415] status INFO: Requesting url: https://share2.dexcom.com/ShareWebServices/Services/General/AuthenticatePublisherAccount
+2025-10-06 20:58:08,437 [463.4744448661804] urllib3.connectionpool DEBUG: Starting new HTTPS connection (1): share2.dexcom.com:443
+2025-10-06 20:58:08,644 [463.68126463890076] urllib3.connectionpool DEBUG: https://share2.dexcom.com:443 "GET /ShareWebServices/Services/General/AuthenticatePublisherAccount HTTP/1.1" 405 176
+2025-10-06 20:58:09,645 [464.68238258361816] status INFO: Requesting url: https://share2.dexcom.com/ShareWebServices/Services/General/AuthenticatePublisherAccount
+2025-10-06 20:58:09,645 [464.68238258361816] urllib3.connectionpool DEBUG: Starting new HTTPS connection (1): share2.dexcom.com:443
+2025-10-06 20:58:09,844 [464.88181924819946] urllib3.connectionpool DEBUG: https://share2.dexcom.com:443 "GET /ShareWebServices/Services/General/AuthenticatePublisherAccount HTTP/1.1" 405 176
+2025-10-06 20:58:10,846 [465.88389587402344] status INFO: Requesting url: https://share2.dexcom.com/ShareWebServices/Services/General/AuthenticatePublisherAccount
+2025-10-06 20:58:10,848 [465.88590240478516] urllib3.connectionpool DEBUG: Starting new HTTPS connection (1): share2.dexcom.com:443
+2025-10-06 20:58:11,036 [466.07363653182983] urllib3.connectionpool DEBUG: https://share2.dexcom.com:443 "GET /ShareWebServices/Services/General/AuthenticatePublisherAccount HTTP/1.1" 405 176
+2025-10-06 20:58:11,883 [466.9205710887909] notifier INFO: Requesting url General/AuthenticatePublisherAccount
+2025-10-06 20:58:11,932 [466.9698579311371] main INFO: Requesting url:General/AuthenticatePublisherAccount
+2025-10-06 20:58:12,039 [467.07622838020325] status INFO: Requesting url: https://share2.dexcom.com/ShareWebServices/Services/General/AuthenticatePublisherAccount
+2025-10-06 20:58:12,040 [467.07724690437317] urllib3.connectionpool DEBUG: Starting new HTTPS connection (1): share2.dexcom.com:443
+2025-10-06 20:58:12,225 [467.2623116970062] urllib3.connectionpool DEBUG: https://share2.dexcom.com:443 "GET /ShareWebServices/Services/General/AuthenticatePublisherAccount HTTP/1.1" 405 176
+2025-10-06 20:58:13,226 [468.26363587379456] status INFO: Requesting url: https://share2.dexcom.com/ShareWebServices/Services/General/AuthenticatePublisherAccount
+2025-10-06 20:58:13,227 [468.2641394138336] urllib3.connectionpool DEBUG: Starting new HTTPS connection (1): share2.dexcom.com:443
+2025-10-06 20:58:13,409 [468.44608664512634] urllib3.connectionpool DEBUG: https://share2.dexcom.com:443 "GET /ShareWebServices/Services/General/AuthenticatePublisherAccount HTTP/1.1" 405 176
+2025-10-06 20:58:14,416 [469.45369935035706] status INFO: Requesting url: https://share2.dexcom.com/ShareWebServices/Services/General/AuthenticatePublisherAccount
+2025-10-06 20:58:14,418 [469.4557089805603] urllib3.connectionpool DEBUG: Starting new HTTPS connection (1): share2.dexcom.com:443
+2025-10-06 20:58:14,617 [469.6541557312012] urllib3.connectionpool DEBUG: https://share2.dexcom.com:443 "GET /ShareWebServices/Services/General/AuthenticatePublisherAccount HTTP/1.1" 405 176
+2025-10-06 20:58:15,619 [470.6560730934143] status INFO: Requesting url: https://share2.dexcom.com/ShareWebServices/Services/General/AuthenticatePublisherAccount
+2025-10-06 20:58:15,619 [470.6560730934143] urllib3.connectionpool DEBUG: Starting new HTTPS connection (1): share2.dexcom.com:443
+2025-10-06 20:58:15,826 [470.863694190979] urllib3.connectionpool DEBUG: https://share2.dexcom.com:443 "GET /ShareWebServices/Services/General/AuthenticatePublisherAccount HTTP/1.1" 405 176
+2025-10-06 20:58:16,828 [471.86535143852234] status INFO: Requesting url: https://share2.dexcom.com/ShareWebServices/Services/General/AuthenticatePublisherAccount
+2025-10-06 20:58:16,829 [471.86688804626465] urllib3.connectionpool DEBUG: Starting new HTTPS connection (1): share2.dexcom.com:443
+2025-10-06 20:58:16,990 [472.0271489620209] notifier INFO: Requesting url General/AuthenticatePublisherAccount
+2025-10-06 20:58:17,052 [472.08944821357727] main INFO: Requesting url:General/AuthenticatePublisherAccount
+2025-10-06 20:58:17,055 [472.09235668182373] urllib3.connectionpool DEBUG: https://share2.dexcom.com:443 "GET /ShareWebServices/Services/General/AuthenticatePublisherAccount HTTP/1.1" 405 176
+2025-10-06 20:58:18,056 [473.0938708782196] status INFO: Requesting url: https://share2.dexcom.com/ShareWebServices/Services/General/AuthenticatePublisherAccount
+2025-10-06 20:58:18,057 [473.0947804450989] urllib3.connectionpool DEBUG: Starting new HTTPS connection (1): share2.dexcom.com:443
+2025-10-06 20:58:18,279 [473.31623935699463] urllib3.connectionpool DEBUG: https://share2.dexcom.com:443 "GET /ShareWebServices/Services/General/AuthenticatePublisherAccount HTTP/1.1" 405 176
+2025-10-06 20:58:19,281 [474.3185317516327] status INFO: Requesting url: https://share2.dexcom.com/ShareWebServices/Services/General/AuthenticatePublisherAccount
+2025-10-06 20:58:19,281 [474.3185317516327] urllib3.connectionpool DEBUG: Starting new HTTPS connection (1): share2.dexcom.com:443
+2025-10-06 20:58:19,491 [474.52808356285095] urllib3.connectionpool DEBUG: https://share2.dexcom.com:443 "GET /ShareWebServices/Services/General/AuthenticatePublisherAccount HTTP/1.1" 405 176
+2025-10-06 20:58:20,498 [475.53516817092896] status INFO: Requesting url: https://share2.dexcom.com/ShareWebServices/Services/General/AuthenticatePublisherAccount
+2025-10-06 20:58:20,499 [475.5361895561218] urllib3.connectionpool DEBUG: Starting new HTTPS connection (1): share2.dexcom.com:443
+2025-10-06 20:58:20,798 [475.83578181266785] urllib3.connectionpool DEBUG: https://share2.dexcom.com:443 "GET /ShareWebServices/Services/General/AuthenticatePublisherAccount HTTP/1.1" 405 176
+2025-10-06 20:58:21,802 [476.8391251564026] status INFO: Requesting url: https://share2.dexcom.com/ShareWebServices/Services/General/AuthenticatePublisherAccount
+2025-10-06 20:58:21,802 [476.8391251564026] urllib3.connectionpool DEBUG: Starting new HTTPS connection (1): share2.dexcom.com:443
+2025-10-06 20:58:21,985 [477.02282643318176] urllib3.connectionpool DEBUG: https://share2.dexcom.com:443 "GET /ShareWebServices/Services/General/AuthenticatePublisherAccount HTTP/1.1" 405 176
+2025-10-06 20:58:22,096 [477.1334614753723] notifier INFO: Requesting url General/AuthenticatePublisherAccount
+2025-10-06 20:58:22,154 [477.19171166419983] main INFO: Requesting url:General/AuthenticatePublisherAccount
+2025-10-06 20:58:22,987 [478.02447271347046] status INFO: Requesting url: https://share2.dexcom.com/ShareWebServices/Services/General/AuthenticatePublisherAccount
+2025-10-06 20:58:22,987 [478.02447271347046] urllib3.connectionpool DEBUG: Starting new HTTPS connection (1): share2.dexcom.com:443
+2025-10-06 20:58:23,218 [478.2554123401642] urllib3.connectionpool DEBUG: https://share2.dexcom.com:443 "GET /ShareWebServices/Services/General/AuthenticatePublisherAccount HTTP/1.1" 405 176
+2025-10-06 20:58:24,221 [479.25832080841064] status INFO: Requesting url: https://share2.dexcom.com/ShareWebServices/Services/General/AuthenticatePublisherAccount
+2025-10-06 20:58:24,221 [479.25832080841064] urllib3.connectionpool DEBUG: Starting new HTTPS connection (1): share2.dexcom.com:443
+2025-10-06 20:58:24,406 [479.4437930583954] urllib3.connectionpool DEBUG: https://share2.dexcom.com:443 "GET /ShareWebServices/Services/General/AuthenticatePublisherAccount HTTP/1.1" 405 176
+2025-10-06 20:58:25,417 [480.45412373542786] status INFO: Requesting url: https://share2.dexcom.com/ShareWebServices/Services/General/AuthenticatePublisherAccount
+2025-10-06 20:58:25,417 [480.45412373542786] urllib3.connectionpool DEBUG: Starting new HTTPS connection (1): share2.dexcom.com:443
+2025-10-06 20:58:25,598 [480.6355171203613] urllib3.connectionpool DEBUG: https://share2.dexcom.com:443 "GET /ShareWebServices/Services/General/AuthenticatePublisherAccount HTTP/1.1" 405 176
